{
  "klee-out-1": {
    "bcfile": "/tmp/macke/2017-07-20-10-25-17/bitcode/symmains.bc",
    "folder": "/tmp/macke/2017-07-20-10-25-17/klee/klee-out-1",
    "function": "fatal",
    "phase": 1
  },
  "klee-out-2": {
    "bcfile": "/tmp/macke/2017-07-20-10-25-17/bitcode/symmains.bc",
    "folder": "/tmp/macke/2017-07-20-10-25-17/klee/klee-out-2",
    "function": "init_mutex",
    "phase": 1
  },
  "klee-out-3": {
    "bcfile": "/tmp/macke/2017-07-20-10-25-17/bitcode/symmains.bc",
    "folder": "/tmp/macke/2017-07-20-10-25-17/klee/klee-out-3",
    "function": "unlock_mutex",
    "phase": 1
  },
  "klee-out-4": {
    "bcfile": "/tmp/macke/2017-07-20-10-25-17/bitcode/symmains.bc",
    "folder": "/tmp/macke/2017-07-20-10-25-17/klee/klee-out-4",
    "function": "lock_mutex",
    "phase": 1
  },
  "klee-out-5": {
    "bcfile": "/tmp/macke/2017-07-20-10-25-17/bitcode/symmains.bc",
    "folder": "/tmp/macke/2017-07-20-10-25-17/klee/klee-out-5",
    "function": "detach_pthread",
    "phase": 1
  },
  "klee-out-6": {
    "bcfile": "/tmp/macke/2017-07-20-10-25-17/bitcode/symmains.bc",
    "folder": "/tmp/macke/2017-07-20-10-25-17/klee/klee-out-6",
    "function": "print_stuff",
    "phase": 1
  },
  "klee-out-7": {
    "bcfile": "/tmp/macke/2017-07-20-10-25-17/bitcode/symmains.bc",
    "folder": "/tmp/macke/2017-07-20-10-25-17/klee/klee-out-7",
    "function": "failure",
    "phase": 1
  },
  "klee-out-8": {
    "bcfile": "/tmp/macke/2017-07-20-10-25-17/bitcode/symmains.bc",
    "folder": "/tmp/macke/2017-07-20-10-25-17/klee/klee-out-8",
    "function": "print_err",
    "phase": 1
  },
  "klee-out-9": {
    "bcfile": "/tmp/macke/2017-07-20-10-25-17/bitcode/symmains.bc",
    "folder": "/tmp/macke/2017-07-20-10-25-17/klee/klee-out-9",
    "function": "put_fdout",
    "phase": 1
  },
  "klee-out-10": {
    "bcfile": "/tmp/macke/2017-07-20-10-25-17/bitcode/symmains.bc",
    "folder": "/tmp/macke/2017-07-20-10-25-17/klee/klee-out-10",
    "function": "write_1g",
    "phase": 1
  },
  "klee-out-11": {
    "bcfile": "/tmp/macke/2017-07-20-10-25-17/bitcode/symmains.bc",
    "folder": "/tmp/macke/2017-07-20-10-25-17/klee/klee-out-11",
    "function": "dump_stdin",
    "phase": 1
  },
  "klee-out-12": {
    "bcfile": "/tmp/macke/2017-07-20-10-25-17/bitcode/symmains.bc",
    "folder": "/tmp/macke/2017-07-20-10-25-17/klee/klee-out-12",
    "function": "read_fdin",
    "phase": 1
  },
  "klee-out-13": {
    "bcfile": "/tmp/macke/2017-07-20-10-25-17/bitcode/symmains.bc",
    "folder": "/tmp/macke/2017-07-20-10-25-17/klee/klee-out-13",
    "function": "read_1g",
    "phase": 1
  },
  "klee-out-14": {
    "bcfile": "/tmp/macke/2017-07-20-10-25-17/bitcode/symmains.bc",
    "folder": "/tmp/macke/2017-07-20-10-25-17/klee/klee-out-14",
    "function": "get_readseek",
    "phase": 1
  },
  "klee-out-15": {
    "bcfile": "/tmp/macke/2017-07-20-10-25-17/bitcode/symmains.bc",
    "folder": "/tmp/macke/2017-07-20-10-25-17/klee/klee-out-15",
    "function": "cksem_init",
    "phase": 1
  },
  "klee-out-16": {
    "bcfile": "/tmp/macke/2017-07-20-10-25-17/bitcode/symmains.bc",
    "folder": "/tmp/macke/2017-07-20-10-25-17/klee/klee-out-16",
    "function": "cksem_post",
    "phase": 1
  },
  "klee-out-17": {
    "bcfile": "/tmp/macke/2017-07-20-10-25-17/bitcode/symmains.bc",
    "folder": "/tmp/macke/2017-07-20-10-25-17/klee/klee-out-17",
    "function": "prepare_streamout_threads",
    "phase": 1
  },
  "klee-out-18": {
    "bcfile": "/tmp/macke/2017-07-20-10-25-17/bitcode/symmains.bc",
    "folder": "/tmp/macke/2017-07-20-10-25-17/klee/klee-out-18",
    "function": "cksem_wait",
    "phase": 1
  },
  "klee-out-19": {
    "bcfile": "/tmp/macke/2017-07-20-10-25-17/bitcode/symmains.bc",
    "folder": "/tmp/macke/2017-07-20-10-25-17/klee/klee-out-19",
    "function": "close_streamout_threads",
    "phase": 1
  },
  "klee-out-20": {
    "bcfile": "/tmp/macke/2017-07-20-10-25-17/bitcode/symmains.bc",
    "folder": "/tmp/macke/2017-07-20-10-25-17/klee/klee-out-20",
    "function": "open_stream_out",
    "phase": 1
  },
  "klee-out-21": {
    "bcfile": "/tmp/macke/2017-07-20-10-25-17/bitcode/symmains.bc",
    "folder": "/tmp/macke/2017-07-20-10-25-17/klee/klee-out-21",
    "function": "read_buf",
    "phase": 1
  },
  "klee-out-22": {
    "bcfile": "/tmp/macke/2017-07-20-10-25-17/bitcode/symmains.bc",
    "folder": "/tmp/macke/2017-07-20-10-25-17/klee/klee-out-22",
    "function": "read_u8",
    "phase": 1
  },
  "klee-out-23": {
    "bcfile": "/tmp/macke/2017-07-20-10-25-17/bitcode/symmains.bc",
    "folder": "/tmp/macke/2017-07-20-10-25-17/klee/klee-out-23",
    "function": "read_val",
    "phase": 1
  },
  "klee-out-24": {
    "bcfile": "/tmp/macke/2017-07-20-10-25-17/bitcode/symmains.bc",
    "folder": "/tmp/macke/2017-07-20-10-25-17/klee/klee-out-24",
    "function": "read_u32",
    "phase": 1
  },
  "klee-out-25": {
    "bcfile": "/tmp/macke/2017-07-20-10-25-17/bitcode/symmains.bc",
    "folder": "/tmp/macke/2017-07-20-10-25-17/klee/klee-out-25",
    "function": "lrz_decrypt",
    "phase": 1
  },
  "klee-out-26": {
    "bcfile": "/tmp/macke/2017-07-20-10-25-17/bitcode/symmains.bc",
    "folder": "/tmp/macke/2017-07-20-10-25-17/klee/klee-out-26",
    "function": "decrypt_header",
    "phase": 1
  },
  "klee-out-27": {
    "bcfile": "/tmp/macke/2017-07-20-10-25-17/bitcode/symmains.bc",
    "folder": "/tmp/macke/2017-07-20-10-25-17/klee/klee-out-27",
    "function": "open_stream_in",
    "phase": 1
  },
  "klee-out-28": {
    "bcfile": "/tmp/macke/2017-07-20-10-25-17/bitcode/symmains.bc",
    "folder": "/tmp/macke/2017-07-20-10-25-17/klee/klee-out-28",
    "function": "clear_buffer",
    "phase": 1
  },
  "klee-out-29": {
    "bcfile": "/tmp/macke/2017-07-20-10-25-17/bitcode/symmains.bc",
    "folder": "/tmp/macke/2017-07-20-10-25-17/klee/klee-out-29",
    "function": "flush_buffer",
    "phase": 1
  },
  "klee-out-30": {
    "bcfile": "/tmp/macke/2017-07-20-10-25-17/bitcode/symmains.bc",
    "folder": "/tmp/macke/2017-07-20-10-25-17/klee/klee-out-30",
    "function": "write_stream",
    "phase": 1
  },
  "klee-out-31": {
    "bcfile": "/tmp/macke/2017-07-20-10-25-17/bitcode/symmains.bc",
    "folder": "/tmp/macke/2017-07-20-10-25-17/klee/klee-out-31",
    "function": "fd_seekto",
    "phase": 1
  },
  "klee-out-32": {
    "bcfile": "/tmp/macke/2017-07-20-10-25-17/bitcode/symmains.bc",
    "folder": "/tmp/macke/2017-07-20-10-25-17/klee/klee-out-32",
    "function": "read_seekto",
    "phase": 1
  },
  "klee-out-33": {
    "bcfile": "/tmp/macke/2017-07-20-10-25-17/bitcode/symmains.bc",
    "folder": "/tmp/macke/2017-07-20-10-25-17/klee/klee-out-33",
    "function": "cond_broadcast",
    "phase": 1
  },
  "klee-out-34": {
    "bcfile": "/tmp/macke/2017-07-20-10-25-17/bitcode/symmains.bc",
    "folder": "/tmp/macke/2017-07-20-10-25-17/klee/klee-out-34",
    "function": "fill_buffer",
    "phase": 1
  },
  "klee-out-35": {
    "bcfile": "/tmp/macke/2017-07-20-10-25-17/bitcode/symmains.bc",
    "folder": "/tmp/macke/2017-07-20-10-25-17/klee/klee-out-35",
    "function": "read_stream",
    "phase": 1
  },
  "klee-out-36": {
    "bcfile": "/tmp/macke/2017-07-20-10-25-17/bitcode/symmains.bc",
    "folder": "/tmp/macke/2017-07-20-10-25-17/klee/klee-out-36",
    "function": "get_seek",
    "phase": 1
  },
  "klee-out-37": {
    "bcfile": "/tmp/macke/2017-07-20-10-25-17/bitcode/symmains.bc",
    "folder": "/tmp/macke/2017-07-20-10-25-17/klee/klee-out-37",
    "function": "seekto",
    "phase": 1
  },
  "klee-out-38": {
    "bcfile": "/tmp/macke/2017-07-20-10-25-17/bitcode/symmains.bc",
    "folder": "/tmp/macke/2017-07-20-10-25-17/klee/klee-out-38",
    "function": "write_buf",
    "phase": 1
  },
  "klee-out-39": {
    "bcfile": "/tmp/macke/2017-07-20-10-25-17/bitcode/symmains.bc",
    "folder": "/tmp/macke/2017-07-20-10-25-17/klee/klee-out-39",
    "function": "lrz_encrypt",
    "phase": 1
  },
  "klee-out-40": {
    "bcfile": "/tmp/macke/2017-07-20-10-25-17/bitcode/symmains.bc",
    "folder": "/tmp/macke/2017-07-20-10-25-17/klee/klee-out-40",
    "function": "rewrite_encrypted",
    "phase": 1
  },
  "klee-out-41": {
    "bcfile": "/tmp/macke/2017-07-20-10-25-17/bitcode/symmains.bc",
    "folder": "/tmp/macke/2017-07-20-10-25-17/klee/klee-out-41",
    "function": "close_stream_out",
    "phase": 1
  },
  "klee-out-42": {
    "bcfile": "/tmp/macke/2017-07-20-10-25-17/bitcode/symmains.bc",
    "folder": "/tmp/macke/2017-07-20-10-25-17/klee/klee-out-42",
    "function": "close_stream_in",
    "phase": 1
  },
  "klee-out-43": {
    "bcfile": "/tmp/macke/2017-07-20-10-25-17/bitcode/symmains.bc",
    "folder": "/tmp/macke/2017-07-20-10-25-17/klee/klee-out-43",
    "function": "lzma_decompress_buf",
    "phase": 1
  },
  "klee-out-44": {
    "bcfile": "/tmp/macke/2017-07-20-10-25-17/bitcode/symmains.bc",
    "folder": "/tmp/macke/2017-07-20-10-25-17/klee/klee-out-44",
    "function": "lzo_decompress_buf",
    "phase": 1
  },
  "klee-out-45": {
    "bcfile": "/tmp/macke/2017-07-20-10-25-17/bitcode/symmains.bc",
    "folder": "/tmp/macke/2017-07-20-10-25-17/klee/klee-out-45",
    "function": "bzip2_decompress_buf",
    "phase": 1
  },
  "klee-out-46": {
    "bcfile": "/tmp/macke/2017-07-20-10-25-17/bitcode/symmains.bc",
    "folder": "/tmp/macke/2017-07-20-10-25-17/klee/klee-out-46",
    "function": "gzip_decompress_buf",
    "phase": 1
  },
  "klee-out-47": {
    "bcfile": "/tmp/macke/2017-07-20-10-25-17/bitcode/symmains.bc",
    "folder": "/tmp/macke/2017-07-20-10-25-17/klee/klee-out-47",
    "function": "zpaq_decompress_buf",
    "phase": 1
  },
  "klee-out-48": {
    "bcfile": "/tmp/macke/2017-07-20-10-25-17/bitcode/symmains.bc",
    "folder": "/tmp/macke/2017-07-20-10-25-17/klee/klee-out-48",
    "function": "cond_wait",
    "phase": 1
  },
  "klee-out-49": {
    "bcfile": "/tmp/macke/2017-07-20-10-25-17/bitcode/symmains.bc",
    "folder": "/tmp/macke/2017-07-20-10-25-17/klee/klee-out-49",
    "function": "ucompthread",
    "phase": 1
  },
  "klee-out-50": {
    "bcfile": "/tmp/macke/2017-07-20-10-25-17/bitcode/symmains.bc",
    "folder": "/tmp/macke/2017-07-20-10-25-17/klee/klee-out-50",
    "function": "lzo_compresses",
    "phase": 1
  },
  "klee-out-51": {
    "bcfile": "/tmp/macke/2017-07-20-10-25-17/bitcode/symmains.bc",
    "folder": "/tmp/macke/2017-07-20-10-25-17/klee/klee-out-51",
    "function": "bzip2_compress_buf",
    "phase": 1
  },
  "klee-out-52": {
    "bcfile": "/tmp/macke/2017-07-20-10-25-17/bitcode/symmains.bc",
    "folder": "/tmp/macke/2017-07-20-10-25-17/klee/klee-out-52",
    "function": "lzma_compress_buf",
    "phase": 1
  },
  "klee-out-53": {
    "bcfile": "/tmp/macke/2017-07-20-10-25-17/bitcode/symmains.bc",
    "folder": "/tmp/macke/2017-07-20-10-25-17/klee/klee-out-53",
    "function": "lzo_compress_buf",
    "phase": 1
  },
  "klee-out-54": {
    "bcfile": "/tmp/macke/2017-07-20-10-25-17/bitcode/symmains.bc",
    "folder": "/tmp/macke/2017-07-20-10-25-17/klee/klee-out-54",
    "function": "gzip_compress_buf",
    "phase": 1
  },
  "klee-out-55": {
    "bcfile": "/tmp/macke/2017-07-20-10-25-17/bitcode/symmains.bc",
    "folder": "/tmp/macke/2017-07-20-10-25-17/klee/klee-out-55",
    "function": "zpaq_compress_buf",
    "phase": 1
  },
  "klee-out-56": {
    "bcfile": "/tmp/macke/2017-07-20-10-25-17/bitcode/symmains.bc",
    "folder": "/tmp/macke/2017-07-20-10-25-17/klee/klee-out-56",
    "function": "write_u8",
    "phase": 1
  },
  "klee-out-57": {
    "bcfile": "/tmp/macke/2017-07-20-10-25-17/bitcode/symmains.bc",
    "folder": "/tmp/macke/2017-07-20-10-25-17/klee/klee-out-57",
    "function": "write_val",
    "phase": 1
  },
  "klee-out-58": {
    "bcfile": "/tmp/macke/2017-07-20-10-25-17/bitcode/symmains.bc",
    "folder": "/tmp/macke/2017-07-20-10-25-17/klee/klee-out-58",
    "function": "compthread",
    "phase": 1
  },
  "klee-out-59": {
    "bcfile": "/tmp/macke/2017-07-20-10-25-17/bitcode/chain-bzip2_compress_buf-print_err.bc",
    "callee": "print_err",
    "caller": "bzip2_compress_buf",
    "folder": "/tmp/macke/2017-07-20-10-25-17/klee/klee-out-59",
    "phase": 2
  },
  "klee-out-60": {
    "bcfile": "/tmp/macke/2017-07-20-10-25-17/bitcode/chain-bzip2_compress_buf-print_stuff.bc",
    "callee": "print_stuff",
    "caller": "bzip2_compress_buf",
    "folder": "/tmp/macke/2017-07-20-10-25-17/klee/klee-out-60",
    "phase": 2
  },
  "klee-out-61": {
    "bcfile": "/tmp/macke/2017-07-20-10-25-17/bitcode/chain-bzip2_decompress_buf-print_err.bc",
    "callee": "print_err",
    "caller": "bzip2_decompress_buf",
    "folder": "/tmp/macke/2017-07-20-10-25-17/klee/klee-out-61",
    "phase": 2
  },
  "klee-out-62": {
    "bcfile": "/tmp/macke/2017-07-20-10-25-17/bitcode/chain-clear_buffer-print_stuff.bc",
    "callee": "print_stuff",
    "caller": "clear_buffer",
    "folder": "/tmp/macke/2017-07-20-10-25-17/klee/klee-out-62",
    "phase": 2
  },
  "klee-out-63": {
    "bcfile": "/tmp/macke/2017-07-20-10-25-17/bitcode/chain-close_stream_in-print_stuff.bc",
    "callee": "print_stuff",
    "caller": "close_stream_in",
    "folder": "/tmp/macke/2017-07-20-10-25-17/klee/klee-out-63",
    "phase": 2
  },
  "klee-out-64": {
    "bcfile": "/tmp/macke/2017-07-20-10-25-17/bitcode/chain-close_stream_out-print_err.bc",
    "callee": "print_err",
    "caller": "close_stream_out",
    "folder": "/tmp/macke/2017-07-20-10-25-17/klee/klee-out-64",
    "phase": 2
  },
  "klee-out-65": {
    "bcfile": "/tmp/macke/2017-07-20-10-25-17/bitcode/chain-compthread-print_err.bc",
    "callee": "print_err",
    "caller": "compthread",
    "folder": "/tmp/macke/2017-07-20-10-25-17/klee/klee-out-65",
    "phase": 2
  },
  "klee-out-66": {
    "bcfile": "/tmp/macke/2017-07-20-10-25-17/bitcode/chain-compthread-print_stuff.bc",
    "callee": "print_stuff",
    "caller": "compthread",
    "folder": "/tmp/macke/2017-07-20-10-25-17/klee/klee-out-66",
    "phase": 2
  },
  "klee-out-67": {
    "bcfile": "/tmp/macke/2017-07-20-10-25-17/bitcode/chain-fill_buffer-print_stuff.bc",
    "callee": "print_stuff",
    "caller": "fill_buffer",
    "folder": "/tmp/macke/2017-07-20-10-25-17/klee/klee-out-67",
    "phase": 2
  },
  "klee-out-68": {
    "bcfile": "/tmp/macke/2017-07-20-10-25-17/bitcode/chain-gzip_compress_buf-print_err.bc",
    "callee": "print_err",
    "caller": "gzip_compress_buf",
    "folder": "/tmp/macke/2017-07-20-10-25-17/klee/klee-out-68",
    "phase": 2
  },
  "klee-out-69": {
    "bcfile": "/tmp/macke/2017-07-20-10-25-17/bitcode/chain-gzip_compress_buf-print_stuff.bc",
    "callee": "print_stuff",
    "caller": "gzip_compress_buf",
    "folder": "/tmp/macke/2017-07-20-10-25-17/klee/klee-out-69",
    "phase": 2
  },
  "klee-out-70": {
    "bcfile": "/tmp/macke/2017-07-20-10-25-17/bitcode/chain-gzip_decompress_buf-print_err.bc",
    "callee": "print_err",
    "caller": "gzip_decompress_buf",
    "folder": "/tmp/macke/2017-07-20-10-25-17/klee/klee-out-70",
    "phase": 2
  },
  "klee-out-71": {
    "bcfile": "/tmp/macke/2017-07-20-10-25-17/bitcode/chain-lzma_decompress_buf-print_err.bc",
    "callee": "print_err",
    "caller": "lzma_decompress_buf",
    "folder": "/tmp/macke/2017-07-20-10-25-17/klee/klee-out-71",
    "phase": 2
  },
  "klee-out-72": {
    "bcfile": "/tmp/macke/2017-07-20-10-25-17/bitcode/chain-lzo_compress_buf-print_err.bc",
    "callee": "print_err",
    "caller": "lzo_compress_buf",
    "folder": "/tmp/macke/2017-07-20-10-25-17/klee/klee-out-72",
    "phase": 2
  },
  "klee-out-73": {
    "bcfile": "/tmp/macke/2017-07-20-10-25-17/bitcode/chain-lzo_compress_buf-print_stuff.bc",
    "callee": "print_stuff",
    "caller": "lzo_compress_buf",
    "folder": "/tmp/macke/2017-07-20-10-25-17/klee/klee-out-73",
    "phase": 2
  },
  "klee-out-74": {
    "bcfile": "/tmp/macke/2017-07-20-10-25-17/bitcode/chain-lzo_decompress_buf-print_err.bc",
    "callee": "print_err",
    "caller": "lzo_decompress_buf",
    "folder": "/tmp/macke/2017-07-20-10-25-17/klee/klee-out-74",
    "phase": 2
  },
  "klee-out-75": {
    "bcfile": "/tmp/macke/2017-07-20-10-25-17/bitcode/chain-open_stream_in-print_err.bc",
    "callee": "print_err",
    "caller": "open_stream_in",
    "folder": "/tmp/macke/2017-07-20-10-25-17/klee/klee-out-75",
    "phase": 2
  },
  "klee-out-76": {
    "bcfile": "/tmp/macke/2017-07-20-10-25-17/bitcode/chain-open_stream_in-print_stuff.bc",
    "callee": "print_stuff",
    "caller": "open_stream_in",
    "folder": "/tmp/macke/2017-07-20-10-25-17/klee/klee-out-76",
    "phase": 2
  },
  "klee-out-77": {
    "bcfile": "/tmp/macke/2017-07-20-10-25-17/bitcode/chain-put_fdout-print_err.bc",
    "callee": "print_err",
    "caller": "put_fdout",
    "folder": "/tmp/macke/2017-07-20-10-25-17/klee/klee-out-77",
    "phase": 2
  },
  "klee-out-78": {
    "bcfile": "/tmp/macke/2017-07-20-10-25-17/bitcode/chain-put_fdout-print_stuff.bc",
    "callee": "print_stuff",
    "caller": "put_fdout",
    "folder": "/tmp/macke/2017-07-20-10-25-17/klee/klee-out-78",
    "phase": 2
  },
  "klee-out-79": {
    "bcfile": "/tmp/macke/2017-07-20-10-25-17/bitcode/chain-read_buf-print_err.bc",
    "callee": "print_err",
    "caller": "read_buf",
    "folder": "/tmp/macke/2017-07-20-10-25-17/klee/klee-out-79",
    "phase": 2
  },
  "klee-out-80": {
    "bcfile": "/tmp/macke/2017-07-20-10-25-17/bitcode/chain-write_buf-print_err.bc",
    "callee": "print_err",
    "caller": "write_buf",
    "folder": "/tmp/macke/2017-07-20-10-25-17/klee/klee-out-80",
    "phase": 2
  },
  "klee-out-81": {
    "bcfile": "/tmp/macke/2017-07-20-10-25-17/bitcode/chain-zpaq_decompress_buf-print_err.bc",
    "callee": "print_err",
    "caller": "zpaq_decompress_buf",
    "folder": "/tmp/macke/2017-07-20-10-25-17/klee/klee-out-81",
    "phase": 2
  },
  "klee-out-82": {
    "bcfile": "/tmp/macke/2017-07-20-10-25-17/bitcode/chain-read_buf-read_1g.bc",
    "callee": "read_1g",
    "caller": "read_buf",
    "folder": "/tmp/macke/2017-07-20-10-25-17/klee/klee-out-82",
    "phase": 2
  },
  "klee-out-83": {
    "bcfile": "/tmp/macke/2017-07-20-10-25-17/bitcode/chain-fill_buffer-read_buf.bc",
    "callee": "read_buf",
    "caller": "fill_buffer",
    "folder": "/tmp/macke/2017-07-20-10-25-17/klee/klee-out-83",
    "phase": 2
  },
  "klee-out-84": {
    "bcfile": "/tmp/macke/2017-07-20-10-25-17/bitcode/chain-open_stream_in-read_buf.bc",
    "callee": "read_buf",
    "caller": "open_stream_in",
    "folder": "/tmp/macke/2017-07-20-10-25-17/klee/klee-out-84",
    "phase": 2
  },
  "klee-out-85": {
    "bcfile": "/tmp/macke/2017-07-20-10-25-17/bitcode/chain-read_u32-read_buf.bc",
    "callee": "read_buf",
    "caller": "read_u32",
    "folder": "/tmp/macke/2017-07-20-10-25-17/klee/klee-out-85",
    "phase": 2
  },
  "klee-out-86": {
    "bcfile": "/tmp/macke/2017-07-20-10-25-17/bitcode/chain-read_u8-read_buf.bc",
    "callee": "read_buf",
    "caller": "read_u8",
    "folder": "/tmp/macke/2017-07-20-10-25-17/klee/klee-out-86",
    "phase": 2
  },
  "klee-out-87": {
    "bcfile": "/tmp/macke/2017-07-20-10-25-17/bitcode/chain-read_val-read_buf.bc",
    "callee": "read_buf",
    "caller": "read_val",
    "folder": "/tmp/macke/2017-07-20-10-25-17/klee/klee-out-87",
    "phase": 2
  },
  "klee-out-88": {
    "bcfile": "/tmp/macke/2017-07-20-10-25-17/bitcode/chain-rewrite_encrypted-read_buf.bc",
    "callee": "read_buf",
    "caller": "rewrite_encrypted",
    "folder": "/tmp/macke/2017-07-20-10-25-17/klee/klee-out-88",
    "phase": 2
  },
  "klee-out-89": {
    "bcfile": "/tmp/macke/2017-07-20-10-25-17/bitcode/chain-fill_buffer-read_u32.bc",
    "callee": "read_u32",
    "caller": "fill_buffer",
    "folder": "/tmp/macke/2017-07-20-10-25-17/klee/klee-out-89",
    "phase": 2
  },
  "klee-out-90": {
    "bcfile": "/tmp/macke/2017-07-20-10-25-17/bitcode/chain-fill_buffer-read_u8.bc",
    "callee": "read_u8",
    "caller": "fill_buffer",
    "folder": "/tmp/macke/2017-07-20-10-25-17/klee/klee-out-90",
    "phase": 2
  },
  "klee-out-91": {
    "bcfile": "/tmp/macke/2017-07-20-10-25-17/bitcode/chain-fill_buffer-read_val.bc",
    "callee": "read_val",
    "caller": "fill_buffer",
    "folder": "/tmp/macke/2017-07-20-10-25-17/klee/klee-out-91",
    "phase": 2
  },
  "klee-out-92": {
    "bcfile": "/tmp/macke/2017-07-20-10-25-17/bitcode/chain-open_stream_in-read_u32.bc",
    "callee": "read_u32",
    "caller": "open_stream_in",
    "folder": "/tmp/macke/2017-07-20-10-25-17/klee/klee-out-92",
    "phase": 2
  },
  "klee-out-93": {
    "bcfile": "/tmp/macke/2017-07-20-10-25-17/bitcode/chain-open_stream_in-read_u8.bc",
    "callee": "read_u8",
    "caller": "open_stream_in",
    "folder": "/tmp/macke/2017-07-20-10-25-17/klee/klee-out-93",
    "phase": 2
  },
  "klee-out-94": {
    "bcfile": "/tmp/macke/2017-07-20-10-25-17/bitcode/chain-open_stream_in-read_val.bc",
    "callee": "read_val",
    "caller": "open_stream_in",
    "folder": "/tmp/macke/2017-07-20-10-25-17/klee/klee-out-94",
    "phase": 2
  },
  "klee-out-95": {
    "bcfile": "/tmp/macke/2017-07-20-10-25-17/bitcode/chain-fill_buffer-decrypt_header.bc",
    "callee": "decrypt_header",
    "caller": "fill_buffer",
    "folder": "/tmp/macke/2017-07-20-10-25-17/klee/klee-out-95",
    "phase": 2
  },
  "klee-out-96": {
    "bcfile": "/tmp/macke/2017-07-20-10-25-17/bitcode/chain-open_stream_in-decrypt_header.bc",
    "callee": "decrypt_header",
    "caller": "open_stream_in",
    "folder": "/tmp/macke/2017-07-20-10-25-17/klee/klee-out-96",
    "phase": 2
  },
  "klee-out-97": {
    "bcfile": "/tmp/macke/2017-07-20-10-25-17/bitcode/chain-close_stream_in-read_seekto.bc",
    "callee": "read_seekto",
    "caller": "close_stream_in",
    "folder": "/tmp/macke/2017-07-20-10-25-17/klee/klee-out-97",
    "phase": 2
  },
  "klee-out-98": {
    "bcfile": "/tmp/macke/2017-07-20-10-25-17/bitcode/chain-fill_buffer-read_seekto.bc",
    "callee": "read_seekto",
    "caller": "fill_buffer",
    "folder": "/tmp/macke/2017-07-20-10-25-17/klee/klee-out-98",
    "phase": 2
  },
  "klee-out-99": {
    "bcfile": "/tmp/macke/2017-07-20-10-25-17/bitcode/chain-read_stream-fill_buffer.bc",
    "callee": "fill_buffer",
    "caller": "read_stream",
    "folder": "/tmp/macke/2017-07-20-10-25-17/klee/klee-out-99",
    "phase": 2
  },
  "klee-out-100": {
    "bcfile": "/tmp/macke/2017-07-20-10-25-17/bitcode/chain-compthread-seekto.bc",
    "callee": "seekto",
    "caller": "compthread",
    "folder": "/tmp/macke/2017-07-20-10-25-17/klee/klee-out-100",
    "phase": 2
  },
  "klee-out-101": {
    "bcfile": "/tmp/macke/2017-07-20-10-25-17/bitcode/chain-compthread-write_buf.bc",
    "callee": "write_buf",
    "caller": "compthread",
    "folder": "/tmp/macke/2017-07-20-10-25-17/klee/klee-out-101",
    "phase": 2
  },
  "klee-out-102": {
    "bcfile": "/tmp/macke/2017-07-20-10-25-17/bitcode/chain-rewrite_encrypted-seekto.bc",
    "callee": "seekto",
    "caller": "rewrite_encrypted",
    "folder": "/tmp/macke/2017-07-20-10-25-17/klee/klee-out-102",
    "phase": 2
  },
  "klee-out-103": {
    "bcfile": "/tmp/macke/2017-07-20-10-25-17/bitcode/chain-rewrite_encrypted-write_buf.bc",
    "callee": "write_buf",
    "caller": "rewrite_encrypted",
    "folder": "/tmp/macke/2017-07-20-10-25-17/klee/klee-out-103",
    "phase": 2
  },
  "klee-out-104": {
    "bcfile": "/tmp/macke/2017-07-20-10-25-17/bitcode/chain-write_u8-write_buf.bc",
    "callee": "write_buf",
    "caller": "write_u8",
    "folder": "/tmp/macke/2017-07-20-10-25-17/klee/klee-out-104",
    "phase": 2
  },
  "klee-out-105": {
    "bcfile": "/tmp/macke/2017-07-20-10-25-17/bitcode/chain-write_val-write_buf.bc",
    "callee": "write_buf",
    "caller": "write_val",
    "folder": "/tmp/macke/2017-07-20-10-25-17/klee/klee-out-105",
    "phase": 2
  },
  "klee-out-106": {
    "bcfile": "/tmp/macke/2017-07-20-10-25-17/bitcode/chain-bzip2_compress_buf-lzo_compresses.bc",
    "callee": "lzo_compresses",
    "caller": "bzip2_compress_buf",
    "folder": "/tmp/macke/2017-07-20-10-25-17/klee/klee-out-106",
    "phase": 2
  },
  "klee-out-107": {
    "bcfile": "/tmp/macke/2017-07-20-10-25-17/bitcode/chain-compthread-lzma_compress_buf.bc",
    "callee": "lzma_compress_buf",
    "caller": "compthread",
    "folder": "/tmp/macke/2017-07-20-10-25-17/klee/klee-out-107",
    "phase": 2
  },
  "klee-out-108": {
    "bcfile": "/tmp/macke/2017-07-20-10-25-17/bitcode/chain-compthread-write_u8.bc",
    "callee": "write_u8",
    "caller": "compthread",
    "folder": "/tmp/macke/2017-07-20-10-25-17/klee/klee-out-108",
    "phase": 2
  },
  "klee-out-109": {
    "bcfile": "/tmp/macke/2017-07-20-10-25-17/bitcode/chain-compthread-write_val.bc",
    "callee": "write_val",
    "caller": "compthread",
    "folder": "/tmp/macke/2017-07-20-10-25-17/klee/klee-out-109",
    "phase": 2
  },
  "klee-out-110": {
    "bcfile": "/tmp/macke/2017-07-20-10-25-17/bitcode/chain-compthread-zpaq_compress_buf.bc",
    "callee": "zpaq_compress_buf",
    "caller": "compthread",
    "folder": "/tmp/macke/2017-07-20-10-25-17/klee/klee-out-110",
    "phase": 2
  }
}
