{"{pthread_mutex_unlock}": {"macke_bug_chain_length": 0, "macke_vulnerabilities_found": 0, "node_degree": [1, 2, 3], "faulty": false, "node_path_length": 1.0, "distance_to_interface": 1, "clustering_coefficient": 0.3333333333333333}, "{cksem_post}": {"macke_bug_chain_length": 1, "macke_vulnerabilities_found": 1, "node_degree": [3, 4, 7], "faulty": false, "node_path_length": 0, "distance_to_interface": 2, "clustering_coefficient": 0.14285714285714285}, "{sem_wait}": {"macke_bug_chain_length": 0, "macke_vulnerabilities_found": 0, "node_degree": [1, 2, 3], "faulty": false, "node_path_length": 1.0, "distance_to_interface": 1, "clustering_coefficient": 0.0}, "{pthread_create}": {"macke_bug_chain_length": 0, "macke_vulnerabilities_found": 0, "node_degree": [1, 2, 3], "faulty": false, "node_path_length": 1.0, "distance_to_interface": 1, "clustering_coefficient": 0.3333333333333333}, "{flush_tmpoutbuf}": {"macke_bug_chain_length": 0, "macke_vulnerabilities_found": 0, "node_degree": [1, 2, 3], "faulty": false, "node_path_length": 1.0, "distance_to_interface": 1, "clustering_coefficient": 0.3333333333333333}, "{pthread_join}": {"macke_bug_chain_length": 0, "macke_vulnerabilities_found": 0, "node_degree": [1, 2, 3], "faulty": false, "node_path_length": 1.0, "distance_to_interface": 1, "clustering_coefficient": 0.3333333333333333}, "{calloc}": {"macke_bug_chain_length": 0, "macke_vulnerabilities_found": 0, "node_degree": [1, 6, 7], "faulty": false, "node_path_length": 1.0, "distance_to_interface": 1, "clustering_coefficient": 0.19047619047619047}, "{uncompress}": {"macke_bug_chain_length": 0, "macke_vulnerabilities_found": 0, "node_degree": [1, 2, 3], "faulty": false, "node_path_length": 1.0, "distance_to_interface": 1, "clustering_coefficient": 0.0}, "{read_1g}": {"macke_bug_chain_length": 1, "macke_vulnerabilities_found": 1, "node_degree": [4, 2, 6], "cvss3": {"attackVector": "LOCAL", "availabilityImpact": "HIGH", "vectorString": "AV:L/AC:L/PR:N/UI:R/S:U/C:H/I:H/A:H", "userInteraction": "REQUIRED", "scope": "UNCHANGED", "baseScore": 7.8, "baseSeverity": "HIGH", "privilegesRequired": "NONE", "attackComplexity": "LOW", "confidentialityImpact": "HIGH", "integrityImpact": "HIGH"}, "faulty": true, "node_path_length": 1.1666666666666667, "distance_to_interface": 1, "clustering_coefficient": 0.13333333333333333}, "{flush_buffer}": {"macke_bug_chain_length": 1, "macke_vulnerabilities_found": 1, "node_degree": [1, 2, 3], "faulty": false, "node_path_length": 1.0, "distance_to_interface": 1, "clustering_coefficient": 0.3333333333333333}, "{round_up_page}": {"macke_bug_chain_length": 0, "macke_vulnerabilities_found": 0, "node_degree": [1, 11, 12], "faulty": false, "node_path_length": 1.0, "distance_to_interface": 1, "clustering_coefficient": 0.015151515151515152}, "{external node}": {"macke_bug_chain_length": 0, "macke_vulnerabilities_found": 0, "node_degree": [74, 0, 74], "faulty": false, "node_path_length": 0, "distance_to_interface": 999, "clustering_coefficient": 0.014439096630877453}, "{bzip2_decompress_buf}": {"macke_bug_chain_length": 1, "macke_vulnerabilities_found": 1, "node_degree": [5, 1, 6], "faulty": false, "node_path_length": 1.0, "distance_to_interface": 2, "clustering_coefficient": 0.13333333333333333}, "{zpaq_decompress}": {"macke_bug_chain_length": 0, "macke_vulnerabilities_found": 0, "node_degree": [1, 2, 3], "faulty": false, "node_path_length": 1.0, "distance_to_interface": 1, "clustering_coefficient": 0.0}, "{compthread}": {"macke_bug_chain_length": 1, "macke_vulnerabilities_found": 1, "node_degree": [28, 1, 29], "faulty": false, "node_path_length": 1.877137428752375, "distance_to_interface": 1, "clustering_coefficient": 0.11083743842364532}, "{close_tmpinbuf}": {"macke_bug_chain_length": 0, "macke_vulnerabilities_found": 0, "node_degree": [1, 2, 3], "faulty": false, "node_path_length": 1.0, "distance_to_interface": 1, "clustering_coefficient": 0.0}, "{lzo1x_1_compress}": {"macke_bug_chain_length": 0, "macke_vulnerabilities_found": 0, "node_degree": [1, 3, 4], "faulty": false, "node_path_length": 1.0, "distance_to_interface": 1, "clustering_coefficient": 0.0}, "{perror}": {"macke_bug_chain_length": 0, "macke_vulnerabilities_found": 0, "node_degree": [1, 2, 3], "faulty": false, "node_path_length": 1.0, "distance_to_interface": 1, "clustering_coefficient": 0.3333333333333333}, "{read_buf}": {"macke_bug_chain_length": 1, "macke_vulnerabilities_found": 1, "node_degree": [4, 6, 10], "cvss3": {"attackVector": "LOCAL", "availabilityImpact": "HIGH", "vectorString": "AV:L/AC:L/PR:N/UI:R/S:U/C:H/I:H/A:H", "userInteraction": "REQUIRED", "scope": "UNCHANGED", "baseScore": 7.8, "baseSeverity": "HIGH", "privilegesRequired": "NONE", "attackComplexity": "LOW", "confidentialityImpact": "HIGH", "integrityImpact": "HIGH"}, "faulty": true, "node_path_length": 1.4285714285714286, "distance_to_interface": 2, "clustering_coefficient": 0.15555555555555556}, "{cond_wait}": {"macke_bug_chain_length": 1, "macke_vulnerabilities_found": 1, "node_degree": [2, 2, 4], "faulty": false, "node_path_length": 1.0, "distance_to_interface": 2, "clustering_coefficient": 0.16666666666666666}, "{read_stream}": {"macke_bug_chain_length": 19, "macke_vulnerabilities_found": 1, "node_degree": [1, 1, 2], "faulty": false, "node_path_length": 2.4145516074450084, "distance_to_interface": 1, "clustering_coefficient": 0.0}, "{print_stuff}": {"macke_bug_chain_length": 1, "macke_vulnerabilities_found": 1, "node_degree": [3, 14, 17], "faulty": false, "node_path_length": 1.0, "distance_to_interface": 2, "clustering_coefficient": 0.08088235294117647}, "{llvm.va_end}": {"macke_bug_chain_length": 0, "macke_vulnerabilities_found": 0, "node_degree": [0, 1, 1], "faulty": false, "node_path_length": 0, "distance_to_interface": 1, "clustering_coefficient": 0}, "{cksem_init}": {"macke_bug_chain_length": 1, "macke_vulnerabilities_found": 1, "node_degree": [3, 1, 4], "faulty": false, "node_path_length": 1.0, "distance_to_interface": 2, "clustering_coefficient": 0.16666666666666666}, "{write_1g}": {"macke_bug_chain_length": 1, "macke_vulnerabilities_found": 1, "node_degree": [1, 2, 3], "faulty": false, "node_path_length": 2.4285714285714284, "distance_to_interface": 1, "clustering_coefficient": 0.3333333333333333}, "{zpaq_compress}": {"macke_bug_chain_length": 0, "macke_vulnerabilities_found": 0, "node_degree": [1, 2, 3], "faulty": false, "node_path_length": 1.0, "distance_to_interface": 1, "clustering_coefficient": 0.0}, "{write_u8}": {"macke_bug_chain_length": 1, "macke_vulnerabilities_found": 1, "node_degree": [1, 1, 2], "faulty": false, "node_path_length": 1.0, "distance_to_interface": 2, "clustering_coefficient": 1.0}, "{rewrite_encrypted}": {"macke_bug_chain_length": 3, "macke_vulnerabilities_found": 1, "node_degree": [10, 2, 12], "faulty": false, "node_path_length": 2.193832599118943, "distance_to_interface": 2, "clustering_coefficient": 0.13636363636363635}, "{pthread_cond_broadcast}": {"macke_bug_chain_length": 0, "macke_vulnerabilities_found": 0, "node_degree": [1, 2, 3], "faulty": false, "node_path_length": 1.0, "distance_to_interface": 1, "clustering_coefficient": 0.0}, "{close_stream_in}": {"macke_bug_chain_length": 1, "macke_vulnerabilities_found": 1, "node_degree": [4, 1, 5], "faulty": false, "node_path_length": 2.8927137119908206, "distance_to_interface": 1, "clustering_coefficient": 0.2}, "{close_tmpoutbuf}": {"macke_bug_chain_length": 0, "macke_vulnerabilities_found": 0, "node_degree": [1, 2, 3], "faulty": false, "node_path_length": 1.0, "distance_to_interface": 1, "clustering_coefficient": 0.3333333333333333}, "{setpriority}": {"macke_bug_chain_length": 0, "macke_vulnerabilities_found": 0, "node_degree": [1, 3, 4], "faulty": false, "node_path_length": 1.0, "distance_to_interface": 1, "clustering_coefficient": 0.3333333333333333}, "{write_magic}": {"macke_bug_chain_length": 0, "macke_vulnerabilities_found": 0, "node_degree": [1, 2, 3], "faulty": false, "node_path_length": 1.0, "distance_to_interface": 1, "clustering_coefficient": 0.3333333333333333}, "{zpaq_compress_buf}": {"macke_bug_chain_length": 1, "macke_vulnerabilities_found": 1, "node_degree": [7, 1, 8], "faulty": false, "node_path_length": 1.0, "distance_to_interface": 2, "clustering_coefficient": 0.21428571428571427}, "{lrz_crypt}": {"macke_bug_chain_length": 0, "macke_vulnerabilities_found": 0, "node_degree": [1, 3, 4], "faulty": false, "node_path_length": 1.0, "distance_to_interface": 1, "clustering_coefficient": 0.0}, "{decrypt_header}": {"macke_bug_chain_length": 1, "macke_vulnerabilities_found": 1, "node_degree": [1, 2, 3], "faulty": false, "node_path_length": 2.0, "distance_to_interface": 2, "clustering_coefficient": 0.3333333333333333}, "{get_seek}": {"macke_bug_chain_length": 1, "macke_vulnerabilities_found": 1, "node_degree": [2, 2, 4], "faulty": false, "node_path_length": 1.0, "distance_to_interface": 2, "clustering_coefficient": 0.5}, "{lzo_compress_buf}": {"macke_bug_chain_length": 1, "macke_vulnerabilities_found": 1, "node_degree": [7, 1, 8], "faulty": false, "node_path_length": 1.0, "distance_to_interface": 2, "clustering_coefficient": 0.10714285714285714}, "{fill_buffer}": {"macke_bug_chain_length": 12, "macke_vulnerabilities_found": 1, "node_degree": [19, 1, 20], "faulty": false, "node_path_length": 1.4145516074450084, "distance_to_interface": 2, "clustering_coefficient": 0.05263157894736842}, "{zpaq_decompress_buf}": {"macke_bug_chain_length": 1, "macke_vulnerabilities_found": 1, "node_degree": [5, 1, 6], "faulty": false, "node_path_length": 1.0, "distance_to_interface": 2, "clustering_coefficient": 0.13333333333333333}, "{llvm.expect.i64}": {"macke_bug_chain_length": 0, "macke_vulnerabilities_found": 0, "node_degree": [0, 1, 1], "faulty": false, "node_path_length": 0, "distance_to_interface": 1, "clustering_coefficient": 0}, "{vfprintf}": {"macke_bug_chain_length": 0, "macke_vulnerabilities_found": 0, "node_degree": [1, 5, 6], "faulty": false, "node_path_length": 1.0, "distance_to_interface": 1, "clustering_coefficient": 0.26666666666666666}, "{prepare_streamout_threads}": {"macke_bug_chain_length": 1, "macke_vulnerabilities_found": 1, "node_degree": [5, 1, 6], "faulty": false, "node_path_length": 1.2727272727272727, "distance_to_interface": 1, "clustering_coefficient": 0.26666666666666666}, "{read_val}": {"macke_bug_chain_length": 3, "macke_vulnerabilities_found": 1, "node_degree": [1, 2, 3], "faulty": false, "node_path_length": 1.0, "distance_to_interface": 2, "clustering_coefficient": 0.6666666666666666}, "{seekto}": {"macke_bug_chain_length": 1, "macke_vulnerabilities_found": 1, "node_degree": [2, 2, 4], "faulty": false, "node_path_length": 1.0, "distance_to_interface": 2, "clustering_coefficient": 0.5}, "{lrz_decrypt}": {"macke_bug_chain_length": 1, "macke_vulnerabilities_found": 1, "node_degree": [1, 2, 3], "faulty": false, "node_path_length": 1.0, "distance_to_interface": 3, "clustering_coefficient": 0.3333333333333333}, "{detach_pthread}": {"macke_bug_chain_length": 1, "macke_vulnerabilities_found": 1, "node_degree": [2, 2, 4], "faulty": false, "node_path_length": 2.4516129032258065, "distance_to_interface": 1, "clustering_coefficient": 0.16666666666666666}, "{llvm.dbg.declare}": {"macke_bug_chain_length": 0, "macke_vulnerabilities_found": 0, "node_degree": [0, 1, 1], "faulty": false, "node_path_length": 0, "distance_to_interface": 1, "clustering_coefficient": 0}, "{cond_broadcast}": {"macke_bug_chain_length": 1, "macke_vulnerabilities_found": 1, "node_degree": [2, 2, 4], "faulty": false, "node_path_length": 1.5, "distance_to_interface": 2, "clustering_coefficient": 0.3333333333333333}, "{LzmaUncompress}": {"macke_bug_chain_length": 0, "macke_vulnerabilities_found": 0, "node_degree": [1, 2, 3], "faulty": false, "node_path_length": 1.0, "distance_to_interface": 1, "clustering_coefficient": 0.0}, "{gzip_compress_buf}": {"macke_bug_chain_length": 1, "macke_vulnerabilities_found": 1, "node_degree": [6, 1, 7], "faulty": false, "node_path_length": 1.1, "distance_to_interface": 2, "clustering_coefficient": 0.14285714285714285}, "{close_streamout_threads}": {"macke_bug_chain_length": 1, "macke_vulnerabilities_found": 1, "node_degree": [2, 1, 3], "faulty": false, "node_path_length": 1.0, "distance_to_interface": 1, "clustering_coefficient": 0.3333333333333333}, "{init_mutex}": {"macke_bug_chain_length": 1, "macke_vulnerabilities_found": 1, "node_degree": [2, 1, 3], "faulty": false, "node_path_length": 1.5, "distance_to_interface": 1, "clustering_coefficient": 0.3333333333333333}, "{fd_seekto}": {"macke_bug_chain_length": 1, "macke_vulnerabilities_found": 1, "node_degree": [2, 2, 4], "faulty": false, "node_path_length": 1.0, "distance_to_interface": 3, "clustering_coefficient": 0.3333333333333333}, "{lzo_decompress_buf}": {"macke_bug_chain_length": 1, "macke_vulnerabilities_found": 1, "node_degree": [5, 1, 6], "faulty": false, "node_path_length": 1.0, "distance_to_interface": 2, "clustering_coefficient": 0.13333333333333333}, "{write_fdout}": {"macke_bug_chain_length": 0, "macke_vulnerabilities_found": 0, "node_degree": [1, 2, 3], "faulty": false, "node_path_length": 1.0, "distance_to_interface": 1, "clustering_coefficient": 0.3333333333333333}, "{lzma_decompress_buf}": {"macke_bug_chain_length": 1, "macke_vulnerabilities_found": 1, "node_degree": [5, 1, 6], "faulty": false, "node_path_length": 1.0, "distance_to_interface": 2, "clustering_coefficient": 0.13333333333333333}, "{clear_buffer}": {"macke_bug_chain_length": 1, "macke_vulnerabilities_found": 1, "node_degree": [7, 2, 9], "faulty": false, "node_path_length": 1.5517241379310345, "distance_to_interface": 2, "clustering_coefficient": 0.05555555555555555}, "{llvm.memset.p0i8.i64}": {"macke_bug_chain_length": 0, "macke_vulnerabilities_found": 0, "node_degree": [0, 1, 1], "faulty": false, "node_path_length": 0, "distance_to_interface": 1, "clustering_coefficient": 0}, "{read_u8}": {"macke_bug_chain_length": 3, "macke_vulnerabilities_found": 1, "node_degree": [1, 2, 3], "faulty": false, "node_path_length": 1.0, "distance_to_interface": 2, "clustering_coefficient": 0.6666666666666666}, "{write_fdin}": {"macke_bug_chain_length": 0, "macke_vulnerabilities_found": 0, "node_degree": [1, 2, 3], "faulty": false, "node_path_length": 1.0, "distance_to_interface": 1, "clustering_coefficient": 0.0}, "{fatal_exit}": {"macke_bug_chain_length": 0, "macke_vulnerabilities_found": 0, "node_degree": [1, 3, 4], "faulty": false, "node_path_length": 1.0, "distance_to_interface": 1, "clustering_coefficient": 0.3333333333333333}, "{pthread_mutex_lock}": {"macke_bug_chain_length": 0, "macke_vulnerabilities_found": 0, "node_degree": [1, 2, 3], "faulty": false, "node_path_length": 1.0, "distance_to_interface": 1, "clustering_coefficient": 0.3333333333333333}, "{get_rand}": {"macke_bug_chain_length": 0, "macke_vulnerabilities_found": 0, "node_degree": [1, 3, 4], "faulty": false, "node_path_length": 1.0, "distance_to_interface": 1, "clustering_coefficient": 0.3333333333333333}, "{put_fdout}": {"macke_bug_chain_length": 1, "macke_vulnerabilities_found": 1, "node_degree": [6, 2, 8], "faulty": false, "node_path_length": 1.4285714285714286, "distance_to_interface": 1, "clustering_coefficient": 0.14285714285714285}, "{malloc}": {"macke_bug_chain_length": 0, "macke_vulnerabilities_found": 0, "node_degree": [1, 16, 17], "faulty": false, "node_path_length": 1.0, "distance_to_interface": 1, "clustering_coefficient": 0.03676470588235294}, "{read_seekto}": {"macke_bug_chain_length": 1, "macke_vulnerabilities_found": 1, "node_degree": [4, 2, 6], "faulty": false, "node_path_length": 2.817444219066937, "distance_to_interface": 2, "clustering_coefficient": 0.06666666666666667}, "{__errno_location}": {"macke_bug_chain_length": 0, "macke_vulnerabilities_found": 0, "node_degree": [1, 6, 7], "faulty": false, "node_path_length": 0, "distance_to_interface": 1, "clustering_coefficient": 0.0}, "{lseek}": {"macke_bug_chain_length": 0, "macke_vulnerabilities_found": 0, "node_degree": [1, 4, 5], "faulty": false, "node_path_length": 1.0, "distance_to_interface": 1, "clustering_coefficient": 0.1}, "{write}": {"macke_bug_chain_length": 0, "macke_vulnerabilities_found": 0, "node_degree": [1, 2, 3], "faulty": false, "node_path_length": 1.0, "distance_to_interface": 1, "clustering_coefficient": 0.3333333333333333}, "{read_fdin}": {"macke_bug_chain_length": 1, "macke_vulnerabilities_found": 1, "node_degree": [2, 2, 4], "faulty": false, "node_path_length": 2.0, "distance_to_interface": 2, "clustering_coefficient": 0.16666666666666666}, "{write_stream}": {"macke_bug_chain_length": 1, "macke_vulnerabilities_found": 1, "node_degree": [1, 1, 2], "faulty": false, "node_path_length": 2.0, "distance_to_interface": 1, "clustering_coefficient": 1.0}, "{dump_stdin}": {"macke_bug_chain_length": 1, "macke_vulnerabilities_found": 1, "node_degree": [3, 2, 5], "faulty": false, "node_path_length": 2.0, "distance_to_interface": 2, "clustering_coefficient": 0.0}, "{sem_init}": {"macke_bug_chain_length": 0, "macke_vulnerabilities_found": 0, "node_degree": [1, 2, 3], "faulty": false, "node_path_length": 1.0, "distance_to_interface": 1, "clustering_coefficient": 0.0}, "{free}": {"macke_bug_chain_length": 0, "macke_vulnerabilities_found": 0, "node_degree": [1, 21, 22], "faulty": false, "node_path_length": 1.0, "distance_to_interface": 1, "clustering_coefficient": 0.09523809523809523}, "{unlock_mutex}": {"macke_bug_chain_length": 1, "macke_vulnerabilities_found": 1, "node_degree": [2, 5, 7], "faulty": false, "node_path_length": 0, "distance_to_interface": 1, "clustering_coefficient": 0.2857142857142857}, "{read_u32}": {"macke_bug_chain_length": 3, "macke_vulnerabilities_found": 1, "node_degree": [1, 2, 3], "faulty": false, "node_path_length": 1.0, "distance_to_interface": 2, "clustering_coefficient": 0.6666666666666666}, "{strerror}": {"macke_bug_chain_length": 0, "macke_vulnerabilities_found": 0, "node_degree": [1, 3, 4], "faulty": false, "node_path_length": 1.0, "distance_to_interface": 1, "clustering_coefficient": 0.0}, "{llvm.memcpy.p0i8.p0i8.i64}": {"macke_bug_chain_length": 0, "macke_vulnerabilities_found": 0, "node_degree": [0, 1, 1], "faulty": false, "node_path_length": 0, "distance_to_interface": 1, "clustering_coefficient": 0}, "{lock_mutex}": {"macke_bug_chain_length": 1, "macke_vulnerabilities_found": 1, "node_degree": [2, 5, 7], "faulty": false, "node_path_length": 0, "distance_to_interface": 1, "clustering_coefficient": 0.2857142857142857}, "{fatal}": {"macke_bug_chain_length": 1, "macke_vulnerabilities_found": 1, "node_degree": [4, 20, 24], "faulty": false, "node_path_length": 1.4666666666666666, "distance_to_interface": 2, "clustering_coefficient": 0.07246376811594203}, "{open_stream_in}": {"macke_bug_chain_length": 12, "macke_vulnerabilities_found": 1, "node_degree": [11, 1, 12], "faulty": false, "node_path_length": 1.0, "distance_to_interface": 1, "clustering_coefficient": 0.12121212121212122}, "{fsync}": {"macke_bug_chain_length": 0, "macke_vulnerabilities_found": 0, "node_degree": [1, 3, 4], "faulty": false, "node_path_length": 1.0, "distance_to_interface": 1, "clustering_coefficient": 0.16666666666666666}, "{gzip_decompress_buf}": {"macke_bug_chain_length": 1, "macke_vulnerabilities_found": 1, "node_degree": [5, 1, 6], "faulty": false, "node_path_length": 1.0, "distance_to_interface": 2, "clustering_coefficient": 0.13333333333333333}, "{lzo_compresses}": {"macke_bug_chain_length": 1, "macke_vulnerabilities_found": 1, "node_degree": [5, 3, 8], "faulty": false, "node_path_length": 0, "distance_to_interface": 3, "clustering_coefficient": 0.35714285714285715}, "{pthread_cond_wait}": {"macke_bug_chain_length": 0, "macke_vulnerabilities_found": 0, "node_degree": [1, 2, 3], "faulty": false, "node_path_length": 1.0, "distance_to_interface": 1, "clustering_coefficient": 0.0}, "{failure}": {"macke_bug_chain_length": 1, "macke_vulnerabilities_found": 1, "node_degree": [3, 8, 11], "faulty": false, "node_path_length": 0, "distance_to_interface": 2, "clustering_coefficient": 0.07272727272727272}, "{read_tmpinfile}": {"macke_bug_chain_length": 0, "macke_vulnerabilities_found": 0, "node_degree": [1, 2, 3], "faulty": false, "node_path_length": 1.0, "distance_to_interface": 1, "clustering_coefficient": 0.0}, "{sem_post}": {"macke_bug_chain_length": 0, "macke_vulnerabilities_found": 0, "node_degree": [1, 2, 3], "faulty": false, "node_path_length": 1.0, "distance_to_interface": 1, "clustering_coefficient": 0.0}, "{open_stream_out}": {"macke_bug_chain_length": 1, "macke_vulnerabilities_found": 1, "node_degree": [5, 1, 6], "faulty": false, "node_path_length": 1.375, "distance_to_interface": 1, "clustering_coefficient": 0.2}, "{lzma_compress_buf}": {"macke_bug_chain_length": 1, "macke_vulnerabilities_found": 1, "node_degree": [10, 1, 11], "faulty": false, "node_path_length": 1.6551724137931034, "distance_to_interface": 2, "clustering_coefficient": 0.2727272727272727}, "{llvm.va_start}": {"macke_bug_chain_length": 0, "macke_vulnerabilities_found": 0, "node_degree": [0, 1, 1], "faulty": false, "node_path_length": 0, "distance_to_interface": 1, "clustering_coefficient": 0}, "{get_readseek}": {"macke_bug_chain_length": 1, "macke_vulnerabilities_found": 1, "node_degree": [2, 4, 6], "faulty": false, "node_path_length": 1.3333333333333333, "distance_to_interface": 1, "clustering_coefficient": 0.3333333333333333}, "{bzip2_compress_buf}": {"macke_bug_chain_length": 1, "macke_vulnerabilities_found": 1, "node_degree": [7, 2, 9], "faulty": false, "node_path_length": 1.3571428571428572, "distance_to_interface": 2, "clustering_coefficient": 0.3611111111111111}, "{write_val}": {"macke_bug_chain_length": 1, "macke_vulnerabilities_found": 1, "node_degree": [1, 1, 2], "faulty": false, "node_path_length": 1.0, "distance_to_interface": 2, "clustering_coefficient": 1.0}, "{lzo1x_decompress}": {"macke_bug_chain_length": 0, "macke_vulnerabilities_found": 0, "node_degree": [1, 2, 3], "faulty": false, "node_path_length": 1.0, "distance_to_interface": 1, "clustering_coefficient": 0.0}, "{getchar}": {"macke_bug_chain_length": 0, "macke_vulnerabilities_found": 0, "node_degree": [1, 2, 3], "faulty": false, "node_path_length": 1.0, "distance_to_interface": 1, "clustering_coefficient": 0.0}, "{BZ2_bzBuffToBuffDecompress}": {"macke_bug_chain_length": 0, "macke_vulnerabilities_found": 0, "node_degree": [1, 2, 3], "faulty": false, "node_path_length": 1.0, "distance_to_interface": 1, "clustering_coefficient": 0.0}, "{pthread_detach}": {"macke_bug_chain_length": 0, "macke_vulnerabilities_found": 0, "node_degree": [1, 2, 3], "faulty": false, "node_path_length": 1.0, "distance_to_interface": 1, "clustering_coefficient": 0.3333333333333333}, "{close_stream_out}": {"macke_bug_chain_length": 1, "macke_vulnerabilities_found": 1, "node_degree": [7, 1, 8], "faulty": false, "node_path_length": 3.188429571303587, "distance_to_interface": 1, "clustering_coefficient": 0.14285714285714285}, "{lrz_encrypt}": {"macke_bug_chain_length": 1, "macke_vulnerabilities_found": 1, "node_degree": [1, 2, 3], "faulty": false, "node_path_length": 2.0, "distance_to_interface": 2, "clustering_coefficient": 0.3333333333333333}, "{read}": {"macke_bug_chain_length": 0, "macke_vulnerabilities_found": 0, "node_degree": [1, 2, 3], "faulty": false, "node_path_length": 1.0, "distance_to_interface": 1, "clustering_coefficient": 0.3333333333333333}, "{compress2}": {"macke_bug_chain_length": 0, "macke_vulnerabilities_found": 0, "node_degree": [1, 2, 3], "faulty": false, "node_path_length": 1.0, "distance_to_interface": 1, "clustering_coefficient": 0.0}, "{create_pthread}": {"macke_bug_chain_length": 0, "macke_vulnerabilities_found": 0, "node_degree": [2, 3, 5], "faulty": false, "node_path_length": 1.3333333333333333, "distance_to_interface": 1, "clustering_coefficient": 0.2}, "{ucompthread}": {"macke_bug_chain_length": 1, "macke_vulnerabilities_found": 1, "node_degree": [13, 1, 14], "faulty": false, "node_path_length": 1.85546875, "distance_to_interface": 1, "clustering_coefficient": 0.15384615384615385}, "{fflush}": {"macke_bug_chain_length": 0, "macke_vulnerabilities_found": 0, "node_degree": [1, 3, 4], "faulty": false, "node_path_length": 0, "distance_to_interface": 1, "clustering_coefficient": 0.3333333333333333}, "{realloc}": {"macke_bug_chain_length": 0, "macke_vulnerabilities_found": 0, "node_degree": [1, 3, 4], "faulty": false, "node_path_length": 1.0, "distance_to_interface": 1, "clustering_coefficient": 0.3333333333333333}, "{write_buf}": {"macke_bug_chain_length": 1, "macke_vulnerabilities_found": 1, "node_degree": [4, 4, 8], "faulty": false, "node_path_length": 1.0, "distance_to_interface": 2, "clustering_coefficient": 0.14285714285714285}, "{pthread_mutex_init}": {"macke_bug_chain_length": 0, "macke_vulnerabilities_found": 0, "node_degree": [1, 2, 3], "faulty": false, "node_path_length": 1.0, "distance_to_interface": 1, "clustering_coefficient": 0.3333333333333333}, "{join_pthread}": {"macke_bug_chain_length": 0, "macke_vulnerabilities_found": 0, "node_degree": [2, 2, 4], "faulty": false, "node_path_length": 1.3333333333333333, "distance_to_interface": 1, "clustering_coefficient": 0.3333333333333333}, "{print_err}": {"macke_bug_chain_length": 1, "macke_vulnerabilities_found": 1, "node_degree": [3, 20, 23], "faulty": false, "node_path_length": 0, "distance_to_interface": 2, "clustering_coefficient": 0.07114624505928854}, "{cksem_wait}": {"macke_bug_chain_length": 1, "macke_vulnerabilities_found": 1, "node_degree": [3, 3, 6], "faulty": false, "node_path_length": 1.3333333333333333, "distance_to_interface": 2, "clustering_coefficient": 0.06666666666666667}, "{LzmaCompress}": {"macke_bug_chain_length": 0, "macke_vulnerabilities_found": 0, "node_degree": [1, 2, 3], "faulty": false, "node_path_length": 1.0, "distance_to_interface": 1, "clustering_coefficient": 0.0}, "{BZ2_bzBuffToBuffCompress}": {"macke_bug_chain_length": 0, "macke_vulnerabilities_found": 0, "node_degree": [1, 2, 3], "faulty": false, "node_path_length": 1.0, "distance_to_interface": 1, "clustering_coefficient": 0.0}}