{"directed": true, "graph": {"node": {"shape": "", "label": "Call graph"}, "graph": {"label": "Call graph"}, "edge": {}, "name": "Call graph"}, "nodes": [{"shape": "record", "id": "Node0x224c0b0", "label": "{zpaq_decompress}"}, {"shape": "record", "id": "Node0x224cc60", "label": "{write_val}"}, {"shape": "record", "id": "Node0x214ff50", "label": "{external node}"}, {"shape": "record", "id": "Node0x2143870", "label": "{perror}"}, {"shape": "record", "id": "Node0x224de40", "label": "{llvm.va_end}"}, {"shape": "record", "id": "Node0x224be50", "label": "{LzmaUncompress}"}, {"shape": "record", "id": "Node0x21617b0", "label": "{failure}"}, {"shape": "record", "id": "Node0x2161820", "label": "{print_stuff}"}, {"shape": "record", "id": "Node0x22483b0", "label": "{sem_post}"}, {"shape": "record", "id": "Node0x2248420", "label": "{__errno_location}"}, {"shape": "record", "id": "Node0x224cd30", "label": "{lzo1x_1_compress}"}, {"shape": "record", "id": "Node0x21433d0", "label": "{init_mutex}"}, {"shape": "record", "id": "Node0x2143470", "label": "{pthread_mutex_init}"}, {"shape": "record", "id": "Node0x21437d0", "label": "{vfprintf}"}, {"shape": "record", "id": "Node0x2143760", "label": "{llvm.expect.i64}"}, {"shape": "record", "id": "Node0x2247940", "label": "{read_fdin}"}, {"shape": "record", "id": "Node0x21615b0", "label": "{join_pthread}"}, {"shape": "record", "id": "Node0x22474e0", "label": "{fsync}"}, {"shape": "record", "id": "Node0x22cd1a0", "label": "{pthread_create}"}, {"shape": "record", "id": "Node0x22482b0", "label": "{cksem_post}"}, {"shape": "record", "id": "Node0x2143800", "label": "{fatal_exit}"}, {"shape": "record", "id": "Node0x2249310", "label": "{fill_buffer}"}, {"shape": "record", "id": "Node0x2248d90", "label": "{decrypt_header}"}, {"shape": "record", "id": "Node0x2247550", "label": "{cond_broadcast}"}, {"shape": "record", "id": "Node0x224aca0", "label": "{llvm.memset.p0i8.i64}"}, {"shape": "record", "id": "Node0x224b840", "label": "{setpriority}"}, {"shape": "record", "id": "Node0x2247fe0", "label": "{calloc}"}, {"shape": "record", "id": "Node0x2249190", "label": "{clear_buffer}"}, {"shape": "record", "id": "Node0x22cd310", "label": "{pthread_mutex_lock}"}, {"shape": "record", "id": "Node0x21614c0", "label": "{pthread_detach}"}, {"shape": "record", "id": "Node0x224ab90", "label": "{seekto}"}, {"shape": "record", "id": "Node0x224b9f0", "label": "{cond_wait}"}, {"shape": "record", "id": "Node0x2161390", "label": "{write_1g}"}, {"shape": "record", "id": "Node0x224ce50", "label": "{BZ2_bzBuffToBuffCompress}"}, {"shape": "record", "id": "Node0x2248cb0", "label": "{read_buf}"}, {"shape": "record", "id": "Node0x2161920", "label": "{close_tmpoutbuf}"}, {"shape": "record", "id": "Node0x2247d70", "label": "{getchar}"}, {"shape": "record", "id": "Node0x2248520", "label": "{close_streamout_threads}"}, {"shape": "record", "id": "Node0x224ad40", "label": "{fd_seekto}"}, {"shape": "record", "id": "Node0x22475c0", "label": "{close_stream_out}"}, {"shape": "record", "id": "Node0x2247bc0", "label": "{close_tmpinbuf}"}, {"id": "Node0x214ff80"}, {"shape": "record", "id": "Node0x22cd130", "label": "{unlock_mutex}"}, {"shape": "record", "id": "Node0x224c9c0", "label": "{write_magic}"}, {"shape": "record", "id": "Node0x2161620", "label": "{pthread_join}"}, {"shape": "record", "id": "Node0x224bed0", "label": "{lzo1x_decompress}"}, {"shape": "record", "id": "Node0x224cb10", "label": "{bzip2_compress_buf}"}, {"shape": "record", "id": "Node0x224cb80", "label": "{gzip_compress_buf}"}, {"shape": "record", "id": "Node0x2161780", "label": "{write}"}, {"shape": "record", "id": "Node0x224de10", "label": "{llvm.va_start}"}, {"shape": "record", "id": "Node0x224aac0", "label": "{write_buf}"}, {"shape": "record", "id": "Node0x224ba60", "label": "{pthread_cond_broadcast}"}, {"shape": "record", "id": "Node0x224cd00", "label": "{LzmaCompress}"}, {"shape": "record", "id": "Node0x22480d0", "label": "{cksem_init}"}, {"shape": "record", "id": "Node0x224b980", "label": "{lzo_decompress_buf}"}, {"shape": "record", "id": "Node0x224bf00", "label": "{BZ2_bzBuffToBuffDecompress}"}, {"shape": "record", "id": "Node0x22cd2e0", "label": "{lock_mutex}"}, {"shape": "record", "id": "Node0x2249370", "label": "{read_seekto}"}, {"shape": "record", "id": "Node0x2247a80", "label": "{read}"}, {"shape": "record", "id": "Node0x2248690", "label": "{sem_wait}"}, {"shape": "record", "id": "Node0x224aa20", "label": "{get_seek}"}, {"shape": "record", "id": "Node0x2143540", "label": "{fatal}"}, {"shape": "record", "id": "Node0x2247e80", "label": "{lseek}"}, {"shape": "record", "id": "Node0x2248d20", "label": "{read_u32}"}, {"shape": "record", "id": "Node0x2161710", "label": "{put_fdout}"}, {"shape": "record", "id": "Node0x2161a20", "label": "{print_err}"}, {"shape": "record", "id": "Node0x224b7a0", "label": "{ucompthread}"}, {"shape": "record", "id": "Node0x22475f0", "label": "{rewrite_encrypted}"}, {"shape": "record", "id": "Node0x2247910", "label": "{dump_stdin}"}, {"shape": "record", "id": "Node0x2143680", "label": "{pthread_mutex_unlock}"}, {"shape": "record", "id": "Node0x2248790", "label": "{open_stream_out}"}, {"shape": "record", "id": "Node0x2247e10", "label": "{get_readseek}"}, {"shape": "record", "id": "Node0x2248010", "label": "{free}"}, {"shape": "record", "id": "Node0x224b400", "label": "{lrz_crypt}"}, {"shape": "record", "id": "Node0x2248660", "label": "{cksem_wait}"}, {"shape": "record", "id": "Node0x224aa50", "label": "{get_rand}"}, {"shape": "record", "id": "Node0x224ac00", "label": "{lrz_encrypt}"}, {"shape": "record", "id": "Node0x2248990", "label": "{open_stream_in}"}, {"shape": "record", "id": "Node0x22479f0", "label": "{write_fdin}"}, {"shape": "record", "id": "Node0x22492a0", "label": "{read_stream}"}, {"shape": "record", "id": "Node0x224bb70", "label": "{zpaq_decompress_buf}"}, {"shape": "record", "id": "Node0x224caa0", "label": "{write_u8}"}, {"shape": "record", "id": "Node0x224ca30", "label": "{flush_tmpoutbuf}"}, {"shape": "record", "id": "Node0x2248380", "label": "{sem_init}"}, {"shape": "record", "id": "Node0x2161320", "label": "{llvm.memcpy.p0i8.p0i8.i64}"}, {"shape": "record", "id": "Node0x224c530", "label": "{pthread_cond_wait}"}, {"shape": "record", "id": "Node0x2247290", "label": "{fflush}"}, {"shape": "record", "id": "Node0x224ceb0", "label": "{zpaq_compress}"}, {"shape": "record", "id": "Node0x224ad10", "label": "{close_stream_in}"}, {"shape": "record", "id": "Node0x2248e20", "label": "{strerror}"}, {"shape": "record", "id": "Node0x224ccd0", "label": "{lzo_compresses}"}, {"shape": "record", "id": "Node0x22491f0", "label": "{write_stream}"}, {"shape": "record", "id": "Node0x224c840", "label": "{compthread}"}, {"shape": "record", "id": "Node0x224ce80", "label": "{compress2}"}, {"shape": "record", "id": "Node0x2161450", "label": "{detach_pthread}"}, {"shape": "record", "id": "Node0x21619b0", "label": "{write_fdout}"}, {"shape": "record", "id": "Node0x22478a0", "label": "{read_1g}"}, {"shape": "record", "id": "Node0x2249120", "label": "{flush_buffer}"}, {"shape": "record", "id": "Node0x224bf30", "label": "{uncompress}"}, {"shape": "record", "id": "Node0x22489c0", "label": "{read_u8}"}, {"shape": "record", "id": "Node0x21611d0", "label": "{create_pthread}"}, {"shape": "record", "id": "Node0x224c870", "label": "{lzma_compress_buf}"}, {"shape": "record", "id": "Node0x2249080", "label": "{lrz_decrypt}"}, {"shape": "record", "id": "Node0x224bb00", "label": "{gzip_decompress_buf}"}, {"shape": "record", "id": "Node0x224c930", "label": "{lzo_compress_buf}"}, {"shape": "record", "id": "Node0x2247c30", "label": "{read_tmpinfile}"}, {"shape": "record", "id": "Node0x224be20", "label": "{round_up_page}"}, {"shape": "record", "id": "Node0x2248890", "label": "{malloc}"}, {"shape": "record", "id": "Node0x224b7d0", "label": "{lzma_decompress_buf}"}, {"shape": "record", "id": "Node0x2247620", "label": "{realloc}"}, {"shape": "record", "id": "Node0x21435c0", "label": "{llvm.dbg.declare}"}, {"shape": "record", "id": "Node0x224b8b0", "label": "{bzip2_decompress_buf}"}, {"shape": "record", "id": "Node0x2247f70", "label": "{prepare_streamout_threads}"}, {"shape": "record", "id": "Node0x224cbf0", "label": "{zpaq_compress_buf}"}, {"shape": "record", "id": "Node0x2248a70", "label": "{read_val}"}], "links": [{"source": "Node0x224c0b0", "target": "Node0x214ff80", "key": 0}, {"source": "Node0x224cc60", "target": "Node0x224aac0", "key": 0}, {"source": "Node0x214ff50", "target": "Node0x224c9c0", "key": 0}, {"source": "Node0x214ff50", "target": "Node0x2161450", "key": 0}, {"source": "Node0x214ff50", "target": "Node0x224ad10", "key": 0}, {"source": "Node0x214ff50", "target": "Node0x2143870", "key": 0}, {"source": "Node0x214ff50", "target": "Node0x224c0b0", "key": 0}, {"source": "Node0x214ff50", "target": "Node0x224de10", "key": 0}, {"source": "Node0x214ff50", "target": "Node0x2143680", "key": 0}, {"source": "Node0x214ff50", "target": "Node0x224ca30", "key": 0}, {"source": "Node0x214ff50", "target": "Node0x21619b0", "key": 0}, {"source": "Node0x214ff50", "target": "Node0x22478a0", "key": 0}, {"source": "Node0x214ff50", "target": "Node0x224de40", "key": 0}, {"source": "Node0x214ff50", "target": "Node0x2248790", "key": 0}, {"source": "Node0x214ff50", "target": "Node0x224bf30", "key": 0}, {"source": "Node0x214ff50", "target": "Node0x2161390", "key": 0}, {"source": "Node0x214ff50", "target": "Node0x2247e10", "key": 0}, {"source": "Node0x214ff50", "target": "Node0x21611d0", "key": 0}, {"source": "Node0x214ff50", "target": "Node0x224ce50", "key": 0}, {"source": "Node0x214ff50", "target": "Node0x22475c0", "key": 0}, {"source": "Node0x214ff50", "target": "Node0x2161920", "key": 0}, {"source": "Node0x214ff50", "target": "Node0x224b400", "key": 0}, {"source": "Node0x214ff50", "target": "Node0x224cd30", "key": 0}, {"source": "Node0x214ff50", "target": "Node0x21433d0", "key": 0}, {"source": "Node0x214ff50", "target": "Node0x2247290", "key": 0}, {"source": "Node0x214ff50", "target": "Node0x224aa50", "key": 0}, {"source": "Node0x214ff50", "target": "Node0x224cd00", "key": 0}, {"source": "Node0x214ff50", "target": "Node0x2248690", "key": 0}, {"source": "Node0x214ff50", "target": "Node0x21437d0", "key": 0}, {"source": "Node0x214ff50", "target": "Node0x2248520", "key": 0}, {"source": "Node0x214ff50", "target": "Node0x2143470", "key": 0}, {"source": "Node0x214ff50", "target": "Node0x2247c30", "key": 0}, {"source": "Node0x214ff50", "target": "Node0x2247bc0", "key": 0}, {"source": "Node0x214ff50", "target": "Node0x2143760", "key": 0}, {"source": "Node0x214ff50", "target": "Node0x21615b0", "key": 0}, {"source": "Node0x214ff50", "target": "Node0x2161710", "key": 0}, {"source": "Node0x214ff50", "target": "Node0x224be20", "key": 0}, {"source": "Node0x214ff50", "target": "Node0x2161620", "key": 0}, {"source": "Node0x214ff50", "target": "Node0x2248890", "key": 0}, {"source": "Node0x214ff50", "target": "Node0x22474e0", "key": 0}, {"source": "Node0x214ff50", "target": "Node0x22cd1a0", "key": 0}, {"source": "Node0x214ff50", "target": "Node0x224bed0", "key": 0}, {"source": "Node0x214ff50", "target": "Node0x22479f0", "key": 0}, {"source": "Node0x214ff50", "target": "Node0x2247620", "key": 0}, {"source": "Node0x214ff50", "target": "Node0x2143800", "key": 0}, {"source": "Node0x214ff50", "target": "Node0x2248010", "key": 0}, {"source": "Node0x214ff50", "target": "Node0x2161780", "key": 0}, {"source": "Node0x214ff50", "target": "Node0x22492a0", "key": 0}, {"source": "Node0x214ff50", "target": "Node0x2248420", "key": 0}, {"source": "Node0x214ff50", "target": "Node0x21435c0", "key": 0}, {"source": "Node0x214ff50", "target": "Node0x224ba60", "key": 0}, {"source": "Node0x214ff50", "target": "Node0x224aca0", "key": 0}, {"source": "Node0x214ff50", "target": "Node0x224b840", "key": 0}, {"source": "Node0x214ff50", "target": "Node0x224be50", "key": 0}, {"source": "Node0x214ff50", "target": "Node0x2247fe0", "key": 0}, {"source": "Node0x214ff50", "target": "Node0x2247d70", "key": 0}, {"source": "Node0x214ff50", "target": "Node0x224bf00", "key": 0}, {"source": "Node0x214ff50", "target": "Node0x2248380", "key": 0}, {"source": "Node0x214ff50", "target": "Node0x22cd2e0", "key": 0}, {"source": "Node0x214ff50", "target": "Node0x2247a80", "key": 0}, {"source": "Node0x214ff50", "target": "Node0x2161320", "key": 0}, {"source": "Node0x214ff50", "target": "Node0x22cd310", "key": 0}, {"source": "Node0x214ff50", "target": "Node0x2247f70", "key": 0}, {"source": "Node0x214ff50", "target": "Node0x224c530", "key": 0}, {"source": "Node0x214ff50", "target": "Node0x22483b0", "key": 0}, {"source": "Node0x214ff50", "target": "Node0x224b7a0", "key": 0}, {"source": "Node0x214ff50", "target": "Node0x2247e80", "key": 0}, {"source": "Node0x214ff50", "target": "Node0x224ceb0", "key": 0}, {"source": "Node0x214ff50", "target": "Node0x21614c0", "key": 0}, {"source": "Node0x214ff50", "target": "Node0x22cd130", "key": 0}, {"source": "Node0x214ff50", "target": "Node0x2248e20", "key": 0}, {"source": "Node0x214ff50", "target": "Node0x22491f0", "key": 0}, {"source": "Node0x214ff50", "target": "Node0x2248990", "key": 0}, {"source": "Node0x214ff50", "target": "Node0x224c840", "key": 0}, {"source": "Node0x214ff50", "target": "Node0x224ce80", "key": 0}, {"source": "Node0x214ff50", "target": "Node0x2249120", "key": 0}, {"source": "Node0x2143870", "target": "Node0x214ff80", "key": 0}, {"source": "Node0x224be50", "target": "Node0x214ff80", "key": 0}, {"source": "Node0x21617b0", "target": "Node0x214ff80", "key": 0}, {"source": "Node0x21617b0", "target": "Node0x2143800", "key": 0}, {"source": "Node0x21617b0", "target": "Node0x21437d0", "key": 0}, {"source": "Node0x2161820", "target": "Node0x214ff80", "key": 0}, {"source": "Node0x2161820", "target": "Node0x21437d0", "key": 0}, {"source": "Node0x2161820", "target": "Node0x2247290", "key": 0}, {"source": "Node0x22483b0", "target": "Node0x214ff80", "key": 0}, {"source": "Node0x2248420", "target": "Node0x214ff80", "key": 0}, {"source": "Node0x224cd30", "target": "Node0x214ff80", "key": 0}, {"source": "Node0x21433d0", "target": "Node0x2143470", "key": 0}, {"source": "Node0x21433d0", "target": "Node0x2143540", "key": 0}, {"source": "Node0x2143470", "target": "Node0x214ff80", "key": 0}, {"source": "Node0x21437d0", "target": "Node0x214ff80", "key": 0}, {"source": "Node0x2247940", "target": "Node0x21617b0", "key": 0}, {"source": "Node0x2247940", "target": "Node0x2247d70", "key": 0}, {"source": "Node0x21615b0", "target": "Node0x2143540", "key": 0}, {"source": "Node0x21615b0", "target": "Node0x2161620", "key": 0}, {"source": "Node0x22474e0", "target": "Node0x214ff80", "key": 0}, {"source": "Node0x22cd1a0", "target": "Node0x214ff80", "key": 0}, {"source": "Node0x22482b0", "target": "Node0x22483b0", "key": 0}, {"source": "Node0x22482b0", "target": "Node0x2143540", "key": 0}, {"source": "Node0x22482b0", "target": "Node0x2248420", "key": 0}, {"source": "Node0x2143800", "target": "Node0x214ff80", "key": 0}, {"source": "Node0x2249310", "target": "Node0x2248cb0", "key": 0}, {"source": "Node0x2249310", "target": "Node0x2248cb0", "key": 1}, {"source": "Node0x2249310", "target": "Node0x2248cb0", "key": 2}, {"source": "Node0x2249310", "target": "Node0x2248010", "key": 0}, {"source": "Node0x2249310", "target": "Node0x2248010", "key": 1}, {"source": "Node0x2249310", "target": "Node0x22cd2e0", "key": 0}, {"source": "Node0x2249310", "target": "Node0x2249370", "key": 0}, {"source": "Node0x2249310", "target": "Node0x2248d20", "key": 0}, {"source": "Node0x2249310", "target": "Node0x2248d20", "key": 1}, {"source": "Node0x2249310", "target": "Node0x2248d20", "key": 2}, {"source": "Node0x2249310", "target": "Node0x21617b0", "key": 0}, {"source": "Node0x2249310", "target": "Node0x2248890", "key": 0}, {"source": "Node0x2249310", "target": "Node0x2248890", "key": 1}, {"source": "Node0x2249310", "target": "Node0x2248d90", "key": 0}, {"source": "Node0x2249310", "target": "Node0x2143540", "key": 0}, {"source": "Node0x2249310", "target": "Node0x2143540", "key": 1}, {"source": "Node0x2249310", "target": "Node0x2143540", "key": 2}, {"source": "Node0x2249310", "target": "Node0x22474e0", "key": 0}, {"source": "Node0x2249310", "target": "Node0x22cd130", "key": 0}, {"source": "Node0x2249310", "target": "Node0x2247550", "key": 0}, {"source": "Node0x2249310", "target": "Node0x2249080", "key": 0}, {"source": "Node0x2249310", "target": "Node0x22489c0", "key": 0}, {"source": "Node0x2249310", "target": "Node0x2247e10", "key": 0}, {"source": "Node0x2249310", "target": "Node0x21611d0", "key": 0}, {"source": "Node0x2249310", "target": "Node0x2248a70", "key": 0}, {"source": "Node0x2249310", "target": "Node0x2248a70", "key": 1}, {"source": "Node0x2249310", "target": "Node0x2248a70", "key": 2}, {"source": "Node0x2249310", "target": "Node0x21615b0", "key": 0}, {"source": "Node0x2249310", "target": "Node0x2161820", "key": 0}, {"source": "Node0x2249310", "target": "Node0x2161820", "key": 1}, {"source": "Node0x2249310", "target": "Node0x2161820", "key": 2}, {"source": "Node0x2249310", "target": "Node0x2161820", "key": 3}, {"source": "Node0x2248d90", "target": "Node0x2249080", "key": 0}, {"source": "Node0x2247550", "target": "Node0x224ba60", "key": 0}, {"source": "Node0x2247550", "target": "Node0x2143540", "key": 0}, {"source": "Node0x224b840", "target": "Node0x214ff80", "key": 0}, {"source": "Node0x2247fe0", "target": "Node0x214ff80", "key": 0}, {"source": "Node0x2249190", "target": "Node0x2161450", "key": 0}, {"source": "Node0x2249190", "target": "Node0x22482b0", "key": 0}, {"source": "Node0x2249190", "target": "Node0x21611d0", "key": 0}, {"source": "Node0x2249190", "target": "Node0x2248890", "key": 0}, {"source": "Node0x2249190", "target": "Node0x2248890", "key": 1}, {"source": "Node0x2249190", "target": "Node0x2248660", "key": 0}, {"source": "Node0x2249190", "target": "Node0x21617b0", "key": 0}, {"source": "Node0x2249190", "target": "Node0x21617b0", "key": 1}, {"source": "Node0x2249190", "target": "Node0x21617b0", "key": 2}, {"source": "Node0x2249190", "target": "Node0x2161820", "key": 0}, {"source": "Node0x22cd310", "target": "Node0x214ff80", "key": 0}, {"source": "Node0x21614c0", "target": "Node0x214ff80", "key": 0}, {"source": "Node0x224ab90", "target": "Node0x2161a20", "key": 0}, {"source": "Node0x224ab90", "target": "Node0x224ad40", "key": 0}, {"source": "Node0x224b9f0", "target": "Node0x2143540", "key": 0}, {"source": "Node0x224b9f0", "target": "Node0x224c530", "key": 0}, {"source": "Node0x2161390", "target": "Node0x2161710", "key": 0}, {"source": "Node0x224ce50", "target": "Node0x214ff80", "key": 0}, {"source": "Node0x2248cb0", "target": "Node0x2248420", "key": 0}, {"source": "Node0x2248cb0", "target": "Node0x2161a20", "key": 0}, {"source": "Node0x2248cb0", "target": "Node0x2161a20", "key": 1}, {"source": "Node0x2248cb0", "target": "Node0x22478a0", "key": 0}, {"source": "Node0x2248cb0", "target": "Node0x2248e20", "key": 0}, {"source": "Node0x2161920", "target": "Node0x214ff80", "key": 0}, {"source": "Node0x2247d70", "target": "Node0x214ff80", "key": 0}, {"source": "Node0x2248520", "target": "Node0x2248010", "key": 0}, {"source": "Node0x2248520", "target": "Node0x2248010", "key": 1}, {"source": "Node0x2248520", "target": "Node0x2248660", "key": 0}, {"source": "Node0x224ad40", "target": "Node0x2247e80", "key": 0}, {"source": "Node0x224ad40", "target": "Node0x2161a20", "key": 0}, {"source": "Node0x22475c0", "target": "Node0x22475f0", "key": 0}, {"source": "Node0x22475c0", "target": "Node0x2249190", "key": 0}, {"source": "Node0x22475c0", "target": "Node0x2248660", "key": 0}, {"source": "Node0x22475c0", "target": "Node0x2247620", "key": 0}, {"source": "Node0x22475c0", "target": "Node0x2161a20", "key": 0}, {"source": "Node0x22475c0", "target": "Node0x2161a20", "key": 1}, {"source": "Node0x22475c0", "target": "Node0x2247fe0", "key": 0}, {"source": "Node0x22475c0", "target": "Node0x22482b0", "key": 0}, {"source": "Node0x2247bc0", "target": "Node0x214ff80", "key": 0}, {"source": "Node0x22cd130", "target": "Node0x2143540", "key": 0}, {"source": "Node0x22cd130", "target": "Node0x2143680", "key": 0}, {"source": "Node0x224c9c0", "target": "Node0x214ff80", "key": 0}, {"source": "Node0x2161620", "target": "Node0x214ff80", "key": 0}, {"source": "Node0x224bed0", "target": "Node0x214ff80", "key": 0}, {"source": "Node0x224cb10", "target": "Node0x224be20", "key": 0}, {"source": "Node0x224cb10", "target": "Node0x2248010", "key": 0}, {"source": "Node0x224cb10", "target": "Node0x2248010", "key": 1}, {"source": "Node0x224cb10", "target": "Node0x2248010", "key": 2}, {"source": "Node0x224cb10", "target": "Node0x2248010", "key": 3}, {"source": "Node0x224cb10", "target": "Node0x2248890", "key": 0}, {"source": "Node0x224cb10", "target": "Node0x224ccd0", "key": 0}, {"source": "Node0x224cb10", "target": "Node0x2161a20", "key": 0}, {"source": "Node0x224cb10", "target": "Node0x224ce50", "key": 0}, {"source": "Node0x224cb10", "target": "Node0x2161820", "key": 0}, {"source": "Node0x224cb10", "target": "Node0x2161820", "key": 1}, {"source": "Node0x224cb10", "target": "Node0x2161820", "key": 2}, {"source": "Node0x224cb80", "target": "Node0x224be20", "key": 0}, {"source": "Node0x224cb80", "target": "Node0x2248010", "key": 0}, {"source": "Node0x224cb80", "target": "Node0x2248010", "key": 1}, {"source": "Node0x224cb80", "target": "Node0x2248010", "key": 2}, {"source": "Node0x224cb80", "target": "Node0x2248010", "key": 3}, {"source": "Node0x224cb80", "target": "Node0x2248890", "key": 0}, {"source": "Node0x224cb80", "target": "Node0x2161a20", "key": 0}, {"source": "Node0x224cb80", "target": "Node0x224ce80", "key": 0}, {"source": "Node0x224cb80", "target": "Node0x2161820", "key": 0}, {"source": "Node0x224cb80", "target": "Node0x2161820", "key": 1}, {"source": "Node0x224cb80", "target": "Node0x2161820", "key": 2}, {"source": "Node0x2161780", "target": "Node0x214ff80", "key": 0}, {"source": "Node0x224aac0", "target": "Node0x2161390", "key": 0}, {"source": "Node0x224aac0", "target": "Node0x2161a20", "key": 0}, {"source": "Node0x224aac0", "target": "Node0x2161a20", "key": 1}, {"source": "Node0x224aac0", "target": "Node0x2248420", "key": 0}, {"source": "Node0x224aac0", "target": "Node0x2248e20", "key": 0}, {"source": "Node0x224ba60", "target": "Node0x214ff80", "key": 0}, {"source": "Node0x224cd00", "target": "Node0x214ff80", "key": 0}, {"source": "Node0x22480d0", "target": "Node0x2143540", "key": 0}, {"source": "Node0x22480d0", "target": "Node0x2248380", "key": 0}, {"source": "Node0x22480d0", "target": "Node0x2248420", "key": 0}, {"source": "Node0x224b980", "target": "Node0x224be20", "key": 0}, {"source": "Node0x224b980", "target": "Node0x2161a20", "key": 0}, {"source": "Node0x224b980", "target": "Node0x2161a20", "key": 1}, {"source": "Node0x224b980", "target": "Node0x2161a20", "key": 2}, {"source": "Node0x224b980", "target": "Node0x2248010", "key": 0}, {"source": "Node0x224b980", "target": "Node0x2248010", "key": 1}, {"source": "Node0x224b980", "target": "Node0x2248890", "key": 0}, {"source": "Node0x224b980", "target": "Node0x224bed0", "key": 0}, {"source": "Node0x224bf00", "target": "Node0x214ff80", "key": 0}, {"source": "Node0x22cd2e0", "target": "Node0x2143540", "key": 0}, {"source": "Node0x22cd2e0", "target": "Node0x22cd310", "key": 0}, {"source": "Node0x2249370", "target": "Node0x2247940", "key": 0}, {"source": "Node0x2249370", "target": "Node0x2161a20", "key": 0}, {"source": "Node0x2249370", "target": "Node0x224ad40", "key": 0}, {"source": "Node0x2249370", "target": "Node0x2247910", "key": 0}, {"source": "Node0x2247a80", "target": "Node0x214ff80", "key": 0}, {"source": "Node0x2248690", "target": "Node0x214ff80", "key": 0}, {"source": "Node0x224aa20", "target": "Node0x2143540", "key": 0}, {"source": "Node0x224aa20", "target": "Node0x2247e80", "key": 0}, {"source": "Node0x2143540", "target": "Node0x214ff80", "key": 0}, {"source": "Node0x2143540", "target": "Node0x2143800", "key": 0}, {"source": "Node0x2143540", "target": "Node0x21437d0", "key": 0}, {"source": "Node0x2143540", "target": "Node0x2143870", "key": 0}, {"source": "Node0x2247e80", "target": "Node0x214ff80", "key": 0}, {"source": "Node0x2248d20", "target": "Node0x2248cb0", "key": 0}, {"source": "Node0x2161710", "target": "Node0x2161920", "key": 0}, {"source": "Node0x2161710", "target": "Node0x2161780", "key": 0}, {"source": "Node0x2161710", "target": "Node0x21619b0", "key": 0}, {"source": "Node0x2161710", "target": "Node0x21619b0", "key": 1}, {"source": "Node0x2161710", "target": "Node0x2161a20", "key": 0}, {"source": "Node0x2161710", "target": "Node0x2161a20", "key": 1}, {"source": "Node0x2161710", "target": "Node0x21617b0", "key": 0}, {"source": "Node0x2161710", "target": "Node0x2161820", "key": 0}, {"source": "Node0x2161a20", "target": "Node0x214ff80", "key": 0}, {"source": "Node0x2161a20", "target": "Node0x21437d0", "key": 0}, {"source": "Node0x2161a20", "target": "Node0x2247290", "key": 0}, {"source": "Node0x224b7a0", "target": "Node0x224b9f0", "key": 0}, {"source": "Node0x224b7a0", "target": "Node0x224b8b0", "key": 0}, {"source": "Node0x224b7a0", "target": "Node0x2248010", "key": 0}, {"source": "Node0x224b7a0", "target": "Node0x22cd2e0", "key": 0}, {"source": "Node0x224b7a0", "target": "Node0x224b7d0", "key": 0}, {"source": "Node0x224b7a0", "target": "Node0x224bb00", "key": 0}, {"source": "Node0x224b7a0", "target": "Node0x224bb70", "key": 0}, {"source": "Node0x224b7a0", "target": "Node0x224b980", "key": 0}, {"source": "Node0x224b7a0", "target": "Node0x2161a20", "key": 0}, {"source": "Node0x224b7a0", "target": "Node0x224b840", "key": 0}, {"source": "Node0x224b7a0", "target": "Node0x21617b0", "key": 0}, {"source": "Node0x224b7a0", "target": "Node0x21617b0", "key": 1}, {"source": "Node0x224b7a0", "target": "Node0x22cd130", "key": 0}, {"source": "Node0x224b7a0", "target": "Node0x2161820", "key": 0}, {"source": "Node0x224b7a0", "target": "Node0x2161820", "key": 1}, {"source": "Node0x22475f0", "target": "Node0x2248cb0", "key": 0}, {"source": "Node0x22475f0", "target": "Node0x2248010", "key": 0}, {"source": "Node0x22475f0", "target": "Node0x2248010", "key": 1}, {"source": "Node0x22475f0", "target": "Node0x224aa50", "key": 0}, {"source": "Node0x22475f0", "target": "Node0x224ac00", "key": 0}, {"source": "Node0x22475f0", "target": "Node0x2248890", "key": 0}, {"source": "Node0x22475f0", "target": "Node0x224aac0", "key": 0}, {"source": "Node0x22475f0", "target": "Node0x224aac0", "key": 1}, {"source": "Node0x22475f0", "target": "Node0x2143540", "key": 0}, {"source": "Node0x22475f0", "target": "Node0x21617b0", "key": 0}, {"source": "Node0x22475f0", "target": "Node0x21617b0", "key": 1}, {"source": "Node0x22475f0", "target": "Node0x21617b0", "key": 2}, {"source": "Node0x22475f0", "target": "Node0x21617b0", "key": 3}, {"source": "Node0x22475f0", "target": "Node0x21617b0", "key": 4}, {"source": "Node0x22475f0", "target": "Node0x224aa20", "key": 0}, {"source": "Node0x22475f0", "target": "Node0x224ab90", "key": 0}, {"source": "Node0x22475f0", "target": "Node0x224ab90", "key": 1}, {"source": "Node0x22475f0", "target": "Node0x224ab90", "key": 2}, {"source": "Node0x2247910", "target": "Node0x2247c30", "key": 0}, {"source": "Node0x2247910", "target": "Node0x2247bc0", "key": 0}, {"source": "Node0x2247910", "target": "Node0x22479f0", "key": 0}, {"source": "Node0x2143680", "target": "Node0x214ff80", "key": 0}, {"source": "Node0x2248790", "target": "Node0x2248890", "key": 0}, {"source": "Node0x2248790", "target": "Node0x2248890", "key": 1}, {"source": "Node0x2248790", "target": "Node0x2143540", "key": 0}, {"source": "Node0x2248790", "target": "Node0x2248010", "key": 0}, {"source": "Node0x2248790", "target": "Node0x2248010", "key": 1}, {"source": "Node0x2248790", "target": "Node0x2248010", "key": 2}, {"source": "Node0x2248790", "target": "Node0x2248010", "key": 3}, {"source": "Node0x2248790", "target": "Node0x2248010", "key": 4}, {"source": "Node0x2248790", "target": "Node0x2248010", "key": 5}, {"source": "Node0x2248790", "target": "Node0x2247fe0", "key": 0}, {"source": "Node0x2248790", "target": "Node0x2247fe0", "key": 1}, {"source": "Node0x2248790", "target": "Node0x2247fe0", "key": 2}, {"source": "Node0x2248790", "target": "Node0x2161820", "key": 0}, {"source": "Node0x2248790", "target": "Node0x2161820", "key": 1}, {"source": "Node0x2248790", "target": "Node0x2161820", "key": 2}, {"source": "Node0x2247e10", "target": "Node0x2143540", "key": 0}, {"source": "Node0x2247e10", "target": "Node0x2247e80", "key": 0}, {"source": "Node0x2248010", "target": "Node0x214ff80", "key": 0}, {"source": "Node0x224b400", "target": "Node0x214ff80", "key": 0}, {"source": "Node0x2248660", "target": "Node0x2248690", "key": 0}, {"source": "Node0x2248660", "target": "Node0x2143540", "key": 0}, {"source": "Node0x2248660", "target": "Node0x2248420", "key": 0}, {"source": "Node0x224aa50", "target": "Node0x214ff80", "key": 0}, {"source": "Node0x224ac00", "target": "Node0x224b400", "key": 0}, {"source": "Node0x2248990", "target": "Node0x2248cb0", "key": 0}, {"source": "Node0x2248990", "target": "Node0x2248010", "key": 0}, {"source": "Node0x2248990", "target": "Node0x2248010", "key": 1}, {"source": "Node0x2248990", "target": "Node0x2248010", "key": 2}, {"source": "Node0x2248990", "target": "Node0x2248010", "key": 3}, {"source": "Node0x2248990", "target": "Node0x2248010", "key": 4}, {"source": "Node0x2248990", "target": "Node0x2248a70", "key": 0}, {"source": "Node0x2248990", "target": "Node0x2248a70", "key": 1}, {"source": "Node0x2248990", "target": "Node0x2248a70", "key": 2}, {"source": "Node0x2248990", "target": "Node0x2248a70", "key": 3}, {"source": "Node0x2248990", "target": "Node0x2248d90", "key": 0}, {"source": "Node0x2248990", "target": "Node0x2247fe0", "key": 0}, {"source": "Node0x2248990", "target": "Node0x2247fe0", "key": 1}, {"source": "Node0x2248990", "target": "Node0x2247fe0", "key": 2}, {"source": "Node0x2248990", "target": "Node0x2247fe0", "key": 3}, {"source": "Node0x2248990", "target": "Node0x2143540", "key": 0}, {"source": "Node0x2248990", "target": "Node0x2248d20", "key": 0}, {"source": "Node0x2248990", "target": "Node0x2248d20", "key": 1}, {"source": "Node0x2248990", "target": "Node0x2248d20", "key": 2}, {"source": "Node0x2248990", "target": "Node0x22489c0", "key": 0}, {"source": "Node0x2248990", "target": "Node0x22489c0", "key": 1}, {"source": "Node0x2248990", "target": "Node0x2161a20", "key": 0}, {"source": "Node0x2248990", "target": "Node0x2161a20", "key": 1}, {"source": "Node0x2248990", "target": "Node0x2161a20", "key": 2}, {"source": "Node0x2248990", "target": "Node0x2161a20", "key": 3}, {"source": "Node0x2248990", "target": "Node0x2161a20", "key": 4}, {"source": "Node0x2248990", "target": "Node0x2161a20", "key": 5}, {"source": "Node0x2248990", "target": "Node0x2161a20", "key": 6}, {"source": "Node0x2248990", "target": "Node0x2247e10", "key": 0}, {"source": "Node0x2248990", "target": "Node0x2247e10", "key": 1}, {"source": "Node0x2248990", "target": "Node0x2247e10", "key": 2}, {"source": "Node0x2248990", "target": "Node0x2247e10", "key": 3}, {"source": "Node0x2248990", "target": "Node0x2161820", "key": 0}, {"source": "Node0x2248990", "target": "Node0x2161820", "key": 1}, {"source": "Node0x2248990", "target": "Node0x2161820", "key": 2}, {"source": "Node0x2248990", "target": "Node0x2161820", "key": 3}, {"source": "Node0x2248990", "target": "Node0x2161820", "key": 4}, {"source": "Node0x22479f0", "target": "Node0x214ff80", "key": 0}, {"source": "Node0x22492a0", "target": "Node0x2249310", "key": 0}, {"source": "Node0x224bb70", "target": "Node0x224be20", "key": 0}, {"source": "Node0x224bb70", "target": "Node0x2161a20", "key": 0}, {"source": "Node0x224bb70", "target": "Node0x2161a20", "key": 1}, {"source": "Node0x224bb70", "target": "Node0x2248010", "key": 0}, {"source": "Node0x224bb70", "target": "Node0x2248890", "key": 0}, {"source": "Node0x224bb70", "target": "Node0x224c0b0", "key": 0}, {"source": "Node0x224caa0", "target": "Node0x224aac0", "key": 0}, {"source": "Node0x224ca30", "target": "Node0x214ff80", "key": 0}, {"source": "Node0x2248380", "target": "Node0x214ff80", "key": 0}, {"source": "Node0x224c530", "target": "Node0x214ff80", "key": 0}, {"source": "Node0x2247290", "target": "Node0x214ff80", "key": 0}, {"source": "Node0x224ceb0", "target": "Node0x214ff80", "key": 0}, {"source": "Node0x224ad10", "target": "Node0x2247e10", "key": 0}, {"source": "Node0x224ad10", "target": "Node0x2249370", "key": 0}, {"source": "Node0x224ad10", "target": "Node0x2248010", "key": 0}, {"source": "Node0x224ad10", "target": "Node0x2248010", "key": 1}, {"source": "Node0x224ad10", "target": "Node0x2248010", "key": 2}, {"source": "Node0x224ad10", "target": "Node0x2248010", "key": 3}, {"source": "Node0x224ad10", "target": "Node0x2248010", "key": 4}, {"source": "Node0x224ad10", "target": "Node0x2161820", "key": 0}, {"source": "Node0x2248e20", "target": "Node0x214ff80", "key": 0}, {"source": "Node0x224ccd0", "target": "Node0x2143540", "key": 0}, {"source": "Node0x224ccd0", "target": "Node0x2143540", "key": 1}, {"source": "Node0x224ccd0", "target": "Node0x2248010", "key": 0}, {"source": "Node0x224ccd0", "target": "Node0x2248010", "key": 1}, {"source": "Node0x224ccd0", "target": "Node0x2248010", "key": 2}, {"source": "Node0x224ccd0", "target": "Node0x2161820", "key": 0}, {"source": "Node0x224ccd0", "target": "Node0x2248890", "key": 0}, {"source": "Node0x224ccd0", "target": "Node0x2248890", "key": 1}, {"source": "Node0x224ccd0", "target": "Node0x224cd30", "key": 0}, {"source": "Node0x22491f0", "target": "Node0x2249120", "key": 0}, {"source": "Node0x224c840", "target": "Node0x224b9f0", "key": 0}, {"source": "Node0x224c840", "target": "Node0x22475f0", "key": 0}, {"source": "Node0x224c840", "target": "Node0x224cc60", "key": 0}, {"source": "Node0x224c840", "target": "Node0x224cc60", "key": 1}, {"source": "Node0x224c840", "target": "Node0x224cc60", "key": 2}, {"source": "Node0x224c840", "target": "Node0x224cc60", "key": 3}, {"source": "Node0x224c840", "target": "Node0x224cc60", "key": 4}, {"source": "Node0x224c840", "target": "Node0x224cc60", "key": 5}, {"source": "Node0x224c840", "target": "Node0x224cc60", "key": 6}, {"source": "Node0x224c840", "target": "Node0x224cc60", "key": 7}, {"source": "Node0x224c840", "target": "Node0x224cc60", "key": 8}, {"source": "Node0x224c840", "target": "Node0x224cc60", "key": 9}, {"source": "Node0x224c840", "target": "Node0x21617b0", "key": 0}, {"source": "Node0x224c840", "target": "Node0x21617b0", "key": 1}, {"source": "Node0x224c840", "target": "Node0x224c870", "key": 0}, {"source": "Node0x224c840", "target": "Node0x2248010", "key": 0}, {"source": "Node0x224c840", "target": "Node0x2248010", "key": 1}, {"source": "Node0x224c840", "target": "Node0x224aa50", "key": 0}, {"source": "Node0x224c840", "target": "Node0x224aa50", "key": 1}, {"source": "Node0x224c840", "target": "Node0x224ac00", "key": 0}, {"source": "Node0x224c840", "target": "Node0x224c930", "key": 0}, {"source": "Node0x224c840", "target": "Node0x2161820", "key": 0}, {"source": "Node0x224c840", "target": "Node0x2161820", "key": 1}, {"source": "Node0x224c840", "target": "Node0x2161820", "key": 2}, {"source": "Node0x224c840", "target": "Node0x2161820", "key": 3}, {"source": "Node0x224c840", "target": "Node0x2161820", "key": 4}, {"source": "Node0x224c840", "target": "Node0x2161820", "key": 5}, {"source": "Node0x224c840", "target": "Node0x2161820", "key": 6}, {"source": "Node0x224c840", "target": "Node0x2161820", "key": 7}, {"source": "Node0x224c840", "target": "Node0x22cd130", "key": 0}, {"source": "Node0x224c840", "target": "Node0x22cd130", "key": 1}, {"source": "Node0x224c840", "target": "Node0x22cd130", "key": 2}, {"source": "Node0x224c840", "target": "Node0x224c9c0", "key": 0}, {"source": "Node0x224c840", "target": "Node0x22474e0", "key": 0}, {"source": "Node0x224c840", "target": "Node0x22482b0", "key": 0}, {"source": "Node0x224c840", "target": "Node0x2247620", "key": 0}, {"source": "Node0x224c840", "target": "Node0x224cb10", "key": 0}, {"source": "Node0x224c840", "target": "Node0x224cb80", "key": 0}, {"source": "Node0x224c840", "target": "Node0x224aac0", "key": 0}, {"source": "Node0x224c840", "target": "Node0x224aac0", "key": 1}, {"source": "Node0x224c840", "target": "Node0x224caa0", "key": 0}, {"source": "Node0x224c840", "target": "Node0x224caa0", "key": 1}, {"source": "Node0x224c840", "target": "Node0x224caa0", "key": 2}, {"source": "Node0x224c840", "target": "Node0x224caa0", "key": 3}, {"source": "Node0x224c840", "target": "Node0x2247550", "key": 0}, {"source": "Node0x224c840", "target": "Node0x224ca30", "key": 0}, {"source": "Node0x224c840", "target": "Node0x224b840", "key": 0}, {"source": "Node0x224c840", "target": "Node0x22cd2e0", "key": 0}, {"source": "Node0x224c840", "target": "Node0x22cd2e0", "key": 1}, {"source": "Node0x224c840", "target": "Node0x22cd2e0", "key": 2}, {"source": "Node0x224c840", "target": "Node0x2143540", "key": 0}, {"source": "Node0x224c840", "target": "Node0x2143540", "key": 1}, {"source": "Node0x224c840", "target": "Node0x2143540", "key": 2}, {"source": "Node0x224c840", "target": "Node0x2143540", "key": 3}, {"source": "Node0x224c840", "target": "Node0x2143540", "key": 4}, {"source": "Node0x224c840", "target": "Node0x2143540", "key": 5}, {"source": "Node0x224c840", "target": "Node0x2143540", "key": 6}, {"source": "Node0x224c840", "target": "Node0x2143540", "key": 7}, {"source": "Node0x224c840", "target": "Node0x2143540", "key": 8}, {"source": "Node0x224c840", "target": "Node0x2161a20", "key": 0}, {"source": "Node0x224c840", "target": "Node0x2161a20", "key": 1}, {"source": "Node0x224c840", "target": "Node0x224cbf0", "key": 0}, {"source": "Node0x224c840", "target": "Node0x224aa20", "key": 0}, {"source": "Node0x224c840", "target": "Node0x224aa20", "key": 1}, {"source": "Node0x224c840", "target": "Node0x224ab90", "key": 0}, {"source": "Node0x224c840", "target": "Node0x224ab90", "key": 1}, {"source": "Node0x224ce80", "target": "Node0x214ff80", "key": 0}, {"source": "Node0x2161450", "target": "Node0x2143540", "key": 0}, {"source": "Node0x2161450", "target": "Node0x21614c0", "key": 0}, {"source": "Node0x21619b0", "target": "Node0x214ff80", "key": 0}, {"source": "Node0x22478a0", "target": "Node0x2247940", "key": 0}, {"source": "Node0x22478a0", "target": "Node0x21617b0", "key": 0}, {"source": "Node0x22478a0", "target": "Node0x21617b0", "key": 1}, {"source": "Node0x22478a0", "target": "Node0x2247a80", "key": 0}, {"source": "Node0x22478a0", "target": "Node0x2247910", "key": 0}, {"source": "Node0x2249120", "target": "Node0x2249190", "key": 0}, {"source": "Node0x224bf30", "target": "Node0x214ff80", "key": 0}, {"source": "Node0x22489c0", "target": "Node0x2248cb0", "key": 0}, {"source": "Node0x21611d0", "target": "Node0x2143540", "key": 0}, {"source": "Node0x21611d0", "target": "Node0x22cd1a0", "key": 0}, {"source": "Node0x224c870", "target": "Node0x224be20", "key": 0}, {"source": "Node0x224c870", "target": "Node0x2248010", "key": 0}, {"source": "Node0x224c870", "target": "Node0x2248010", "key": 1}, {"source": "Node0x224c870", "target": "Node0x2248010", "key": 2}, {"source": "Node0x224c870", "target": "Node0x22cd2e0", "key": 0}, {"source": "Node0x224c870", "target": "Node0x224cb10", "key": 0}, {"source": "Node0x224c870", "target": "Node0x2248890", "key": 0}, {"source": "Node0x224c870", "target": "Node0x224ccd0", "key": 0}, {"source": "Node0x224c870", "target": "Node0x2161a20", "key": 0}, {"source": "Node0x224c870", "target": "Node0x2161a20", "key": 1}, {"source": "Node0x224c870", "target": "Node0x2161a20", "key": 2}, {"source": "Node0x224c870", "target": "Node0x2161a20", "key": 3}, {"source": "Node0x224c870", "target": "Node0x224cd00", "key": 0}, {"source": "Node0x224c870", "target": "Node0x22cd130", "key": 0}, {"source": "Node0x224c870", "target": "Node0x2161820", "key": 0}, {"source": "Node0x224c870", "target": "Node0x2161820", "key": 1}, {"source": "Node0x224c870", "target": "Node0x2161820", "key": 2}, {"source": "Node0x224c870", "target": "Node0x2161820", "key": 3}, {"source": "Node0x224c870", "target": "Node0x2161820", "key": 4}, {"source": "Node0x2249080", "target": "Node0x224b400", "key": 0}, {"source": "Node0x224bb00", "target": "Node0x224be20", "key": 0}, {"source": "Node0x224bb00", "target": "Node0x224bf30", "key": 0}, {"source": "Node0x224bb00", "target": "Node0x2248010", "key": 0}, {"source": "Node0x224bb00", "target": "Node0x2248010", "key": 1}, {"source": "Node0x224bb00", "target": "Node0x2161a20", "key": 0}, {"source": "Node0x224bb00", "target": "Node0x2161a20", "key": 1}, {"source": "Node0x224bb00", "target": "Node0x2161a20", "key": 2}, {"source": "Node0x224bb00", "target": "Node0x2248890", "key": 0}, {"source": "Node0x224c930", "target": "Node0x224be20", "key": 0}, {"source": "Node0x224c930", "target": "Node0x2248890", "key": 0}, {"source": "Node0x224c930", "target": "Node0x224cd30", "key": 0}, {"source": "Node0x224c930", "target": "Node0x2248010", "key": 0}, {"source": "Node0x224c930", "target": "Node0x2248010", "key": 1}, {"source": "Node0x224c930", "target": "Node0x2248010", "key": 2}, {"source": "Node0x224c930", "target": "Node0x2161a20", "key": 0}, {"source": "Node0x224c930", "target": "Node0x2247fe0", "key": 0}, {"source": "Node0x224c930", "target": "Node0x2161820", "key": 0}, {"source": "Node0x224c930", "target": "Node0x2161820", "key": 1}, {"source": "Node0x2247c30", "target": "Node0x214ff80", "key": 0}, {"source": "Node0x224be20", "target": "Node0x214ff80", "key": 0}, {"source": "Node0x2248890", "target": "Node0x214ff80", "key": 0}, {"source": "Node0x224b7d0", "target": "Node0x224be20", "key": 0}, {"source": "Node0x224b7d0", "target": "Node0x2161a20", "key": 0}, {"source": "Node0x224b7d0", "target": "Node0x2161a20", "key": 1}, {"source": "Node0x224b7d0", "target": "Node0x2161a20", "key": 2}, {"source": "Node0x224b7d0", "target": "Node0x2248010", "key": 0}, {"source": "Node0x224b7d0", "target": "Node0x2248010", "key": 1}, {"source": "Node0x224b7d0", "target": "Node0x2248890", "key": 0}, {"source": "Node0x224b7d0", "target": "Node0x224be50", "key": 0}, {"source": "Node0x2247620", "target": "Node0x214ff80", "key": 0}, {"source": "Node0x224b8b0", "target": "Node0x224be20", "key": 0}, {"source": "Node0x224b8b0", "target": "Node0x224bf00", "key": 0}, {"source": "Node0x224b8b0", "target": "Node0x2248010", "key": 0}, {"source": "Node0x224b8b0", "target": "Node0x2248010", "key": 1}, {"source": "Node0x224b8b0", "target": "Node0x2161a20", "key": 0}, {"source": "Node0x224b8b0", "target": "Node0x2161a20", "key": 1}, {"source": "Node0x224b8b0", "target": "Node0x2161a20", "key": 2}, {"source": "Node0x224b8b0", "target": "Node0x2248890", "key": 0}, {"source": "Node0x2247f70", "target": "Node0x2143540", "key": 0}, {"source": "Node0x2247f70", "target": "Node0x2143540", "key": 1}, {"source": "Node0x2247f70", "target": "Node0x2248010", "key": 0}, {"source": "Node0x2247f70", "target": "Node0x2247fe0", "key": 0}, {"source": "Node0x2247f70", "target": "Node0x2247fe0", "key": 1}, {"source": "Node0x2247f70", "target": "Node0x22482b0", "key": 0}, {"source": "Node0x2247f70", "target": "Node0x22480d0", "key": 0}, {"source": "Node0x224cbf0", "target": "Node0x224be20", "key": 0}, {"source": "Node0x224cbf0", "target": "Node0x2248010", "key": 0}, {"source": "Node0x224cbf0", "target": "Node0x2248010", "key": 1}, {"source": "Node0x224cbf0", "target": "Node0x2248890", "key": 0}, {"source": "Node0x224cbf0", "target": "Node0x224ceb0", "key": 0}, {"source": "Node0x224cbf0", "target": "Node0x224ccd0", "key": 0}, {"source": "Node0x224cbf0", "target": "Node0x2161a20", "key": 0}, {"source": "Node0x224cbf0", "target": "Node0x2161820", "key": 0}, {"source": "Node0x2248a70", "target": "Node0x2248cb0", "key": 0}], "multigraph": true}
