{"links": [{"type": 3, "target": "Node0x214ff80", "source": "{zpaq_decompress}"}, {"type": 3, "target": "{write_buf}", "source": "{write_val}"}, {"type": 3, "target": "{write_magic}", "source": "{external node}"}, {"type": 0, "target": "{detach_pthread}", "source": "{external node}"}, {"type": 2, "target": "{close_stream_in}", "source": "{external node}"}, {"type": 1, "target": "{perror}", "source": "{external node}"}, {"type": 3, "target": "{zpaq_decompress}", "source": "{external node}"}, {"type": 0, "target": "{llvm.va_start}", "source": "{external node}"}, {"type": 2, "target": "{pthread_mutex_unlock}", "source": "{external node}"}, {"type": 3, "target": "{flush_tmpoutbuf}", "source": "{external node}"}, {"type": 3, "target": "{write_fdout}", "source": "{external node}"}, {"type": 0, "target": "{read_1g}", "source": "{external node}"}, {"type": 1, "target": "{llvm.va_end}", "source": "{external node}"}, {"type": 3, "target": "{open_stream_out}", "source": "{external node}"}, {"type": 3, "target": "{uncompress}", "source": "{external node}"}, {"type": 2, "target": "{write_1g}", "source": "{external node}"}, {"type": 3, "target": "{get_readseek}", "source": "{external node}"}, {"type": 2, "target": "{create_pthread}", "source": "{external node}"}, {"type": 2, "target": "{BZ2_bzBuffToBuffCompress}", "source": "{external node}"}, {"type": 0, "target": "{close_stream_out}", "source": "{external node}"}, {"type": 0, "target": "{close_tmpoutbuf}", "source": "{external node}"}, {"type": 0, "target": "{lrz_crypt}", "source": "{external node}"}, {"type": 1, "target": "{lzo1x_1_compress}", "source": "{external node}"}, {"type": 2, "target": "{init_mutex}", "source": "{external node}"}, {"type": 2, "target": "{fflush}", "source": "{external node}"}, {"type": 1, "target": "{get_rand}", "source": "{external node}"}, {"type": 2, "target": "{LzmaCompress}", "source": "{external node}"}, {"type": 3, "target": "{sem_wait}", "source": "{external node}"}, {"type": 2, "target": "{vfprintf}", "source": "{external node}"}, {"type": 3, "target": "{close_streamout_threads}", "source": "{external node}"}, {"type": 1, "target": "{pthread_mutex_init}", "source": "{external node}"}, {"type": 2, "target": "{read_tmpinfile}", "source": "{external node}"}, {"type": 0, "target": "{close_tmpinbuf}", "source": "{external node}"}, {"type": 0, "target": "{llvm.expect.i64}", "source": "{external node}"}, {"type": 3, "target": "{join_pthread}", "source": "{external node}"}, {"type": 3, "target": "{put_fdout}", "source": "{external node}"}, {"type": 3, "target": "{round_up_page}", "source": "{external node}"}, {"type": 3, "target": "{pthread_join}", "source": "{external node}"}, {"type": 2, "target": "{malloc}", "source": "{external node}"}, {"type": 0, "target": "{fsync}", "source": "{external node}"}, {"type": 3, "target": "{pthread_create}", "source": "{external node}"}, {"type": 2, "target": "{lzo1x_decompress}", "source": "{external node}"}, {"type": 0, "target": "{write_fdin}", "source": "{external node}"}, {"type": 2, "target": "{realloc}", "source": "{external node}"}, {"type": 0, "target": "{fatal_exit}", "source": "{external node}"}, {"type": 0, "target": "{free}", "source": "{external node}"}, {"type": 0, "target": "{write}", "source": "{external node}"}, {"type": 3, "target": "{read_stream}", "source": "{external node}"}, {"type": 0, "target": "{__errno_location}", "source": "{external node}"}, {"type": 3, "target": "{llvm.dbg.declare}", "source": "{external node}"}, {"type": 2, "target": "{pthread_cond_broadcast}", "source": "{external node}"}, {"type": 0, "target": "{llvm.memset.p0i8.i64}", "source": "{external node}"}, {"type": 3, "target": "{setpriority}", "source": "{external node}"}, {"type": 0, "target": "{LzmaUncompress}", "source": "{external node}"}, {"type": 2, "target": "{calloc}", "source": "{external node}"}, {"type": 3, "target": "{getchar}", "source": "{external node}"}, {"type": 3, "target": "{BZ2_bzBuffToBuffDecompress}", "source": "{external node}"}, {"type": 2, "target": "{sem_init}", "source": "{external node}"}, {"type": 3, "target": "{lock_mutex}", "source": "{external node}"}, {"type": 1, "target": "{read}", "source": "{external node}"}, {"type": 3, "target": "{llvm.memcpy.p0i8.p0i8.i64}", "source": "{external node}"}, {"type": 3, "target": "{pthread_mutex_lock}", "source": "{external node}"}, {"type": 2, "target": "{prepare_streamout_threads}", "source": "{external node}"}, {"type": 3, "target": "{pthread_cond_wait}", "source": "{external node}"}, {"type": 3, "target": "{sem_post}", "source": "{external node}"}, {"type": 2, "target": "{ucompthread}", "source": "{external node}"}, {"type": 1, "target": "{lseek}", "source": "{external node}"}, {"type": 1, "target": "{zpaq_compress}", "source": "{external node}"}, {"type": 0, "target": "{pthread_detach}", "source": "{external node}"}, {"type": 1, "target": "{unlock_mutex}", "source": "{external node}"}, {"type": 3, "target": "{strerror}", "source": "{external node}"}, {"type": 2, "target": "{write_stream}", "source": "{external node}"}, {"type": 2, "target": "{open_stream_in}", "source": "{external node}"}, {"type": 1, "target": "{compthread}", "source": "{external node}"}, {"type": 3, "target": "{compress2}", "source": "{external node}"}, {"type": 0, "target": "{flush_buffer}", "source": "{external node}"}, {"type": 3, "target": "Node0x214ff80", "source": "{perror}"}, {"type": 3, "target": "Node0x214ff80", "source": "{LzmaUncompress}"}, {"type": 1, "target": "Node0x214ff80", "source": "{failure}"}, {"type": 1, "target": "{fatal_exit}", "source": "{failure}"}, {"type": 3, "target": "{vfprintf}", "source": "{failure}"}, {"type": 1, "target": "Node0x214ff80", "source": "{print_stuff}"}, {"type": 1, "target": "{vfprintf}", "source": "{print_stuff}"}, {"type": 2, "target": "{fflush}", "source": "{print_stuff}"}, {"type": 3, "target": "Node0x214ff80", "source": "{sem_post}"}, {"type": 0, "target": "Node0x214ff80", "source": "{__errno_location}"}, {"type": 0, "target": "Node0x214ff80", "source": "{lzo1x_1_compress}"}, {"type": 2, "target": "{pthread_mutex_init}", "source": "{init_mutex}"}, {"type": 2, "target": "{fatal}", "source": "{init_mutex}"}, {"type": 1, "target": "Node0x214ff80", "source": "{pthread_mutex_init}"}, {"type": 2, "target": "Node0x214ff80", "source": "{vfprintf}"}, {"type": 1, "target": "{failure}", "source": "{read_fdin}"}, {"type": 1, "target": "{getchar}", "source": "{read_fdin}"}, {"type": 2, "target": "{fatal}", "source": "{join_pthread}"}, {"type": 3, "target": "{pthread_join}", "source": "{join_pthread}"}, {"type": 2, "target": "Node0x214ff80", "source": "{fsync}"}, {"type": 3, "target": "Node0x214ff80", "source": "{pthread_create}"}, {"type": 3, "target": "{sem_post}", "source": "{cksem_post}"}, {"type": 2, "target": "{fatal}", "source": "{cksem_post}"}, {"type": 1, "target": "{__errno_location}", "source": "{cksem_post}"}, {"type": 0, "target": "Node0x214ff80", "source": "{fatal_exit}"}, {"type": 1, "target": "{read_buf}", "source": "{fill_buffer}"}, {"type": 2, "target": "{read_buf}", "source": "{fill_buffer}"}, {"type": 3, "target": "{read_buf}", "source": "{fill_buffer}"}, {"type": 2, "target": "{free}", "source": "{fill_buffer}"}, {"type": 3, "target": "{free}", "source": "{fill_buffer}"}, {"type": 0, "target": "{lock_mutex}", "source": "{fill_buffer}"}, {"type": 3, "target": "{read_seekto}", "source": "{fill_buffer}"}, {"type": 3, "target": "{read_u32}", "source": "{fill_buffer}"}, {"type": 3, "target": "{read_u32}", "source": "{fill_buffer}"}, {"type": 0, "target": "{read_u32}", "source": "{fill_buffer}"}, {"type": 1, "target": "{failure}", "source": "{fill_buffer}"}, {"type": 3, "target": "{malloc}", "source": "{fill_buffer}"}, {"type": 0, "target": "{malloc}", "source": "{fill_buffer}"}, {"type": 1, "target": "{decrypt_header}", "source": "{fill_buffer}"}, {"type": 3, "target": "{fatal}", "source": "{fill_buffer}"}, {"type": 2, "target": "{fatal}", "source": "{fill_buffer}"}, {"type": 1, "target": "{fatal}", "source": "{fill_buffer}"}, {"type": 3, "target": "{fsync}", "source": "{fill_buffer}"}, {"type": 3, "target": "{unlock_mutex}", "source": "{fill_buffer}"}, {"type": 3, "target": "{cond_broadcast}", "source": "{fill_buffer}"}, {"type": 1, "target": "{lrz_decrypt}", "source": "{fill_buffer}"}, {"type": 0, "target": "{read_u8}", "source": "{fill_buffer}"}, {"type": 1, "target": "{get_readseek}", "source": "{fill_buffer}"}, {"type": 3, "target": "{create_pthread}", "source": "{fill_buffer}"}, {"type": 3, "target": "{read_val}", "source": "{fill_buffer}"}, {"type": 1, "target": "{read_val}", "source": "{fill_buffer}"}, {"type": 1, "target": "{read_val}", "source": "{fill_buffer}"}, {"type": 2, "target": "{join_pthread}", "source": "{fill_buffer}"}, {"type": 2, "target": "{print_stuff}", "source": "{fill_buffer}"}, {"type": 0, "target": "{print_stuff}", "source": "{fill_buffer}"}, {"type": 1, "target": "{print_stuff}", "source": "{fill_buffer}"}, {"type": 3, "target": "{print_stuff}", "source": "{fill_buffer}"}, {"type": 2, "target": "{lrz_decrypt}", "source": "{decrypt_header}"}, {"type": 0, "target": "{pthread_cond_broadcast}", "source": "{cond_broadcast}"}, {"type": 1, "target": "{fatal}", "source": "{cond_broadcast}"}, {"type": 3, "target": "Node0x214ff80", "source": "{setpriority}"}, {"type": 0, "target": "Node0x214ff80", "source": "{calloc}"}, {"type": 3, "target": "{detach_pthread}", "source": "{clear_buffer}"}, {"type": 3, "target": "{cksem_post}", "source": "{clear_buffer}"}, {"type": 2, "target": "{create_pthread}", "source": "{clear_buffer}"}, {"type": 1, "target": "{malloc}", "source": "{clear_buffer}"}, {"type": 3, "target": "{malloc}", "source": "{clear_buffer}"}, {"type": 0, "target": "{cksem_wait}", "source": "{clear_buffer}"}, {"type": 1, "target": "{failure}", "source": "{clear_buffer}"}, {"type": 0, "target": "{failure}", "source": "{clear_buffer}"}, {"type": 3, "target": "{failure}", "source": "{clear_buffer}"}, {"type": 3, "target": "{print_stuff}", "source": "{clear_buffer}"}, {"type": 3, "target": "Node0x214ff80", "source": "{pthread_mutex_lock}"}, {"type": 3, "target": "Node0x214ff80", "source": "{pthread_detach}"}, {"type": 1, "target": "{print_err}", "source": "{seekto}"}, {"type": 0, "target": "{fd_seekto}", "source": "{seekto}"}, {"type": 0, "target": "{fatal}", "source": "{cond_wait}"}, {"type": 0, "target": "{pthread_cond_wait}", "source": "{cond_wait}"}, {"type": 0, "target": "{put_fdout}", "source": "{write_1g}"}, {"type": 3, "target": "Node0x214ff80", "source": "{BZ2_bzBuffToBuffCompress}"}, {"type": 0, "target": "{__errno_location}", "source": "{read_buf}"}, {"type": 3, "target": "{print_err}", "source": "{read_buf}"}, {"type": 3, "target": "{print_err}", "source": "{read_buf}"}, {"type": 3, "target": "{read_1g}", "source": "{read_buf}"}, {"type": 1, "target": "{strerror}", "source": "{read_buf}"}, {"type": 2, "target": "Node0x214ff80", "source": "{close_tmpoutbuf}"}, {"type": 1, "target": "Node0x214ff80", "source": "{getchar}"}, {"type": 1, "target": "{free}", "source": "{close_streamout_threads}"}, {"type": 2, "target": "{free}", "source": "{close_streamout_threads}"}, {"type": 2, "target": "{cksem_wait}", "source": "{close_streamout_threads}"}, {"type": 0, "target": "{lseek}", "source": "{fd_seekto}"}, {"type": 1, "target": "{print_err}", "source": "{fd_seekto}"}, {"type": 0, "target": "{rewrite_encrypted}", "source": "{close_stream_out}"}, {"type": 0, "target": "{clear_buffer}", "source": "{close_stream_out}"}, {"type": 3, "target": "{cksem_wait}", "source": "{close_stream_out}"}, {"type": 3, "target": "{realloc}", "source": "{close_stream_out}"}, {"type": 2, "target": "{print_err}", "source": "{close_stream_out}"}, {"type": 2, "target": "{print_err}", "source": "{close_stream_out}"}, {"type": 3, "target": "{calloc}", "source": "{close_stream_out}"}, {"type": 3, "target": "{cksem_post}", "source": "{close_stream_out}"}, {"type": 2, "target": "Node0x214ff80", "source": "{close_tmpinbuf}"}, {"type": 2, "target": "{fatal}", "source": "{unlock_mutex}"}, {"type": 2, "target": "{pthread_mutex_unlock}", "source": "{unlock_mutex}"}, {"type": 0, "target": "Node0x214ff80", "source": "{write_magic}"}, {"type": 0, "target": "Node0x214ff80", "source": "{pthread_join}"}, {"type": 3, "target": "Node0x214ff80", "source": "{lzo1x_decompress}"}, {"type": 3, "target": "{round_up_page}", "source": "{bzip2_compress_buf}"}, {"type": 1, "target": "{free}", "source": "{bzip2_compress_buf}"}, {"type": 1, "target": "{free}", "source": "{bzip2_compress_buf}"}, {"type": 3, "target": "{free}", "source": "{bzip2_compress_buf}"}, {"type": 0, "target": "{free}", "source": "{bzip2_compress_buf}"}, {"type": 1, "target": "{malloc}", "source": "{bzip2_compress_buf}"}, {"type": 3, "target": "{lzo_compresses}", "source": "{bzip2_compress_buf}"}, {"type": 0, "target": "{print_err}", "source": "{bzip2_compress_buf}"}, {"type": 1, "target": "{BZ2_bzBuffToBuffCompress}", "source": "{bzip2_compress_buf}"}, {"type": 0, "target": "{print_stuff}", "source": "{bzip2_compress_buf}"}, {"type": 1, "target": "{print_stuff}", "source": "{bzip2_compress_buf}"}, {"type": 1, "target": "{print_stuff}", "source": "{bzip2_compress_buf}"}, {"type": 1, "target": "{round_up_page}", "source": "{gzip_compress_buf}"}, {"type": 0, "target": "{free}", "source": "{gzip_compress_buf}"}, {"type": 3, "target": "{free}", "source": "{gzip_compress_buf}"}, {"type": 0, "target": "{free}", "source": "{gzip_compress_buf}"}, {"type": 3, "target": "{free}", "source": "{gzip_compress_buf}"}, {"type": 0, "target": "{malloc}", "source": "{gzip_compress_buf}"}, {"type": 3, "target": "{print_err}", "source": "{gzip_compress_buf}"}, {"type": 0, "target": "{compress2}", "source": "{gzip_compress_buf}"}, {"type": 2, "target": "{print_stuff}", "source": "{gzip_compress_buf}"}, {"type": 0, "target": "{print_stuff}", "source": "{gzip_compress_buf}"}, {"type": 0, "target": "{print_stuff}", "source": "{gzip_compress_buf}"}, {"type": 0, "target": "Node0x214ff80", "source": "{write}"}, {"type": 3, "target": "{write_1g}", "source": "{write_buf}"}, {"type": 1, "target": "{print_err}", "source": "{write_buf}"}, {"type": 0, "target": "{print_err}", "source": "{write_buf}"}, {"type": 1, "target": "{__errno_location}", "source": "{write_buf}"}, {"type": 0, "target": "{strerror}", "source": "{write_buf}"}, {"type": 0, "target": "Node0x214ff80", "source": "{pthread_cond_broadcast}"}, {"type": 0, "target": "Node0x214ff80", "source": "{LzmaCompress}"}, {"type": 3, "target": "{fatal}", "source": "{cksem_init}"}, {"type": 3, "target": "{sem_init}", "source": "{cksem_init}"}, {"type": 1, "target": "{__errno_location}", "source": "{cksem_init}"}, {"type": 2, "target": "{round_up_page}", "source": "{lzo_decompress_buf}"}, {"type": 2, "target": "{print_err}", "source": "{lzo_decompress_buf}"}, {"type": 1, "target": "{print_err}", "source": "{lzo_decompress_buf}"}, {"type": 1, "target": "{print_err}", "source": "{lzo_decompress_buf}"}, {"type": 2, "target": "{free}", "source": "{lzo_decompress_buf}"}, {"type": 0, "target": "{free}", "source": "{lzo_decompress_buf}"}, {"type": 3, "target": "{malloc}", "source": "{lzo_decompress_buf}"}, {"type": 1, "target": "{lzo1x_decompress}", "source": "{lzo_decompress_buf}"}, {"type": 2, "target": "Node0x214ff80", "source": "{BZ2_bzBuffToBuffDecompress}"}, {"type": 3, "target": "{fatal}", "source": "{lock_mutex}"}, {"type": 3, "target": "{pthread_mutex_lock}", "source": "{lock_mutex}"}, {"type": 2, "target": "{read_fdin}", "source": "{read_seekto}"}, {"type": 0, "target": "{print_err}", "source": "{read_seekto}"}, {"type": 3, "target": "{fd_seekto}", "source": "{read_seekto}"}, {"type": 2, "target": "{dump_stdin}", "source": "{read_seekto}"}, {"type": 0, "target": "Node0x214ff80", "source": "{read}"}, {"type": 0, "target": "Node0x214ff80", "source": "{sem_wait}"}, {"type": 2, "target": "{fatal}", "source": "{get_seek}"}, {"type": 1, "target": "{lseek}", "source": "{get_seek}"}, {"type": 2, "target": "Node0x214ff80", "source": "{fatal}"}, {"type": 2, "target": "{fatal_exit}", "source": "{fatal}"}, {"type": 2, "target": "{vfprintf}", "source": "{fatal}"}, {"type": 3, "target": "{perror}", "source": "{fatal}"}, {"type": 1, "target": "Node0x214ff80", "source": "{lseek}"}, {"type": 1, "target": "{read_buf}", "source": "{read_u32}"}, {"type": 2, "target": "{close_tmpoutbuf}", "source": "{put_fdout}"}, {"type": 2, "target": "{write}", "source": "{put_fdout}"}, {"type": 2, "target": "{write_fdout}", "source": "{put_fdout}"}, {"type": 1, "target": "{write_fdout}", "source": "{put_fdout}"}, {"type": 2, "target": "{print_err}", "source": "{put_fdout}"}, {"type": 3, "target": "{print_err}", "source": "{put_fdout}"}, {"type": 0, "target": "{failure}", "source": "{put_fdout}"}, {"type": 2, "target": "{print_stuff}", "source": "{put_fdout}"}, {"type": 2, "target": "Node0x214ff80", "source": "{print_err}"}, {"type": 0, "target": "{vfprintf}", "source": "{print_err}"}, {"type": 1, "target": "{fflush}", "source": "{print_err}"}, {"type": 3, "target": "{cond_wait}", "source": "{ucompthread}"}, {"type": 2, "target": "{bzip2_decompress_buf}", "source": "{ucompthread}"}, {"type": 1, "target": "{free}", "source": "{ucompthread}"}, {"type": 1, "target": "{lock_mutex}", "source": "{ucompthread}"}, {"type": 1, "target": "{lzma_decompress_buf}", "source": "{ucompthread}"}, {"type": 3, "target": "{gzip_decompress_buf}", "source": "{ucompthread}"}, {"type": 0, "target": "{zpaq_decompress_buf}", "source": "{ucompthread}"}, {"type": 0, "target": "{lzo_decompress_buf}", "source": "{ucompthread}"}, {"type": 0, "target": "{print_err}", "source": "{ucompthread}"}, {"type": 3, "target": "{setpriority}", "source": "{ucompthread}"}, {"type": 3, "target": "{failure}", "source": "{ucompthread}"}, {"type": 3, "target": "{failure}", "source": "{ucompthread}"}, {"type": 0, "target": "{unlock_mutex}", "source": "{ucompthread}"}, {"type": 0, "target": "{print_stuff}", "source": "{ucompthread}"}, {"type": 0, "target": "{print_stuff}", "source": "{ucompthread}"}, {"type": 0, "target": "{read_buf}", "source": "{rewrite_encrypted}"}, {"type": 0, "target": "{free}", "source": "{rewrite_encrypted}"}, {"type": 3, "target": "{free}", "source": "{rewrite_encrypted}"}, {"type": 0, "target": "{get_rand}", "source": "{rewrite_encrypted}"}, {"type": 0, "target": "{lrz_encrypt}", "source": "{rewrite_encrypted}"}, {"type": 0, "target": "{malloc}", "source": "{rewrite_encrypted}"}, {"type": 1, "target": "{write_buf}", "source": "{rewrite_encrypted}"}, {"type": 3, "target": "{write_buf}", "source": "{rewrite_encrypted}"}, {"type": 3, "target": "{fatal}", "source": "{rewrite_encrypted}"}, {"type": 0, "target": "{failure}", "source": "{rewrite_encrypted}"}, {"type": 1, "target": "{failure}", "source": "{rewrite_encrypted}"}, {"type": 1, "target": "{failure}", "source": "{rewrite_encrypted}"}, {"type": 2, "target": "{failure}", "source": "{rewrite_encrypted}"}, {"type": 2, "target": "{failure}", "source": "{rewrite_encrypted}"}, {"type": 1, "target": "{get_seek}", "source": "{rewrite_encrypted}"}, {"type": 2, "target": "{seekto}", "source": "{rewrite_encrypted}"}, {"type": 1, "target": "{seekto}", "source": "{rewrite_encrypted}"}, {"type": 3, "target": "{seekto}", "source": "{rewrite_encrypted}"}, {"type": 2, "target": "{read_tmpinfile}", "source": "{dump_stdin}"}, {"type": 3, "target": "{close_tmpinbuf}", "source": "{dump_stdin}"}, {"type": 1, "target": "{write_fdin}", "source": "{dump_stdin}"}, {"type": 0, "target": "Node0x214ff80", "source": "{pthread_mutex_unlock}"}, {"type": 0, "target": "{malloc}", "source": "{open_stream_out}"}, {"type": 3, "target": "{malloc}", "source": "{open_stream_out}"}, {"type": 2, "target": "{fatal}", "source": "{open_stream_out}"}, {"type": 1, "target": "{free}", "source": "{open_stream_out}"}, {"type": 3, "target": "{free}", "source": "{open_stream_out}"}, {"type": 3, "target": "{free}", "source": "{open_stream_out}"}, {"type": 2, "target": "{free}", "source": "{open_stream_out}"}, {"type": 3, "target": "{free}", "source": "{open_stream_out}"}, {"type": 1, "target": "{free}", "source": "{open_stream_out}"}, {"type": 3, "target": "{calloc}", "source": "{open_stream_out}"}, {"type": 0, "target": "{calloc}", "source": "{open_stream_out}"}, {"type": 0, "target": "{calloc}", "source": "{open_stream_out}"}, {"type": 3, "target": "{print_stuff}", "source": "{open_stream_out}"}, {"type": 2, "target": "{print_stuff}", "source": "{open_stream_out}"}, {"type": 2, "target": "{print_stuff}", "source": "{open_stream_out}"}, {"type": 0, "target": "{fatal}", "source": "{get_readseek}"}, {"type": 0, "target": "{lseek}", "source": "{get_readseek}"}, {"type": 2, "target": "Node0x214ff80", "source": "{free}"}, {"type": 3, "target": "Node0x214ff80", "source": "{lrz_crypt}"}, {"type": 1, "target": "{sem_wait}", "source": "{cksem_wait}"}, {"type": 3, "target": "{fatal}", "source": "{cksem_wait}"}, {"type": 1, "target": "{__errno_location}", "source": "{cksem_wait}"}, {"type": 0, "target": "Node0x214ff80", "source": "{get_rand}"}, {"type": 2, "target": "{lrz_crypt}", "source": "{lrz_encrypt}"}, {"type": 0, "target": "{read_buf}", "source": "{open_stream_in}"}, {"type": 3, "target": "{free}", "source": "{open_stream_in}"}, {"type": 0, "target": "{free}", "source": "{open_stream_in}"}, {"type": 2, "target": "{free}", "source": "{open_stream_in}"}, {"type": 2, "target": "{free}", "source": "{open_stream_in}"}, {"type": 0, "target": "{free}", "source": "{open_stream_in}"}, {"type": 1, "target": "{read_val}", "source": "{open_stream_in}"}, {"type": 3, "target": "{read_val}", "source": "{open_stream_in}"}, {"type": 3, "target": "{read_val}", "source": "{open_stream_in}"}, {"type": 1, "target": "{read_val}", "source": "{open_stream_in}"}, {"type": 3, "target": "{decrypt_header}", "source": "{open_stream_in}"}, {"type": 3, "target": "{calloc}", "source": "{open_stream_in}"}, {"type": 1, "target": "{calloc}", "source": "{open_stream_in}"}, {"type": 1, "target": "{calloc}", "source": "{open_stream_in}"}, {"type": 2, "target": "{calloc}", "source": "{open_stream_in}"}, {"type": 0, "target": "{fatal}", "source": "{open_stream_in}"}, {"type": 3, "target": "{read_u32}", "source": "{open_stream_in}"}, {"type": 0, "target": "{read_u32}", "source": "{open_stream_in}"}, {"type": 2, "target": "{read_u32}", "source": "{open_stream_in}"}, {"type": 2, "target": "{read_u8}", "source": "{open_stream_in}"}, {"type": 3, "target": "{read_u8}", "source": "{open_stream_in}"}, {"type": 1, "target": "{print_err}", "source": "{open_stream_in}"}, {"type": 0, "target": "{print_err}", "source": "{open_stream_in}"}, {"type": 1, "target": "{print_err}", "source": "{open_stream_in}"}, {"type": 0, "target": "{print_err}", "source": "{open_stream_in}"}, {"type": 0, "target": "{print_err}", "source": "{open_stream_in}"}, {"type": 0, "target": "{print_err}", "source": "{open_stream_in}"}, {"type": 2, "target": "{print_err}", "source": "{open_stream_in}"}, {"type": 3, "target": "{get_readseek}", "source": "{open_stream_in}"}, {"type": 2, "target": "{get_readseek}", "source": "{open_stream_in}"}, {"type": 2, "target": "{get_readseek}", "source": "{open_stream_in}"}, {"type": 3, "target": "{get_readseek}", "source": "{open_stream_in}"}, {"type": 0, "target": "{print_stuff}", "source": "{open_stream_in}"}, {"type": 1, "target": "{print_stuff}", "source": "{open_stream_in}"}, {"type": 3, "target": "{print_stuff}", "source": "{open_stream_in}"}, {"type": 2, "target": "{print_stuff}", "source": "{open_stream_in}"}, {"type": 3, "target": "{print_stuff}", "source": "{open_stream_in}"}, {"type": 2, "target": "Node0x214ff80", "source": "{write_fdin}"}, {"type": 1, "target": "{fill_buffer}", "source": "{read_stream}"}, {"type": 1, "target": "{round_up_page}", "source": "{zpaq_decompress_buf}"}, {"type": 1, "target": "{print_err}", "source": "{zpaq_decompress_buf}"}, {"type": 2, "target": "{print_err}", "source": "{zpaq_decompress_buf}"}, {"type": 2, "target": "{free}", "source": "{zpaq_decompress_buf}"}, {"type": 2, "target": "{malloc}", "source": "{zpaq_decompress_buf}"}, {"type": 2, "target": "{zpaq_decompress}", "source": "{zpaq_decompress_buf}"}, {"type": 3, "target": "{write_buf}", "source": "{write_u8}"}, {"type": 3, "target": "Node0x214ff80", "source": "{flush_tmpoutbuf}"}, {"type": 2, "target": "Node0x214ff80", "source": "{sem_init}"}, {"type": 3, "target": "Node0x214ff80", "source": "{pthread_cond_wait}"}, {"type": 3, "target": "Node0x214ff80", "source": "{fflush}"}, {"type": 1, "target": "Node0x214ff80", "source": "{zpaq_compress}"}, {"type": 0, "target": "{get_readseek}", "source": "{close_stream_in}"}, {"type": 3, "target": "{read_seekto}", "source": "{close_stream_in}"}, {"type": 0, "target": "{free}", "source": "{close_stream_in}"}, {"type": 2, "target": "{free}", "source": "{close_stream_in}"}, {"type": 3, "target": "{free}", "source": "{close_stream_in}"}, {"type": 0, "target": "{free}", "source": "{close_stream_in}"}, {"type": 3, "target": "{free}", "source": "{close_stream_in}"}, {"type": 1, "target": "{print_stuff}", "source": "{close_stream_in}"}, {"type": 2, "target": "Node0x214ff80", "source": "{strerror}"}, {"type": 2, "target": "{fatal}", "source": "{lzo_compresses}"}, {"type": 1, "target": "{fatal}", "source": "{lzo_compresses}"}, {"type": 3, "target": "{free}", "source": "{lzo_compresses}"}, {"type": 0, "target": "{free}", "source": "{lzo_compresses}"}, {"type": 2, "target": "{free}", "source": "{lzo_compresses}"}, {"type": 0, "target": "{print_stuff}", "source": "{lzo_compresses}"}, {"type": 0, "target": "{malloc}", "source": "{lzo_compresses}"}, {"type": 2, "target": "{malloc}", "source": "{lzo_compresses}"}, {"type": 0, "target": "{lzo1x_1_compress}", "source": "{lzo_compresses}"}, {"type": 2, "target": "{flush_buffer}", "source": "{write_stream}"}, {"type": 3, "target": "{cond_wait}", "source": "{compthread}"}, {"type": 3, "target": "{rewrite_encrypted}", "source": "{compthread}"}, {"type": 1, "target": "{write_val}", "source": "{compthread}"}, {"type": 3, "target": "{write_val}", "source": "{compthread}"}, {"type": 1, "target": "{write_val}", "source": "{compthread}"}, {"type": 3, "target": "{write_val}", "source": "{compthread}"}, {"type": 1, "target": "{write_val}", "source": "{compthread}"}, {"type": 0, "target": "{write_val}", "source": "{compthread}"}, {"type": 2, "target": "{write_val}", "source": "{compthread}"}, {"type": 1, "target": "{write_val}", "source": "{compthread}"}, {"type": 0, "target": "{write_val}", "source": "{compthread}"}, {"type": 0, "target": "{write_val}", "source": "{compthread}"}, {"type": 3, "target": "{failure}", "source": "{compthread}"}, {"type": 1, "target": "{failure}", "source": "{compthread}"}, {"type": 2, "target": "{lzma_compress_buf}", "source": "{compthread}"}, {"type": 3, "target": "{free}", "source": "{compthread}"}, {"type": 3, "target": "{free}", "source": "{compthread}"}, {"type": 3, "target": "{get_rand}", "source": "{compthread}"}, {"type": 1, "target": "{get_rand}", "source": "{compthread}"}, {"type": 3, "target": "{lrz_encrypt}", "source": "{compthread}"}, {"type": 1, "target": "{lzo_compress_buf}", "source": "{compthread}"}, {"type": 1, "target": "{print_stuff}", "source": "{compthread}"}, {"type": 3, "target": "{print_stuff}", "source": "{compthread}"}, {"type": 2, "target": "{print_stuff}", "source": "{compthread}"}, {"type": 1, "target": "{print_stuff}", "source": "{compthread}"}, {"type": 2, "target": "{print_stuff}", "source": "{compthread}"}, {"type": 3, "target": "{print_stuff}", "source": "{compthread}"}, {"type": 1, "target": "{print_stuff}", "source": "{compthread}"}, {"type": 2, "target": "{print_stuff}", "source": "{compthread}"}, {"type": 2, "target": "{unlock_mutex}", "source": "{compthread}"}, {"type": 1, "target": "{unlock_mutex}", "source": "{compthread}"}, {"type": 1, "target": "{unlock_mutex}", "source": "{compthread}"}, {"type": 1, "target": "{write_magic}", "source": "{compthread}"}, {"type": 0, "target": "{fsync}", "source": "{compthread}"}, {"type": 1, "target": "{cksem_post}", "source": "{compthread}"}, {"type": 2, "target": "{realloc}", "source": "{compthread}"}, {"type": 1, "target": "{bzip2_compress_buf}", "source": "{compthread}"}, {"type": 0, "target": "{gzip_compress_buf}", "source": "{compthread}"}, {"type": 2, "target": "{write_buf}", "source": "{compthread}"}, {"type": 1, "target": "{write_buf}", "source": "{compthread}"}, {"type": 2, "target": "{write_u8}", "source": "{compthread}"}, {"type": 1, "target": "{write_u8}", "source": "{compthread}"}, {"type": 0, "target": "{write_u8}", "source": "{compthread}"}, {"type": 0, "target": "{write_u8}", "source": "{compthread}"}, {"type": 0, "target": "{cond_broadcast}", "source": "{compthread}"}, {"type": 0, "target": "{flush_tmpoutbuf}", "source": "{compthread}"}, {"type": 3, "target": "{setpriority}", "source": "{compthread}"}, {"type": 2, "target": "{lock_mutex}", "source": "{compthread}"}, {"type": 3, "target": "{lock_mutex}", "source": "{compthread}"}, {"type": 3, "target": "{lock_mutex}", "source": "{compthread}"}, {"type": 3, "target": "{fatal}", "source": "{compthread}"}, {"type": 2, "target": "{fatal}", "source": "{compthread}"}, {"type": 0, "target": "{fatal}", "source": "{compthread}"}, {"type": 1, "target": "{fatal}", "source": "{compthread}"}, {"type": 1, "target": "{fatal}", "source": "{compthread}"}, {"type": 1, "target": "{fatal}", "source": "{compthread}"}, {"type": 3, "target": "{fatal}", "source": "{compthread}"}, {"type": 0, "target": "{fatal}", "source": "{compthread}"}, {"type": 0, "target": "{fatal}", "source": "{compthread}"}, {"type": 1, "target": "{print_err}", "source": "{compthread}"}, {"type": 0, "target": "{print_err}", "source": "{compthread}"}, {"type": 0, "target": "{zpaq_compress_buf}", "source": "{compthread}"}, {"type": 2, "target": "{get_seek}", "source": "{compthread}"}, {"type": 0, "target": "{get_seek}", "source": "{compthread}"}, {"type": 1, "target": "{seekto}", "source": "{compthread}"}, {"type": 1, "target": "{seekto}", "source": "{compthread}"}, {"type": 3, "target": "Node0x214ff80", "source": "{compress2}"}, {"type": 0, "target": "{fatal}", "source": "{detach_pthread}"}, {"type": 0, "target": "{pthread_detach}", "source": "{detach_pthread}"}, {"type": 3, "target": "Node0x214ff80", "source": "{write_fdout}"}, {"type": 3, "target": "{read_fdin}", "source": "{read_1g}"}, {"type": 2, "target": "{failure}", "source": "{read_1g}"}, {"type": 3, "target": "{failure}", "source": "{read_1g}"}, {"type": 3, "target": "{read}", "source": "{read_1g}"}, {"type": 1, "target": "{dump_stdin}", "source": "{read_1g}"}, {"type": 0, "target": "{clear_buffer}", "source": "{flush_buffer}"}, {"type": 3, "target": "Node0x214ff80", "source": "{uncompress}"}, {"type": 2, "target": "{read_buf}", "source": "{read_u8}"}, {"type": 1, "target": "{fatal}", "source": "{create_pthread}"}, {"type": 1, "target": "{pthread_create}", "source": "{create_pthread}"}, {"type": 3, "target": "{round_up_page}", "source": "{lzma_compress_buf}"}, {"type": 2, "target": "{free}", "source": "{lzma_compress_buf}"}, {"type": 3, "target": "{free}", "source": "{lzma_compress_buf}"}, {"type": 1, "target": "{free}", "source": "{lzma_compress_buf}"}, {"type": 2, "target": "{lock_mutex}", "source": "{lzma_compress_buf}"}, {"type": 0, "target": "{bzip2_compress_buf}", "source": "{lzma_compress_buf}"}, {"type": 2, "target": "{malloc}", "source": "{lzma_compress_buf}"}, {"type": 3, "target": "{lzo_compresses}", "source": "{lzma_compress_buf}"}, {"type": 1, "target": "{print_err}", "source": "{lzma_compress_buf}"}, {"type": 1, "target": "{print_err}", "source": "{lzma_compress_buf}"}, {"type": 3, "target": "{print_err}", "source": "{lzma_compress_buf}"}, {"type": 2, "target": "{print_err}", "source": "{lzma_compress_buf}"}, {"type": 2, "target": "{LzmaCompress}", "source": "{lzma_compress_buf}"}, {"type": 3, "target": "{unlock_mutex}", "source": "{lzma_compress_buf}"}, {"type": 0, "target": "{print_stuff}", "source": "{lzma_compress_buf}"}, {"type": 0, "target": "{print_stuff}", "source": "{lzma_compress_buf}"}, {"type": 2, "target": "{print_stuff}", "source": "{lzma_compress_buf}"}, {"type": 0, "target": "{print_stuff}", "source": "{lzma_compress_buf}"}, {"type": 2, "target": "{print_stuff}", "source": "{lzma_compress_buf}"}, {"type": 2, "target": "{lrz_crypt}", "source": "{lrz_decrypt}"}, {"type": 3, "target": "{round_up_page}", "source": "{gzip_decompress_buf}"}, {"type": 2, "target": "{uncompress}", "source": "{gzip_decompress_buf}"}, {"type": 0, "target": "{free}", "source": "{gzip_decompress_buf}"}, {"type": 1, "target": "{free}", "source": "{gzip_decompress_buf}"}, {"type": 1, "target": "{print_err}", "source": "{gzip_decompress_buf}"}, {"type": 2, "target": "{print_err}", "source": "{gzip_decompress_buf}"}, {"type": 1, "target": "{print_err}", "source": "{gzip_decompress_buf}"}, {"type": 0, "target": "{malloc}", "source": "{gzip_decompress_buf}"}, {"type": 0, "target": "{round_up_page}", "source": "{lzo_compress_buf}"}, {"type": 2, "target": "{malloc}", "source": "{lzo_compress_buf}"}, {"type": 0, "target": "{lzo1x_1_compress}", "source": "{lzo_compress_buf}"}, {"type": 2, "target": "{free}", "source": "{lzo_compress_buf}"}, {"type": 1, "target": "{free}", "source": "{lzo_compress_buf}"}, {"type": 0, "target": "{free}", "source": "{lzo_compress_buf}"}, {"type": 3, "target": "{print_err}", "source": "{lzo_compress_buf}"}, {"type": 2, "target": "{calloc}", "source": "{lzo_compress_buf}"}, {"type": 0, "target": "{print_stuff}", "source": "{lzo_compress_buf}"}, {"type": 3, "target": "{print_stuff}", "source": "{lzo_compress_buf}"}, {"type": 1, "target": "Node0x214ff80", "source": "{read_tmpinfile}"}, {"type": 3, "target": "Node0x214ff80", "source": "{round_up_page}"}, {"type": 3, "target": "Node0x214ff80", "source": "{malloc}"}, {"type": 3, "target": "{round_up_page}", "source": "{lzma_decompress_buf}"}, {"type": 1, "target": "{print_err}", "source": "{lzma_decompress_buf}"}, {"type": 2, "target": "{print_err}", "source": "{lzma_decompress_buf}"}, {"type": 3, "target": "{print_err}", "source": "{lzma_decompress_buf}"}, {"type": 0, "target": "{free}", "source": "{lzma_decompress_buf}"}, {"type": 1, "target": "{free}", "source": "{lzma_decompress_buf}"}, {"type": 3, "target": "{malloc}", "source": "{lzma_decompress_buf}"}, {"type": 1, "target": "{LzmaUncompress}", "source": "{lzma_decompress_buf}"}, {"type": 0, "target": "Node0x214ff80", "source": "{realloc}"}, {"type": 0, "target": "{round_up_page}", "source": "{bzip2_decompress_buf}"}, {"type": 3, "target": "{BZ2_bzBuffToBuffDecompress}", "source": "{bzip2_decompress_buf}"}, {"type": 2, "target": "{free}", "source": "{bzip2_decompress_buf}"}, {"type": 0, "target": "{free}", "source": "{bzip2_decompress_buf}"}, {"type": 2, "target": "{print_err}", "source": "{bzip2_decompress_buf}"}, {"type": 0, "target": "{print_err}", "source": "{bzip2_decompress_buf}"}, {"type": 2, "target": "{print_err}", "source": "{bzip2_decompress_buf}"}, {"type": 0, "target": "{malloc}", "source": "{bzip2_decompress_buf}"}, {"type": 2, "target": "{fatal}", "source": "{prepare_streamout_threads}"}, {"type": 1, "target": "{fatal}", "source": "{prepare_streamout_threads}"}, {"type": 0, "target": "{free}", "source": "{prepare_streamout_threads}"}, {"type": 3, "target": "{calloc}", "source": "{prepare_streamout_threads}"}, {"type": 1, "target": "{calloc}", "source": "{prepare_streamout_threads}"}, {"type": 3, "target": "{cksem_post}", "source": "{prepare_streamout_threads}"}, {"type": 3, "target": "{cksem_init}", "source": "{prepare_streamout_threads}"}, {"type": 2, "target": "{round_up_page}", "source": "{zpaq_compress_buf}"}, {"type": 3, "target": "{free}", "source": "{zpaq_compress_buf}"}, {"type": 3, "target": "{free}", "source": "{zpaq_compress_buf}"}, {"type": 1, "target": "{malloc}", "source": "{zpaq_compress_buf}"}, {"type": 2, "target": "{zpaq_compress}", "source": "{zpaq_compress_buf}"}, {"type": 0, "target": "{lzo_compresses}", "source": "{zpaq_compress_buf}"}, {"type": 2, "target": "{print_err}", "source": "{zpaq_compress_buf}"}, {"type": 3, "target": "{print_stuff}", "source": "{zpaq_compress_buf}"}, {"type": 0, "target": "{read_buf}", "source": "{read_val}"}], "nodes": [{"id": "{zpaq_decompress}", "data": {"macke_bug_chain_length": 0, "macke_vulnerabilities_found": 0, "node_degree": [1, 2, 3], "faulty": false, "node_path_length": 1.0, "distance_to_interface": 1, "clustering_coefficient": 0.0}, "type": 0}, {"id": "{write_val}", "data": {"macke_bug_chain_length": 1, "macke_vulnerabilities_found": 1, "node_degree": [1, 1, 2], "faulty": false, "node_path_length": 1.0, "distance_to_interface": 2, "clustering_coefficient": 1.0}, "type": 5}, {"id": "{external node}", "data": {"macke_bug_chain_length": 0, "macke_vulnerabilities_found": 0, "node_degree": [74, 0, 74], "faulty": false, "node_path_length": 0, "distance_to_interface": 999, "clustering_coefficient": 0.014439096630877453}, "type": 4}, {"id": "{perror}", "data": {"macke_bug_chain_length": 0, "macke_vulnerabilities_found": 0, "node_degree": [1, 2, 3], "faulty": false, "node_path_length": 1.0, "distance_to_interface": 1, "clustering_coefficient": 0.3333333333333333}, "type": 1}, {"id": "{llvm.va_end}", "data": {"macke_bug_chain_length": 0, "macke_vulnerabilities_found": 0, "node_degree": [0, 1, 1], "faulty": false, "node_path_length": 0, "distance_to_interface": 1, "clustering_coefficient": 0}, "type": 2}, {"id": "{LzmaUncompress}", "data": {"macke_bug_chain_length": 0, "macke_vulnerabilities_found": 0, "node_degree": [1, 2, 3], "faulty": false, "node_path_length": 1.0, "distance_to_interface": 1, "clustering_coefficient": 0.0}, "type": 5}, {"id": "{failure}", "data": {"macke_bug_chain_length": 1, "macke_vulnerabilities_found": 1, "node_degree": [3, 8, 11], "faulty": false, "node_path_length": 0, "distance_to_interface": 2, "clustering_coefficient": 0.07272727272727272}, "type": 5}, {"id": "{print_stuff}", "data": {"macke_bug_chain_length": 1, "macke_vulnerabilities_found": 1, "node_degree": [3, 14, 17], "faulty": false, "node_path_length": 1.0, "distance_to_interface": 2, "clustering_coefficient": 0.08088235294117647}, "type": 3}, {"id": "{sem_post}", "data": {"macke_bug_chain_length": 0, "macke_vulnerabilities_found": 0, "node_degree": [1, 2, 3], "faulty": false, "node_path_length": 1.0, "distance_to_interface": 1, "clustering_coefficient": 0.0}, "type": 0}, {"id": "{__errno_location}", "data": {"macke_bug_chain_length": 0, "macke_vulnerabilities_found": 0, "node_degree": [1, 6, 7], "faulty": false, "node_path_length": 0, "distance_to_interface": 1, "clustering_coefficient": 0.0}, "type": 3}, {"id": "{lzo1x_1_compress}", "data": {"macke_bug_chain_length": 0, "macke_vulnerabilities_found": 0, "node_degree": [1, 3, 4], "faulty": false, "node_path_length": 1.0, "distance_to_interface": 1, "clustering_coefficient": 0.0}, "type": 3}, {"id": "{init_mutex}", "data": {"macke_bug_chain_length": 1, "macke_vulnerabilities_found": 1, "node_degree": [2, 1, 3], "faulty": false, "node_path_length": 1.5, "distance_to_interface": 1, "clustering_coefficient": 0.3333333333333333}, "type": 1}, {"id": "{pthread_mutex_init}", "data": {"macke_bug_chain_length": 0, "macke_vulnerabilities_found": 0, "node_degree": [1, 2, 3], "faulty": false, "node_path_length": 1.0, "distance_to_interface": 1, "clustering_coefficient": 0.3333333333333333}, "type": 0}, {"id": "{vfprintf}", "data": {"macke_bug_chain_length": 0, "macke_vulnerabilities_found": 0, "node_degree": [1, 5, 6], "faulty": false, "node_path_length": 1.0, "distance_to_interface": 1, "clustering_coefficient": 0.26666666666666666}, "type": 3}, {"id": "{llvm.expect.i64}", "data": {"macke_bug_chain_length": 0, "macke_vulnerabilities_found": 0, "node_degree": [0, 1, 1], "faulty": false, "node_path_length": 0, "distance_to_interface": 1, "clustering_coefficient": 0}, "type": 2}, {"id": "{read_fdin}", "data": {"macke_bug_chain_length": 1, "macke_vulnerabilities_found": 1, "node_degree": [2, 2, 4], "faulty": false, "node_path_length": 2.0, "distance_to_interface": 2, "clustering_coefficient": 0.16666666666666666}, "type": 1}, {"id": "{join_pthread}", "data": {"macke_bug_chain_length": 0, "macke_vulnerabilities_found": 0, "node_degree": [2, 2, 4], "faulty": false, "node_path_length": 1.3333333333333333, "distance_to_interface": 1, "clustering_coefficient": 0.3333333333333333}, "type": 1}, {"id": "{fsync}", "data": {"macke_bug_chain_length": 0, "macke_vulnerabilities_found": 0, "node_degree": [1, 3, 4], "faulty": false, "node_path_length": 1.0, "distance_to_interface": 1, "clustering_coefficient": 0.16666666666666666}, "type": 2}, {"id": "{pthread_create}", "data": {"macke_bug_chain_length": 0, "macke_vulnerabilities_found": 0, "node_degree": [1, 2, 3], "faulty": false, "node_path_length": 1.0, "distance_to_interface": 1, "clustering_coefficient": 0.3333333333333333}, "type": 2}, {"id": "{cksem_post}", "data": {"macke_bug_chain_length": 1, "macke_vulnerabilities_found": 1, "node_degree": [3, 4, 7], "faulty": false, "node_path_length": 0, "distance_to_interface": 2, "clustering_coefficient": 0.14285714285714285}, "type": 2}, {"id": "{fatal_exit}", "data": {"macke_bug_chain_length": 0, "macke_vulnerabilities_found": 0, "node_degree": [1, 3, 4], "faulty": false, "node_path_length": 1.0, "distance_to_interface": 1, "clustering_coefficient": 0.3333333333333333}, "type": 5}, {"id": "{fill_buffer}", "data": {"macke_bug_chain_length": 12, "macke_vulnerabilities_found": 1, "node_degree": [19, 1, 20], "faulty": false, "node_path_length": 1.4145516074450084, "distance_to_interface": 2, "clustering_coefficient": 0.05263157894736842}, "type": 1}, {"id": "{decrypt_header}", "data": {"macke_bug_chain_length": 1, "macke_vulnerabilities_found": 1, "node_degree": [1, 2, 3], "faulty": false, "node_path_length": 2.0, "distance_to_interface": 2, "clustering_coefficient": 0.3333333333333333}, "type": 1}, {"id": "{cond_broadcast}", "data": {"macke_bug_chain_length": 1, "macke_vulnerabilities_found": 1, "node_degree": [2, 2, 4], "faulty": false, "node_path_length": 1.5, "distance_to_interface": 2, "clustering_coefficient": 0.3333333333333333}, "type": 1}, {"id": "{llvm.memset.p0i8.i64}", "data": {"macke_bug_chain_length": 0, "macke_vulnerabilities_found": 0, "node_degree": [0, 1, 1], "faulty": false, "node_path_length": 0, "distance_to_interface": 1, "clustering_coefficient": 0}, "type": 3}, {"id": "{setpriority}", "data": {"macke_bug_chain_length": 0, "macke_vulnerabilities_found": 0, "node_degree": [1, 3, 4], "faulty": false, "node_path_length": 1.0, "distance_to_interface": 1, "clustering_coefficient": 0.3333333333333333}, "type": 5}, {"id": "{calloc}", "data": {"macke_bug_chain_length": 0, "macke_vulnerabilities_found": 0, "node_degree": [1, 6, 7], "faulty": false, "node_path_length": 1.0, "distance_to_interface": 1, "clustering_coefficient": 0.19047619047619047}, "type": 3}, {"id": "{clear_buffer}", "data": {"macke_bug_chain_length": 1, "macke_vulnerabilities_found": 1, "node_degree": [7, 2, 9], "faulty": false, "node_path_length": 1.5517241379310345, "distance_to_interface": 2, "clustering_coefficient": 0.05555555555555555}, "type": 5}, {"id": "{pthread_mutex_lock}", "data": {"macke_bug_chain_length": 0, "macke_vulnerabilities_found": 0, "node_degree": [1, 2, 3], "faulty": false, "node_path_length": 1.0, "distance_to_interface": 1, "clustering_coefficient": 0.3333333333333333}, "type": 5}, {"id": "{pthread_detach}", "data": {"macke_bug_chain_length": 0, "macke_vulnerabilities_found": 0, "node_degree": [1, 2, 3], "faulty": false, "node_path_length": 1.0, "distance_to_interface": 1, "clustering_coefficient": 0.3333333333333333}, "type": 1}, {"id": "{seekto}", "data": {"macke_bug_chain_length": 1, "macke_vulnerabilities_found": 1, "node_degree": [2, 2, 4], "faulty": false, "node_path_length": 1.0, "distance_to_interface": 2, "clustering_coefficient": 0.5}, "type": 1}, {"id": "{cond_wait}", "data": {"macke_bug_chain_length": 1, "macke_vulnerabilities_found": 1, "node_degree": [2, 2, 4], "faulty": false, "node_path_length": 1.0, "distance_to_interface": 2, "clustering_coefficient": 0.16666666666666666}, "type": 3}, {"id": "{write_1g}", "data": {"macke_bug_chain_length": 1, "macke_vulnerabilities_found": 1, "node_degree": [1, 2, 3], "faulty": false, "node_path_length": 2.4285714285714284, "distance_to_interface": 1, "clustering_coefficient": 0.3333333333333333}, "type": 0}, {"id": "{BZ2_bzBuffToBuffCompress}", "data": {"macke_bug_chain_length": 0, "macke_vulnerabilities_found": 0, "node_degree": [1, 2, 3], "faulty": false, "node_path_length": 1.0, "distance_to_interface": 1, "clustering_coefficient": 0.0}, "type": 0}, {"id": "{read_buf}", "data": {"macke_bug_chain_length": 1, "macke_vulnerabilities_found": 1, "node_degree": [4, 6, 10], "cvss3": {"attackVector": "LOCAL", "availabilityImpact": "HIGH", "vectorString": "AV:L/AC:L/PR:N/UI:R/S:U/C:H/I:H/A:H", "userInteraction": "REQUIRED", "scope": "UNCHANGED", "baseScore": 7.8, "baseSeverity": "HIGH", "privilegesRequired": "NONE", "attackComplexity": "LOW", "confidentialityImpact": "HIGH", "integrityImpact": "HIGH"}, "faulty": true, "node_path_length": 1.4285714285714286, "distance_to_interface": 2, "clustering_coefficient": 0.15555555555555556}, "type": 3}, {"id": "{close_tmpoutbuf}", "data": {"macke_bug_chain_length": 0, "macke_vulnerabilities_found": 0, "node_degree": [1, 2, 3], "faulty": false, "node_path_length": 1.0, "distance_to_interface": 1, "clustering_coefficient": 0.3333333333333333}, "type": 4}, {"id": "{getchar}", "data": {"macke_bug_chain_length": 0, "macke_vulnerabilities_found": 0, "node_degree": [1, 2, 3], "faulty": false, "node_path_length": 1.0, "distance_to_interface": 1, "clustering_coefficient": 0.0}, "type": 0}, {"id": "{close_streamout_threads}", "data": {"macke_bug_chain_length": 1, "macke_vulnerabilities_found": 1, "node_degree": [2, 1, 3], "faulty": false, "node_path_length": 1.0, "distance_to_interface": 1, "clustering_coefficient": 0.3333333333333333}, "type": 4}, {"id": "{fd_seekto}", "data": {"macke_bug_chain_length": 1, "macke_vulnerabilities_found": 1, "node_degree": [2, 2, 4], "faulty": false, "node_path_length": 1.0, "distance_to_interface": 3, "clustering_coefficient": 0.3333333333333333}, "type": 3}, {"id": "{close_stream_out}", "data": {"macke_bug_chain_length": 1, "macke_vulnerabilities_found": 1, "node_degree": [7, 1, 8], "faulty": false, "node_path_length": 3.188429571303587, "distance_to_interface": 1, "clustering_coefficient": 0.14285714285714285}, "type": 2}, {"id": "{close_tmpinbuf}", "data": {"macke_bug_chain_length": 0, "macke_vulnerabilities_found": 0, "node_degree": [1, 2, 3], "faulty": false, "node_path_length": 1.0, "distance_to_interface": 1, "clustering_coefficient": 0.0}, "type": 0}, {"id": "Node0x214ff80", "type": 3}, {"id": "{unlock_mutex}", "data": {"macke_bug_chain_length": 1, "macke_vulnerabilities_found": 1, "node_degree": [2, 5, 7], "faulty": false, "node_path_length": 0, "distance_to_interface": 1, "clustering_coefficient": 0.2857142857142857}, "type": 2}, {"id": "{write_magic}", "data": {"macke_bug_chain_length": 0, "macke_vulnerabilities_found": 0, "node_degree": [1, 2, 3], "faulty": false, "node_path_length": 1.0, "distance_to_interface": 1, "clustering_coefficient": 0.3333333333333333}, "type": 3}, {"id": "{pthread_join}", "data": {"macke_bug_chain_length": 0, "macke_vulnerabilities_found": 0, "node_degree": [1, 2, 3], "faulty": false, "node_path_length": 1.0, "distance_to_interface": 1, "clustering_coefficient": 0.3333333333333333}, "type": 4}, {"id": "{lzo1x_decompress}", "data": {"macke_bug_chain_length": 0, "macke_vulnerabilities_found": 0, "node_degree": [1, 2, 3], "faulty": false, "node_path_length": 1.0, "distance_to_interface": 1, "clustering_coefficient": 0.0}, "type": 5}, {"id": "{bzip2_compress_buf}", "data": {"macke_bug_chain_length": 1, "macke_vulnerabilities_found": 1, "node_degree": [7, 2, 9], "faulty": false, "node_path_length": 1.3571428571428572, "distance_to_interface": 2, "clustering_coefficient": 0.3611111111111111}, "type": 2}, {"id": "{gzip_compress_buf}", "data": {"macke_bug_chain_length": 1, "macke_vulnerabilities_found": 1, "node_degree": [6, 1, 7], "faulty": false, "node_path_length": 1.1, "distance_to_interface": 2, "clustering_coefficient": 0.14285714285714285}, "type": 5}, {"id": "{write}", "data": {"macke_bug_chain_length": 0, "macke_vulnerabilities_found": 0, "node_degree": [1, 2, 3], "faulty": false, "node_path_length": 1.0, "distance_to_interface": 1, "clustering_coefficient": 0.3333333333333333}, "type": 5}, {"id": "{llvm.va_start}", "data": {"macke_bug_chain_length": 0, "macke_vulnerabilities_found": 0, "node_degree": [0, 1, 1], "faulty": false, "node_path_length": 0, "distance_to_interface": 1, "clustering_coefficient": 0}, "type": 4}, {"id": "{write_buf}", "data": {"macke_bug_chain_length": 1, "macke_vulnerabilities_found": 1, "node_degree": [4, 4, 8], "faulty": false, "node_path_length": 1.0, "distance_to_interface": 2, "clustering_coefficient": 0.14285714285714285}, "type": 3}, {"id": "{pthread_cond_broadcast}", "data": {"macke_bug_chain_length": 0, "macke_vulnerabilities_found": 0, "node_degree": [1, 2, 3], "faulty": false, "node_path_length": 1.0, "distance_to_interface": 1, "clustering_coefficient": 0.0}, "type": 4}, {"id": "{LzmaCompress}", "data": {"macke_bug_chain_length": 0, "macke_vulnerabilities_found": 0, "node_degree": [1, 2, 3], "faulty": false, "node_path_length": 1.0, "distance_to_interface": 1, "clustering_coefficient": 0.0}, "type": 0}, {"id": "{cksem_init}", "data": {"macke_bug_chain_length": 1, "macke_vulnerabilities_found": 1, "node_degree": [3, 1, 4], "faulty": false, "node_path_length": 1.0, "distance_to_interface": 2, "clustering_coefficient": 0.16666666666666666}, "type": 0}, {"id": "{lzo_decompress_buf}", "data": {"macke_bug_chain_length": 1, "macke_vulnerabilities_found": 1, "node_degree": [5, 1, 6], "faulty": false, "node_path_length": 1.0, "distance_to_interface": 2, "clustering_coefficient": 0.13333333333333333}, "type": 5}, {"id": "{BZ2_bzBuffToBuffDecompress}", "data": {"macke_bug_chain_length": 0, "macke_vulnerabilities_found": 0, "node_degree": [1, 2, 3], "faulty": false, "node_path_length": 1.0, "distance_to_interface": 1, "clustering_coefficient": 0.0}, "type": 0}, {"id": "{lock_mutex}", "data": {"macke_bug_chain_length": 1, "macke_vulnerabilities_found": 1, "node_degree": [2, 5, 7], "faulty": false, "node_path_length": 0, "distance_to_interface": 1, "clustering_coefficient": 0.2857142857142857}, "type": 1}, {"id": "{read_seekto}", "data": {"macke_bug_chain_length": 1, "macke_vulnerabilities_found": 1, "node_degree": [4, 2, 6], "faulty": false, "node_path_length": 2.817444219066937, "distance_to_interface": 2, "clustering_coefficient": 0.06666666666666667}, "type": 1}, {"id": "{read}", "data": {"macke_bug_chain_length": 0, "macke_vulnerabilities_found": 0, "node_degree": [1, 2, 3], "faulty": false, "node_path_length": 1.0, "distance_to_interface": 1, "clustering_coefficient": 0.3333333333333333}, "type": 1}, {"id": "{sem_wait}", "data": {"macke_bug_chain_length": 0, "macke_vulnerabilities_found": 0, "node_degree": [1, 2, 3], "faulty": false, "node_path_length": 1.0, "distance_to_interface": 1, "clustering_coefficient": 0.0}, "type": 5}, {"id": "{get_seek}", "data": {"macke_bug_chain_length": 1, "macke_vulnerabilities_found": 1, "node_degree": [2, 2, 4], "faulty": false, "node_path_length": 1.0, "distance_to_interface": 2, "clustering_coefficient": 0.5}, "type": 5}, {"id": "{fatal}", "data": {"macke_bug_chain_length": 1, "macke_vulnerabilities_found": 1, "node_degree": [4, 20, 24], "faulty": false, "node_path_length": 1.4666666666666666, "distance_to_interface": 2, "clustering_coefficient": 0.07246376811594203}, "type": 5}, {"id": "{lseek}", "data": {"macke_bug_chain_length": 0, "macke_vulnerabilities_found": 0, "node_degree": [1, 4, 5], "faulty": false, "node_path_length": 1.0, "distance_to_interface": 1, "clustering_coefficient": 0.1}, "type": 0}, {"id": "{read_u32}", "data": {"macke_bug_chain_length": 3, "macke_vulnerabilities_found": 1, "node_degree": [1, 2, 3], "faulty": false, "node_path_length": 1.0, "distance_to_interface": 2, "clustering_coefficient": 0.6666666666666666}, "type": 4}, {"id": "{put_fdout}", "data": {"macke_bug_chain_length": 1, "macke_vulnerabilities_found": 1, "node_degree": [6, 2, 8], "faulty": false, "node_path_length": 1.4285714285714286, "distance_to_interface": 1, "clustering_coefficient": 0.14285714285714285}, "type": 4}, {"id": "{print_err}", "data": {"macke_bug_chain_length": 1, "macke_vulnerabilities_found": 1, "node_degree": [3, 20, 23], "faulty": false, "node_path_length": 0, "distance_to_interface": 2, "clustering_coefficient": 0.07114624505928854}, "type": 2}, {"id": "{ucompthread}", "data": {"macke_bug_chain_length": 1, "macke_vulnerabilities_found": 1, "node_degree": [13, 1, 14], "faulty": false, "node_path_length": 1.85546875, "distance_to_interface": 1, "clustering_coefficient": 0.15384615384615385}, "type": 3}, {"id": "{rewrite_encrypted}", "data": {"macke_bug_chain_length": 3, "macke_vulnerabilities_found": 1, "node_degree": [10, 2, 12], "faulty": false, "node_path_length": 2.193832599118943, "distance_to_interface": 2, "clustering_coefficient": 0.13636363636363635}, "type": 1}, {"id": "{dump_stdin}", "data": {"macke_bug_chain_length": 1, "macke_vulnerabilities_found": 1, "node_degree": [3, 2, 5], "faulty": false, "node_path_length": 2.0, "distance_to_interface": 2, "clustering_coefficient": 0.0}, "type": 1}, {"id": "{pthread_mutex_unlock}", "data": {"macke_bug_chain_length": 0, "macke_vulnerabilities_found": 0, "node_degree": [1, 2, 3], "faulty": false, "node_path_length": 1.0, "distance_to_interface": 1, "clustering_coefficient": 0.3333333333333333}, "type": 2}, {"id": "{open_stream_out}", "data": {"macke_bug_chain_length": 1, "macke_vulnerabilities_found": 1, "node_degree": [5, 1, 6], "faulty": false, "node_path_length": 1.375, "distance_to_interface": 1, "clustering_coefficient": 0.2}, "type": 1}, {"id": "{get_readseek}", "data": {"macke_bug_chain_length": 1, "macke_vulnerabilities_found": 1, "node_degree": [2, 4, 6], "faulty": false, "node_path_length": 1.3333333333333333, "distance_to_interface": 1, "clustering_coefficient": 0.3333333333333333}, "type": 2}, {"id": "{free}", "data": {"macke_bug_chain_length": 0, "macke_vulnerabilities_found": 0, "node_degree": [1, 21, 22], "faulty": false, "node_path_length": 1.0, "distance_to_interface": 1, "clustering_coefficient": 0.09523809523809523}, "type": 5}, {"id": "{lrz_crypt}", "data": {"macke_bug_chain_length": 0, "macke_vulnerabilities_found": 0, "node_degree": [1, 3, 4], "faulty": false, "node_path_length": 1.0, "distance_to_interface": 1, "clustering_coefficient": 0.0}, "type": 5}, {"id": "{cksem_wait}", "data": {"macke_bug_chain_length": 1, "macke_vulnerabilities_found": 1, "node_degree": [3, 3, 6], "faulty": false, "node_path_length": 1.3333333333333333, "distance_to_interface": 2, "clustering_coefficient": 0.06666666666666667}, "type": 3}, {"id": "{get_rand}", "data": {"macke_bug_chain_length": 0, "macke_vulnerabilities_found": 0, "node_degree": [1, 3, 4], "faulty": false, "node_path_length": 1.0, "distance_to_interface": 1, "clustering_coefficient": 0.3333333333333333}, "type": 0}, {"id": "{lrz_encrypt}", "data": {"macke_bug_chain_length": 1, "macke_vulnerabilities_found": 1, "node_degree": [1, 2, 3], "faulty": false, "node_path_length": 2.0, "distance_to_interface": 2, "clustering_coefficient": 0.3333333333333333}, "type": 3}, {"id": "{open_stream_in}", "data": {"macke_bug_chain_length": 12, "macke_vulnerabilities_found": 1, "node_degree": [11, 1, 12], "faulty": false, "node_path_length": 1.0, "distance_to_interface": 1, "clustering_coefficient": 0.12121212121212122}, "type": 0}, {"id": "{write_fdin}", "data": {"macke_bug_chain_length": 0, "macke_vulnerabilities_found": 0, "node_degree": [1, 2, 3], "faulty": false, "node_path_length": 1.0, "distance_to_interface": 1, "clustering_coefficient": 0.0}, "type": 5}, {"id": "{read_stream}", "data": {"macke_bug_chain_length": 19, "macke_vulnerabilities_found": 1, "node_degree": [1, 1, 2], "faulty": false, "node_path_length": 2.4145516074450084, "distance_to_interface": 1, "clustering_coefficient": 0.0}, "type": 4}, {"id": "{zpaq_decompress_buf}", "data": {"macke_bug_chain_length": 1, "macke_vulnerabilities_found": 1, "node_degree": [5, 1, 6], "faulty": false, "node_path_length": 1.0, "distance_to_interface": 2, "clustering_coefficient": 0.13333333333333333}, "type": 2}, {"id": "{write_u8}", "data": {"macke_bug_chain_length": 1, "macke_vulnerabilities_found": 1, "node_degree": [1, 1, 2], "faulty": false, "node_path_length": 1.0, "distance_to_interface": 2, "clustering_coefficient": 1.0}, "type": 0}, {"id": "{flush_tmpoutbuf}", "data": {"macke_bug_chain_length": 0, "macke_vulnerabilities_found": 0, "node_degree": [1, 2, 3], "faulty": false, "node_path_length": 1.0, "distance_to_interface": 1, "clustering_coefficient": 0.3333333333333333}, "type": 3}, {"id": "{sem_init}", "data": {"macke_bug_chain_length": 0, "macke_vulnerabilities_found": 0, "node_degree": [1, 2, 3], "faulty": false, "node_path_length": 1.0, "distance_to_interface": 1, "clustering_coefficient": 0.0}, "type": 4}, {"id": "{llvm.memcpy.p0i8.p0i8.i64}", "data": {"macke_bug_chain_length": 0, "macke_vulnerabilities_found": 0, "node_degree": [0, 1, 1], "faulty": false, "node_path_length": 0, "distance_to_interface": 1, "clustering_coefficient": 0}, "type": 1}, {"id": "{pthread_cond_wait}", "data": {"macke_bug_chain_length": 0, "macke_vulnerabilities_found": 0, "node_degree": [1, 2, 3], "faulty": false, "node_path_length": 1.0, "distance_to_interface": 1, "clustering_coefficient": 0.0}, "type": 5}, {"id": "{fflush}", "data": {"macke_bug_chain_length": 0, "macke_vulnerabilities_found": 0, "node_degree": [1, 3, 4], "faulty": false, "node_path_length": 0, "distance_to_interface": 1, "clustering_coefficient": 0.3333333333333333}, "type": 0}, {"id": "{zpaq_compress}", "data": {"macke_bug_chain_length": 0, "macke_vulnerabilities_found": 0, "node_degree": [1, 2, 3], "faulty": false, "node_path_length": 1.0, "distance_to_interface": 1, "clustering_coefficient": 0.0}, "type": 0}, {"id": "{close_stream_in}", "data": {"macke_bug_chain_length": 1, "macke_vulnerabilities_found": 1, "node_degree": [4, 1, 5], "faulty": false, "node_path_length": 2.8927137119908206, "distance_to_interface": 1, "clustering_coefficient": 0.2}, "type": 3}, {"id": "{strerror}", "data": {"macke_bug_chain_length": 0, "macke_vulnerabilities_found": 0, "node_degree": [1, 3, 4], "faulty": false, "node_path_length": 1.0, "distance_to_interface": 1, "clustering_coefficient": 0.0}, "type": 5}, {"id": "{lzo_compresses}", "data": {"macke_bug_chain_length": 1, "macke_vulnerabilities_found": 1, "node_degree": [5, 3, 8], "faulty": false, "node_path_length": 0, "distance_to_interface": 3, "clustering_coefficient": 0.35714285714285715}, "type": 1}, {"id": "{write_stream}", "data": {"macke_bug_chain_length": 1, "macke_vulnerabilities_found": 1, "node_degree": [1, 1, 2], "faulty": false, "node_path_length": 2.0, "distance_to_interface": 1, "clustering_coefficient": 1.0}, "type": 0}, {"id": "{compthread}", "data": {"macke_bug_chain_length": 1, "macke_vulnerabilities_found": 1, "node_degree": [28, 1, 29], "faulty": false, "node_path_length": 1.877137428752375, "distance_to_interface": 1, "clustering_coefficient": 0.11083743842364532}, "type": 0}, {"id": "{compress2}", "data": {"macke_bug_chain_length": 0, "macke_vulnerabilities_found": 0, "node_degree": [1, 2, 3], "faulty": false, "node_path_length": 1.0, "distance_to_interface": 1, "clustering_coefficient": 0.0}, "type": 1}, {"id": "{detach_pthread}", "data": {"macke_bug_chain_length": 1, "macke_vulnerabilities_found": 1, "node_degree": [2, 2, 4], "faulty": false, "node_path_length": 2.4516129032258065, "distance_to_interface": 1, "clustering_coefficient": 0.16666666666666666}, "type": 5}, {"id": "{write_fdout}", "data": {"macke_bug_chain_length": 0, "macke_vulnerabilities_found": 0, "node_degree": [1, 2, 3], "faulty": false, "node_path_length": 1.0, "distance_to_interface": 1, "clustering_coefficient": 0.3333333333333333}, "type": 1}, {"id": "{read_1g}", "data": {"macke_bug_chain_length": 1, "macke_vulnerabilities_found": 1, "node_degree": [4, 2, 6], "cvss3": {"attackVector": "LOCAL", "availabilityImpact": "HIGH", "vectorString": "AV:L/AC:L/PR:N/UI:R/S:U/C:H/I:H/A:H", "userInteraction": "REQUIRED", "scope": "UNCHANGED", "baseScore": 7.8, "baseSeverity": "HIGH", "privilegesRequired": "NONE", "attackComplexity": "LOW", "confidentialityImpact": "HIGH", "integrityImpact": "HIGH"}, "faulty": true, "node_path_length": 1.1666666666666667, "distance_to_interface": 1, "clustering_coefficient": 0.13333333333333333}, "type": 1}, {"id": "{flush_buffer}", "data": {"macke_bug_chain_length": 1, "macke_vulnerabilities_found": 1, "node_degree": [1, 2, 3], "faulty": false, "node_path_length": 1.0, "distance_to_interface": 1, "clustering_coefficient": 0.3333333333333333}, "type": 3}, {"id": "{uncompress}", "data": {"macke_bug_chain_length": 0, "macke_vulnerabilities_found": 0, "node_degree": [1, 2, 3], "faulty": false, "node_path_length": 1.0, "distance_to_interface": 1, "clustering_coefficient": 0.0}, "type": 2}, {"id": "{read_u8}", "data": {"macke_bug_chain_length": 3, "macke_vulnerabilities_found": 1, "node_degree": [1, 2, 3], "faulty": false, "node_path_length": 1.0, "distance_to_interface": 2, "clustering_coefficient": 0.6666666666666666}, "type": 5}, {"id": "{create_pthread}", "data": {"macke_bug_chain_length": 0, "macke_vulnerabilities_found": 0, "node_degree": [2, 3, 5], "faulty": false, "node_path_length": 1.3333333333333333, "distance_to_interface": 1, "clustering_coefficient": 0.2}, "type": 4}, {"id": "{lzma_compress_buf}", "data": {"macke_bug_chain_length": 1, "macke_vulnerabilities_found": 1, "node_degree": [10, 1, 11], "faulty": false, "node_path_length": 1.6551724137931034, "distance_to_interface": 2, "clustering_coefficient": 0.2727272727272727}, "type": 2}, {"id": "{lrz_decrypt}", "data": {"macke_bug_chain_length": 1, "macke_vulnerabilities_found": 1, "node_degree": [1, 2, 3], "faulty": false, "node_path_length": 1.0, "distance_to_interface": 3, "clustering_coefficient": 0.3333333333333333}, "type": 1}, {"id": "{gzip_decompress_buf}", "data": {"macke_bug_chain_length": 1, "macke_vulnerabilities_found": 1, "node_degree": [5, 1, 6], "faulty": false, "node_path_length": 1.0, "distance_to_interface": 2, "clustering_coefficient": 0.13333333333333333}, "type": 3}, {"id": "{lzo_compress_buf}", "data": {"macke_bug_chain_length": 1, "macke_vulnerabilities_found": 1, "node_degree": [7, 1, 8], "faulty": false, "node_path_length": 1.0, "distance_to_interface": 2, "clustering_coefficient": 0.10714285714285714}, "type": 3}, {"id": "{read_tmpinfile}", "data": {"macke_bug_chain_length": 0, "macke_vulnerabilities_found": 0, "node_degree": [1, 2, 3], "faulty": false, "node_path_length": 1.0, "distance_to_interface": 1, "clustering_coefficient": 0.0}, "type": 0}, {"id": "{round_up_page}", "data": {"macke_bug_chain_length": 0, "macke_vulnerabilities_found": 0, "node_degree": [1, 11, 12], "faulty": false, "node_path_length": 1.0, "distance_to_interface": 1, "clustering_coefficient": 0.015151515151515152}, "type": 0}, {"id": "{malloc}", "data": {"macke_bug_chain_length": 0, "macke_vulnerabilities_found": 0, "node_degree": [1, 16, 17], "faulty": false, "node_path_length": 1.0, "distance_to_interface": 1, "clustering_coefficient": 0.03676470588235294}, "type": 5}, {"id": "{lzma_decompress_buf}", "data": {"macke_bug_chain_length": 1, "macke_vulnerabilities_found": 1, "node_degree": [5, 1, 6], "faulty": false, "node_path_length": 1.0, "distance_to_interface": 2, "clustering_coefficient": 0.13333333333333333}, "type": 0}, {"id": "{realloc}", "data": {"macke_bug_chain_length": 0, "macke_vulnerabilities_found": 0, "node_degree": [1, 3, 4], "faulty": false, "node_path_length": 1.0, "distance_to_interface": 1, "clustering_coefficient": 0.3333333333333333}, "type": 0}, {"id": "{llvm.dbg.declare}", "data": {"macke_bug_chain_length": 0, "macke_vulnerabilities_found": 0, "node_degree": [0, 1, 1], "faulty": false, "node_path_length": 0, "distance_to_interface": 1, "clustering_coefficient": 0}, "type": 1}, {"id": "{bzip2_decompress_buf}", "data": {"macke_bug_chain_length": 1, "macke_vulnerabilities_found": 1, "node_degree": [5, 1, 6], "faulty": false, "node_path_length": 1.0, "distance_to_interface": 2, "clustering_coefficient": 0.13333333333333333}, "type": 1}, {"id": "{prepare_streamout_threads}", "data": {"macke_bug_chain_length": 1, "macke_vulnerabilities_found": 1, "node_degree": [5, 1, 6], "faulty": false, "node_path_length": 1.2727272727272727, "distance_to_interface": 1, "clustering_coefficient": 0.26666666666666666}, "type": 0}, {"id": "{zpaq_compress_buf}", "data": {"macke_bug_chain_length": 1, "macke_vulnerabilities_found": 1, "node_degree": [7, 1, 8], "faulty": false, "node_path_length": 1.0, "distance_to_interface": 2, "clustering_coefficient": 0.21428571428571427}, "type": 5}, {"id": "{read_val}", "data": {"macke_bug_chain_length": 3, "macke_vulnerabilities_found": 1, "node_degree": [1, 2, 3], "faulty": false, "node_path_length": 1.0, "distance_to_interface": 2, "clustering_coefficient": 0.6666666666666666}, "type": 2}]}