{"directed": true, "graph": {"node": {"shape": "", "label": "Call graph"}, "graph": {"label": "Call graph"}, "edge": {}, "name": "Call graph"}, "nodes": [{"shape": "record", "id": "Node0x17227f0", "label": "{parse_unicode_node}"}, {"shape": "record", "id": "Node0x1724200", "label": "{write_date}"}, {"shape": "record", "id": "Node0x1721f30", "label": "{parse_date_node}"}, {"shape": "record", "id": "Node0x17229d0", "label": "{copy_plist_data}"}, {"shape": "record", "id": "Node0x1742110", "label": "{float_byte_convert}"}, {"shape": "record", "id": "Node0x1688f60", "label": "{free}"}, {"shape": "record", "id": "Node0x1722ca0", "label": "{ptr_array_new}"}, {"shape": "record", "id": "Node0x1723a40", "label": "{write_string}"}, {"shape": "record", "id": "Node0x1721c70", "label": "{parse_uint_node}"}, {"shape": "record", "id": "Node0x17228d0", "label": "{parse_uid_node}"}, {"shape": "record", "id": "Node0x1722cd0", "label": "{serialize_plist}"}, {"shape": "record", "id": "Node0x1689a50", "label": "{llvm.dbg.declare}"}, {"shape": "record", "id": "Node0x16777d0", "label": "{plist_from_bin}"}, {"shape": "record", "id": "Node0x1723f00", "label": "{plist_data_hash}"}, {"shape": "record", "id": "Node0x16778a0", "label": "{malloc}"}, {"shape": "record", "id": "Node0x1722b90", "label": "{strdup}"}, {"shape": "record", "id": "Node0x17238b0", "label": "{byte_array_new}"}, {"shape": "record", "id": "Node0x1677870", "label": "{memcmp}"}, {"shape": "record", "id": "Node0x1723dc0", "label": "{byte_array_free}"}, {"shape": "record", "id": "Node0x1723920", "label": "{byte_array_append}"}, {"shape": "record", "id": "Node0x1723ce0", "label": "{strlen}"}, {"shape": "record", "id": "Node0x17239d0", "label": "{write_int}"}, {"id": "Node0x1677760"}, {"shape": "record", "id": "Node0x17236a0", "label": "{node_iterator_next}"}, {"shape": "record", "id": "Node0x1723c70", "label": "{write_real}"}, {"shape": "record", "id": "Node0x1722df0", "label": "{ptr_array_index}"}, {"shape": "record", "id": "Node0x1688ef0", "label": "{node_attach}"}, {"shape": "record", "id": "Node0x1688e80", "label": "{node_copy_deep}"}, {"shape": "record", "id": "Node0x1742450", "label": "{node_n_children}"}, {"shape": "record", "id": "Node0x1721e20", "label": "{plist_get_uint_val}"}, {"shape": "record", "id": "Node0x17242e0", "label": "{ptr_array_free}"}, {"shape": "record", "id": "Node0x1742530", "label": "{node_next_sibling}"}, {"shape": "record", "id": "Node0x1722d40", "label": "{hash_table_new}"}, {"shape": "record", "id": "Node0x1723e30", "label": "{llvm.memset.p0i8.i64}"}, {"shape": "record", "id": "Node0x1724090", "label": "{hash_table_insert}"}, {"shape": "record", "id": "Node0x1723c00", "label": "{write_array}"}, {"shape": "record", "id": "Node0x1721c40", "label": "{plist_new_plist_data}"}, {"shape": "record", "id": "Node0x1677700", "label": "{external node}"}, {"shape": "record", "id": "Node0x1724350", "label": "{hash_table_destroy}"}, {"shape": "record", "id": "Node0x1724190", "label": "{write_dict}"}, {"shape": "record", "id": "Node0x1723f30", "label": "{plist_data_compare}"}, {"shape": "record", "id": "Node0x1722e20", "label": "{write_uint}"}, {"shape": "record", "id": "Node0x1723760", "label": "{node_iterator_create}"}, {"shape": "record", "id": "Node0x1742240", "label": "{write_raw_data}"}, {"shape": "record", "id": "Node0x17227c0", "label": "{plist_get_node_type}"}, {"shape": "record", "id": "Node0x17244f0", "label": "{plist_utf16_to_utf8}"}, {"shape": "record", "id": "Node0x1722860", "label": "{parse_array_node}"}, {"shape": "record", "id": "Node0x1721d50", "label": "{parse_real_node}"}, {"shape": "record", "id": "Node0x1677960", "label": "{uint24_from_be}"}, {"shape": "record", "id": "Node0x17237d0", "label": "{node_iterator_destroy}"}, {"shape": "record", "id": "Node0x17236f0", "label": "{ptr_array_add}"}, {"shape": "record", "id": "Node0x1722ae0", "label": "{plist_to_bin}"}, {"shape": "record", "id": "Node0x1723ab0", "label": "{plist_utf8_to_utf16}"}, {"shape": "record", "id": "Node0x16899e0", "label": "{plist_free}"}, {"shape": "record", "id": "Node0x1724060", "label": "{hash_table_lookup}"}, {"shape": "record", "id": "Node0x1723b20", "label": "{write_unicode}"}, {"shape": "record", "id": "Node0x17422b0", "label": "{fprintf}"}, {"shape": "record", "id": "Node0x1721ec0", "label": "{parse_string_node}"}, {"shape": "record", "id": "Node0x1689bf0", "label": "{parse_bin_node}"}, {"shape": "record", "id": "Node0x1721ce0", "label": "{node_create}"}, {"shape": "record", "id": "Node0x1742480", "label": "{node_first_child}"}, {"shape": "record", "id": "Node0x1722940", "label": "{parse_dict_node}"}, {"shape": "record", "id": "Node0x1723b90", "label": "{write_data}"}, {"shape": "record", "id": "Node0x1723d50", "label": "{is_ascii_string}"}, {"shape": "record", "id": "Node0x1688e50", "label": "{plist_get_data}"}, {"shape": "record", "id": "Node0x1721ba0", "label": "{byte_convert}"}, {"shape": "record", "id": "Node0x1742930", "label": "{llvm.memcpy.p0i8.p0i8.i64}"}, {"shape": "record", "id": "Node0x1724270", "label": "{write_uid}"}, {"shape": "record", "id": "Node0x1721e90", "label": "{parse_data_node}"}], "links": [{"source": "Node0x17227f0", "target": "Node0x1688f60", "key": 0}, {"source": "Node0x17227f0", "target": "Node0x1688f60", "key": 1}, {"source": "Node0x17227f0", "target": "Node0x1723ce0", "key": 0}, {"source": "Node0x17227f0", "target": "Node0x1721c40", "key": 0}, {"source": "Node0x17227f0", "target": "Node0x1721ce0", "key": 0}, {"source": "Node0x17227f0", "target": "Node0x17244f0", "key": 0}, {"source": "Node0x17227f0", "target": "Node0x1721ba0", "key": 0}, {"source": "Node0x17227f0", "target": "Node0x16778a0", "key": 0}, {"source": "Node0x17227f0", "target": "Node0x16778a0", "key": 1}, {"source": "Node0x1724200", "target": "Node0x16778a0", "key": 0}, {"source": "Node0x1724200", "target": "Node0x1723920", "key": 0}, {"source": "Node0x1724200", "target": "Node0x1688f60", "key": 0}, {"source": "Node0x1724200", "target": "Node0x1742110", "key": 0}, {"source": "Node0x1721f30", "target": "Node0x1688e50", "key": 0}, {"source": "Node0x1721f30", "target": "Node0x1721d50", "key": 0}, {"source": "Node0x17229d0", "target": "Node0x16778a0", "key": 0}, {"source": "Node0x17229d0", "target": "Node0x16778a0", "key": 1}, {"source": "Node0x17229d0", "target": "Node0x1722b90", "key": 0}, {"source": "Node0x17229d0", "target": "Node0x1721c40", "key": 0}, {"source": "Node0x1688f60", "target": "Node0x1677760", "key": 0}, {"source": "Node0x1722ca0", "target": "Node0x1677760", "key": 0}, {"source": "Node0x1723a40", "target": "Node0x1742240", "key": 0}, {"source": "Node0x1723a40", "target": "Node0x1723ce0", "key": 0}, {"source": "Node0x1721c70", "target": "Node0x1721ce0", "key": 0}, {"source": "Node0x1721c70", "target": "Node0x1677760", "key": 0}, {"source": "Node0x1721c70", "target": "Node0x1677760", "key": 1}, {"source": "Node0x1721c70", "target": "Node0x1677760", "key": 2}, {"source": "Node0x1721c70", "target": "Node0x1677760", "key": 3}, {"source": "Node0x1721c70", "target": "Node0x1677960", "key": 0}, {"source": "Node0x1721c70", "target": "Node0x1688f60", "key": 0}, {"source": "Node0x1721c70", "target": "Node0x1721c40", "key": 0}, {"source": "Node0x17228d0", "target": "Node0x1721ce0", "key": 0}, {"source": "Node0x17228d0", "target": "Node0x1677760", "key": 0}, {"source": "Node0x17228d0", "target": "Node0x1677760", "key": 1}, {"source": "Node0x17228d0", "target": "Node0x1677760", "key": 2}, {"source": "Node0x17228d0", "target": "Node0x1677960", "key": 0}, {"source": "Node0x17228d0", "target": "Node0x1688f60", "key": 0}, {"source": "Node0x17228d0", "target": "Node0x1721c40", "key": 0}, {"source": "Node0x1722cd0", "target": "Node0x17237d0", "key": 0}, {"source": "Node0x1722cd0", "target": "Node0x17236f0", "key": 0}, {"source": "Node0x1722cd0", "target": "Node0x1724090", "key": 0}, {"source": "Node0x1722cd0", "target": "Node0x1724060", "key": 0}, {"source": "Node0x1722cd0", "target": "Node0x17236a0", "key": 0}, {"source": "Node0x1722cd0", "target": "Node0x1722cd0", "key": 0}, {"source": "Node0x1722cd0", "target": "Node0x1723760", "key": 0}, {"source": "Node0x1722cd0", "target": "Node0x16778a0", "key": 0}, {"source": "Node0x16777d0", "target": "Node0x1677870", "key": 0}, {"source": "Node0x16777d0", "target": "Node0x1677870", "key": 1}, {"source": "Node0x16777d0", "target": "Node0x1688f60", "key": 0}, {"source": "Node0x16777d0", "target": "Node0x1688f60", "key": 1}, {"source": "Node0x16777d0", "target": "Node0x1688f60", "key": 2}, {"source": "Node0x16777d0", "target": "Node0x16899e0", "key": 0}, {"source": "Node0x16777d0", "target": "Node0x1677760", "key": 0}, {"source": "Node0x16777d0", "target": "Node0x1677760", "key": 1}, {"source": "Node0x16777d0", "target": "Node0x1677760", "key": 2}, {"source": "Node0x16777d0", "target": "Node0x1677760", "key": 3}, {"source": "Node0x16777d0", "target": "Node0x1677760", "key": 4}, {"source": "Node0x16777d0", "target": "Node0x1677760", "key": 5}, {"source": "Node0x16777d0", "target": "Node0x1677760", "key": 6}, {"source": "Node0x16777d0", "target": "Node0x1677760", "key": 7}, {"source": "Node0x16777d0", "target": "Node0x1677760", "key": 8}, {"source": "Node0x16777d0", "target": "Node0x1677760", "key": 9}, {"source": "Node0x16777d0", "target": "Node0x1677760", "key": 10}, {"source": "Node0x16777d0", "target": "Node0x1677760", "key": 11}, {"source": "Node0x16777d0", "target": "Node0x1677760", "key": 12}, {"source": "Node0x16777d0", "target": "Node0x1677760", "key": 13}, {"source": "Node0x16777d0", "target": "Node0x1677760", "key": 14}, {"source": "Node0x16777d0", "target": "Node0x1689bf0", "key": 0}, {"source": "Node0x16777d0", "target": "Node0x1688ef0", "key": 0}, {"source": "Node0x16777d0", "target": "Node0x1688ef0", "key": 1}, {"source": "Node0x16777d0", "target": "Node0x1688ef0", "key": 2}, {"source": "Node0x16777d0", "target": "Node0x1688ef0", "key": 3}, {"source": "Node0x16777d0", "target": "Node0x1688e80", "key": 0}, {"source": "Node0x16777d0", "target": "Node0x1688e80", "key": 1}, {"source": "Node0x16777d0", "target": "Node0x1688e80", "key": 2}, {"source": "Node0x16777d0", "target": "Node0x1688e50", "key": 0}, {"source": "Node0x16777d0", "target": "Node0x1688e50", "key": 1}, {"source": "Node0x16777d0", "target": "Node0x1688e50", "key": 2}, {"source": "Node0x16777d0", "target": "Node0x1688e50", "key": 3}, {"source": "Node0x16777d0", "target": "Node0x16778a0", "key": 0}, {"source": "Node0x16777d0", "target": "Node0x1677960", "key": 0}, {"source": "Node0x16777d0", "target": "Node0x1677960", "key": 1}, {"source": "Node0x16777d0", "target": "Node0x1677960", "key": 2}, {"source": "Node0x16777d0", "target": "Node0x1677960", "key": 3}, {"source": "Node0x1723f00", "target": "Node0x1688e50", "key": 0}, {"source": "Node0x1723f00", "target": "Node0x1723ce0", "key": 0}, {"source": "Node0x16778a0", "target": "Node0x1677760", "key": 0}, {"source": "Node0x1722b90", "target": "Node0x1677760", "key": 0}, {"source": "Node0x17238b0", "target": "Node0x1677760", "key": 0}, {"source": "Node0x1677870", "target": "Node0x1677760", "key": 0}, {"source": "Node0x1723dc0", "target": "Node0x1677760", "key": 0}, {"source": "Node0x1723920", "target": "Node0x1677760", "key": 0}, {"source": "Node0x1723ce0", "target": "Node0x1677760", "key": 0}, {"source": "Node0x17239d0", "target": "Node0x1721ba0", "key": 0}, {"source": "Node0x17239d0", "target": "Node0x16778a0", "key": 0}, {"source": "Node0x17239d0", "target": "Node0x1723920", "key": 0}, {"source": "Node0x17239d0", "target": "Node0x1688f60", "key": 0}, {"source": "Node0x17236a0", "target": "Node0x1677760", "key": 0}, {"source": "Node0x1723c70", "target": "Node0x16778a0", "key": 0}, {"source": "Node0x1723c70", "target": "Node0x1723920", "key": 0}, {"source": "Node0x1723c70", "target": "Node0x1688f60", "key": 0}, {"source": "Node0x1723c70", "target": "Node0x1742110", "key": 0}, {"source": "Node0x1722df0", "target": "Node0x1677760", "key": 0}, {"source": "Node0x1688ef0", "target": "Node0x1677760", "key": 0}, {"source": "Node0x1688e80", "target": "Node0x1677760", "key": 0}, {"source": "Node0x1742450", "target": "Node0x1677760", "key": 0}, {"source": "Node0x1721e20", "target": "Node0x1677760", "key": 0}, {"source": "Node0x17242e0", "target": "Node0x1677760", "key": 0}, {"source": "Node0x1742530", "target": "Node0x1677760", "key": 0}, {"source": "Node0x1722d40", "target": "Node0x1677760", "key": 0}, {"source": "Node0x1724090", "target": "Node0x1677760", "key": 0}, {"source": "Node0x1723c00", "target": "Node0x17238b0", "key": 0}, {"source": "Node0x1723c00", "target": "Node0x1723dc0", "key": 0}, {"source": "Node0x1723c00", "target": "Node0x1723920", "key": 0}, {"source": "Node0x1723c00", "target": "Node0x1723920", "key": 1}, {"source": "Node0x1723c00", "target": "Node0x1723920", "key": 2}, {"source": "Node0x1723c00", "target": "Node0x1688f60", "key": 0}, {"source": "Node0x1723c00", "target": "Node0x17239d0", "key": 0}, {"source": "Node0x1723c00", "target": "Node0x1724060", "key": 0}, {"source": "Node0x1723c00", "target": "Node0x1742480", "key": 0}, {"source": "Node0x1723c00", "target": "Node0x1742450", "key": 0}, {"source": "Node0x1723c00", "target": "Node0x1721ba0", "key": 0}, {"source": "Node0x1723c00", "target": "Node0x16778a0", "key": 0}, {"source": "Node0x1723c00", "target": "Node0x1742530", "key": 0}, {"source": "Node0x1721c40", "target": "Node0x1677760", "key": 0}, {"source": "Node0x1677700", "target": "Node0x17229d0", "key": 0}, {"source": "Node0x1677700", "target": "Node0x1688f60", "key": 0}, {"source": "Node0x1677700", "target": "Node0x1722ca0", "key": 0}, {"source": "Node0x1677700", "target": "Node0x1689a50", "key": 0}, {"source": "Node0x1677700", "target": "Node0x16777d0", "key": 0}, {"source": "Node0x1677700", "target": "Node0x1723f00", "key": 0}, {"source": "Node0x1677700", "target": "Node0x16778a0", "key": 0}, {"source": "Node0x1677700", "target": "Node0x1722b90", "key": 0}, {"source": "Node0x1677700", "target": "Node0x17238b0", "key": 0}, {"source": "Node0x1677700", "target": "Node0x1677870", "key": 0}, {"source": "Node0x1677700", "target": "Node0x1723dc0", "key": 0}, {"source": "Node0x1677700", "target": "Node0x1723920", "key": 0}, {"source": "Node0x1677700", "target": "Node0x1723ce0", "key": 0}, {"source": "Node0x1677700", "target": "Node0x17236a0", "key": 0}, {"source": "Node0x1677700", "target": "Node0x1722df0", "key": 0}, {"source": "Node0x1677700", "target": "Node0x1688ef0", "key": 0}, {"source": "Node0x1677700", "target": "Node0x1688e80", "key": 0}, {"source": "Node0x1677700", "target": "Node0x1742450", "key": 0}, {"source": "Node0x1677700", "target": "Node0x1721e20", "key": 0}, {"source": "Node0x1677700", "target": "Node0x17242e0", "key": 0}, {"source": "Node0x1677700", "target": "Node0x1742530", "key": 0}, {"source": "Node0x1677700", "target": "Node0x1722d40", "key": 0}, {"source": "Node0x1677700", "target": "Node0x1723e30", "key": 0}, {"source": "Node0x1677700", "target": "Node0x1724090", "key": 0}, {"source": "Node0x1677700", "target": "Node0x1721c40", "key": 0}, {"source": "Node0x1677700", "target": "Node0x1724350", "key": 0}, {"source": "Node0x1677700", "target": "Node0x1723f30", "key": 0}, {"source": "Node0x1677700", "target": "Node0x1723f30", "key": 1}, {"source": "Node0x1677700", "target": "Node0x1723760", "key": 0}, {"source": "Node0x1677700", "target": "Node0x17227c0", "key": 0}, {"source": "Node0x1677700", "target": "Node0x17237d0", "key": 0}, {"source": "Node0x1677700", "target": "Node0x17236f0", "key": 0}, {"source": "Node0x1677700", "target": "Node0x1722ae0", "key": 0}, {"source": "Node0x1677700", "target": "Node0x16899e0", "key": 0}, {"source": "Node0x1677700", "target": "Node0x1724060", "key": 0}, {"source": "Node0x1677700", "target": "Node0x17422b0", "key": 0}, {"source": "Node0x1677700", "target": "Node0x1721ce0", "key": 0}, {"source": "Node0x1677700", "target": "Node0x1742480", "key": 0}, {"source": "Node0x1677700", "target": "Node0x1688e50", "key": 0}, {"source": "Node0x1677700", "target": "Node0x1742930", "key": 0}, {"source": "Node0x1724350", "target": "Node0x1677760", "key": 0}, {"source": "Node0x1724190", "target": "Node0x17238b0", "key": 0}, {"source": "Node0x1724190", "target": "Node0x1723dc0", "key": 0}, {"source": "Node0x1724190", "target": "Node0x1723920", "key": 0}, {"source": "Node0x1724190", "target": "Node0x1723920", "key": 1}, {"source": "Node0x1724190", "target": "Node0x1723920", "key": 2}, {"source": "Node0x1724190", "target": "Node0x1688f60", "key": 0}, {"source": "Node0x1724190", "target": "Node0x17239d0", "key": 0}, {"source": "Node0x1724190", "target": "Node0x1724060", "key": 0}, {"source": "Node0x1724190", "target": "Node0x1724060", "key": 1}, {"source": "Node0x1724190", "target": "Node0x1742480", "key": 0}, {"source": "Node0x1724190", "target": "Node0x1742450", "key": 0}, {"source": "Node0x1724190", "target": "Node0x1721ba0", "key": 0}, {"source": "Node0x1724190", "target": "Node0x1721ba0", "key": 1}, {"source": "Node0x1724190", "target": "Node0x16778a0", "key": 0}, {"source": "Node0x1724190", "target": "Node0x1742530", "key": 0}, {"source": "Node0x1724190", "target": "Node0x1742530", "key": 1}, {"source": "Node0x1723f30", "target": "Node0x1677760", "key": 0}, {"source": "Node0x1722e20", "target": "Node0x1721ba0", "key": 0}, {"source": "Node0x1722e20", "target": "Node0x16778a0", "key": 0}, {"source": "Node0x1722e20", "target": "Node0x1723920", "key": 0}, {"source": "Node0x1722e20", "target": "Node0x1688f60", "key": 0}, {"source": "Node0x1723760", "target": "Node0x1677760", "key": 0}, {"source": "Node0x1742240", "target": "Node0x17238b0", "key": 0}, {"source": "Node0x1742240", "target": "Node0x1723dc0", "key": 0}, {"source": "Node0x1742240", "target": "Node0x1723920", "key": 0}, {"source": "Node0x1742240", "target": "Node0x1723920", "key": 1}, {"source": "Node0x1742240", "target": "Node0x1723920", "key": 2}, {"source": "Node0x1742240", "target": "Node0x1688f60", "key": 0}, {"source": "Node0x1742240", "target": "Node0x17239d0", "key": 0}, {"source": "Node0x1742240", "target": "Node0x16778a0", "key": 0}, {"source": "Node0x17227c0", "target": "Node0x1677760", "key": 0}, {"source": "Node0x17244f0", "target": "Node0x16778a0", "key": 0}, {"source": "Node0x1722860", "target": "Node0x1721ce0", "key": 0}, {"source": "Node0x1722860", "target": "Node0x16778a0", "key": 0}, {"source": "Node0x1722860", "target": "Node0x1721c40", "key": 0}, {"source": "Node0x1721d50", "target": "Node0x1721ce0", "key": 0}, {"source": "Node0x1721d50", "target": "Node0x16778a0", "key": 0}, {"source": "Node0x1721d50", "target": "Node0x1742110", "key": 0}, {"source": "Node0x1721d50", "target": "Node0x1742110", "key": 1}, {"source": "Node0x1721d50", "target": "Node0x1688f60", "key": 0}, {"source": "Node0x1721d50", "target": "Node0x1688f60", "key": 1}, {"source": "Node0x1721d50", "target": "Node0x1688f60", "key": 2}, {"source": "Node0x1721d50", "target": "Node0x1721c40", "key": 0}, {"source": "Node0x1677960", "target": "Node0x1721ba0", "key": 0}, {"source": "Node0x17237d0", "target": "Node0x1677760", "key": 0}, {"source": "Node0x17236f0", "target": "Node0x1677760", "key": 0}, {"source": "Node0x1722ae0", "target": "Node0x1724200", "key": 0}, {"source": "Node0x1722ae0", "target": "Node0x1688f60", "key": 0}, {"source": "Node0x1722ae0", "target": "Node0x1688f60", "key": 1}, {"source": "Node0x1722ae0", "target": "Node0x1688f60", "key": 2}, {"source": "Node0x1722ae0", "target": "Node0x1688f60", "key": 3}, {"source": "Node0x1722ae0", "target": "Node0x1722d40", "key": 0}, {"source": "Node0x1722ae0", "target": "Node0x1722cd0", "key": 0}, {"source": "Node0x1722ae0", "target": "Node0x1722df0", "key": 0}, {"source": "Node0x1722ae0", "target": "Node0x1722df0", "key": 1}, {"source": "Node0x1722ae0", "target": "Node0x1722df0", "key": 2}, {"source": "Node0x1722ae0", "target": "Node0x17238b0", "key": 0}, {"source": "Node0x1722ae0", "target": "Node0x1723dc0", "key": 0}, {"source": "Node0x1722ae0", "target": "Node0x1723920", "key": 0}, {"source": "Node0x1722ae0", "target": "Node0x1723920", "key": 1}, {"source": "Node0x1722ae0", "target": "Node0x1723920", "key": 2}, {"source": "Node0x1722ae0", "target": "Node0x1723920", "key": 3}, {"source": "Node0x1722ae0", "target": "Node0x1723920", "key": 4}, {"source": "Node0x1722ae0", "target": "Node0x1723920", "key": 5}, {"source": "Node0x1722ae0", "target": "Node0x1723ce0", "key": 0}, {"source": "Node0x1722ae0", "target": "Node0x17239d0", "key": 0}, {"source": "Node0x1722ae0", "target": "Node0x1677760", "key": 0}, {"source": "Node0x1722ae0", "target": "Node0x1677760", "key": 1}, {"source": "Node0x1722ae0", "target": "Node0x1677760", "key": 2}, {"source": "Node0x1722ae0", "target": "Node0x1723c70", "key": 0}, {"source": "Node0x1722ae0", "target": "Node0x1723a40", "key": 0}, {"source": "Node0x1722ae0", "target": "Node0x17242e0", "key": 0}, {"source": "Node0x1722ae0", "target": "Node0x1723b90", "key": 0}, {"source": "Node0x1722ae0", "target": "Node0x1722ca0", "key": 0}, {"source": "Node0x1722ae0", "target": "Node0x1724270", "key": 0}, {"source": "Node0x1722ae0", "target": "Node0x1724350", "key": 0}, {"source": "Node0x1722ae0", "target": "Node0x1723ab0", "key": 0}, {"source": "Node0x1722ae0", "target": "Node0x1722e20", "key": 0}, {"source": "Node0x1722ae0", "target": "Node0x16778a0", "key": 0}, {"source": "Node0x1722ae0", "target": "Node0x16778a0", "key": 1}, {"source": "Node0x1722ae0", "target": "Node0x16778a0", "key": 2}, {"source": "Node0x1722ae0", "target": "Node0x16778a0", "key": 3}, {"source": "Node0x1722ae0", "target": "Node0x1724190", "key": 0}, {"source": "Node0x1722ae0", "target": "Node0x1723c00", "key": 0}, {"source": "Node0x1722ae0", "target": "Node0x1723b20", "key": 0}, {"source": "Node0x1722ae0", "target": "Node0x1723d50", "key": 0}, {"source": "Node0x1722ae0", "target": "Node0x1688e50", "key": 0}, {"source": "Node0x1722ae0", "target": "Node0x1721ba0", "key": 0}, {"source": "Node0x1723ab0", "target": "Node0x16778a0", "key": 0}, {"source": "Node0x1723ab0", "target": "Node0x17422b0", "key": 0}, {"source": "Node0x16899e0", "target": "Node0x1677760", "key": 0}, {"source": "Node0x1724060", "target": "Node0x1677760", "key": 0}, {"source": "Node0x1723b20", "target": "Node0x1742240", "key": 0}, {"source": "Node0x1723b20", "target": "Node0x16778a0", "key": 0}, {"source": "Node0x1723b20", "target": "Node0x1688f60", "key": 0}, {"source": "Node0x1723b20", "target": "Node0x1721ba0", "key": 0}, {"source": "Node0x17422b0", "target": "Node0x1677760", "key": 0}, {"source": "Node0x1721ec0", "target": "Node0x1721ce0", "key": 0}, {"source": "Node0x1721ec0", "target": "Node0x16778a0", "key": 0}, {"source": "Node0x1721ec0", "target": "Node0x1723ce0", "key": 0}, {"source": "Node0x1721ec0", "target": "Node0x1721c40", "key": 0}, {"source": "Node0x1689bf0", "target": "Node0x17227f0", "key": 0}, {"source": "Node0x1689bf0", "target": "Node0x1721e20", "key": 0}, {"source": "Node0x1689bf0", "target": "Node0x1721e20", "key": 1}, {"source": "Node0x1689bf0", "target": "Node0x1721e20", "key": 2}, {"source": "Node0x1689bf0", "target": "Node0x1721e20", "key": 3}, {"source": "Node0x1689bf0", "target": "Node0x1721e20", "key": 4}, {"source": "Node0x1689bf0", "target": "Node0x1721f30", "key": 0}, {"source": "Node0x1689bf0", "target": "Node0x1721c40", "key": 0}, {"source": "Node0x1689bf0", "target": "Node0x1721c40", "key": 1}, {"source": "Node0x1689bf0", "target": "Node0x1721c70", "key": 0}, {"source": "Node0x1689bf0", "target": "Node0x16899e0", "key": 0}, {"source": "Node0x1689bf0", "target": "Node0x16899e0", "key": 1}, {"source": "Node0x1689bf0", "target": "Node0x16899e0", "key": 2}, {"source": "Node0x1689bf0", "target": "Node0x16899e0", "key": 3}, {"source": "Node0x1689bf0", "target": "Node0x16899e0", "key": 4}, {"source": "Node0x1689bf0", "target": "Node0x1721ec0", "key": 0}, {"source": "Node0x1689bf0", "target": "Node0x1689bf0", "key": 0}, {"source": "Node0x1689bf0", "target": "Node0x1689bf0", "key": 1}, {"source": "Node0x1689bf0", "target": "Node0x1689bf0", "key": 2}, {"source": "Node0x1689bf0", "target": "Node0x1689bf0", "key": 3}, {"source": "Node0x1689bf0", "target": "Node0x1689bf0", "key": 4}, {"source": "Node0x1689bf0", "target": "Node0x17228d0", "key": 0}, {"source": "Node0x1689bf0", "target": "Node0x1721ce0", "key": 0}, {"source": "Node0x1689bf0", "target": "Node0x1721ce0", "key": 1}, {"source": "Node0x1689bf0", "target": "Node0x17227c0", "key": 0}, {"source": "Node0x1689bf0", "target": "Node0x17227c0", "key": 1}, {"source": "Node0x1689bf0", "target": "Node0x17227c0", "key": 2}, {"source": "Node0x1689bf0", "target": "Node0x17227c0", "key": 3}, {"source": "Node0x1689bf0", "target": "Node0x17227c0", "key": 4}, {"source": "Node0x1689bf0", "target": "Node0x1722940", "key": 0}, {"source": "Node0x1689bf0", "target": "Node0x1721d50", "key": 0}, {"source": "Node0x1689bf0", "target": "Node0x1722860", "key": 0}, {"source": "Node0x1689bf0", "target": "Node0x1721e90", "key": 0}, {"source": "Node0x1721ce0", "target": "Node0x1677760", "key": 0}, {"source": "Node0x1742480", "target": "Node0x1677760", "key": 0}, {"source": "Node0x1722940", "target": "Node0x1721ce0", "key": 0}, {"source": "Node0x1722940", "target": "Node0x16778a0", "key": 0}, {"source": "Node0x1722940", "target": "Node0x1721c40", "key": 0}, {"source": "Node0x1723b90", "target": "Node0x1742240", "key": 0}, {"source": "Node0x1688e50", "target": "Node0x1677760", "key": 0}, {"source": "Node0x1724270", "target": "Node0x1721ba0", "key": 0}, {"source": "Node0x1724270", "target": "Node0x16778a0", "key": 0}, {"source": "Node0x1724270", "target": "Node0x1723920", "key": 0}, {"source": "Node0x1724270", "target": "Node0x1688f60", "key": 0}, {"source": "Node0x1721e90", "target": "Node0x1721ce0", "key": 0}, {"source": "Node0x1721e90", "target": "Node0x16778a0", "key": 0}, {"source": "Node0x1721e90", "target": "Node0x1721c40", "key": 0}], "multigraph": true}
