{"nodes": [{"id": "{parse_unicode_node}", "type": 2, "data": {"clustering_coefficient": 0.10714285714285714, "macke_vulnerabilities_found": 1, "distance_to_interface": 3, "faulty": false, "node_degree": [7, 1, 8], "node_path_length": 1.3333333333333333, "macke_bug_chain_length": 1}}, {"id": "{write_date}", "type": 4, "data": {"clustering_coefficient": 0.3, "macke_vulnerabilities_found": 1, "distance_to_interface": 2, "faulty": false, "node_degree": [4, 1, 5], "node_path_length": 1.0, "macke_bug_chain_length": 1}}, {"id": "{parse_date_node}", "type": 1, "data": {"clustering_coefficient": 0.3333333333333333, "macke_vulnerabilities_found": 1, "distance_to_interface": 3, "faulty": false, "node_degree": [2, 1, 3], "node_path_length": 2.0, "macke_bug_chain_length": 1}}, {"id": "{copy_plist_data}", "type": 4, "data": {"clustering_coefficient": 0.5, "macke_vulnerabilities_found": 1, "distance_to_interface": 1, "faulty": false, "node_degree": [3, 1, 4], "node_path_length": 2.0, "macke_bug_chain_length": 1}}, {"id": "{float_byte_convert}", "type": 4, "data": {"clustering_coefficient": 0.0, "macke_vulnerabilities_found": 1, "distance_to_interface": 3, "faulty": false, "node_degree": [0, 3, 3], "node_path_length": 0, "macke_bug_chain_length": 1}}, {"id": "{free}", "type": 5, "data": {"clustering_coefficient": 0.1323529411764706, "macke_vulnerabilities_found": 0, "distance_to_interface": 1, "faulty": false, "node_degree": [1, 16, 17], "node_path_length": 1.0, "macke_bug_chain_length": 0}}, {"id": "{ptr_array_new}", "type": 4, "data": {"clustering_coefficient": 0.6666666666666666, "macke_vulnerabilities_found": 0, "distance_to_interface": 1, "faulty": false, "node_degree": [1, 2, 3], "node_path_length": 1.0, "macke_bug_chain_length": 0}}, {"id": "{write_string}", "type": 1, "data": {"clustering_coefficient": 0.3333333333333333, "macke_vulnerabilities_found": 1, "distance_to_interface": 2, "faulty": false, "node_degree": [2, 1, 3], "node_path_length": 1.8571428571428572, "macke_bug_chain_length": 1}}, {"id": "{parse_uint_node}", "type": 1, "data": {"clustering_coefficient": 0.3333333333333333, "macke_vulnerabilities_found": 0, "distance_to_interface": 3, "faulty": false, "node_degree": [5, 1, 6], "node_path_length": 1.1428571428571428, "macke_bug_chain_length": 0}}, {"id": "{parse_uid_node}", "type": 2, "data": {"clustering_coefficient": 0.3333333333333333, "macke_vulnerabilities_found": 0, "distance_to_interface": 4, "faulty": false, "node_degree": [5, 1, 6], "node_path_length": 1.0, "macke_bug_chain_length": 0}}, {"id": "{serialize_plist}", "type": 4, "data": {"clustering_coefficient": 0.2, "macke_vulnerabilities_found": 1, "distance_to_interface": 2, "faulty": false, "node_degree": [8, 2, 10], "node_path_length": 1.2222222222222223, "macke_bug_chain_length": 1}}, {"id": "{llvm.dbg.declare}", "type": 2, "data": {"clustering_coefficient": 0, "macke_vulnerabilities_found": 0, "distance_to_interface": 1, "faulty": false, "node_degree": [0, 1, 1], "node_path_length": 0, "macke_bug_chain_length": 0}}, {"id": "{plist_from_bin}", "type": 0, "data": {"clustering_coefficient": 0.2727272727272727, "macke_vulnerabilities_found": 0, "distance_to_interface": 1, "faulty": false, "node_degree": [10, 1, 11], "node_path_length": 2.0436967679700797, "macke_bug_chain_length": 0}}, {"id": "{plist_data_hash}", "type": 5, "data": {"clustering_coefficient": 0.6666666666666666, "macke_vulnerabilities_found": 1, "distance_to_interface": 1, "faulty": false, "node_degree": [2, 1, 3], "node_path_length": 1.0, "macke_bug_chain_length": 1}}, {"id": "{malloc}", "type": 0, "data": {"clustering_coefficient": 0.07905138339920949, "macke_vulnerabilities_found": 0, "distance_to_interface": 1, "faulty": false, "node_degree": [1, 22, 23], "node_path_length": 1.0, "macke_bug_chain_length": 0}}, {"id": "{strdup}", "type": 5, "data": {"clustering_coefficient": 0.3333333333333333, "macke_vulnerabilities_found": 0, "distance_to_interface": 1, "faulty": false, "node_degree": [1, 2, 3], "node_path_length": 1.0, "macke_bug_chain_length": 0}}, {"id": "{byte_array_new}", "type": 2, "data": {"clustering_coefficient": 0.26666666666666666, "macke_vulnerabilities_found": 0, "distance_to_interface": 1, "faulty": false, "node_degree": [1, 5, 6], "node_path_length": 1.0, "macke_bug_chain_length": 0}}, {"id": "{memcmp}", "type": 2, "data": {"clustering_coefficient": 0.6666666666666666, "macke_vulnerabilities_found": 0, "distance_to_interface": 1, "faulty": false, "node_degree": [1, 2, 3], "node_path_length": 1.0, "macke_bug_chain_length": 0}}, {"id": "{byte_array_free}", "type": 4, "data": {"clustering_coefficient": 0.26666666666666666, "macke_vulnerabilities_found": 0, "distance_to_interface": 1, "faulty": false, "node_degree": [1, 5, 6], "node_path_length": 1.0, "macke_bug_chain_length": 0}}, {"id": "{byte_array_append}", "type": 4, "data": {"clustering_coefficient": 0.21818181818181817, "macke_vulnerabilities_found": 0, "distance_to_interface": 1, "faulty": false, "node_degree": [1, 10, 11], "node_path_length": 1.0, "macke_bug_chain_length": 0}}, {"id": "{strlen}", "type": 2, "data": {"clustering_coefficient": 0.19047619047619047, "macke_vulnerabilities_found": 0, "distance_to_interface": 1, "faulty": false, "node_degree": [1, 6, 7], "node_path_length": 0, "macke_bug_chain_length": 0}}, {"id": "{write_int}", "type": 3, "data": {"clustering_coefficient": 0.6071428571428571, "macke_vulnerabilities_found": 1, "distance_to_interface": 2, "faulty": false, "node_degree": [4, 4, 8], "node_path_length": 1.0, "macke_bug_chain_length": 1}}, {"id": "Node0x1677760", "type": 5}, {"id": "{node_iterator_next}", "type": 3, "data": {"clustering_coefficient": 0.0, "macke_vulnerabilities_found": 0, "distance_to_interface": 1, "faulty": false, "node_degree": [1, 2, 3], "node_path_length": 1.0, "macke_bug_chain_length": 0}}, {"id": "{write_real}", "type": 1, "data": {"clustering_coefficient": 0.3, "macke_vulnerabilities_found": 1, "distance_to_interface": 2, "faulty": false, "node_degree": [4, 1, 5], "node_path_length": 1.0, "macke_bug_chain_length": 1}}, {"id": "{ptr_array_index}", "type": 3, "data": {"clustering_coefficient": 0.6666666666666666, "macke_vulnerabilities_found": 0, "distance_to_interface": 1, "faulty": false, "node_degree": [1, 2, 3], "node_path_length": 1.0, "macke_bug_chain_length": 0}}, {"id": "{node_attach}", "type": 5, "data": {"clustering_coefficient": 0.6666666666666666, "macke_vulnerabilities_found": 0, "distance_to_interface": 1, "faulty": false, "node_degree": [1, 2, 3], "node_path_length": 1.0, "macke_bug_chain_length": 0}}, {"id": "{node_copy_deep}", "type": 2, "data": {"clustering_coefficient": 0.6666666666666666, "macke_vulnerabilities_found": 0, "distance_to_interface": 1, "faulty": false, "node_degree": [1, 2, 3], "node_path_length": 1.0, "macke_bug_chain_length": 0}}, {"id": "{node_n_children}", "type": 3, "data": {"clustering_coefficient": 0.0, "macke_vulnerabilities_found": 0, "distance_to_interface": 1, "faulty": false, "node_degree": [1, 3, 4], "node_path_length": 1.0, "macke_bug_chain_length": 0}}, {"id": "{plist_get_uint_val}", "type": 2, "data": {"clustering_coefficient": 0.0, "macke_vulnerabilities_found": 0, "distance_to_interface": 1, "faulty": false, "node_degree": [1, 2, 3], "node_path_length": 1.0, "macke_bug_chain_length": 0}}, {"id": "{ptr_array_free}", "type": 4, "data": {"clustering_coefficient": 0.6666666666666666, "macke_vulnerabilities_found": 0, "distance_to_interface": 1, "faulty": false, "node_degree": [1, 2, 3], "node_path_length": 1.0, "macke_bug_chain_length": 0}}, {"id": "{node_next_sibling}", "type": 3, "data": {"clustering_coefficient": 0.0, "macke_vulnerabilities_found": 0, "distance_to_interface": 1, "faulty": false, "node_degree": [1, 3, 4], "node_path_length": 1.0, "macke_bug_chain_length": 0}}, {"id": "{hash_table_new}", "type": 0, "data": {"clustering_coefficient": 0.6666666666666666, "macke_vulnerabilities_found": 0, "distance_to_interface": 1, "faulty": false, "node_degree": [1, 2, 3], "node_path_length": 1.0, "macke_bug_chain_length": 0}}, {"id": "{llvm.memset.p0i8.i64}", "type": 4, "data": {"clustering_coefficient": 0, "macke_vulnerabilities_found": 0, "distance_to_interface": 1, "faulty": false, "node_degree": [0, 1, 1], "node_path_length": 0, "macke_bug_chain_length": 0}}, {"id": "{hash_table_insert}", "type": 2, "data": {"clustering_coefficient": 0.0, "macke_vulnerabilities_found": 0, "distance_to_interface": 1, "faulty": false, "node_degree": [1, 2, 3], "node_path_length": 1.0, "macke_bug_chain_length": 0}}, {"id": "{write_array}", "type": 5, "data": {"clustering_coefficient": 0.16666666666666666, "macke_vulnerabilities_found": 1, "distance_to_interface": 2, "faulty": false, "node_degree": [11, 1, 12], "node_path_length": 1.0, "macke_bug_chain_length": 1}}, {"id": "{plist_new_plist_data}", "type": 5, "data": {"clustering_coefficient": 0.16666666666666666, "macke_vulnerabilities_found": 0, "distance_to_interface": 1, "faulty": false, "node_degree": [1, 11, 12], "node_path_length": 1.0, "macke_bug_chain_length": 0}}, {"id": "{external node}", "type": 3, "data": {"clustering_coefficient": 0.032388663967611336, "macke_vulnerabilities_found": 0, "distance_to_interface": 999, "faulty": false, "node_degree": [39, 0, 39], "node_path_length": 0, "macke_bug_chain_length": 0}}, {"id": "{hash_table_destroy}", "type": 0, "data": {"clustering_coefficient": 0.6666666666666666, "macke_vulnerabilities_found": 0, "distance_to_interface": 1, "faulty": false, "node_degree": [1, 2, 3], "node_path_length": 1.0, "macke_bug_chain_length": 0}}, {"id": "{write_dict}", "type": 2, "data": {"clustering_coefficient": 0.16666666666666666, "macke_vulnerabilities_found": 1, "distance_to_interface": 2, "faulty": false, "node_degree": [11, 1, 12], "node_path_length": 1.0588235294117647, "macke_bug_chain_length": 1}}, {"id": "{plist_data_compare}", "type": 5, "data": {"clustering_coefficient": 0.0, "macke_vulnerabilities_found": 0, "distance_to_interface": 1, "faulty": false, "node_degree": [1, 1, 2], "node_path_length": 1.0, "macke_bug_chain_length": 0}}, {"id": "{write_uint}", "type": 5, "data": {"clustering_coefficient": 0.4, "macke_vulnerabilities_found": 1, "distance_to_interface": 2, "faulty": false, "node_degree": [4, 1, 5], "node_path_length": 1.0, "macke_bug_chain_length": 1}}, {"id": "{node_iterator_create}", "type": 1, "data": {"clustering_coefficient": 0.0, "macke_vulnerabilities_found": 0, "distance_to_interface": 1, "faulty": false, "node_degree": [1, 2, 3], "node_path_length": 1.0, "macke_bug_chain_length": 0}}, {"id": "{write_raw_data}", "type": 2, "data": {"clustering_coefficient": 0.1388888888888889, "macke_vulnerabilities_found": 1, "distance_to_interface": 3, "faulty": false, "node_degree": [6, 3, 9], "node_path_length": 1.0, "macke_bug_chain_length": 1}}, {"id": "{plist_get_node_type}", "type": 0, "data": {"clustering_coefficient": 0.0, "macke_vulnerabilities_found": 0, "distance_to_interface": 1, "faulty": false, "node_degree": [1, 2, 3], "node_path_length": 1.0, "macke_bug_chain_length": 0}}, {"id": "{plist_utf16_to_utf8}", "type": 4, "data": {"clustering_coefficient": 1.0, "macke_vulnerabilities_found": 1, "distance_to_interface": 4, "faulty": false, "node_degree": [1, 1, 2], "node_path_length": 1.0, "macke_bug_chain_length": 1}}, {"id": "{parse_array_node}", "type": 2, "data": {"clustering_coefficient": 0.3333333333333333, "macke_vulnerabilities_found": 1, "distance_to_interface": 4, "faulty": false, "node_degree": [3, 1, 4], "node_path_length": 1.0, "macke_bug_chain_length": 1}}, {"id": "{parse_real_node}", "type": 0, "data": {"clustering_coefficient": 0.14285714285714285, "macke_vulnerabilities_found": 1, "distance_to_interface": 4, "faulty": false, "node_degree": [5, 2, 7], "node_path_length": 1.0, "macke_bug_chain_length": 1}}, {"id": "{uint24_from_be}", "type": 1, "data": {"clustering_coefficient": 0.0, "macke_vulnerabilities_found": 1, "distance_to_interface": 2, "faulty": false, "node_degree": [1, 3, 4], "node_path_length": 1.0, "macke_bug_chain_length": 1}}, {"id": "{node_iterator_destroy}", "type": 1, "data": {"clustering_coefficient": 0.0, "macke_vulnerabilities_found": 0, "distance_to_interface": 1, "faulty": false, "node_degree": [1, 2, 3], "node_path_length": 1.0, "macke_bug_chain_length": 0}}, {"id": "{ptr_array_add}", "type": 5, "data": {"clustering_coefficient": 0.0, "macke_vulnerabilities_found": 0, "distance_to_interface": 1, "faulty": false, "node_degree": [1, 2, 3], "node_path_length": 1.0, "macke_bug_chain_length": 0}}, {"id": "{plist_to_bin}", "type": 4, "data": {"clustering_coefficient": 0.164021164021164, "macke_vulnerabilities_found": 0, "distance_to_interface": 1, "faulty": false, "node_degree": [27, 1, 28], "node_path_length": 1.805956310312681, "macke_bug_chain_length": 0}}, {"id": "{plist_utf8_to_utf16}", "type": 1, "data": {"clustering_coefficient": 0.3333333333333333, "macke_vulnerabilities_found": 1, "distance_to_interface": 2, "faulty": false, "node_degree": [2, 1, 3], "node_path_length": 1.3333333333333333, "macke_bug_chain_length": 1}}, {"id": "{plist_free}", "type": 5, "data": {"clustering_coefficient": 0.5, "macke_vulnerabilities_found": 0, "distance_to_interface": 1, "faulty": false, "node_degree": [1, 3, 4], "node_path_length": 1.0, "macke_bug_chain_length": 0}}, {"id": "{hash_table_lookup}", "type": 0, "data": {"clustering_coefficient": 0.0, "macke_vulnerabilities_found": 0, "distance_to_interface": 1, "faulty": false, "node_degree": [1, 4, 5], "node_path_length": 1.0, "macke_bug_chain_length": 0}}, {"id": "{write_unicode}", "type": 3, "data": {"clustering_coefficient": 0.5, "macke_vulnerabilities_found": 1, "distance_to_interface": 2, "faulty": false, "node_degree": [4, 1, 5], "node_path_length": 1.0, "macke_bug_chain_length": 1}}, {"id": "{fprintf}", "type": 5, "data": {"clustering_coefficient": 0.0, "macke_vulnerabilities_found": 0, "distance_to_interface": 1, "faulty": false, "node_degree": [1, 2, 3], "node_path_length": 1.0, "macke_bug_chain_length": 0}}, {"id": "{parse_string_node}", "type": 2, "data": {"clustering_coefficient": 0.2, "macke_vulnerabilities_found": 1, "distance_to_interface": 3, "faulty": true, "node_degree": [4, 1, 5], "node_path_length": 1.0, "macke_bug_chain_length": 1, "cvss3": {"baseScore": 5, "privilegesRequired": "LOW", "integrityImpact": "NONE", "availabilityImpact": "HIGH", "attackVector": "LOCAL", "attackComplexity": "LOW", "scope": "UNCHANGED", "vectorString": "AV:L/AC:L/PR:L/UI:R/S:U/C:N/I:N/A:H", "userInteraction": "REQUIRED", "baseSeverity": "MEDIUM", "confidentialityImpact": "NONE"}}}, {"id": "{parse_bin_node}", "type": 5, "data": {"clustering_coefficient": 0.2426470588235294, "macke_vulnerabilities_found": 0, "distance_to_interface": 2, "faulty": false, "node_degree": [15, 2, 17], "node_path_length": 2.3372494048016375, "macke_bug_chain_length": 0}}, {"id": "{node_create}", "type": 0, "data": {"clustering_coefficient": 0.18181818181818182, "macke_vulnerabilities_found": 0, "distance_to_interface": 1, "faulty": false, "node_degree": [1, 10, 11], "node_path_length": 1.0, "macke_bug_chain_length": 0}}, {"id": "{node_first_child}", "type": 1, "data": {"clustering_coefficient": 0.0, "macke_vulnerabilities_found": 0, "distance_to_interface": 1, "faulty": false, "node_degree": [1, 3, 4], "node_path_length": 1.0, "macke_bug_chain_length": 0}}, {"id": "{parse_dict_node}", "type": 2, "data": {"clustering_coefficient": 0.3333333333333333, "macke_vulnerabilities_found": 1, "distance_to_interface": 4, "faulty": false, "node_degree": [3, 1, 4], "node_path_length": 1.0, "macke_bug_chain_length": 1}}, {"id": "{write_data}", "type": 2, "data": {"clustering_coefficient": 0.0, "macke_vulnerabilities_found": 1, "distance_to_interface": 2, "faulty": false, "node_degree": [1, 1, 2], "node_path_length": 1.0, "macke_bug_chain_length": 1}}, {"id": "{is_ascii_string}", "type": 5, "data": {"clustering_coefficient": 0, "macke_vulnerabilities_found": 1, "distance_to_interface": 2, "faulty": false, "node_degree": [0, 1, 1], "node_path_length": 0, "macke_bug_chain_length": 1}}, {"id": "{plist_get_data}", "type": 0, "data": {"clustering_coefficient": 0.3333333333333333, "macke_vulnerabilities_found": 0, "distance_to_interface": 1, "faulty": false, "node_degree": [1, 5, 6], "node_path_length": 0, "macke_bug_chain_length": 0}}, {"id": "{byte_convert}", "type": 4, "data": {"clustering_coefficient": 0.2222222222222222, "macke_vulnerabilities_found": 1, "distance_to_interface": 2, "faulty": false, "node_degree": [0, 9, 9], "node_path_length": 0, "macke_bug_chain_length": 1}}, {"id": "{llvm.memcpy.p0i8.p0i8.i64}", "type": 1, "data": {"clustering_coefficient": 0, "macke_vulnerabilities_found": 0, "distance_to_interface": 1, "faulty": false, "node_degree": [0, 1, 1], "node_path_length": 0, "macke_bug_chain_length": 0}}, {"id": "{write_uid}", "type": 4, "data": {"clustering_coefficient": 0.4, "macke_vulnerabilities_found": 1, "distance_to_interface": 2, "faulty": false, "node_degree": [4, 1, 5], "node_path_length": 1.0, "macke_bug_chain_length": 1}}, {"id": "{parse_data_node}", "type": 3, "data": {"clustering_coefficient": 0.3333333333333333, "macke_vulnerabilities_found": 1, "distance_to_interface": 4, "faulty": false, "node_degree": [3, 1, 4], "node_path_length": 1.0, "macke_bug_chain_length": 1}}], "links": [{"source": "{parse_unicode_node}", "target": "{free}", "type": 2}, {"source": "{parse_unicode_node}", "target": "{free}", "type": 0}, {"source": "{parse_unicode_node}", "target": "{strlen}", "type": 1}, {"source": "{parse_unicode_node}", "target": "{plist_new_plist_data}", "type": 2}, {"source": "{parse_unicode_node}", "target": "{node_create}", "type": 0}, {"source": "{parse_unicode_node}", "target": "{plist_utf16_to_utf8}", "type": 2}, {"source": "{parse_unicode_node}", "target": "{byte_convert}", "type": 0}, {"source": "{parse_unicode_node}", "target": "{malloc}", "type": 0}, {"source": "{parse_unicode_node}", "target": "{malloc}", "type": 1}, {"source": "{write_date}", "target": "{malloc}", "type": 0}, {"source": "{write_date}", "target": "{byte_array_append}", "type": 3}, {"source": "{write_date}", "target": "{free}", "type": 3}, {"source": "{write_date}", "target": "{float_byte_convert}", "type": 1}, {"source": "{parse_date_node}", "target": "{plist_get_data}", "type": 0}, {"source": "{parse_date_node}", "target": "{parse_real_node}", "type": 0}, {"source": "{copy_plist_data}", "target": "{malloc}", "type": 2}, {"source": "{copy_plist_data}", "target": "{malloc}", "type": 0}, {"source": "{copy_plist_data}", "target": "{strdup}", "type": 3}, {"source": "{copy_plist_data}", "target": "{plist_new_plist_data}", "type": 2}, {"source": "{free}", "target": "Node0x1677760", "type": 0}, {"source": "{ptr_array_new}", "target": "Node0x1677760", "type": 1}, {"source": "{write_string}", "target": "{write_raw_data}", "type": 1}, {"source": "{write_string}", "target": "{strlen}", "type": 0}, {"source": "{parse_uint_node}", "target": "{node_create}", "type": 2}, {"source": "{parse_uint_node}", "target": "Node0x1677760", "type": 0}, {"source": "{parse_uint_node}", "target": "Node0x1677760", "type": 0}, {"source": "{parse_uint_node}", "target": "Node0x1677760", "type": 2}, {"source": "{parse_uint_node}", "target": "Node0x1677760", "type": 0}, {"source": "{parse_uint_node}", "target": "{uint24_from_be}", "type": 1}, {"source": "{parse_uint_node}", "target": "{free}", "type": 1}, {"source": "{parse_uint_node}", "target": "{plist_new_plist_data}", "type": 3}, {"source": "{parse_uid_node}", "target": "{node_create}", "type": 0}, {"source": "{parse_uid_node}", "target": "Node0x1677760", "type": 3}, {"source": "{parse_uid_node}", "target": "Node0x1677760", "type": 0}, {"source": "{parse_uid_node}", "target": "Node0x1677760", "type": 2}, {"source": "{parse_uid_node}", "target": "{uint24_from_be}", "type": 3}, {"source": "{parse_uid_node}", "target": "{free}", "type": 3}, {"source": "{parse_uid_node}", "target": "{plist_new_plist_data}", "type": 3}, {"source": "{serialize_plist}", "target": "{node_iterator_destroy}", "type": 3}, {"source": "{serialize_plist}", "target": "{ptr_array_add}", "type": 3}, {"source": "{serialize_plist}", "target": "{hash_table_insert}", "type": 1}, {"source": "{serialize_plist}", "target": "{hash_table_lookup}", "type": 1}, {"source": "{serialize_plist}", "target": "{node_iterator_next}", "type": 3}, {"source": "{serialize_plist}", "target": "{serialize_plist}", "type": 2}, {"source": "{serialize_plist}", "target": "{node_iterator_create}", "type": 2}, {"source": "{serialize_plist}", "target": "{malloc}", "type": 1}, {"source": "{plist_from_bin}", "target": "{memcmp}", "type": 1}, {"source": "{plist_from_bin}", "target": "{memcmp}", "type": 3}, {"source": "{plist_from_bin}", "target": "{free}", "type": 0}, {"source": "{plist_from_bin}", "target": "{free}", "type": 3}, {"source": "{plist_from_bin}", "target": "{free}", "type": 1}, {"source": "{plist_from_bin}", "target": "{plist_free}", "type": 0}, {"source": "{plist_from_bin}", "target": "Node0x1677760", "type": 2}, {"source": "{plist_from_bin}", "target": "Node0x1677760", "type": 0}, {"source": "{plist_from_bin}", "target": "Node0x1677760", "type": 2}, {"source": "{plist_from_bin}", "target": "Node0x1677760", "type": 2}, {"source": "{plist_from_bin}", "target": "Node0x1677760", "type": 2}, {"source": "{plist_from_bin}", "target": "Node0x1677760", "type": 0}, {"source": "{plist_from_bin}", "target": "Node0x1677760", "type": 0}, {"source": "{plist_from_bin}", "target": "Node0x1677760", "type": 0}, {"source": "{plist_from_bin}", "target": "Node0x1677760", "type": 0}, {"source": "{plist_from_bin}", "target": "Node0x1677760", "type": 1}, {"source": "{plist_from_bin}", "target": "Node0x1677760", "type": 0}, {"source": "{plist_from_bin}", "target": "Node0x1677760", "type": 2}, {"source": "{plist_from_bin}", "target": "Node0x1677760", "type": 3}, {"source": "{plist_from_bin}", "target": "Node0x1677760", "type": 3}, {"source": "{plist_from_bin}", "target": "Node0x1677760", "type": 3}, {"source": "{plist_from_bin}", "target": "{parse_bin_node}", "type": 1}, {"source": "{plist_from_bin}", "target": "{node_attach}", "type": 2}, {"source": "{plist_from_bin}", "target": "{node_attach}", "type": 0}, {"source": "{plist_from_bin}", "target": "{node_attach}", "type": 0}, {"source": "{plist_from_bin}", "target": "{node_attach}", "type": 3}, {"source": "{plist_from_bin}", "target": "{node_copy_deep}", "type": 0}, {"source": "{plist_from_bin}", "target": "{node_copy_deep}", "type": 3}, {"source": "{plist_from_bin}", "target": "{node_copy_deep}", "type": 3}, {"source": "{plist_from_bin}", "target": "{plist_get_data}", "type": 1}, {"source": "{plist_from_bin}", "target": "{plist_get_data}", "type": 2}, {"source": "{plist_from_bin}", "target": "{plist_get_data}", "type": 0}, {"source": "{plist_from_bin}", "target": "{plist_get_data}", "type": 1}, {"source": "{plist_from_bin}", "target": "{malloc}", "type": 3}, {"source": "{plist_from_bin}", "target": "{uint24_from_be}", "type": 2}, {"source": "{plist_from_bin}", "target": "{uint24_from_be}", "type": 3}, {"source": "{plist_from_bin}", "target": "{uint24_from_be}", "type": 1}, {"source": "{plist_from_bin}", "target": "{uint24_from_be}", "type": 2}, {"source": "{plist_data_hash}", "target": "{plist_get_data}", "type": 3}, {"source": "{plist_data_hash}", "target": "{strlen}", "type": 0}, {"source": "{malloc}", "target": "Node0x1677760", "type": 0}, {"source": "{strdup}", "target": "Node0x1677760", "type": 1}, {"source": "{byte_array_new}", "target": "Node0x1677760", "type": 0}, {"source": "{memcmp}", "target": "Node0x1677760", "type": 2}, {"source": "{byte_array_free}", "target": "Node0x1677760", "type": 0}, {"source": "{byte_array_append}", "target": "Node0x1677760", "type": 2}, {"source": "{strlen}", "target": "Node0x1677760", "type": 3}, {"source": "{write_int}", "target": "{byte_convert}", "type": 0}, {"source": "{write_int}", "target": "{malloc}", "type": 1}, {"source": "{write_int}", "target": "{byte_array_append}", "type": 0}, {"source": "{write_int}", "target": "{free}", "type": 2}, {"source": "{node_iterator_next}", "target": "Node0x1677760", "type": 0}, {"source": "{write_real}", "target": "{malloc}", "type": 2}, {"source": "{write_real}", "target": "{byte_array_append}", "type": 1}, {"source": "{write_real}", "target": "{free}", "type": 3}, {"source": "{write_real}", "target": "{float_byte_convert}", "type": 3}, {"source": "{ptr_array_index}", "target": "Node0x1677760", "type": 0}, {"source": "{node_attach}", "target": "Node0x1677760", "type": 0}, {"source": "{node_copy_deep}", "target": "Node0x1677760", "type": 2}, {"source": "{node_n_children}", "target": "Node0x1677760", "type": 3}, {"source": "{plist_get_uint_val}", "target": "Node0x1677760", "type": 2}, {"source": "{ptr_array_free}", "target": "Node0x1677760", "type": 0}, {"source": "{node_next_sibling}", "target": "Node0x1677760", "type": 0}, {"source": "{hash_table_new}", "target": "Node0x1677760", "type": 1}, {"source": "{hash_table_insert}", "target": "Node0x1677760", "type": 2}, {"source": "{write_array}", "target": "{byte_array_new}", "type": 2}, {"source": "{write_array}", "target": "{byte_array_free}", "type": 3}, {"source": "{write_array}", "target": "{byte_array_append}", "type": 2}, {"source": "{write_array}", "target": "{byte_array_append}", "type": 0}, {"source": "{write_array}", "target": "{byte_array_append}", "type": 0}, {"source": "{write_array}", "target": "{free}", "type": 3}, {"source": "{write_array}", "target": "{write_int}", "type": 2}, {"source": "{write_array}", "target": "{hash_table_lookup}", "type": 0}, {"source": "{write_array}", "target": "{node_first_child}", "type": 2}, {"source": "{write_array}", "target": "{node_n_children}", "type": 1}, {"source": "{write_array}", "target": "{byte_convert}", "type": 1}, {"source": "{write_array}", "target": "{malloc}", "type": 2}, {"source": "{write_array}", "target": "{node_next_sibling}", "type": 3}, {"source": "{plist_new_plist_data}", "target": "Node0x1677760", "type": 0}, {"source": "{external node}", "target": "{copy_plist_data}", "type": 1}, {"source": "{external node}", "target": "{free}", "type": 2}, {"source": "{external node}", "target": "{ptr_array_new}", "type": 3}, {"source": "{external node}", "target": "{llvm.dbg.declare}", "type": 2}, {"source": "{external node}", "target": "{plist_from_bin}", "type": 3}, {"source": "{external node}", "target": "{plist_data_hash}", "type": 1}, {"source": "{external node}", "target": "{malloc}", "type": 0}, {"source": "{external node}", "target": "{strdup}", "type": 3}, {"source": "{external node}", "target": "{byte_array_new}", "type": 1}, {"source": "{external node}", "target": "{memcmp}", "type": 3}, {"source": "{external node}", "target": "{byte_array_free}", "type": 3}, {"source": "{external node}", "target": "{byte_array_append}", "type": 0}, {"source": "{external node}", "target": "{strlen}", "type": 2}, {"source": "{external node}", "target": "{node_iterator_next}", "type": 2}, {"source": "{external node}", "target": "{ptr_array_index}", "type": 3}, {"source": "{external node}", "target": "{node_attach}", "type": 1}, {"source": "{external node}", "target": "{node_copy_deep}", "type": 2}, {"source": "{external node}", "target": "{node_n_children}", "type": 1}, {"source": "{external node}", "target": "{plist_get_uint_val}", "type": 3}, {"source": "{external node}", "target": "{ptr_array_free}", "type": 2}, {"source": "{external node}", "target": "{node_next_sibling}", "type": 2}, {"source": "{external node}", "target": "{hash_table_new}", "type": 3}, {"source": "{external node}", "target": "{llvm.memset.p0i8.i64}", "type": 3}, {"source": "{external node}", "target": "{hash_table_insert}", "type": 1}, {"source": "{external node}", "target": "{plist_new_plist_data}", "type": 1}, {"source": "{external node}", "target": "{hash_table_destroy}", "type": 0}, {"source": "{external node}", "target": "{plist_data_compare}", "type": 3}, {"source": "{external node}", "target": "{plist_data_compare}", "type": 1}, {"source": "{external node}", "target": "{node_iterator_create}", "type": 3}, {"source": "{external node}", "target": "{plist_get_node_type}", "type": 0}, {"source": "{external node}", "target": "{node_iterator_destroy}", "type": 0}, {"source": "{external node}", "target": "{ptr_array_add}", "type": 0}, {"source": "{external node}", "target": "{plist_to_bin}", "type": 3}, {"source": "{external node}", "target": "{plist_free}", "type": 1}, {"source": "{external node}", "target": "{hash_table_lookup}", "type": 2}, {"source": "{external node}", "target": "{fprintf}", "type": 2}, {"source": "{external node}", "target": "{node_create}", "type": 1}, {"source": "{external node}", "target": "{node_first_child}", "type": 0}, {"source": "{external node}", "target": "{plist_get_data}", "type": 3}, {"source": "{external node}", "target": "{llvm.memcpy.p0i8.p0i8.i64}", "type": 0}, {"source": "{hash_table_destroy}", "target": "Node0x1677760", "type": 3}, {"source": "{write_dict}", "target": "{byte_array_new}", "type": 3}, {"source": "{write_dict}", "target": "{byte_array_free}", "type": 3}, {"source": "{write_dict}", "target": "{byte_array_append}", "type": 0}, {"source": "{write_dict}", "target": "{byte_array_append}", "type": 0}, {"source": "{write_dict}", "target": "{byte_array_append}", "type": 0}, {"source": "{write_dict}", "target": "{free}", "type": 2}, {"source": "{write_dict}", "target": "{write_int}", "type": 2}, {"source": "{write_dict}", "target": "{hash_table_lookup}", "type": 1}, {"source": "{write_dict}", "target": "{hash_table_lookup}", "type": 1}, {"source": "{write_dict}", "target": "{node_first_child}", "type": 3}, {"source": "{write_dict}", "target": "{node_n_children}", "type": 0}, {"source": "{write_dict}", "target": "{byte_convert}", "type": 0}, {"source": "{write_dict}", "target": "{byte_convert}", "type": 1}, {"source": "{write_dict}", "target": "{malloc}", "type": 0}, {"source": "{write_dict}", "target": "{node_next_sibling}", "type": 3}, {"source": "{write_dict}", "target": "{node_next_sibling}", "type": 3}, {"source": "{plist_data_compare}", "target": "Node0x1677760", "type": 3}, {"source": "{write_uint}", "target": "{byte_convert}", "type": 0}, {"source": "{write_uint}", "target": "{malloc}", "type": 1}, {"source": "{write_uint}", "target": "{byte_array_append}", "type": 1}, {"source": "{write_uint}", "target": "{free}", "type": 2}, {"source": "{node_iterator_create}", "target": "Node0x1677760", "type": 2}, {"source": "{write_raw_data}", "target": "{byte_array_new}", "type": 2}, {"source": "{write_raw_data}", "target": "{byte_array_free}", "type": 1}, {"source": "{write_raw_data}", "target": "{byte_array_append}", "type": 1}, {"source": "{write_raw_data}", "target": "{byte_array_append}", "type": 0}, {"source": "{write_raw_data}", "target": "{byte_array_append}", "type": 1}, {"source": "{write_raw_data}", "target": "{free}", "type": 1}, {"source": "{write_raw_data}", "target": "{write_int}", "type": 0}, {"source": "{write_raw_data}", "target": "{malloc}", "type": 3}, {"source": "{plist_get_node_type}", "target": "Node0x1677760", "type": 3}, {"source": "{plist_utf16_to_utf8}", "target": "{malloc}", "type": 3}, {"source": "{parse_array_node}", "target": "{node_create}", "type": 1}, {"source": "{parse_array_node}", "target": "{malloc}", "type": 1}, {"source": "{parse_array_node}", "target": "{plist_new_plist_data}", "type": 1}, {"source": "{parse_real_node}", "target": "{node_create}", "type": 1}, {"source": "{parse_real_node}", "target": "{malloc}", "type": 2}, {"source": "{parse_real_node}", "target": "{float_byte_convert}", "type": 3}, {"source": "{parse_real_node}", "target": "{float_byte_convert}", "type": 2}, {"source": "{parse_real_node}", "target": "{free}", "type": 2}, {"source": "{parse_real_node}", "target": "{free}", "type": 0}, {"source": "{parse_real_node}", "target": "{free}", "type": 0}, {"source": "{parse_real_node}", "target": "{plist_new_plist_data}", "type": 3}, {"source": "{uint24_from_be}", "target": "{byte_convert}", "type": 3}, {"source": "{node_iterator_destroy}", "target": "Node0x1677760", "type": 0}, {"source": "{ptr_array_add}", "target": "Node0x1677760", "type": 0}, {"source": "{plist_to_bin}", "target": "{write_date}", "type": 0}, {"source": "{plist_to_bin}", "target": "{free}", "type": 1}, {"source": "{plist_to_bin}", "target": "{free}", "type": 3}, {"source": "{plist_to_bin}", "target": "{free}", "type": 1}, {"source": "{plist_to_bin}", "target": "{free}", "type": 2}, {"source": "{plist_to_bin}", "target": "{hash_table_new}", "type": 0}, {"source": "{plist_to_bin}", "target": "{serialize_plist}", "type": 3}, {"source": "{plist_to_bin}", "target": "{ptr_array_index}", "type": 2}, {"source": "{plist_to_bin}", "target": "{ptr_array_index}", "type": 3}, {"source": "{plist_to_bin}", "target": "{ptr_array_index}", "type": 3}, {"source": "{plist_to_bin}", "target": "{byte_array_new}", "type": 2}, {"source": "{plist_to_bin}", "target": "{byte_array_free}", "type": 0}, {"source": "{plist_to_bin}", "target": "{byte_array_append}", "type": 0}, {"source": "{plist_to_bin}", "target": "{byte_array_append}", "type": 0}, {"source": "{plist_to_bin}", "target": "{byte_array_append}", "type": 0}, {"source": "{plist_to_bin}", "target": "{byte_array_append}", "type": 2}, {"source": "{plist_to_bin}", "target": "{byte_array_append}", "type": 3}, {"source": "{plist_to_bin}", "target": "{byte_array_append}", "type": 1}, {"source": "{plist_to_bin}", "target": "{strlen}", "type": 0}, {"source": "{plist_to_bin}", "target": "{write_int}", "type": 0}, {"source": "{plist_to_bin}", "target": "Node0x1677760", "type": 1}, {"source": "{plist_to_bin}", "target": "Node0x1677760", "type": 2}, {"source": "{plist_to_bin}", "target": "Node0x1677760", "type": 1}, {"source": "{plist_to_bin}", "target": "{write_real}", "type": 1}, {"source": "{plist_to_bin}", "target": "{write_string}", "type": 3}, {"source": "{plist_to_bin}", "target": "{ptr_array_free}", "type": 0}, {"source": "{plist_to_bin}", "target": "{write_data}", "type": 3}, {"source": "{plist_to_bin}", "target": "{ptr_array_new}", "type": 0}, {"source": "{plist_to_bin}", "target": "{write_uid}", "type": 3}, {"source": "{plist_to_bin}", "target": "{hash_table_destroy}", "type": 1}, {"source": "{plist_to_bin}", "target": "{plist_utf8_to_utf16}", "type": 1}, {"source": "{plist_to_bin}", "target": "{write_uint}", "type": 1}, {"source": "{plist_to_bin}", "target": "{malloc}", "type": 0}, {"source": "{plist_to_bin}", "target": "{malloc}", "type": 0}, {"source": "{plist_to_bin}", "target": "{malloc}", "type": 0}, {"source": "{plist_to_bin}", "target": "{malloc}", "type": 1}, {"source": "{plist_to_bin}", "target": "{write_dict}", "type": 3}, {"source": "{plist_to_bin}", "target": "{write_array}", "type": 3}, {"source": "{plist_to_bin}", "target": "{write_unicode}", "type": 2}, {"source": "{plist_to_bin}", "target": "{is_ascii_string}", "type": 2}, {"source": "{plist_to_bin}", "target": "{plist_get_data}", "type": 1}, {"source": "{plist_to_bin}", "target": "{byte_convert}", "type": 0}, {"source": "{plist_utf8_to_utf16}", "target": "{malloc}", "type": 2}, {"source": "{plist_utf8_to_utf16}", "target": "{fprintf}", "type": 3}, {"source": "{plist_free}", "target": "Node0x1677760", "type": 2}, {"source": "{hash_table_lookup}", "target": "Node0x1677760", "type": 1}, {"source": "{write_unicode}", "target": "{write_raw_data}", "type": 0}, {"source": "{write_unicode}", "target": "{malloc}", "type": 2}, {"source": "{write_unicode}", "target": "{free}", "type": 1}, {"source": "{write_unicode}", "target": "{byte_convert}", "type": 1}, {"source": "{fprintf}", "target": "Node0x1677760", "type": 0}, {"source": "{parse_string_node}", "target": "{node_create}", "type": 3}, {"source": "{parse_string_node}", "target": "{malloc}", "type": 0}, {"source": "{parse_string_node}", "target": "{strlen}", "type": 2}, {"source": "{parse_string_node}", "target": "{plist_new_plist_data}", "type": 1}, {"source": "{parse_bin_node}", "target": "{parse_unicode_node}", "type": 3}, {"source": "{parse_bin_node}", "target": "{plist_get_uint_val}", "type": 1}, {"source": "{parse_bin_node}", "target": "{plist_get_uint_val}", "type": 0}, {"source": "{parse_bin_node}", "target": "{plist_get_uint_val}", "type": 1}, {"source": "{parse_bin_node}", "target": "{plist_get_uint_val}", "type": 2}, {"source": "{parse_bin_node}", "target": "{plist_get_uint_val}", "type": 2}, {"source": "{parse_bin_node}", "target": "{parse_date_node}", "type": 0}, {"source": "{parse_bin_node}", "target": "{plist_new_plist_data}", "type": 2}, {"source": "{parse_bin_node}", "target": "{plist_new_plist_data}", "type": 3}, {"source": "{parse_bin_node}", "target": "{parse_uint_node}", "type": 0}, {"source": "{parse_bin_node}", "target": "{plist_free}", "type": 3}, {"source": "{parse_bin_node}", "target": "{plist_free}", "type": 3}, {"source": "{parse_bin_node}", "target": "{plist_free}", "type": 3}, {"source": "{parse_bin_node}", "target": "{plist_free}", "type": 2}, {"source": "{parse_bin_node}", "target": "{plist_free}", "type": 2}, {"source": "{parse_bin_node}", "target": "{parse_string_node}", "type": 1}, {"source": "{parse_bin_node}", "target": "{parse_bin_node}", "type": 0}, {"source": "{parse_bin_node}", "target": "{parse_bin_node}", "type": 0}, {"source": "{parse_bin_node}", "target": "{parse_bin_node}", "type": 3}, {"source": "{parse_bin_node}", "target": "{parse_bin_node}", "type": 3}, {"source": "{parse_bin_node}", "target": "{parse_bin_node}", "type": 0}, {"source": "{parse_bin_node}", "target": "{parse_uid_node}", "type": 2}, {"source": "{parse_bin_node}", "target": "{node_create}", "type": 3}, {"source": "{parse_bin_node}", "target": "{node_create}", "type": 2}, {"source": "{parse_bin_node}", "target": "{plist_get_node_type}", "type": 0}, {"source": "{parse_bin_node}", "target": "{plist_get_node_type}", "type": 1}, {"source": "{parse_bin_node}", "target": "{plist_get_node_type}", "type": 1}, {"source": "{parse_bin_node}", "target": "{plist_get_node_type}", "type": 1}, {"source": "{parse_bin_node}", "target": "{plist_get_node_type}", "type": 0}, {"source": "{parse_bin_node}", "target": "{parse_dict_node}", "type": 2}, {"source": "{parse_bin_node}", "target": "{parse_real_node}", "type": 0}, {"source": "{parse_bin_node}", "target": "{parse_array_node}", "type": 1}, {"source": "{parse_bin_node}", "target": "{parse_data_node}", "type": 0}, {"source": "{node_create}", "target": "Node0x1677760", "type": 3}, {"source": "{node_first_child}", "target": "Node0x1677760", "type": 2}, {"source": "{parse_dict_node}", "target": "{node_create}", "type": 2}, {"source": "{parse_dict_node}", "target": "{malloc}", "type": 1}, {"source": "{parse_dict_node}", "target": "{plist_new_plist_data}", "type": 0}, {"source": "{write_data}", "target": "{write_raw_data}", "type": 1}, {"source": "{plist_get_data}", "target": "Node0x1677760", "type": 3}, {"source": "{write_uid}", "target": "{byte_convert}", "type": 0}, {"source": "{write_uid}", "target": "{malloc}", "type": 1}, {"source": "{write_uid}", "target": "{byte_array_append}", "type": 3}, {"source": "{write_uid}", "target": "{free}", "type": 1}, {"source": "{parse_data_node}", "target": "{node_create}", "type": 3}, {"source": "{parse_data_node}", "target": "{malloc}", "type": 3}, {"source": "{parse_data_node}", "target": "{plist_new_plist_data}", "type": 1}]}