{"{node_iterator_next}": {"clustering_coefficient": 0.0, "macke_vulnerabilities_found": 0, "distance_to_interface": 1, "faulty": false, "node_degree": [1, 2, 3], "node_path_length": 1.0, "macke_bug_chain_length": 0}, "{parse_dict_node}": {"clustering_coefficient": 0.3333333333333333, "macke_vulnerabilities_found": 1, "distance_to_interface": 4, "faulty": false, "node_degree": [3, 1, 4], "node_path_length": 1.0, "macke_bug_chain_length": 1}, "{plist_get_data}": {"clustering_coefficient": 0.3333333333333333, "macke_vulnerabilities_found": 0, "distance_to_interface": 1, "faulty": false, "node_degree": [1, 5, 6], "node_path_length": 0, "macke_bug_chain_length": 0}, "{plist_data_compare}": {"clustering_coefficient": 0.0, "macke_vulnerabilities_found": 0, "distance_to_interface": 1, "faulty": false, "node_degree": [1, 1, 2], "node_path_length": 1.0, "macke_bug_chain_length": 0}, "{ptr_array_new}": {"clustering_coefficient": 0.6666666666666666, "macke_vulnerabilities_found": 0, "distance_to_interface": 1, "faulty": false, "node_degree": [1, 2, 3], "node_path_length": 1.0, "macke_bug_chain_length": 0}, "{plist_to_bin}": {"clustering_coefficient": 0.164021164021164, "macke_vulnerabilities_found": 0, "distance_to_interface": 1, "faulty": false, "node_degree": [27, 1, 28], "node_path_length": 1.805956310312681, "macke_bug_chain_length": 0}, "{byte_array_new}": {"clustering_coefficient": 0.26666666666666666, "macke_vulnerabilities_found": 0, "distance_to_interface": 1, "faulty": false, "node_degree": [1, 5, 6], "node_path_length": 1.0, "macke_bug_chain_length": 0}, "{copy_plist_data}": {"clustering_coefficient": 0.5, "macke_vulnerabilities_found": 1, "distance_to_interface": 1, "faulty": false, "node_degree": [3, 1, 4], "node_path_length": 2.0, "macke_bug_chain_length": 1}, "{node_create}": {"clustering_coefficient": 0.18181818181818182, "macke_vulnerabilities_found": 0, "distance_to_interface": 1, "faulty": false, "node_degree": [1, 10, 11], "node_path_length": 1.0, "macke_bug_chain_length": 0}, "{fprintf}": {"clustering_coefficient": 0.0, "macke_vulnerabilities_found": 0, "distance_to_interface": 1, "faulty": false, "node_degree": [1, 2, 3], "node_path_length": 1.0, "macke_bug_chain_length": 0}, "{node_next_sibling}": {"clustering_coefficient": 0.0, "macke_vulnerabilities_found": 0, "distance_to_interface": 1, "faulty": false, "node_degree": [1, 3, 4], "node_path_length": 1.0, "macke_bug_chain_length": 0}, "{llvm.memcpy.p0i8.p0i8.i64}": {"clustering_coefficient": 0, "macke_vulnerabilities_found": 0, "distance_to_interface": 1, "faulty": false, "node_degree": [0, 1, 1], "node_path_length": 0, "macke_bug_chain_length": 0}, "{ptr_array_free}": {"clustering_coefficient": 0.6666666666666666, "macke_vulnerabilities_found": 0, "distance_to_interface": 1, "faulty": false, "node_degree": [1, 2, 3], "node_path_length": 1.0, "macke_bug_chain_length": 0}, "{node_iterator_create}": {"clustering_coefficient": 0.0, "macke_vulnerabilities_found": 0, "distance_to_interface": 1, "faulty": false, "node_degree": [1, 2, 3], "node_path_length": 1.0, "macke_bug_chain_length": 0}, "{parse_uint_node}": {"clustering_coefficient": 0.3333333333333333, "macke_vulnerabilities_found": 0, "distance_to_interface": 3, "faulty": false, "node_degree": [5, 1, 6], "node_path_length": 1.1428571428571428, "macke_bug_chain_length": 0}, "{write_int}": {"clustering_coefficient": 0.6071428571428571, "macke_vulnerabilities_found": 1, "distance_to_interface": 2, "faulty": false, "node_degree": [4, 4, 8], "node_path_length": 1.0, "macke_bug_chain_length": 1}, "{byte_array_append}": {"clustering_coefficient": 0.21818181818181817, "macke_vulnerabilities_found": 0, "distance_to_interface": 1, "faulty": false, "node_degree": [1, 10, 11], "node_path_length": 1.0, "macke_bug_chain_length": 0}, "{memcmp}": {"clustering_coefficient": 0.6666666666666666, "macke_vulnerabilities_found": 0, "distance_to_interface": 1, "faulty": false, "node_degree": [1, 2, 3], "node_path_length": 1.0, "macke_bug_chain_length": 0}, "{malloc}": {"clustering_coefficient": 0.07905138339920949, "macke_vulnerabilities_found": 0, "distance_to_interface": 1, "faulty": false, "node_degree": [1, 22, 23], "node_path_length": 1.0, "macke_bug_chain_length": 0}, "{ptr_array_add}": {"clustering_coefficient": 0.0, "macke_vulnerabilities_found": 0, "distance_to_interface": 1, "faulty": false, "node_degree": [1, 2, 3], "node_path_length": 1.0, "macke_bug_chain_length": 0}, "{llvm.memset.p0i8.i64}": {"clustering_coefficient": 0, "macke_vulnerabilities_found": 0, "distance_to_interface": 1, "faulty": false, "node_degree": [0, 1, 1], "node_path_length": 0, "macke_bug_chain_length": 0}, "{plist_from_bin}": {"clustering_coefficient": 0.2727272727272727, "macke_vulnerabilities_found": 0, "distance_to_interface": 1, "faulty": false, "node_degree": [10, 1, 11], "node_path_length": 2.0436967679700797, "macke_bug_chain_length": 0}, "{parse_unicode_node}": {"clustering_coefficient": 0.10714285714285714, "macke_vulnerabilities_found": 1, "distance_to_interface": 3, "faulty": false, "node_degree": [7, 1, 8], "node_path_length": 1.3333333333333333, "macke_bug_chain_length": 1}, "{hash_table_lookup}": {"clustering_coefficient": 0.0, "macke_vulnerabilities_found": 0, "distance_to_interface": 1, "faulty": false, "node_degree": [1, 4, 5], "node_path_length": 1.0, "macke_bug_chain_length": 0}, "{parse_real_node}": {"clustering_coefficient": 0.14285714285714285, "macke_vulnerabilities_found": 1, "distance_to_interface": 4, "faulty": false, "node_degree": [5, 2, 7], "node_path_length": 1.0, "macke_bug_chain_length": 1}, "{plist_data_hash}": {"clustering_coefficient": 0.6666666666666666, "macke_vulnerabilities_found": 1, "distance_to_interface": 1, "faulty": false, "node_degree": [2, 1, 3], "node_path_length": 1.0, "macke_bug_chain_length": 1}, "{write_date}": {"clustering_coefficient": 0.3, "macke_vulnerabilities_found": 1, "distance_to_interface": 2, "faulty": false, "node_degree": [4, 1, 5], "node_path_length": 1.0, "macke_bug_chain_length": 1}, "{hash_table_insert}": {"clustering_coefficient": 0.0, "macke_vulnerabilities_found": 0, "distance_to_interface": 1, "faulty": false, "node_degree": [1, 2, 3], "node_path_length": 1.0, "macke_bug_chain_length": 0}, "{write_array}": {"clustering_coefficient": 0.16666666666666666, "macke_vulnerabilities_found": 1, "distance_to_interface": 2, "faulty": false, "node_degree": [11, 1, 12], "node_path_length": 1.0, "macke_bug_chain_length": 1}, "{strlen}": {"clustering_coefficient": 0.19047619047619047, "macke_vulnerabilities_found": 0, "distance_to_interface": 1, "faulty": false, "node_degree": [1, 6, 7], "node_path_length": 0, "macke_bug_chain_length": 0}, "{write_data}": {"clustering_coefficient": 0.0, "macke_vulnerabilities_found": 1, "distance_to_interface": 2, "faulty": false, "node_degree": [1, 1, 2], "node_path_length": 1.0, "macke_bug_chain_length": 1}, "{free}": {"clustering_coefficient": 0.1323529411764706, "macke_vulnerabilities_found": 0, "distance_to_interface": 1, "faulty": false, "node_degree": [1, 16, 17], "node_path_length": 1.0, "macke_bug_chain_length": 0}, "{strdup}": {"clustering_coefficient": 0.3333333333333333, "macke_vulnerabilities_found": 0, "distance_to_interface": 1, "faulty": false, "node_degree": [1, 2, 3], "node_path_length": 1.0, "macke_bug_chain_length": 0}, "{parse_data_node}": {"clustering_coefficient": 0.3333333333333333, "macke_vulnerabilities_found": 1, "distance_to_interface": 4, "faulty": false, "node_degree": [3, 1, 4], "node_path_length": 1.0, "macke_bug_chain_length": 1}, "{parse_array_node}": {"clustering_coefficient": 0.3333333333333333, "macke_vulnerabilities_found": 1, "distance_to_interface": 4, "faulty": false, "node_degree": [3, 1, 4], "node_path_length": 1.0, "macke_bug_chain_length": 1}, "{byte_convert}": {"clustering_coefficient": 0.2222222222222222, "macke_vulnerabilities_found": 1, "distance_to_interface": 2, "faulty": false, "node_degree": [0, 9, 9], "node_path_length": 0, "macke_bug_chain_length": 1}, "{hash_table_new}": {"clustering_coefficient": 0.6666666666666666, "macke_vulnerabilities_found": 0, "distance_to_interface": 1, "faulty": false, "node_degree": [1, 2, 3], "node_path_length": 1.0, "macke_bug_chain_length": 0}, "{serialize_plist}": {"clustering_coefficient": 0.2, "macke_vulnerabilities_found": 1, "distance_to_interface": 2, "faulty": false, "node_degree": [8, 2, 10], "node_path_length": 1.2222222222222223, "macke_bug_chain_length": 1}, "{plist_utf16_to_utf8}": {"clustering_coefficient": 1.0, "macke_vulnerabilities_found": 1, "distance_to_interface": 4, "faulty": false, "node_degree": [1, 1, 2], "node_path_length": 1.0, "macke_bug_chain_length": 1}, "{byte_array_free}": {"clustering_coefficient": 0.26666666666666666, "macke_vulnerabilities_found": 0, "distance_to_interface": 1, "faulty": false, "node_degree": [1, 5, 6], "node_path_length": 1.0, "macke_bug_chain_length": 0}, "{plist_free}": {"clustering_coefficient": 0.5, "macke_vulnerabilities_found": 0, "distance_to_interface": 1, "faulty": false, "node_degree": [1, 3, 4], "node_path_length": 1.0, "macke_bug_chain_length": 0}, "{plist_new_plist_data}": {"clustering_coefficient": 0.16666666666666666, "macke_vulnerabilities_found": 0, "distance_to_interface": 1, "faulty": false, "node_degree": [1, 11, 12], "node_path_length": 1.0, "macke_bug_chain_length": 0}, "{node_attach}": {"clustering_coefficient": 0.6666666666666666, "macke_vulnerabilities_found": 0, "distance_to_interface": 1, "faulty": false, "node_degree": [1, 2, 3], "node_path_length": 1.0, "macke_bug_chain_length": 0}, "{plist_utf8_to_utf16}": {"clustering_coefficient": 0.3333333333333333, "macke_vulnerabilities_found": 1, "distance_to_interface": 2, "faulty": false, "node_degree": [2, 1, 3], "node_path_length": 1.3333333333333333, "macke_bug_chain_length": 1}, "{ptr_array_index}": {"clustering_coefficient": 0.6666666666666666, "macke_vulnerabilities_found": 0, "distance_to_interface": 1, "faulty": false, "node_degree": [1, 2, 3], "node_path_length": 1.0, "macke_bug_chain_length": 0}, "{node_n_children}": {"clustering_coefficient": 0.0, "macke_vulnerabilities_found": 0, "distance_to_interface": 1, "faulty": false, "node_degree": [1, 3, 4], "node_path_length": 1.0, "macke_bug_chain_length": 0}, "{parse_date_node}": {"clustering_coefficient": 0.3333333333333333, "macke_vulnerabilities_found": 1, "distance_to_interface": 3, "faulty": false, "node_degree": [2, 1, 3], "node_path_length": 2.0, "macke_bug_chain_length": 1}, "{write_uid}": {"clustering_coefficient": 0.4, "macke_vulnerabilities_found": 1, "distance_to_interface": 2, "faulty": false, "node_degree": [4, 1, 5], "node_path_length": 1.0, "macke_bug_chain_length": 1}, "{write_real}": {"clustering_coefficient": 0.3, "macke_vulnerabilities_found": 1, "distance_to_interface": 2, "faulty": false, "node_degree": [4, 1, 5], "node_path_length": 1.0, "macke_bug_chain_length": 1}, "{parse_string_node}": {"clustering_coefficient": 0.2, "macke_vulnerabilities_found": 1, "distance_to_interface": 3, "faulty": true, "node_degree": [4, 1, 5], "node_path_length": 1.0, "macke_bug_chain_length": 1, "cvss3": {"baseScore": 5, "privilegesRequired": "LOW", "integrityImpact": "NONE", "availabilityImpact": "HIGH", "attackVector": "LOCAL", "attackComplexity": "LOW", "scope": "UNCHANGED", "vectorString": "AV:L/AC:L/PR:L/UI:R/S:U/C:N/I:N/A:H", "userInteraction": "REQUIRED", "baseSeverity": "MEDIUM", "confidentialityImpact": "NONE"}}, "{write_dict}": {"clustering_coefficient": 0.16666666666666666, "macke_vulnerabilities_found": 1, "distance_to_interface": 2, "faulty": false, "node_degree": [11, 1, 12], "node_path_length": 1.0588235294117647, "macke_bug_chain_length": 1}, "{write_raw_data}": {"clustering_coefficient": 0.1388888888888889, "macke_vulnerabilities_found": 1, "distance_to_interface": 3, "faulty": false, "node_degree": [6, 3, 9], "node_path_length": 1.0, "macke_bug_chain_length": 1}, "{parse_bin_node}": {"clustering_coefficient": 0.2426470588235294, "macke_vulnerabilities_found": 0, "distance_to_interface": 2, "faulty": false, "node_degree": [15, 2, 17], "node_path_length": 2.3372494048016375, "macke_bug_chain_length": 0}, "{llvm.dbg.declare}": {"clustering_coefficient": 0, "macke_vulnerabilities_found": 0, "distance_to_interface": 1, "faulty": false, "node_degree": [0, 1, 1], "node_path_length": 0, "macke_bug_chain_length": 0}, "{hash_table_destroy}": {"clustering_coefficient": 0.6666666666666666, "macke_vulnerabilities_found": 0, "distance_to_interface": 1, "faulty": false, "node_degree": [1, 2, 3], "node_path_length": 1.0, "macke_bug_chain_length": 0}, "{float_byte_convert}": {"clustering_coefficient": 0.0, "macke_vulnerabilities_found": 1, "distance_to_interface": 3, "faulty": false, "node_degree": [0, 3, 3], "node_path_length": 0, "macke_bug_chain_length": 1}, "{parse_uid_node}": {"clustering_coefficient": 0.3333333333333333, "macke_vulnerabilities_found": 0, "distance_to_interface": 4, "faulty": false, "node_degree": [5, 1, 6], "node_path_length": 1.0, "macke_bug_chain_length": 0}, "{node_copy_deep}": {"clustering_coefficient": 0.6666666666666666, "macke_vulnerabilities_found": 0, "distance_to_interface": 1, "faulty": false, "node_degree": [1, 2, 3], "node_path_length": 1.0, "macke_bug_chain_length": 0}, "{plist_get_uint_val}": {"clustering_coefficient": 0.0, "macke_vulnerabilities_found": 0, "distance_to_interface": 1, "faulty": false, "node_degree": [1, 2, 3], "node_path_length": 1.0, "macke_bug_chain_length": 0}, "{write_uint}": {"clustering_coefficient": 0.4, "macke_vulnerabilities_found": 1, "distance_to_interface": 2, "faulty": false, "node_degree": [4, 1, 5], "node_path_length": 1.0, "macke_bug_chain_length": 1}, "{is_ascii_string}": {"clustering_coefficient": 0, "macke_vulnerabilities_found": 1, "distance_to_interface": 2, "faulty": false, "node_degree": [0, 1, 1], "node_path_length": 0, "macke_bug_chain_length": 1}, "{node_first_child}": {"clustering_coefficient": 0.0, "macke_vulnerabilities_found": 0, "distance_to_interface": 1, "faulty": false, "node_degree": [1, 3, 4], "node_path_length": 1.0, "macke_bug_chain_length": 0}, "{external node}": {"clustering_coefficient": 0.032388663967611336, "macke_vulnerabilities_found": 0, "distance_to_interface": 999, "faulty": false, "node_degree": [39, 0, 39], "node_path_length": 0, "macke_bug_chain_length": 0}, "{plist_get_node_type}": {"clustering_coefficient": 0.0, "macke_vulnerabilities_found": 0, "distance_to_interface": 1, "faulty": false, "node_degree": [1, 2, 3], "node_path_length": 1.0, "macke_bug_chain_length": 0}, "{write_unicode}": {"clustering_coefficient": 0.5, "macke_vulnerabilities_found": 1, "distance_to_interface": 2, "faulty": false, "node_degree": [4, 1, 5], "node_path_length": 1.0, "macke_bug_chain_length": 1}, "{write_string}": {"clustering_coefficient": 0.3333333333333333, "macke_vulnerabilities_found": 1, "distance_to_interface": 2, "faulty": false, "node_degree": [2, 1, 3], "node_path_length": 1.8571428571428572, "macke_bug_chain_length": 1}, "{uint24_from_be}": {"clustering_coefficient": 0.0, "macke_vulnerabilities_found": 1, "distance_to_interface": 2, "faulty": false, "node_degree": [1, 3, 4], "node_path_length": 1.0, "macke_bug_chain_length": 1}, "{node_iterator_destroy}": {"clustering_coefficient": 0.0, "macke_vulnerabilities_found": 0, "distance_to_interface": 1, "faulty": false, "node_degree": [1, 2, 3], "node_path_length": 1.0, "macke_bug_chain_length": 0}}