{"klee-out-1": {"bcfile": "/tmp/macke/2017-07-19-16-19-00/bitcode/symmains.bc", "folder": "/tmp/macke/2017-07-19-16-19-00/klee/klee-out-1", "function": "byte_convert", "phase": 1}, "klee-out-2": {"bcfile": "/tmp/macke/2017-07-19-16-19-00/bitcode/symmains.bc", "folder": "/tmp/macke/2017-07-19-16-19-00/klee/klee-out-2", "function": "uint24_from_be", "phase": 1}, "klee-out-3": {"bcfile": "/tmp/macke/2017-07-19-16-19-00/bitcode/symmains.bc", "folder": "/tmp/macke/2017-07-19-16-19-00/klee/klee-out-3", "function": "float_byte_convert", "phase": 1}, "klee-out-4": {"bcfile": "/tmp/macke/2017-07-19-16-19-00/bitcode/symmains.bc", "folder": "/tmp/macke/2017-07-19-16-19-00/klee/klee-out-4", "function": "parse_real_node", "phase": 1}, "klee-out-5": {"bcfile": "/tmp/macke/2017-07-19-16-19-00/bitcode/symmains.bc", "folder": "/tmp/macke/2017-07-19-16-19-00/klee/klee-out-5", "function": "parse_date_node", "phase": 1}, "klee-out-6": {"bcfile": "/tmp/macke/2017-07-19-16-19-00/bitcode/symmains.bc", "folder": "/tmp/macke/2017-07-19-16-19-00/klee/klee-out-6", "function": "parse_data_node", "phase": 1}, "klee-out-7": {"bcfile": "/tmp/macke/2017-07-19-16-19-00/bitcode/symmains.bc", "folder": "/tmp/macke/2017-07-19-16-19-00/klee/klee-out-7", "function": "parse_string_node", "phase": 1}, "klee-out-8": {"bcfile": "/tmp/macke/2017-07-19-16-19-00/bitcode/symmains.bc", "folder": "/tmp/macke/2017-07-19-16-19-00/klee/klee-out-8", "function": "plist_utf16_to_utf8", "phase": 1}, "klee-out-9": {"bcfile": "/tmp/macke/2017-07-19-16-19-00/bitcode/symmains.bc", "folder": "/tmp/macke/2017-07-19-16-19-00/klee/klee-out-9", "function": "parse_unicode_node", "phase": 1}, "klee-out-10": {"bcfile": "/tmp/macke/2017-07-19-16-19-00/bitcode/symmains.bc", "folder": "/tmp/macke/2017-07-19-16-19-00/klee/klee-out-10", "function": "parse_array_node", "phase": 1}, "klee-out-11": {"bcfile": "/tmp/macke/2017-07-19-16-19-00/bitcode/symmains.bc", "folder": "/tmp/macke/2017-07-19-16-19-00/klee/klee-out-11", "function": "parse_dict_node", "phase": 1}, "klee-out-12": {"bcfile": "/tmp/macke/2017-07-19-16-19-00/bitcode/symmains.bc", "folder": "/tmp/macke/2017-07-19-16-19-00/klee/klee-out-12", "function": "copy_plist_data", "phase": 1}, "klee-out-13": {"bcfile": "/tmp/macke/2017-07-19-16-19-00/bitcode/symmains.bc", "folder": "/tmp/macke/2017-07-19-16-19-00/klee/klee-out-13", "function": "serialize_plist", "phase": 1}, "klee-out-14": {"bcfile": "/tmp/macke/2017-07-19-16-19-00/bitcode/symmains.bc", "folder": "/tmp/macke/2017-07-19-16-19-00/klee/klee-out-14", "function": "write_uint", "phase": 1}, "klee-out-15": {"bcfile": "/tmp/macke/2017-07-19-16-19-00/bitcode/symmains.bc", "folder": "/tmp/macke/2017-07-19-16-19-00/klee/klee-out-15", "function": "write_int", "phase": 1}, "klee-out-16": {"bcfile": "/tmp/macke/2017-07-19-16-19-00/bitcode/symmains.bc", "folder": "/tmp/macke/2017-07-19-16-19-00/klee/klee-out-16", "function": "write_real", "phase": 1}, "klee-out-17": {"bcfile": "/tmp/macke/2017-07-19-16-19-00/bitcode/symmains.bc", "folder": "/tmp/macke/2017-07-19-16-19-00/klee/klee-out-17", "function": "is_ascii_string", "phase": 1}, "klee-out-18": {"bcfile": "/tmp/macke/2017-07-19-16-19-00/bitcode/symmains.bc", "folder": "/tmp/macke/2017-07-19-16-19-00/klee/klee-out-18", "function": "write_raw_data", "phase": 1}, "klee-out-19": {"bcfile": "/tmp/macke/2017-07-19-16-19-00/bitcode/symmains.bc", "folder": "/tmp/macke/2017-07-19-16-19-00/klee/klee-out-19", "function": "write_string", "phase": 1}, "klee-out-20": {"bcfile": "/tmp/macke/2017-07-19-16-19-00/bitcode/symmains.bc", "folder": "/tmp/macke/2017-07-19-16-19-00/klee/klee-out-20", "function": "plist_utf8_to_utf16", "phase": 1}, "klee-out-21": {"bcfile": "/tmp/macke/2017-07-19-16-19-00/bitcode/symmains.bc", "folder": "/tmp/macke/2017-07-19-16-19-00/klee/klee-out-21", "function": "write_unicode", "phase": 1}, "klee-out-22": {"bcfile": "/tmp/macke/2017-07-19-16-19-00/bitcode/symmains.bc", "folder": "/tmp/macke/2017-07-19-16-19-00/klee/klee-out-22", "function": "write_data", "phase": 1}, "klee-out-23": {"bcfile": "/tmp/macke/2017-07-19-16-19-00/bitcode/symmains.bc", "folder": "/tmp/macke/2017-07-19-16-19-00/klee/klee-out-23", "function": "write_array", "phase": 1}, "klee-out-24": {"bcfile": "/tmp/macke/2017-07-19-16-19-00/bitcode/symmains.bc", "folder": "/tmp/macke/2017-07-19-16-19-00/klee/klee-out-24", "function": "write_dict", "phase": 1}, "klee-out-25": {"bcfile": "/tmp/macke/2017-07-19-16-19-00/bitcode/symmains.bc", "folder": "/tmp/macke/2017-07-19-16-19-00/klee/klee-out-25", "function": "write_date", "phase": 1}, "klee-out-26": {"bcfile": "/tmp/macke/2017-07-19-16-19-00/bitcode/symmains.bc", "folder": "/tmp/macke/2017-07-19-16-19-00/klee/klee-out-26", "function": "write_uid", "phase": 1}, "klee-out-27": {"bcfile": "/tmp/macke/2017-07-19-16-19-00/bitcode/symmains.bc", "folder": "/tmp/macke/2017-07-19-16-19-00/klee/klee-out-27", "function": "plist_data_hash", "phase": 1}, "klee-out-28": {"bcfile": "/tmp/macke/2017-07-19-16-19-00/bitcode/chain-parse_unicode_node-byte_convert.bc", "callee": "byte_convert", "caller": "parse_unicode_node", "folder": "/tmp/macke/2017-07-19-16-19-00/klee/klee-out-28", "phase": 2}, "klee-out-29": {"bcfile": "/tmp/macke/2017-07-19-16-19-00/bitcode/chain-uint24_from_be-byte_convert.bc", "callee": "byte_convert", "caller": "uint24_from_be", "folder": "/tmp/macke/2017-07-19-16-19-00/klee/klee-out-29", "phase": 2}, "klee-out-30": {"bcfile": "/tmp/macke/2017-07-19-16-19-00/bitcode/chain-write_array-byte_convert.bc", "callee": "byte_convert", "caller": "write_array", "folder": "/tmp/macke/2017-07-19-16-19-00/klee/klee-out-30", "phase": 2}, "klee-out-31": {"bcfile": "/tmp/macke/2017-07-19-16-19-00/bitcode/chain-write_dict-byte_convert.bc", "callee": "byte_convert", "caller": "write_dict", "folder": "/tmp/macke/2017-07-19-16-19-00/klee/klee-out-31", "phase": 2}, "klee-out-32": {"bcfile": "/tmp/macke/2017-07-19-16-19-00/bitcode/chain-write_int-byte_convert.bc", "callee": "byte_convert", "caller": "write_int", "folder": "/tmp/macke/2017-07-19-16-19-00/klee/klee-out-32", "phase": 2}, "klee-out-33": {"bcfile": "/tmp/macke/2017-07-19-16-19-00/bitcode/chain-write_uid-byte_convert.bc", "callee": "byte_convert", "caller": "write_uid", "folder": "/tmp/macke/2017-07-19-16-19-00/klee/klee-out-33", "phase": 2}, "klee-out-34": {"bcfile": "/tmp/macke/2017-07-19-16-19-00/bitcode/chain-write_uint-byte_convert.bc", "callee": "byte_convert", "caller": "write_uint", "folder": "/tmp/macke/2017-07-19-16-19-00/klee/klee-out-34", "phase": 2}, "klee-out-35": {"bcfile": "/tmp/macke/2017-07-19-16-19-00/bitcode/chain-write_unicode-byte_convert.bc", "callee": "byte_convert", "caller": "write_unicode", "folder": "/tmp/macke/2017-07-19-16-19-00/klee/klee-out-35", "phase": 2}, "klee-out-36": {"bcfile": "/tmp/macke/2017-07-19-16-19-00/bitcode/chain-parse_real_node-float_byte_convert.bc", "callee": "float_byte_convert", "caller": "parse_real_node", "folder": "/tmp/macke/2017-07-19-16-19-00/klee/klee-out-36", "phase": 2}, "klee-out-37": {"bcfile": "/tmp/macke/2017-07-19-16-19-00/bitcode/chain-write_date-float_byte_convert.bc", "callee": "float_byte_convert", "caller": "write_date", "folder": "/tmp/macke/2017-07-19-16-19-00/klee/klee-out-37", "phase": 2}, "klee-out-38": {"bcfile": "/tmp/macke/2017-07-19-16-19-00/bitcode/chain-write_real-float_byte_convert.bc", "callee": "float_byte_convert", "caller": "write_real", "folder": "/tmp/macke/2017-07-19-16-19-00/klee/klee-out-38", "phase": 2}, "klee-out-39": {"bcfile": "/tmp/macke/2017-07-19-16-19-00/bitcode/chain-parse_unicode_node-plist_utf16_to_utf8.bc", "callee": "plist_utf16_to_utf8", "caller": "parse_unicode_node", "folder": "/tmp/macke/2017-07-19-16-19-00/klee/klee-out-39", "phase": 2}}