{
  "klee-out-1": {
    "bcfile": "/tmp/macke/2017-07-18-20-29-16/bitcode/symmains.bc",
    "folder": "/tmp/macke/2017-07-18-20-29-16/klee/klee-out-1",
    "function": "write_buf",
    "phase": 1
  },
  "klee-out-2": {
    "bcfile": "/tmp/macke/2017-07-18-20-29-16/bitcode/symmains.bc",
    "folder": "/tmp/macke/2017-07-18-20-29-16/klee/klee-out-2",
    "function": "write_u8",
    "phase": 1
  },
  "klee-out-3": {
    "bcfile": "/tmp/macke/2017-07-18-20-29-16/bitcode/symmains.bc",
    "folder": "/tmp/macke/2017-07-18-20-29-16/klee/klee-out-3",
    "function": "write_u16",
    "phase": 1
  },
  "klee-out-4": {
    "bcfile": "/tmp/macke/2017-07-18-20-29-16/bitcode/symmains.bc",
    "folder": "/tmp/macke/2017-07-18-20-29-16/klee/klee-out-4",
    "function": "write_u32",
    "phase": 1
  },
  "klee-out-5": {
    "bcfile": "/tmp/macke/2017-07-18-20-29-16/bitcode/symmains.bc",
    "folder": "/tmp/macke/2017-07-18-20-29-16/klee/klee-out-5",
    "function": "open_stream_out",
    "phase": 1
  },
  "klee-out-6": {
    "bcfile": "/tmp/macke/2017-07-18-20-29-16/bitcode/symmains.bc",
    "folder": "/tmp/macke/2017-07-18-20-29-16/klee/klee-out-6",
    "function": "read_buf",
    "phase": 1
  },
  "klee-out-7": {
    "bcfile": "/tmp/macke/2017-07-18-20-29-16/bitcode/symmains.bc",
    "folder": "/tmp/macke/2017-07-18-20-29-16/klee/klee-out-7",
    "function": "read_u8",
    "phase": 1
  },
  "klee-out-8": {
    "bcfile": "/tmp/macke/2017-07-18-20-29-16/bitcode/symmains.bc",
    "folder": "/tmp/macke/2017-07-18-20-29-16/klee/klee-out-8",
    "function": "read_u16",
    "phase": 1
  },
  "klee-out-9": {
    "bcfile": "/tmp/macke/2017-07-18-20-29-16/bitcode/symmains.bc",
    "folder": "/tmp/macke/2017-07-18-20-29-16/klee/klee-out-9",
    "function": "read_u32",
    "phase": 1
  },
  "klee-out-10": {
    "bcfile": "/tmp/macke/2017-07-18-20-29-16/bitcode/symmains.bc",
    "folder": "/tmp/macke/2017-07-18-20-29-16/klee/klee-out-10",
    "function": "open_stream_in",
    "phase": 1
  },
  "klee-out-11": {
    "bcfile": "/tmp/macke/2017-07-18-20-29-16/bitcode/symmains.bc",
    "folder": "/tmp/macke/2017-07-18-20-29-16/klee/klee-out-11",
    "function": "seekto",
    "phase": 1
  },
  "klee-out-12": {
    "bcfile": "/tmp/macke/2017-07-18-20-29-16/bitcode/symmains.bc",
    "folder": "/tmp/macke/2017-07-18-20-29-16/klee/klee-out-12",
    "function": "compress_buf",
    "phase": 1
  },
  "klee-out-13": {
    "bcfile": "/tmp/macke/2017-07-18-20-29-16/bitcode/symmains.bc",
    "folder": "/tmp/macke/2017-07-18-20-29-16/klee/klee-out-13",
    "function": "flush_buffer",
    "phase": 1
  },
  "klee-out-14": {
    "bcfile": "/tmp/macke/2017-07-18-20-29-16/bitcode/symmains.bc",
    "folder": "/tmp/macke/2017-07-18-20-29-16/klee/klee-out-14",
    "function": "write_stream",
    "phase": 1
  },
  "klee-out-15": {
    "bcfile": "/tmp/macke/2017-07-18-20-29-16/bitcode/symmains.bc",
    "folder": "/tmp/macke/2017-07-18-20-29-16/klee/klee-out-15",
    "function": "decompress_buf",
    "phase": 1
  },
  "klee-out-16": {
    "bcfile": "/tmp/macke/2017-07-18-20-29-16/bitcode/symmains.bc",
    "folder": "/tmp/macke/2017-07-18-20-29-16/klee/klee-out-16",
    "function": "fill_buffer",
    "phase": 1
  },
  "klee-out-17": {
    "bcfile": "/tmp/macke/2017-07-18-20-29-16/bitcode/symmains.bc",
    "folder": "/tmp/macke/2017-07-18-20-29-16/klee/klee-out-17",
    "function": "read_stream",
    "phase": 1
  },
  "klee-out-18": {
    "bcfile": "/tmp/macke/2017-07-18-20-29-16/bitcode/symmains.bc",
    "folder": "/tmp/macke/2017-07-18-20-29-16/klee/klee-out-18",
    "function": "close_stream_out",
    "phase": 1
  },
  "klee-out-19": {
    "bcfile": "/tmp/macke/2017-07-18-20-29-16/bitcode/symmains.bc",
    "folder": "/tmp/macke/2017-07-18-20-29-16/klee/klee-out-19",
    "function": "close_stream_in",
    "phase": 1
  },
  "klee-out-20": {
    "bcfile": "/tmp/macke/2017-07-18-20-29-16/bitcode/chain-fill_buffer-read_buf.bc",
    "callee": "read_buf",
    "caller": "fill_buffer",
    "folder": "/tmp/macke/2017-07-18-20-29-16/klee/klee-out-20",
    "phase": 2
  },
  "klee-out-21": {
    "bcfile": "/tmp/macke/2017-07-18-20-29-16/bitcode/chain-read_u16-read_buf.bc",
    "callee": "read_buf",
    "caller": "read_u16",
    "folder": "/tmp/macke/2017-07-18-20-29-16/klee/klee-out-21",
    "phase": 2
  },
  "klee-out-22": {
    "bcfile": "/tmp/macke/2017-07-18-20-29-16/bitcode/chain-read_u8-read_buf.bc",
    "callee": "read_buf",
    "caller": "read_u8",
    "folder": "/tmp/macke/2017-07-18-20-29-16/klee/klee-out-22",
    "phase": 2
  },
  "klee-out-23": {
    "bcfile": "/tmp/macke/2017-07-18-20-29-16/bitcode/chain-close_stream_out-flush_buffer.bc",
    "callee": "flush_buffer",
    "caller": "close_stream_out",
    "folder": "/tmp/macke/2017-07-18-20-29-16/klee/klee-out-23",
    "phase": 2
  },
  "klee-out-24": {
    "bcfile": "/tmp/macke/2017-07-18-20-29-16/bitcode/chain-write_stream-flush_buffer.bc",
    "callee": "flush_buffer",
    "caller": "write_stream",
    "folder": "/tmp/macke/2017-07-18-20-29-16/klee/klee-out-24",
    "phase": 2
  },
  "klee-out-25": {
    "bcfile": "/tmp/macke/2017-07-18-20-29-16/bitcode/chain-read_stream-fill_buffer.bc",
    "callee": "fill_buffer",
    "caller": "read_stream",
    "folder": "/tmp/macke/2017-07-18-20-29-16/klee/klee-out-25",
    "phase": 2
  }
}
