{"{write}": {"clustering_coefficient": 0, "distance_to_interface": 1, "faulty": false, "node_degree": [1, 2, 3], "node_path_length": 0}, "{read_buf}": {"clustering_coefficient": 0, "distance_to_interface": 3, "cvss3": {"vectorString": "AV:L/AC:L/PR:N/UI:R/S:U/C:H/I:H/A:H", "attackComplexity": "LOW", "attackVector": "LOCAL", "availabilityImpact": "HIGH", "baseSeverity": "HIGH", "userInteraction": "REQUIRED", "baseScore": 7.8, "privilegesRequired": "NONE", "confidentialityImpact": "HIGH", "integrityImpact": "HIGH", "scope": "UNCHANGED"}, "macke_vulnerabilities_found": 1, "macke_bug_chain_length": 1, "faulty": true, "node_degree": [4, 3, 7], "node_path_length": 1}, "{BZ2_bzBuffToBuffCompress}": {"clustering_coefficient": 0, "distance_to_interface": 1, "faulty": false, "node_degree": [1, 2, 3], "node_path_length": 0}, "{read_u32}": {"clustering_coefficient": 0, "distance_to_interface": 2, "faulty": false, "node_degree": [1, 2, 3], "node_path_length": 2}, "{read_u16}": {"clustering_coefficient": 0, "distance_to_interface": null, "faulty": false, "node_degree": [1, 1, 2], "node_path_length": 0}, "{write_buf}": {"clustering_coefficient": 0, "distance_to_interface": 3, "faulty": false, "node_degree": [4, 3, 7], "node_path_length": 0}, "{seekto}": {"clustering_coefficient": 0, "distance_to_interface": null, "faulty": false, "node_degree": [2, 2, 4], "node_path_length": 0}, "{close_stream_in}": {"clustering_coefficient": 0, "distance_to_interface": 1, "faulty": false, "node_degree": [2, 1, 3], "node_path_length": 1}, "{fill_buffer}": {"clustering_coefficient": 0, "distance_to_interface": 2, "faulty": false, "node_degree": [7, 1, 8], "node_path_length": 1}, "{calloc}": {"clustering_coefficient": 0, "distance_to_interface": 1, "faulty": false, "node_degree": [1, 3, 4], "node_path_length": 1}, "{decompress_buf}": {"clustering_coefficient": 0, "distance_to_interface": null, "faulty": false, "node_degree": [4, 1, 5], "node_path_length": 0}, "{malloc}": {"clustering_coefficient": 0, "distance_to_interface": 1, "faulty": false, "node_degree": [1, 6, 7], "node_path_length": 0}, "{flush_buffer}": {"clustering_coefficient": 0, "distance_to_interface": null, "faulty": false, "node_degree": [7, 2, 9], "node_path_length": 0}, "{compress_buf}": {"clustering_coefficient": 0, "distance_to_interface": null, "faulty": false, "node_degree": [3, 1, 4], "node_path_length": 0}, "{write_u32}": {"clustering_coefficient": 0, "distance_to_interface": null, "faulty": false, "node_degree": [1, 2, 3], "node_path_length": 0}, "{write_u8}": {"clustering_coefficient": 0, "distance_to_interface": null, "faulty": false, "node_degree": [1, 2, 3], "node_path_length": 0}, "{strerror}": {"clustering_coefficient": 0, "distance_to_interface": 1, "faulty": false, "node_degree": [1, 3, 4], "node_path_length": 0}, "{open_stream_out}": {"clustering_coefficient": 0, "distance_to_interface": 1, "faulty": false, "node_degree": [6, 1, 7], "node_path_length": 1}, "{open_stream_in}": {"clustering_coefficient": 0, "distance_to_interface": 1, "faulty": false, "node_degree": [6, 1, 7], "node_path_length": 1}, "{__errno_location}": {"clustering_coefficient": 0, "distance_to_interface": 1, "faulty": false, "node_degree": [1, 3, 4], "node_path_length": 0}, "{lseek}": {"clustering_coefficient": 0, "distance_to_interface": 1, "faulty": false, "node_degree": [1, 5, 6], "node_path_length": 0}, "{read_u8}": {"clustering_coefficient": 0, "distance_to_interface": null, "faulty": false, "node_degree": [1, 2, 3], "node_path_length": 0}, "{external node}": {"clustering_coefficient": 0, "distance_to_interface": null, "faulty": false, "node_degree": [19, 0, 19], "node_path_length": 0}, "{close_stream_out}": {"clustering_coefficient": 0, "distance_to_interface": 1, "faulty": false, "node_degree": [2, 1, 3], "node_path_length": 2}, "{write_u16}": {"clustering_coefficient": 0, "distance_to_interface": 4, "faulty": false, "node_degree": [1, 1, 2], "node_path_length": 3}, "{read}": {"clustering_coefficient": 0, "distance_to_interface": 1, "faulty": false, "node_degree": [1, 2, 3], "node_path_length": 0}, "{llvm.memcpy.p0i8.p0i8.i64}": {"clustering_coefficient": 0, "distance_to_interface": 1, "faulty": false, "node_degree": [0, 1, 1], "node_path_length": 0}, "{write_stream}": {"clustering_coefficient": 0, "distance_to_interface": 1, "faulty": false, "node_degree": [1, 1, 2], "node_path_length": 1}, "{err_msg}": {"clustering_coefficient": 0, "distance_to_interface": 1, "faulty": false, "node_degree": [1, 6, 7], "node_path_length": 0}, "{read_stream}": {"clustering_coefficient": 0, "distance_to_interface": 1, "faulty": false, "node_degree": [1, 1, 2], "node_path_length": 0}, "{BZ2_bzBuffToBuffDecompress}": {"clustering_coefficient": 0, "distance_to_interface": 1, "faulty": false, "node_degree": [1, 2, 3], "node_path_length": 0}, "{llvm.dbg.declare}": {"clustering_coefficient": 0, "distance_to_interface": 1, "faulty": false, "node_degree": [0, 1, 1], "node_path_length": 0}, "{free}": {"clustering_coefficient": 0, "distance_to_interface": 1, "faulty": false, "node_degree": [1, 9, 10], "node_path_length": 0}}