{"nodes": [{"id": "{external node}", "data": {"node_path_length": 0, "macke_vulnerabilities_found": 0, "macke_bug_chain_length": 0, "clustering_coefficient": 0.06432748538011696, "distance_to_interface": 999, "faulty": false, "node_degree": [19, 0, 19]}, "type": 2}, {"id": "{strerror}", "data": {"node_path_length": 0, "macke_vulnerabilities_found": 0, "macke_bug_chain_length": 0, "clustering_coefficient": 0.0, "distance_to_interface": 1, "faulty": false, "node_degree": [1, 3, 4]}, "type": 3}, {"id": "{write_u16}", "data": {"node_path_length": 3.0, "macke_vulnerabilities_found": 1, "macke_bug_chain_length": 1, "clustering_coefficient": 0.0, "distance_to_interface": 4, "faulty": false, "node_degree": [1, 1, 2]}, "type": 0}, {"id": "{close_stream_in}", "data": {"node_path_length": 1.0, "macke_vulnerabilities_found": 1, "macke_bug_chain_length": 1, "clustering_coefficient": 0.6666666666666666, "distance_to_interface": 1, "faulty": false, "node_degree": [2, 1, 3]}, "type": 1}, {"id": "{read_u32}", "data": {"node_path_length": 2.0, "macke_vulnerabilities_found": 1, "macke_bug_chain_length": 1, "clustering_coefficient": 0.0, "distance_to_interface": 2, "faulty": false, "node_degree": [1, 2, 3]}, "type": 2}, {"id": "{fill_buffer}", "data": {"node_path_length": 1.2857142857142858, "macke_vulnerabilities_found": 1, "macke_bug_chain_length": 1, "clustering_coefficient": 0.10714285714285714, "distance_to_interface": 2, "faulty": false, "node_degree": [7, 1, 8]}, "type": 3}, {"id": "{write_buf}", "data": {"node_path_length": 2.0, "macke_vulnerabilities_found": 1, "macke_bug_chain_length": 1, "clustering_coefficient": 0.047619047619047616, "distance_to_interface": 3, "faulty": false, "node_degree": [4, 3, 7]}, "type": 4}, {"id": "{malloc}", "data": {"node_path_length": 0, "macke_vulnerabilities_found": 0, "macke_bug_chain_length": 0, "clustering_coefficient": 0.14285714285714285, "distance_to_interface": 1, "faulty": false, "node_degree": [1, 6, 7]}, "type": 3}, {"id": "{read_buf}", "data": {"node_path_length": 1.1666666666666667, "macke_vulnerabilities_found": 1, "macke_bug_chain_length": 1, "clustering_coefficient": 0.047619047619047616, "distance_to_interface": 3, "cvss3": {"userInteraction": "REQUIRED", "attackComplexity": "LOW", "privilegesRequired": "NONE", "scope": "UNCHANGED", "baseSeverity": "HIGH", "vectorString": "AV:L/AC:L/PR:N/UI:R/S:U/C:H/I:H/A:H", "baseScore": 7.8, "confidentialityImpact": "HIGH", "availabilityImpact": "HIGH", "integrityImpact": "HIGH", "attackVector": "LOCAL"}, "faulty": true, "node_degree": [4, 3, 7]}, "type": 2}, {"id": "{llvm.dbg.declare}", "data": {"node_path_length": 0, "macke_vulnerabilities_found": 0, "macke_bug_chain_length": 0, "clustering_coefficient": 0, "distance_to_interface": 1, "faulty": false, "node_degree": [0, 1, 1]}, "type": 1}, {"id": "{lseek}", "data": {"node_path_length": 0, "macke_vulnerabilities_found": 0, "macke_bug_chain_length": 0, "clustering_coefficient": 0.2, "distance_to_interface": 1, "faulty": false, "node_degree": [1, 5, 6]}, "type": 2}, {"id": "{calloc}", "data": {"node_path_length": 1.0, "macke_vulnerabilities_found": 0, "macke_bug_chain_length": 0, "clustering_coefficient": 0.3333333333333333, "distance_to_interface": 1, "faulty": false, "node_degree": [1, 3, 4]}, "type": 0}, {"id": "{err_msg}", "data": {"node_path_length": 0, "macke_vulnerabilities_found": 0, "macke_bug_chain_length": 0, "clustering_coefficient": 0.047619047619047616, "distance_to_interface": 1, "faulty": false, "node_degree": [1, 6, 7]}, "type": 3}, {"id": "{close_stream_out}", "data": {"node_path_length": 5.814516129032258, "macke_vulnerabilities_found": 1, "macke_bug_chain_length": 1, "clustering_coefficient": 0.6666666666666666, "distance_to_interface": 1, "faulty": false, "node_degree": [2, 1, 3]}, "type": 5}, {"id": "{open_stream_in}", "data": {"node_path_length": 2.765957446808511, "macke_vulnerabilities_found": 1, "macke_bug_chain_length": 1, "clustering_coefficient": 0.19047619047619047, "distance_to_interface": 1, "faulty": false, "node_degree": [6, 1, 7]}, "type": 1}, {"id": "{read}", "data": {"node_path_length": 1.0, "macke_vulnerabilities_found": 0, "macke_bug_chain_length": 0, "clustering_coefficient": 0.0, "distance_to_interface": 1, "faulty": false, "node_degree": [1, 2, 3]}, "type": 5}, {"id": "{write_stream}", "data": {"node_path_length": 1.0, "macke_vulnerabilities_found": 1, "macke_bug_chain_length": 1, "clustering_coefficient": 0.0, "distance_to_interface": 1, "faulty": false, "node_degree": [1, 1, 2]}, "type": 4}, {"id": "{write}", "data": {"node_path_length": 1.0, "macke_vulnerabilities_found": 0, "macke_bug_chain_length": 0, "clustering_coefficient": 0.0, "distance_to_interface": 1, "faulty": false, "node_degree": [1, 2, 3]}, "type": 0}, {"id": "{llvm.memcpy.p0i8.p0i8.i64}", "data": {"node_path_length": 0, "macke_vulnerabilities_found": 0, "macke_bug_chain_length": 0, "clustering_coefficient": 0, "distance_to_interface": 1, "faulty": false, "node_degree": [0, 1, 1]}, "type": 5}, {"id": "Node0x2fcb9f0", "type": 2}, {"id": "{compress_buf}", "data": {"node_path_length": 2.0, "macke_vulnerabilities_found": 1, "macke_bug_chain_length": 1, "clustering_coefficient": 0.3333333333333333, "distance_to_interface": 3, "faulty": false, "node_degree": [3, 1, 4]}, "type": 5}, {"id": "{seekto}", "data": {"node_path_length": 1.5, "macke_vulnerabilities_found": 1, "macke_bug_chain_length": 1, "clustering_coefficient": 0.0, "distance_to_interface": 3, "faulty": false, "node_degree": [2, 2, 4]}, "type": 2}, {"id": "{read_stream}", "data": {"node_path_length": 2.2857142857142856, "macke_vulnerabilities_found": 1, "macke_bug_chain_length": 2, "clustering_coefficient": 0.0, "distance_to_interface": 1, "faulty": false, "node_degree": [1, 1, 2]}, "type": 4}, {"id": "{__errno_location}", "data": {"node_path_length": 0, "macke_vulnerabilities_found": 0, "macke_bug_chain_length": 0, "clustering_coefficient": 0.0, "distance_to_interface": 1, "faulty": false, "node_degree": [1, 3, 4]}, "type": 4}, {"id": "{read_u8}", "data": {"node_path_length": 2.1666666666666665, "macke_vulnerabilities_found": 1, "macke_bug_chain_length": 1, "clustering_coefficient": 0.3333333333333333, "distance_to_interface": 2, "faulty": false, "node_degree": [1, 2, 3]}, "type": 3}, {"id": "{open_stream_out}", "data": {"node_path_length": 1.0, "macke_vulnerabilities_found": 1, "macke_bug_chain_length": 1, "clustering_coefficient": 0.19047619047619047, "distance_to_interface": 1, "faulty": false, "node_degree": [6, 1, 7]}, "type": 3}, {"id": "{write_u32}", "data": {"node_path_length": 4.0, "macke_vulnerabilities_found": 1, "macke_bug_chain_length": 1, "clustering_coefficient": 0.0, "distance_to_interface": 2, "faulty": false, "node_degree": [1, 2, 3]}, "type": 2}, {"id": "{write_u8}", "data": {"node_path_length": 1.0, "macke_vulnerabilities_found": 1, "macke_bug_chain_length": 1, "clustering_coefficient": 0.3333333333333333, "distance_to_interface": 2, "faulty": false, "node_degree": [1, 2, 3]}, "type": 1}, {"id": "{flush_buffer}", "data": {"node_path_length": 4.820069204152249, "macke_vulnerabilities_found": 1, "macke_bug_chain_length": 1, "clustering_coefficient": 0.1111111111111111, "distance_to_interface": 2, "faulty": false, "node_degree": [7, 2, 9]}, "type": 0}, {"id": "{BZ2_bzBuffToBuffDecompress}", "data": {"node_path_length": 1.0, "macke_vulnerabilities_found": 0, "macke_bug_chain_length": 0, "clustering_coefficient": 0.0, "distance_to_interface": 1, "faulty": false, "node_degree": [1, 2, 3]}, "type": 0}, {"id": "{decompress_buf}", "data": {"node_path_length": 1.2, "macke_vulnerabilities_found": 1, "macke_bug_chain_length": 1, "clustering_coefficient": 0.2, "distance_to_interface": 3, "faulty": false, "node_degree": [4, 1, 5]}, "type": 3}, {"id": "{BZ2_bzBuffToBuffCompress}", "data": {"node_path_length": 1.0, "macke_vulnerabilities_found": 0, "macke_bug_chain_length": 0, "clustering_coefficient": 0.0, "distance_to_interface": 1, "faulty": false, "node_degree": [1, 2, 3]}, "type": 4}, {"id": "{read_u16}", "data": {"node_path_length": 1.0, "macke_vulnerabilities_found": 1, "macke_bug_chain_length": 1, "clustering_coefficient": 0.0, "distance_to_interface": 3, "faulty": false, "node_degree": [1, 1, 2]}, "type": 4}, {"id": "{free}", "data": {"node_path_length": 0, "macke_vulnerabilities_found": 0, "macke_bug_chain_length": 0, "clustering_coefficient": 0.15555555555555556, "distance_to_interface": 1, "faulty": false, "node_degree": [1, 9, 10]}, "type": 5}], "links": [{"source": "{external node}", "target": "{close_stream_out}", "type": 3}, {"source": "{external node}", "target": "{open_stream_in}", "type": 0}, {"source": "{external node}", "target": "{read_stream}", "type": 0}, {"source": "{external node}", "target": "{read}", "type": 0}, {"source": "{external node}", "target": "{lseek}", "type": 1}, {"source": "{external node}", "target": "{close_stream_in}", "type": 2}, {"source": "{external node}", "target": "{write_stream}", "type": 1}, {"source": "{external node}", "target": "{open_stream_out}", "type": 0}, {"source": "{external node}", "target": "{strerror}", "type": 1}, {"source": "{external node}", "target": "{write}", "type": 3}, {"source": "{external node}", "target": "{llvm.memcpy.p0i8.p0i8.i64}", "type": 3}, {"source": "{external node}", "target": "{BZ2_bzBuffToBuffDecompress}", "type": 0}, {"source": "{external node}", "target": "{calloc}", "type": 0}, {"source": "{external node}", "target": "{malloc}", "type": 1}, {"source": "{external node}", "target": "{err_msg}", "type": 2}, {"source": "{external node}", "target": "{llvm.dbg.declare}", "type": 1}, {"source": "{external node}", "target": "{__errno_location}", "type": 1}, {"source": "{external node}", "target": "{BZ2_bzBuffToBuffCompress}", "type": 3}, {"source": "{external node}", "target": "{free}", "type": 2}, {"source": "{strerror}", "target": "Node0x2fcb9f0", "type": 2}, {"source": "{write_u16}", "target": "{write_buf}", "type": 1}, {"source": "{close_stream_in}", "target": "{lseek}", "type": 0}, {"source": "{close_stream_in}", "target": "{free}", "type": 3}, {"source": "{close_stream_in}", "target": "{free}", "type": 1}, {"source": "{close_stream_in}", "target": "{free}", "type": 2}, {"source": "{read_u32}", "target": "{read_u16}", "type": 3}, {"source": "{read_u32}", "target": "{read_u16}", "type": 2}, {"source": "{fill_buffer}", "target": "{seekto}", "type": 3}, {"source": "{fill_buffer}", "target": "{read_buf}", "type": 2}, {"source": "{fill_buffer}", "target": "{read_u8}", "type": 3}, {"source": "{fill_buffer}", "target": "{read_u32}", "type": 3}, {"source": "{fill_buffer}", "target": "{read_u32}", "type": 0}, {"source": "{fill_buffer}", "target": "{read_u32}", "type": 1}, {"source": "{fill_buffer}", "target": "{malloc}", "type": 3}, {"source": "{fill_buffer}", "target": "{decompress_buf}", "type": 1}, {"source": "{fill_buffer}", "target": "{free}", "type": 2}, {"source": "{write_buf}", "target": "{write}", "type": 1}, {"source": "{write_buf}", "target": "{err_msg}", "type": 3}, {"source": "{write_buf}", "target": "{err_msg}", "type": 0}, {"source": "{write_buf}", "target": "{__errno_location}", "type": 0}, {"source": "{write_buf}", "target": "{strerror}", "type": 1}, {"source": "{malloc}", "target": "Node0x2fcb9f0", "type": 2}, {"source": "{read_buf}", "target": "{__errno_location}", "type": 0}, {"source": "{read_buf}", "target": "{err_msg}", "type": 0}, {"source": "{read_buf}", "target": "{err_msg}", "type": 1}, {"source": "{read_buf}", "target": "{read}", "type": 2}, {"source": "{read_buf}", "target": "{strerror}", "type": 3}, {"source": "{lseek}", "target": "Node0x2fcb9f0", "type": 1}, {"source": "{calloc}", "target": "Node0x2fcb9f0", "type": 1}, {"source": "{err_msg}", "target": "Node0x2fcb9f0", "type": 3}, {"source": "{close_stream_out}", "target": "{flush_buffer}", "type": 0}, {"source": "{close_stream_out}", "target": "{free}", "type": 2}, {"source": "{close_stream_out}", "target": "{free}", "type": 1}, {"source": "{close_stream_out}", "target": "{free}", "type": 1}, {"source": "{open_stream_in}", "target": "{read_u8}", "type": 0}, {"source": "{open_stream_in}", "target": "{lseek}", "type": 1}, {"source": "{open_stream_in}", "target": "{read_u32}", "type": 1}, {"source": "{open_stream_in}", "target": "{read_u32}", "type": 2}, {"source": "{open_stream_in}", "target": "{read_u32}", "type": 2}, {"source": "{open_stream_in}", "target": "{calloc}", "type": 2}, {"source": "{open_stream_in}", "target": "{calloc}", "type": 3}, {"source": "{open_stream_in}", "target": "{err_msg}", "type": 0}, {"source": "{open_stream_in}", "target": "{err_msg}", "type": 3}, {"source": "{open_stream_in}", "target": "{err_msg}", "type": 2}, {"source": "{open_stream_in}", "target": "{err_msg}", "type": 2}, {"source": "{open_stream_in}", "target": "{free}", "type": 0}, {"source": "{open_stream_in}", "target": "{free}", "type": 1}, {"source": "{open_stream_in}", "target": "{free}", "type": 3}, {"source": "{read}", "target": "Node0x2fcb9f0", "type": 0}, {"source": "{write_stream}", "target": "{flush_buffer}", "type": 1}, {"source": "{write}", "target": "Node0x2fcb9f0", "type": 0}, {"source": "{compress_buf}", "target": "{BZ2_bzBuffToBuffCompress}", "type": 2}, {"source": "{compress_buf}", "target": "{free}", "type": 1}, {"source": "{compress_buf}", "target": "{free}", "type": 2}, {"source": "{compress_buf}", "target": "{malloc}", "type": 3}, {"source": "{seekto}", "target": "{lseek}", "type": 3}, {"source": "{seekto}", "target": "{err_msg}", "type": 2}, {"source": "{read_stream}", "target": "{fill_buffer}", "type": 0}, {"source": "{__errno_location}", "target": "Node0x2fcb9f0", "type": 0}, {"source": "{read_u8}", "target": "{read_buf}", "type": 3}, {"source": "{open_stream_out}", "target": "{lseek}", "type": 2}, {"source": "{open_stream_out}", "target": "{write_u32}", "type": 3}, {"source": "{open_stream_out}", "target": "{write_u32}", "type": 1}, {"source": "{open_stream_out}", "target": "{write_u32}", "type": 1}, {"source": "{open_stream_out}", "target": "{write_u8}", "type": 0}, {"source": "{open_stream_out}", "target": "{calloc}", "type": 3}, {"source": "{open_stream_out}", "target": "{malloc}", "type": 2}, {"source": "{open_stream_out}", "target": "{malloc}", "type": 0}, {"source": "{open_stream_out}", "target": "{free}", "type": 0}, {"source": "{open_stream_out}", "target": "{free}", "type": 0}, {"source": "{open_stream_out}", "target": "{free}", "type": 1}, {"source": "{write_u32}", "target": "{write_u16}", "type": 0}, {"source": "{write_u32}", "target": "{write_u16}", "type": 1}, {"source": "{write_u8}", "target": "{write_buf}", "type": 1}, {"source": "{flush_buffer}", "target": "{write_u32}", "type": 0}, {"source": "{flush_buffer}", "target": "{write_u32}", "type": 2}, {"source": "{flush_buffer}", "target": "{write_u32}", "type": 2}, {"source": "{flush_buffer}", "target": "{write_u32}", "type": 0}, {"source": "{flush_buffer}", "target": "{write_u8}", "type": 2}, {"source": "{flush_buffer}", "target": "{compress_buf}", "type": 0}, {"source": "{flush_buffer}", "target": "{write_buf}", "type": 2}, {"source": "{flush_buffer}", "target": "{malloc}", "type": 1}, {"source": "{flush_buffer}", "target": "{seekto}", "type": 3}, {"source": "{flush_buffer}", "target": "{seekto}", "type": 3}, {"source": "{flush_buffer}", "target": "{free}", "type": 2}, {"source": "{BZ2_bzBuffToBuffDecompress}", "target": "Node0x2fcb9f0", "type": 0}, {"source": "{decompress_buf}", "target": "{err_msg}", "type": 1}, {"source": "{decompress_buf}", "target": "{err_msg}", "type": 1}, {"source": "{decompress_buf}", "target": "{err_msg}", "type": 2}, {"source": "{decompress_buf}", "target": "{BZ2_bzBuffToBuffDecompress}", "type": 2}, {"source": "{decompress_buf}", "target": "{free}", "type": 0}, {"source": "{decompress_buf}", "target": "{malloc}", "type": 3}, {"source": "{BZ2_bzBuffToBuffCompress}", "target": "Node0x2fcb9f0", "type": 2}, {"source": "{read_u16}", "target": "{read_buf}", "type": 0}, {"source": "{free}", "target": "Node0x2fcb9f0", "type": 2}]}