{"{close_stream_in}": {"node_path_length": 1.0, "macke_vulnerabilities_found": 1, "macke_bug_chain_length": 1, "clustering_coefficient": 0.6666666666666666, "distance_to_interface": 1, "faulty": false, "node_degree": [2, 1, 3]}, "{BZ2_bzBuffToBuffDecompress}": {"node_path_length": 1.0, "macke_vulnerabilities_found": 0, "macke_bug_chain_length": 0, "clustering_coefficient": 0.0, "distance_to_interface": 1, "faulty": false, "node_degree": [1, 2, 3]}, "{write_u32}": {"node_path_length": 4.0, "macke_vulnerabilities_found": 1, "macke_bug_chain_length": 1, "clustering_coefficient": 0.0, "distance_to_interface": 2, "faulty": false, "node_degree": [1, 2, 3]}, "{flush_buffer}": {"node_path_length": 4.820069204152249, "macke_vulnerabilities_found": 1, "macke_bug_chain_length": 1, "clustering_coefficient": 0.1111111111111111, "distance_to_interface": 2, "faulty": false, "node_degree": [7, 2, 9]}, "{read}": {"node_path_length": 1.0, "macke_vulnerabilities_found": 0, "macke_bug_chain_length": 0, "clustering_coefficient": 0.0, "distance_to_interface": 1, "faulty": false, "node_degree": [1, 2, 3]}, "{err_msg}": {"node_path_length": 0, "macke_vulnerabilities_found": 0, "macke_bug_chain_length": 0, "clustering_coefficient": 0.047619047619047616, "distance_to_interface": 1, "faulty": false, "node_degree": [1, 6, 7]}, "{open_stream_out}": {"node_path_length": 1.0, "macke_vulnerabilities_found": 1, "macke_bug_chain_length": 1, "clustering_coefficient": 0.19047619047619047, "distance_to_interface": 1, "faulty": false, "node_degree": [6, 1, 7]}, "{read_buf}": {"node_path_length": 1.1666666666666667, "macke_vulnerabilities_found": 1, "macke_bug_chain_length": 1, "clustering_coefficient": 0.047619047619047616, "distance_to_interface": 3, "cvss3": {"userInteraction": "REQUIRED", "attackComplexity": "LOW", "privilegesRequired": "NONE", "scope": "UNCHANGED", "baseSeverity": "HIGH", "vectorString": "AV:L/AC:L/PR:N/UI:R/S:U/C:H/I:H/A:H", "baseScore": 7.8, "confidentialityImpact": "HIGH", "availabilityImpact": "HIGH", "integrityImpact": "HIGH", "attackVector": "LOCAL"}, "faulty": true, "node_degree": [4, 3, 7]}, "{write_u16}": {"node_path_length": 3.0, "macke_vulnerabilities_found": 1, "macke_bug_chain_length": 1, "clustering_coefficient": 0.0, "distance_to_interface": 4, "faulty": false, "node_degree": [1, 1, 2]}, "{calloc}": {"node_path_length": 1.0, "macke_vulnerabilities_found": 0, "macke_bug_chain_length": 0, "clustering_coefficient": 0.3333333333333333, "distance_to_interface": 1, "faulty": false, "node_degree": [1, 3, 4]}, "{write_buf}": {"node_path_length": 2.0, "macke_vulnerabilities_found": 1, "macke_bug_chain_length": 1, "clustering_coefficient": 0.047619047619047616, "distance_to_interface": 3, "faulty": false, "node_degree": [4, 3, 7]}, "{malloc}": {"node_path_length": 0, "macke_vulnerabilities_found": 0, "macke_bug_chain_length": 0, "clustering_coefficient": 0.14285714285714285, "distance_to_interface": 1, "faulty": false, "node_degree": [1, 6, 7]}, "{strerror}": {"node_path_length": 0, "macke_vulnerabilities_found": 0, "macke_bug_chain_length": 0, "clustering_coefficient": 0.0, "distance_to_interface": 1, "faulty": false, "node_degree": [1, 3, 4]}, "{close_stream_out}": {"node_path_length": 5.814516129032258, "macke_vulnerabilities_found": 1, "macke_bug_chain_length": 1, "clustering_coefficient": 0.6666666666666666, "distance_to_interface": 1, "faulty": false, "node_degree": [2, 1, 3]}, "{open_stream_in}": {"node_path_length": 2.765957446808511, "macke_vulnerabilities_found": 1, "macke_bug_chain_length": 1, "clustering_coefficient": 0.19047619047619047, "distance_to_interface": 1, "faulty": false, "node_degree": [6, 1, 7]}, "{read_stream}": {"node_path_length": 2.2857142857142856, "macke_vulnerabilities_found": 1, "macke_bug_chain_length": 2, "clustering_coefficient": 0.0, "distance_to_interface": 1, "faulty": false, "node_degree": [1, 1, 2]}, "{decompress_buf}": {"node_path_length": 1.2, "macke_vulnerabilities_found": 1, "macke_bug_chain_length": 1, "clustering_coefficient": 0.2, "distance_to_interface": 3, "faulty": false, "node_degree": [4, 1, 5]}, "{read_u32}": {"node_path_length": 2.0, "macke_vulnerabilities_found": 1, "macke_bug_chain_length": 1, "clustering_coefficient": 0.0, "distance_to_interface": 2, "faulty": false, "node_degree": [1, 2, 3]}, "{lseek}": {"node_path_length": 0, "macke_vulnerabilities_found": 0, "macke_bug_chain_length": 0, "clustering_coefficient": 0.2, "distance_to_interface": 1, "faulty": false, "node_degree": [1, 5, 6]}, "{write_u8}": {"node_path_length": 1.0, "macke_vulnerabilities_found": 1, "macke_bug_chain_length": 1, "clustering_coefficient": 0.3333333333333333, "distance_to_interface": 2, "faulty": false, "node_degree": [1, 2, 3]}, "{write_stream}": {"node_path_length": 1.0, "macke_vulnerabilities_found": 1, "macke_bug_chain_length": 1, "clustering_coefficient": 0.0, "distance_to_interface": 1, "faulty": false, "node_degree": [1, 1, 2]}, "{read_u8}": {"node_path_length": 2.1666666666666665, "macke_vulnerabilities_found": 1, "macke_bug_chain_length": 1, "clustering_coefficient": 0.3333333333333333, "distance_to_interface": 2, "faulty": false, "node_degree": [1, 2, 3]}, "{llvm.dbg.declare}": {"node_path_length": 0, "macke_vulnerabilities_found": 0, "macke_bug_chain_length": 0, "clustering_coefficient": 0, "distance_to_interface": 1, "faulty": false, "node_degree": [0, 1, 1]}, "{llvm.memcpy.p0i8.p0i8.i64}": {"node_path_length": 0, "macke_vulnerabilities_found": 0, "macke_bug_chain_length": 0, "clustering_coefficient": 0, "distance_to_interface": 1, "faulty": false, "node_degree": [0, 1, 1]}, "{free}": {"node_path_length": 0, "macke_vulnerabilities_found": 0, "macke_bug_chain_length": 0, "clustering_coefficient": 0.15555555555555556, "distance_to_interface": 1, "faulty": false, "node_degree": [1, 9, 10]}, "{fill_buffer}": {"node_path_length": 1.2857142857142858, "macke_vulnerabilities_found": 1, "macke_bug_chain_length": 1, "clustering_coefficient": 0.10714285714285714, "distance_to_interface": 2, "faulty": false, "node_degree": [7, 1, 8]}, "{external node}": {"node_path_length": 0, "macke_vulnerabilities_found": 0, "macke_bug_chain_length": 0, "clustering_coefficient": 0.06432748538011696, "distance_to_interface": 999, "faulty": false, "node_degree": [19, 0, 19]}, "{__errno_location}": {"node_path_length": 0, "macke_vulnerabilities_found": 0, "macke_bug_chain_length": 0, "clustering_coefficient": 0.0, "distance_to_interface": 1, "faulty": false, "node_degree": [1, 3, 4]}, "{write}": {"node_path_length": 1.0, "macke_vulnerabilities_found": 0, "macke_bug_chain_length": 0, "clustering_coefficient": 0.0, "distance_to_interface": 1, "faulty": false, "node_degree": [1, 2, 3]}, "{seekto}": {"node_path_length": 1.5, "macke_vulnerabilities_found": 1, "macke_bug_chain_length": 1, "clustering_coefficient": 0.0, "distance_to_interface": 3, "faulty": false, "node_degree": [2, 2, 4]}, "{BZ2_bzBuffToBuffCompress}": {"node_path_length": 1.0, "macke_vulnerabilities_found": 0, "macke_bug_chain_length": 0, "clustering_coefficient": 0.0, "distance_to_interface": 1, "faulty": false, "node_degree": [1, 2, 3]}, "{compress_buf}": {"node_path_length": 2.0, "macke_vulnerabilities_found": 1, "macke_bug_chain_length": 1, "clustering_coefficient": 0.3333333333333333, "distance_to_interface": 3, "faulty": false, "node_degree": [3, 1, 4]}, "{read_u16}": {"node_path_length": 1.0, "macke_vulnerabilities_found": 1, "macke_bug_chain_length": 1, "clustering_coefficient": 0.0, "distance_to_interface": 3, "faulty": false, "node_degree": [1, 1, 2]}}