{"directed": true, "graph": {"node": {"shape": "", "label": "Call graph"}, "graph": {"label": "Call graph"}, "edge": {}, "name": "Call graph"}, "nodes": [{"shape": "record", "id": "Node0x2fcb9c0", "label": "{external node}"}, {"shape": "record", "id": "Node0x3023380", "label": "{strerror}"}, {"shape": "record", "id": "Node0x2fcd870", "label": "{write_u16}"}, {"shape": "record", "id": "Node0x3022f70", "label": "{close_stream_in}"}, {"shape": "record", "id": "Node0x3022350", "label": "{read_u32}"}, {"shape": "record", "id": "Node0x3022c20", "label": "{fill_buffer}"}, {"shape": "record", "id": "Node0x2fcd810", "label": "{write_buf}"}, {"shape": "record", "id": "Node0x2f9f870", "label": "{malloc}"}, {"shape": "record", "id": "Node0x3022420", "label": "{read_buf}"}, {"shape": "record", "id": "Node0x2fcd9d0", "label": "{llvm.dbg.declare}"}, {"shape": "record", "id": "Node0x2f9f910", "label": "{lseek}"}, {"shape": "record", "id": "Node0x2f9f8a0", "label": "{calloc}"}, {"shape": "record", "id": "Node0x3022530", "label": "{err_msg}"}, {"shape": "record", "id": "Node0x3022f40", "label": "{close_stream_out}"}, {"shape": "record", "id": "Node0x3022220", "label": "{open_stream_in}"}, {"shape": "record", "id": "Node0x3023070", "label": "{read}"}, {"shape": "record", "id": "Node0x30227e0", "label": "{write_stream}"}, {"shape": "record", "id": "Node0x3022810", "label": "{write}"}, {"shape": "record", "id": "Node0x2f94060", "label": "{llvm.memcpy.p0i8.p0i8.i64}"}, {"id": "Node0x2fcb9f0"}, {"shape": "record", "id": "Node0x3022a90", "label": "{compress_buf}"}, {"shape": "record", "id": "Node0x3022a60", "label": "{seekto}"}, {"shape": "record", "id": "Node0x3022b50", "label": "{read_stream}"}, {"shape": "record", "id": "Node0x30233f0", "label": "{__errno_location}"}, {"shape": "record", "id": "Node0x3022290", "label": "{read_u8}"}, {"shape": "record", "id": "Node0x2fcba60", "label": "{open_stream_out}"}, {"shape": "record", "id": "Node0x2fcd960", "label": "{write_u32}"}, {"shape": "record", "id": "Node0x2f9fa10", "label": "{write_u8}"}, {"shape": "record", "id": "Node0x2f93fc0", "label": "{flush_buffer}"}, {"shape": "record", "id": "Node0x30234b0", "label": "{BZ2_bzBuffToBuffDecompress}"}, {"shape": "record", "id": "Node0x3022c80", "label": "{decompress_buf}"}, {"shape": "record", "id": "Node0x3022880", "label": "{BZ2_bzBuffToBuffCompress}"}, {"shape": "record", "id": "Node0x30224c0", "label": "{read_u16}"}, {"shape": "record", "id": "Node0x2fcd7e0", "label": "{free}"}], "links": [{"source": "Node0x2fcb9c0", "target": "Node0x3022f40", "key": 0}, {"source": "Node0x2fcb9c0", "target": "Node0x3022220", "key": 0}, {"source": "Node0x2fcb9c0", "target": "Node0x3022b50", "key": 0}, {"source": "Node0x2fcb9c0", "target": "Node0x3023070", "key": 0}, {"source": "Node0x2fcb9c0", "target": "Node0x2f9f910", "key": 0}, {"source": "Node0x2fcb9c0", "target": "Node0x3022f70", "key": 0}, {"source": "Node0x2fcb9c0", "target": "Node0x30227e0", "key": 0}, {"source": "Node0x2fcb9c0", "target": "Node0x2fcba60", "key": 0}, {"source": "Node0x2fcb9c0", "target": "Node0x3023380", "key": 0}, {"source": "Node0x2fcb9c0", "target": "Node0x3022810", "key": 0}, {"source": "Node0x2fcb9c0", "target": "Node0x2f94060", "key": 0}, {"source": "Node0x2fcb9c0", "target": "Node0x30234b0", "key": 0}, {"source": "Node0x2fcb9c0", "target": "Node0x2f9f8a0", "key": 0}, {"source": "Node0x2fcb9c0", "target": "Node0x2f9f870", "key": 0}, {"source": "Node0x2fcb9c0", "target": "Node0x3022530", "key": 0}, {"source": "Node0x2fcb9c0", "target": "Node0x2fcd9d0", "key": 0}, {"source": "Node0x2fcb9c0", "target": "Node0x30233f0", "key": 0}, {"source": "Node0x2fcb9c0", "target": "Node0x3022880", "key": 0}, {"source": "Node0x2fcb9c0", "target": "Node0x2fcd7e0", "key": 0}, {"source": "Node0x3023380", "target": "Node0x2fcb9f0", "key": 0}, {"source": "Node0x2fcd870", "target": "Node0x2fcd810", "key": 0}, {"source": "Node0x3022f70", "target": "Node0x2f9f910", "key": 0}, {"source": "Node0x3022f70", "target": "Node0x2fcd7e0", "key": 0}, {"source": "Node0x3022f70", "target": "Node0x2fcd7e0", "key": 1}, {"source": "Node0x3022f70", "target": "Node0x2fcd7e0", "key": 2}, {"source": "Node0x3022350", "target": "Node0x30224c0", "key": 0}, {"source": "Node0x3022350", "target": "Node0x30224c0", "key": 1}, {"source": "Node0x3022c20", "target": "Node0x3022a60", "key": 0}, {"source": "Node0x3022c20", "target": "Node0x3022420", "key": 0}, {"source": "Node0x3022c20", "target": "Node0x3022290", "key": 0}, {"source": "Node0x3022c20", "target": "Node0x3022350", "key": 0}, {"source": "Node0x3022c20", "target": "Node0x3022350", "key": 1}, {"source": "Node0x3022c20", "target": "Node0x3022350", "key": 2}, {"source": "Node0x3022c20", "target": "Node0x2f9f870", "key": 0}, {"source": "Node0x3022c20", "target": "Node0x3022c80", "key": 0}, {"source": "Node0x3022c20", "target": "Node0x2fcd7e0", "key": 0}, {"source": "Node0x2fcd810", "target": "Node0x3022810", "key": 0}, {"source": "Node0x2fcd810", "target": "Node0x3022530", "key": 0}, {"source": "Node0x2fcd810", "target": "Node0x3022530", "key": 1}, {"source": "Node0x2fcd810", "target": "Node0x30233f0", "key": 0}, {"source": "Node0x2fcd810", "target": "Node0x3023380", "key": 0}, {"source": "Node0x2f9f870", "target": "Node0x2fcb9f0", "key": 0}, {"source": "Node0x3022420", "target": "Node0x30233f0", "key": 0}, {"source": "Node0x3022420", "target": "Node0x3022530", "key": 0}, {"source": "Node0x3022420", "target": "Node0x3022530", "key": 1}, {"source": "Node0x3022420", "target": "Node0x3023070", "key": 0}, {"source": "Node0x3022420", "target": "Node0x3023380", "key": 0}, {"source": "Node0x2f9f910", "target": "Node0x2fcb9f0", "key": 0}, {"source": "Node0x2f9f8a0", "target": "Node0x2fcb9f0", "key": 0}, {"source": "Node0x3022530", "target": "Node0x2fcb9f0", "key": 0}, {"source": "Node0x3022f40", "target": "Node0x2f93fc0", "key": 0}, {"source": "Node0x3022f40", "target": "Node0x2fcd7e0", "key": 0}, {"source": "Node0x3022f40", "target": "Node0x2fcd7e0", "key": 1}, {"source": "Node0x3022f40", "target": "Node0x2fcd7e0", "key": 2}, {"source": "Node0x3022220", "target": "Node0x3022290", "key": 0}, {"source": "Node0x3022220", "target": "Node0x2f9f910", "key": 0}, {"source": "Node0x3022220", "target": "Node0x3022350", "key": 0}, {"source": "Node0x3022220", "target": "Node0x3022350", "key": 1}, {"source": "Node0x3022220", "target": "Node0x3022350", "key": 2}, {"source": "Node0x3022220", "target": "Node0x2f9f8a0", "key": 0}, {"source": "Node0x3022220", "target": "Node0x2f9f8a0", "key": 1}, {"source": "Node0x3022220", "target": "Node0x3022530", "key": 0}, {"source": "Node0x3022220", "target": "Node0x3022530", "key": 1}, {"source": "Node0x3022220", "target": "Node0x3022530", "key": 2}, {"source": "Node0x3022220", "target": "Node0x3022530", "key": 3}, {"source": "Node0x3022220", "target": "Node0x2fcd7e0", "key": 0}, {"source": "Node0x3022220", "target": "Node0x2fcd7e0", "key": 1}, {"source": "Node0x3022220", "target": "Node0x2fcd7e0", "key": 2}, {"source": "Node0x3023070", "target": "Node0x2fcb9f0", "key": 0}, {"source": "Node0x30227e0", "target": "Node0x2f93fc0", "key": 0}, {"source": "Node0x3022810", "target": "Node0x2fcb9f0", "key": 0}, {"source": "Node0x3022a90", "target": "Node0x3022880", "key": 0}, {"source": "Node0x3022a90", "target": "Node0x2fcd7e0", "key": 0}, {"source": "Node0x3022a90", "target": "Node0x2fcd7e0", "key": 1}, {"source": "Node0x3022a90", "target": "Node0x2f9f870", "key": 0}, {"source": "Node0x3022a60", "target": "Node0x2f9f910", "key": 0}, {"source": "Node0x3022a60", "target": "Node0x3022530", "key": 0}, {"source": "Node0x3022b50", "target": "Node0x3022c20", "key": 0}, {"source": "Node0x30233f0", "target": "Node0x2fcb9f0", "key": 0}, {"source": "Node0x3022290", "target": "Node0x3022420", "key": 0}, {"source": "Node0x2fcba60", "target": "Node0x2f9f910", "key": 0}, {"source": "Node0x2fcba60", "target": "Node0x2fcd960", "key": 0}, {"source": "Node0x2fcba60", "target": "Node0x2fcd960", "key": 1}, {"source": "Node0x2fcba60", "target": "Node0x2fcd960", "key": 2}, {"source": "Node0x2fcba60", "target": "Node0x2f9fa10", "key": 0}, {"source": "Node0x2fcba60", "target": "Node0x2f9f8a0", "key": 0}, {"source": "Node0x2fcba60", "target": "Node0x2f9f870", "key": 0}, {"source": "Node0x2fcba60", "target": "Node0x2f9f870", "key": 1}, {"source": "Node0x2fcba60", "target": "Node0x2fcd7e0", "key": 0}, {"source": "Node0x2fcba60", "target": "Node0x2fcd7e0", "key": 1}, {"source": "Node0x2fcba60", "target": "Node0x2fcd7e0", "key": 2}, {"source": "Node0x2fcd960", "target": "Node0x2fcd870", "key": 0}, {"source": "Node0x2fcd960", "target": "Node0x2fcd870", "key": 1}, {"source": "Node0x2f9fa10", "target": "Node0x2fcd810", "key": 0}, {"source": "Node0x2f93fc0", "target": "Node0x2fcd960", "key": 0}, {"source": "Node0x2f93fc0", "target": "Node0x2fcd960", "key": 1}, {"source": "Node0x2f93fc0", "target": "Node0x2fcd960", "key": 2}, {"source": "Node0x2f93fc0", "target": "Node0x2fcd960", "key": 3}, {"source": "Node0x2f93fc0", "target": "Node0x2f9fa10", "key": 0}, {"source": "Node0x2f93fc0", "target": "Node0x3022a90", "key": 0}, {"source": "Node0x2f93fc0", "target": "Node0x2fcd810", "key": 0}, {"source": "Node0x2f93fc0", "target": "Node0x2f9f870", "key": 0}, {"source": "Node0x2f93fc0", "target": "Node0x3022a60", "key": 0}, {"source": "Node0x2f93fc0", "target": "Node0x3022a60", "key": 1}, {"source": "Node0x2f93fc0", "target": "Node0x2fcd7e0", "key": 0}, {"source": "Node0x30234b0", "target": "Node0x2fcb9f0", "key": 0}, {"source": "Node0x3022c80", "target": "Node0x3022530", "key": 0}, {"source": "Node0x3022c80", "target": "Node0x3022530", "key": 1}, {"source": "Node0x3022c80", "target": "Node0x3022530", "key": 2}, {"source": "Node0x3022c80", "target": "Node0x30234b0", "key": 0}, {"source": "Node0x3022c80", "target": "Node0x2fcd7e0", "key": 0}, {"source": "Node0x3022c80", "target": "Node0x2f9f870", "key": 0}, {"source": "Node0x3022880", "target": "Node0x2fcb9f0", "key": 0}, {"source": "Node0x30224c0", "target": "Node0x3022420", "key": 0}, {"source": "Node0x2fcd7e0", "target": "Node0x2fcb9f0", "key": 0}], "multigraph": true}
