{"klee-out-1": {"bcfile": "/tmp/macke/2017-07-18-21-22-15/bitcode/symmains.bc", "folder": "/tmp/macke/2017-07-18-21-22-15/klee/klee-out-1", "function": "RegisterRLEImage", "phase": 1}, "klee-out-2": {"bcfile": "/tmp/macke/2017-07-18-21-22-15/bitcode/symmains.bc", "folder": "/tmp/macke/2017-07-18-21-22-15/klee/klee-out-2", "function": "ScaleShortToQuantum", "phase": 1}, "klee-out-3": {"bcfile": "/tmp/macke/2017-07-18-21-22-15/bitcode/symmains.bc", "folder": "/tmp/macke/2017-07-18-21-22-15/klee/klee-out-3", "function": "IsValidColormapIndex", "phase": 1}, "klee-out-4": {"bcfile": "/tmp/macke/2017-07-18-21-22-15/bitcode/symmains.bc", "folder": "/tmp/macke/2017-07-18-21-22-15/klee/klee-out-4", "function": "ScaleCharToQuantum", "phase": 1}, "klee-out-5": {"bcfile": "/tmp/macke/2017-07-18-21-22-15/bitcode/symmains.bc", "folder": "/tmp/macke/2017-07-18-21-22-15/klee/klee-out-5", "function": "SetImageProgress", "phase": 1}, "klee-out-6": {"bcfile": "/tmp/macke/2017-07-18-21-22-15/bitcode/symmains.bc", "folder": "/tmp/macke/2017-07-18-21-22-15/klee/klee-out-6", "function": "ReadRLEImage", "phase": 1}, "klee-out-7": {"bcfile": "/tmp/macke/2017-07-18-21-22-15/bitcode/symmains.bc", "folder": "/tmp/macke/2017-07-18-21-22-15/klee/klee-out-7", "function": "IsRLE", "phase": 1}, "klee-out-8": {"bcfile": "/tmp/macke/2017-07-18-21-22-15/bitcode/symmains.bc", "folder": "/tmp/macke/2017-07-18-21-22-15/klee/klee-out-8", "function": "UnregisterRLEImage", "phase": 1}}