{"directed": true, "graph": {"node": {"shape": "", "label": "Call graph"}, "graph": {"label": "Call graph"}, "edge": {}, "name": "Call graph"}, "nodes": [{"shape": "record", "id": "Node0x2b70300", "label": "{ConstantString}"}, {"shape": "record", "id": "Node0x2c29bf0", "label": "{FormatLocaleString}"}, {"shape": "record", "id": "Node0x2c28180", "label": "{ReadBlobLSBSignedShort}"}, {"shape": "record", "id": "Node0x2c88430", "label": "{SetImageProperty}"}, {"shape": "record", "id": "Node0x2c282d0", "label": "{IsValidColormapIndex}"}, {"shape": "record", "id": "Node0x2b72f90", "label": "{RegisterRLEImage}"}, {"shape": "record", "id": "Node0x2c28730", "label": "{SyncNextImageInList}"}, {"shape": "record", "id": "Node0x2c88240", "label": "{DestroyImageList}"}, {"shape": "record", "id": "Node0x2c87f80", "label": "{LogMagickEvent}"}, {"shape": "record", "id": "Node0x2b73030", "label": "{SetMagickInfo}"}, {"shape": "record", "id": "Node0x2c288f0", "label": "{IsRLE}"}, {"shape": "record", "id": "Node0x2c886e0", "label": "{GetExceptionMessage}"}, {"shape": "record", "id": "Node0x2c880a0", "label": "{memcmp}"}, {"shape": "record", "id": "Node0x2c281f0", "label": "{RelinquishMagickMemory}"}, {"shape": "record", "id": "Node0x2c283b0", "label": "{ScaleCharToQuantum}"}, {"shape": "record", "id": "Node0x2c28340", "label": "{QueueAuthenticPixels}"}, {"shape": "record", "id": "Node0x2c88590", "label": "{ReadBlobByte}"}, {"shape": "record", "id": "Node0x2b70290", "label": "{RegisterMagickInfo}"}, {"shape": "record", "id": "Node0x2c88030", "label": "{AcquireImage}"}, {"id": "Node0x2b72f20"}, {"shape": "record", "id": "Node0x2c88670", "label": "{__errno_location}"}, {"shape": "record", "id": "Node0x2b72ef0", "label": "{external node}"}, {"shape": "record", "id": "Node0x2c881d0", "label": "{OpenBlob}"}, {"shape": "record", "id": "Node0x2b70490", "label": "{llvm.dbg.declare}"}, {"shape": "record", "id": "Node0x2c882b0", "label": "{ReadBlob}"}, {"shape": "record", "id": "Node0x2c884f0", "label": "{CloseBlob}"}, {"shape": "record", "id": "Node0x2c28880", "label": "{GetFirstImageInList}"}, {"shape": "record", "id": "Node0x2c87f50", "label": "{__assert_fail}"}, {"shape": "record", "id": "Node0x2c88560", "label": "{ReadBlobLSBShort}"}, {"shape": "record", "id": "Node0x2c28650", "label": "{AcquireNextImage}"}, {"shape": "record", "id": "Node0x2c88110", "label": "{ThrowMagickException}"}, {"shape": "record", "id": "Node0x2c285e0", "label": "{SyncImage}"}, {"shape": "record", "id": "Node0x2c28500", "label": "{AcquireImageColormap}"}, {"shape": "record", "id": "Node0x2c88600", "label": "{EOFBlob}"}, {"shape": "record", "id": "Node0x2c88350", "label": "{AcquireQuantumMemory}"}, {"shape": "record", "id": "Node0x2c28490", "label": "{SetImageProgress}"}, {"shape": "record", "id": "Node0x2c28030", "label": "{InheritException}"}, {"shape": "record", "id": "Node0x2c28110", "label": "{GetVirtualMemoryBlob}"}, {"shape": "record", "id": "Node0x2c882e0", "label": "{DestroyString}"}, {"shape": "record", "id": "Node0x2c28570", "label": "{GetAuthenticIndexQueue}"}, {"shape": "record", "id": "Node0x2c280a0", "label": "{AcquireVirtualMemory}"}, {"shape": "record", "id": "Node0x2c883c0", "label": "{ScaleShortToQuantum}"}, {"shape": "record", "id": "Node0x2c286c0", "label": "{GetNextImageInList}"}, {"shape": "record", "id": "Node0x2c28260", "label": "{RelinquishVirtualMemory}"}, {"shape": "record", "id": "Node0x2c28ae0", "label": "{UnregisterMagickInfo}"}, {"shape": "record", "id": "Node0x2c28810", "label": "{GetBlobSize}"}, {"shape": "record", "id": "Node0x2c287a0", "label": "{TellBlob}"}, {"shape": "record", "id": "Node0x2c28a70", "label": "{UnregisterRLEImage}"}, {"shape": "record", "id": "Node0x2c884a0", "label": "{SetImageExtent}"}, {"shape": "record", "id": "Node0x2c28420", "label": "{SyncAuthenticPixels}"}, {"shape": "record", "id": "Node0x2c87ee0", "label": "{ReadRLEImage}"}], "links": [{"source": "Node0x2b70300", "target": "Node0x2b72f20", "key": 0}, {"source": "Node0x2c29bf0", "target": "Node0x2b72f20", "key": 0}, {"source": "Node0x2c28180", "target": "Node0x2b72f20", "key": 0}, {"source": "Node0x2c88430", "target": "Node0x2b72f20", "key": 0}, {"source": "Node0x2c282d0", "target": "Node0x2c88110", "key": 0}, {"source": "Node0x2b72f90", "target": "Node0x2b70300", "key": 0}, {"source": "Node0x2b72f90", "target": "Node0x2b70300", "key": 1}, {"source": "Node0x2b72f90", "target": "Node0x2b73030", "key": 0}, {"source": "Node0x2b72f90", "target": "Node0x2b70290", "key": 0}, {"source": "Node0x2c28730", "target": "Node0x2b72f20", "key": 0}, {"source": "Node0x2c88240", "target": "Node0x2b72f20", "key": 0}, {"source": "Node0x2c87f80", "target": "Node0x2b72f20", "key": 0}, {"source": "Node0x2b73030", "target": "Node0x2b72f20", "key": 0}, {"source": "Node0x2c288f0", "target": "Node0x2c880a0", "key": 0}, {"source": "Node0x2c886e0", "target": "Node0x2b72f20", "key": 0}, {"source": "Node0x2c880a0", "target": "Node0x2b72f20", "key": 0}, {"source": "Node0x2c281f0", "target": "Node0x2b72f20", "key": 0}, {"source": "Node0x2c28340", "target": "Node0x2b72f20", "key": 0}, {"source": "Node0x2c88590", "target": "Node0x2b72f20", "key": 0}, {"source": "Node0x2b70290", "target": "Node0x2b72f20", "key": 0}, {"source": "Node0x2c88030", "target": "Node0x2b72f20", "key": 0}, {"source": "Node0x2c88670", "target": "Node0x2b72f20", "key": 0}, {"source": "Node0x2b72ef0", "target": "Node0x2b70300", "key": 0}, {"source": "Node0x2b72ef0", "target": "Node0x2c29bf0", "key": 0}, {"source": "Node0x2b72ef0", "target": "Node0x2c28180", "key": 0}, {"source": "Node0x2b72ef0", "target": "Node0x2c88430", "key": 0}, {"source": "Node0x2b72ef0", "target": "Node0x2b72f90", "key": 0}, {"source": "Node0x2b72ef0", "target": "Node0x2c28730", "key": 0}, {"source": "Node0x2b72ef0", "target": "Node0x2c88240", "key": 0}, {"source": "Node0x2b72ef0", "target": "Node0x2c87f80", "key": 0}, {"source": "Node0x2b72ef0", "target": "Node0x2b73030", "key": 0}, {"source": "Node0x2b72ef0", "target": "Node0x2c288f0", "key": 0}, {"source": "Node0x2b72ef0", "target": "Node0x2c886e0", "key": 0}, {"source": "Node0x2b72ef0", "target": "Node0x2c880a0", "key": 0}, {"source": "Node0x2b72ef0", "target": "Node0x2c281f0", "key": 0}, {"source": "Node0x2b72ef0", "target": "Node0x2c28340", "key": 0}, {"source": "Node0x2b72ef0", "target": "Node0x2c88590", "key": 0}, {"source": "Node0x2b72ef0", "target": "Node0x2b70290", "key": 0}, {"source": "Node0x2b72ef0", "target": "Node0x2c88030", "key": 0}, {"source": "Node0x2b72ef0", "target": "Node0x2c88670", "key": 0}, {"source": "Node0x2b72ef0", "target": "Node0x2c881d0", "key": 0}, {"source": "Node0x2b72ef0", "target": "Node0x2b70490", "key": 0}, {"source": "Node0x2b72ef0", "target": "Node0x2c882b0", "key": 0}, {"source": "Node0x2b72ef0", "target": "Node0x2c884f0", "key": 0}, {"source": "Node0x2b72ef0", "target": "Node0x2c28880", "key": 0}, {"source": "Node0x2b72ef0", "target": "Node0x2c87f50", "key": 0}, {"source": "Node0x2b72ef0", "target": "Node0x2c88560", "key": 0}, {"source": "Node0x2b72ef0", "target": "Node0x2c28650", "key": 0}, {"source": "Node0x2b72ef0", "target": "Node0x2c88110", "key": 0}, {"source": "Node0x2b72ef0", "target": "Node0x2c285e0", "key": 0}, {"source": "Node0x2b72ef0", "target": "Node0x2c28500", "key": 0}, {"source": "Node0x2b72ef0", "target": "Node0x2c88600", "key": 0}, {"source": "Node0x2b72ef0", "target": "Node0x2c88350", "key": 0}, {"source": "Node0x2b72ef0", "target": "Node0x2c28030", "key": 0}, {"source": "Node0x2b72ef0", "target": "Node0x2c28110", "key": 0}, {"source": "Node0x2b72ef0", "target": "Node0x2c882e0", "key": 0}, {"source": "Node0x2b72ef0", "target": "Node0x2c28570", "key": 0}, {"source": "Node0x2b72ef0", "target": "Node0x2c280a0", "key": 0}, {"source": "Node0x2b72ef0", "target": "Node0x2c286c0", "key": 0}, {"source": "Node0x2b72ef0", "target": "Node0x2c28260", "key": 0}, {"source": "Node0x2b72ef0", "target": "Node0x2c28ae0", "key": 0}, {"source": "Node0x2b72ef0", "target": "Node0x2c28810", "key": 0}, {"source": "Node0x2b72ef0", "target": "Node0x2c287a0", "key": 0}, {"source": "Node0x2b72ef0", "target": "Node0x2c28a70", "key": 0}, {"source": "Node0x2b72ef0", "target": "Node0x2c884a0", "key": 0}, {"source": "Node0x2b72ef0", "target": "Node0x2c28420", "key": 0}, {"source": "Node0x2b72ef0", "target": "Node0x2c87ee0", "key": 0}, {"source": "Node0x2c881d0", "target": "Node0x2b72f20", "key": 0}, {"source": "Node0x2c882b0", "target": "Node0x2b72f20", "key": 0}, {"source": "Node0x2c884f0", "target": "Node0x2b72f20", "key": 0}, {"source": "Node0x2c28880", "target": "Node0x2b72f20", "key": 0}, {"source": "Node0x2c87f50", "target": "Node0x2b72f20", "key": 0}, {"source": "Node0x2c88560", "target": "Node0x2b72f20", "key": 0}, {"source": "Node0x2c28650", "target": "Node0x2b72f20", "key": 0}, {"source": "Node0x2c88110", "target": "Node0x2b72f20", "key": 0}, {"source": "Node0x2c285e0", "target": "Node0x2b72f20", "key": 0}, {"source": "Node0x2c28500", "target": "Node0x2b72f20", "key": 0}, {"source": "Node0x2c88600", "target": "Node0x2b72f20", "key": 0}, {"source": "Node0x2c88350", "target": "Node0x2b72f20", "key": 0}, {"source": "Node0x2c28490", "target": "Node0x2c29bf0", "key": 0}, {"source": "Node0x2c28490", "target": "Node0x2b72f20", "key": 0}, {"source": "Node0x2c28030", "target": "Node0x2b72f20", "key": 0}, {"source": "Node0x2c28110", "target": "Node0x2b72f20", "key": 0}, {"source": "Node0x2c882e0", "target": "Node0x2b72f20", "key": 0}, {"source": "Node0x2c28570", "target": "Node0x2b72f20", "key": 0}, {"source": "Node0x2c280a0", "target": "Node0x2b72f20", "key": 0}, {"source": "Node0x2c286c0", "target": "Node0x2b72f20", "key": 0}, {"source": "Node0x2c28260", "target": "Node0x2b72f20", "key": 0}, {"source": "Node0x2c28ae0", "target": "Node0x2b72f20", "key": 0}, {"source": "Node0x2c28810", "target": "Node0x2b72f20", "key": 0}, {"source": "Node0x2c287a0", "target": "Node0x2b72f20", "key": 0}, {"source": "Node0x2c28a70", "target": "Node0x2c28ae0", "key": 0}, {"source": "Node0x2c884a0", "target": "Node0x2b72f20", "key": 0}, {"source": "Node0x2c28420", "target": "Node0x2b72f20", "key": 0}, {"source": "Node0x2c87ee0", "target": "Node0x2c28180", "key": 0}, {"source": "Node0x2c87ee0", "target": "Node0x2c28180", "key": 1}, {"source": "Node0x2c87ee0", "target": "Node0x2c28180", "key": 2}, {"source": "Node0x2c87ee0", "target": "Node0x2c28180", "key": 3}, {"source": "Node0x2c87ee0", "target": "Node0x2c88430", "key": 0}, {"source": "Node0x2c87ee0", "target": "Node0x2c282d0", "key": 0}, {"source": "Node0x2c87ee0", "target": "Node0x2c282d0", "key": 1}, {"source": "Node0x2c87ee0", "target": "Node0x2c282d0", "key": 2}, {"source": "Node0x2c87ee0", "target": "Node0x2c282d0", "key": 3}, {"source": "Node0x2c87ee0", "target": "Node0x2c282d0", "key": 4}, {"source": "Node0x2c87ee0", "target": "Node0x2c28650", "key": 0}, {"source": "Node0x2c87ee0", "target": "Node0x2c28730", "key": 0}, {"source": "Node0x2c87ee0", "target": "Node0x2c88240", "key": 0}, {"source": "Node0x2c87ee0", "target": "Node0x2c88240", "key": 1}, {"source": "Node0x2c87ee0", "target": "Node0x2c88240", "key": 2}, {"source": "Node0x2c87ee0", "target": "Node0x2c88240", "key": 3}, {"source": "Node0x2c87ee0", "target": "Node0x2c88240", "key": 4}, {"source": "Node0x2c87ee0", "target": "Node0x2c88240", "key": 5}, {"source": "Node0x2c87ee0", "target": "Node0x2c88240", "key": 6}, {"source": "Node0x2c87ee0", "target": "Node0x2c88240", "key": 7}, {"source": "Node0x2c87ee0", "target": "Node0x2c88240", "key": 8}, {"source": "Node0x2c87ee0", "target": "Node0x2c88240", "key": 9}, {"source": "Node0x2c87ee0", "target": "Node0x2c88240", "key": 10}, {"source": "Node0x2c87ee0", "target": "Node0x2c88240", "key": 11}, {"source": "Node0x2c87ee0", "target": "Node0x2c88240", "key": 12}, {"source": "Node0x2c87ee0", "target": "Node0x2c88240", "key": 13}, {"source": "Node0x2c87ee0", "target": "Node0x2c87f80", "key": 0}, {"source": "Node0x2c87ee0", "target": "Node0x2c886e0", "key": 0}, {"source": "Node0x2c87ee0", "target": "Node0x2c886e0", "key": 1}, {"source": "Node0x2c87ee0", "target": "Node0x2c880a0", "key": 0}, {"source": "Node0x2c87ee0", "target": "Node0x2c880a0", "key": 1}, {"source": "Node0x2c87ee0", "target": "Node0x2c880a0", "key": 2}, {"source": "Node0x2c87ee0", "target": "Node0x2c281f0", "key": 0}, {"source": "Node0x2c87ee0", "target": "Node0x2c281f0", "key": 1}, {"source": "Node0x2c87ee0", "target": "Node0x2c281f0", "key": 2}, {"source": "Node0x2c87ee0", "target": "Node0x2c281f0", "key": 3}, {"source": "Node0x2c87ee0", "target": "Node0x2c281f0", "key": 4}, {"source": "Node0x2c87ee0", "target": "Node0x2c283b0", "key": 0}, {"source": "Node0x2c87ee0", "target": "Node0x2c283b0", "key": 1}, {"source": "Node0x2c87ee0", "target": "Node0x2c283b0", "key": 2}, {"source": "Node0x2c87ee0", "target": "Node0x2c283b0", "key": 3}, {"source": "Node0x2c87ee0", "target": "Node0x2c283b0", "key": 4}, {"source": "Node0x2c87ee0", "target": "Node0x2c283b0", "key": 5}, {"source": "Node0x2c87ee0", "target": "Node0x2c283b0", "key": 6}, {"source": "Node0x2c87ee0", "target": "Node0x2c283b0", "key": 7}, {"source": "Node0x2c87ee0", "target": "Node0x2c283b0", "key": 8}, {"source": "Node0x2c87ee0", "target": "Node0x2c283b0", "key": 9}, {"source": "Node0x2c87ee0", "target": "Node0x2c283b0", "key": 10}, {"source": "Node0x2c87ee0", "target": "Node0x2c28340", "key": 0}, {"source": "Node0x2c87ee0", "target": "Node0x2c28340", "key": 1}, {"source": "Node0x2c87ee0", "target": "Node0x2c28340", "key": 2}, {"source": "Node0x2c87ee0", "target": "Node0x2c88590", "key": 0}, {"source": "Node0x2c87ee0", "target": "Node0x2c88590", "key": 1}, {"source": "Node0x2c87ee0", "target": "Node0x2c88590", "key": 2}, {"source": "Node0x2c87ee0", "target": "Node0x2c88590", "key": 3}, {"source": "Node0x2c87ee0", "target": "Node0x2c88590", "key": 4}, {"source": "Node0x2c87ee0", "target": "Node0x2c88590", "key": 5}, {"source": "Node0x2c87ee0", "target": "Node0x2c88590", "key": 6}, {"source": "Node0x2c87ee0", "target": "Node0x2c88590", "key": 7}, {"source": "Node0x2c87ee0", "target": "Node0x2c88590", "key": 8}, {"source": "Node0x2c87ee0", "target": "Node0x2c88590", "key": 9}, {"source": "Node0x2c87ee0", "target": "Node0x2c88590", "key": 10}, {"source": "Node0x2c87ee0", "target": "Node0x2c88590", "key": 11}, {"source": "Node0x2c87ee0", "target": "Node0x2c88590", "key": 12}, {"source": "Node0x2c87ee0", "target": "Node0x2c88590", "key": 13}, {"source": "Node0x2c87ee0", "target": "Node0x2c88590", "key": 14}, {"source": "Node0x2c87ee0", "target": "Node0x2c88590", "key": 15}, {"source": "Node0x2c87ee0", "target": "Node0x2c88590", "key": 16}, {"source": "Node0x2c87ee0", "target": "Node0x2c88590", "key": 17}, {"source": "Node0x2c87ee0", "target": "Node0x2c88590", "key": 18}, {"source": "Node0x2c87ee0", "target": "Node0x2c88590", "key": 19}, {"source": "Node0x2c87ee0", "target": "Node0x2c88590", "key": 20}, {"source": "Node0x2c87ee0", "target": "Node0x2c88030", "key": 0}, {"source": "Node0x2c87ee0", "target": "Node0x2c88670", "key": 0}, {"source": "Node0x2c87ee0", "target": "Node0x2c88670", "key": 1}, {"source": "Node0x2c87ee0", "target": "Node0x2c881d0", "key": 0}, {"source": "Node0x2c87ee0", "target": "Node0x2c882b0", "key": 0}, {"source": "Node0x2c87ee0", "target": "Node0x2c882b0", "key": 1}, {"source": "Node0x2c87ee0", "target": "Node0x2c882b0", "key": 2}, {"source": "Node0x2c87ee0", "target": "Node0x2c884f0", "key": 0}, {"source": "Node0x2c87ee0", "target": "Node0x2c884f0", "key": 1}, {"source": "Node0x2c87ee0", "target": "Node0x2c884f0", "key": 2}, {"source": "Node0x2c87ee0", "target": "Node0x2c884f0", "key": 3}, {"source": "Node0x2c87ee0", "target": "Node0x2c884f0", "key": 4}, {"source": "Node0x2c87ee0", "target": "Node0x2c884f0", "key": 5}, {"source": "Node0x2c87ee0", "target": "Node0x2c884f0", "key": 6}, {"source": "Node0x2c87ee0", "target": "Node0x2c884f0", "key": 7}, {"source": "Node0x2c87ee0", "target": "Node0x2c884f0", "key": 8}, {"source": "Node0x2c87ee0", "target": "Node0x2c884f0", "key": 9}, {"source": "Node0x2c87ee0", "target": "Node0x2c884f0", "key": 10}, {"source": "Node0x2c87ee0", "target": "Node0x2c884f0", "key": 11}, {"source": "Node0x2c87ee0", "target": "Node0x2c28880", "key": 0}, {"source": "Node0x2c87ee0", "target": "Node0x2c87f50", "key": 0}, {"source": "Node0x2c87ee0", "target": "Node0x2c87f50", "key": 1}, {"source": "Node0x2c87ee0", "target": "Node0x2c87f50", "key": 2}, {"source": "Node0x2c87ee0", "target": "Node0x2c87f50", "key": 3}, {"source": "Node0x2c87ee0", "target": "Node0x2c88560", "key": 0}, {"source": "Node0x2c87ee0", "target": "Node0x2c88560", "key": 1}, {"source": "Node0x2c87ee0", "target": "Node0x2c88560", "key": 2}, {"source": "Node0x2c87ee0", "target": "Node0x2c88560", "key": 3}, {"source": "Node0x2c87ee0", "target": "Node0x2c88560", "key": 4}, {"source": "Node0x2c87ee0", "target": "Node0x2c88560", "key": 5}, {"source": "Node0x2c87ee0", "target": "Node0x2c28490", "key": 0}, {"source": "Node0x2c87ee0", "target": "Node0x2c28490", "key": 1}, {"source": "Node0x2c87ee0", "target": "Node0x2c28490", "key": 2}, {"source": "Node0x2c87ee0", "target": "Node0x2c28490", "key": 3}, {"source": "Node0x2c87ee0", "target": "Node0x2c88110", "key": 0}, {"source": "Node0x2c87ee0", "target": "Node0x2c88110", "key": 1}, {"source": "Node0x2c87ee0", "target": "Node0x2c88110", "key": 2}, {"source": "Node0x2c87ee0", "target": "Node0x2c88110", "key": 3}, {"source": "Node0x2c87ee0", "target": "Node0x2c88110", "key": 4}, {"source": "Node0x2c87ee0", "target": "Node0x2c88110", "key": 5}, {"source": "Node0x2c87ee0", "target": "Node0x2c88110", "key": 6}, {"source": "Node0x2c87ee0", "target": "Node0x2c88110", "key": 7}, {"source": "Node0x2c87ee0", "target": "Node0x2c88110", "key": 8}, {"source": "Node0x2c87ee0", "target": "Node0x2c88110", "key": 9}, {"source": "Node0x2c87ee0", "target": "Node0x2c88110", "key": 10}, {"source": "Node0x2c87ee0", "target": "Node0x2c88110", "key": 11}, {"source": "Node0x2c87ee0", "target": "Node0x2c88110", "key": 12}, {"source": "Node0x2c87ee0", "target": "Node0x2c285e0", "key": 0}, {"source": "Node0x2c87ee0", "target": "Node0x2c28500", "key": 0}, {"source": "Node0x2c87ee0", "target": "Node0x2c88600", "key": 0}, {"source": "Node0x2c87ee0", "target": "Node0x2c88600", "key": 1}, {"source": "Node0x2c87ee0", "target": "Node0x2c88350", "key": 0}, {"source": "Node0x2c87ee0", "target": "Node0x2c88350", "key": 1}, {"source": "Node0x2c87ee0", "target": "Node0x2c28030", "key": 0}, {"source": "Node0x2c87ee0", "target": "Node0x2c28110", "key": 0}, {"source": "Node0x2c87ee0", "target": "Node0x2c882e0", "key": 0}, {"source": "Node0x2c87ee0", "target": "Node0x2c882e0", "key": 1}, {"source": "Node0x2c87ee0", "target": "Node0x2c882e0", "key": 2}, {"source": "Node0x2c87ee0", "target": "Node0x2c28570", "key": 0}, {"source": "Node0x2c87ee0", "target": "Node0x2c280a0", "key": 0}, {"source": "Node0x2c87ee0", "target": "Node0x2c883c0", "key": 0}, {"source": "Node0x2c87ee0", "target": "Node0x2c286c0", "key": 0}, {"source": "Node0x2c87ee0", "target": "Node0x2c28260", "key": 0}, {"source": "Node0x2c87ee0", "target": "Node0x2c28260", "key": 1}, {"source": "Node0x2c87ee0", "target": "Node0x2c28260", "key": 2}, {"source": "Node0x2c87ee0", "target": "Node0x2c28260", "key": 3}, {"source": "Node0x2c87ee0", "target": "Node0x2c28810", "key": 0}, {"source": "Node0x2c87ee0", "target": "Node0x2c287a0", "key": 0}, {"source": "Node0x2c87ee0", "target": "Node0x2c884a0", "key": 0}, {"source": "Node0x2c87ee0", "target": "Node0x2c28420", "key": 0}, {"source": "Node0x2c87ee0", "target": "Node0x2c28420", "key": 1}, {"source": "Node0x2c87ee0", "target": "Node0x2c28420", "key": 2}], "multigraph": true}
