{"links": [{"source": "{ConstantString}", "target": "Node0x2b72f20", "type": 0}, {"source": "{FormatLocaleString}", "target": "Node0x2b72f20", "type": 2}, {"source": "{ReadBlobLSBSignedShort}", "target": "Node0x2b72f20", "type": 0}, {"source": "{SetImageProperty}", "target": "Node0x2b72f20", "type": 2}, {"source": "{IsValidColormapIndex}", "target": "{ThrowMagickException}", "type": 0}, {"source": "{RegisterRLEImage}", "target": "{ConstantString}", "type": 3}, {"source": "{RegisterRLEImage}", "target": "{ConstantString}", "type": 1}, {"source": "{RegisterRLEImage}", "target": "{SetMagickInfo}", "type": 3}, {"source": "{RegisterRLEImage}", "target": "{RegisterMagickInfo}", "type": 1}, {"source": "{SyncNextImageInList}", "target": "Node0x2b72f20", "type": 2}, {"source": "{DestroyImageList}", "target": "Node0x2b72f20", "type": 0}, {"source": "{LogMagickEvent}", "target": "Node0x2b72f20", "type": 1}, {"source": "{SetMagickInfo}", "target": "Node0x2b72f20", "type": 2}, {"source": "{IsRLE}", "target": "{memcmp}", "type": 2}, {"source": "{GetExceptionMessage}", "target": "Node0x2b72f20", "type": 1}, {"source": "{memcmp}", "target": "Node0x2b72f20", "type": 3}, {"source": "{RelinquishMagickMemory}", "target": "Node0x2b72f20", "type": 3}, {"source": "{QueueAuthenticPixels}", "target": "Node0x2b72f20", "type": 1}, {"source": "{ReadBlobByte}", "target": "Node0x2b72f20", "type": 3}, {"source": "{RegisterMagickInfo}", "target": "Node0x2b72f20", "type": 2}, {"source": "{AcquireImage}", "target": "Node0x2b72f20", "type": 0}, {"source": "{__errno_location}", "target": "Node0x2b72f20", "type": 1}, {"source": "{external node}", "target": "{ConstantString}", "type": 1}, {"source": "{external node}", "target": "{FormatLocaleString}", "type": 1}, {"source": "{external node}", "target": "{ReadBlobLSBSignedShort}", "type": 1}, {"source": "{external node}", "target": "{SetImageProperty}", "type": 3}, {"source": "{external node}", "target": "{RegisterRLEImage}", "type": 0}, {"source": "{external node}", "target": "{SyncNextImageInList}", "type": 0}, {"source": "{external node}", "target": "{DestroyImageList}", "type": 3}, {"source": "{external node}", "target": "{LogMagickEvent}", "type": 2}, {"source": "{external node}", "target": "{SetMagickInfo}", "type": 3}, {"source": "{external node}", "target": "{IsRLE}", "type": 0}, {"source": "{external node}", "target": "{GetExceptionMessage}", "type": 3}, {"source": "{external node}", "target": "{memcmp}", "type": 2}, {"source": "{external node}", "target": "{RelinquishMagickMemory}", "type": 1}, {"source": "{external node}", "target": "{QueueAuthenticPixels}", "type": 3}, {"source": "{external node}", "target": "{ReadBlobByte}", "type": 0}, {"source": "{external node}", "target": "{RegisterMagickInfo}", "type": 0}, {"source": "{external node}", "target": "{AcquireImage}", "type": 3}, {"source": "{external node}", "target": "{__errno_location}", "type": 3}, {"source": "{external node}", "target": "{OpenBlob}", "type": 1}, {"source": "{external node}", "target": "{llvm.dbg.declare}", "type": 0}, {"source": "{external node}", "target": "{ReadBlob}", "type": 0}, {"source": "{external node}", "target": "{CloseBlob}", "type": 0}, {"source": "{external node}", "target": "{GetFirstImageInList}", "type": 1}, {"source": "{external node}", "target": "{__assert_fail}", "type": 3}, {"source": "{external node}", "target": "{ReadBlobLSBShort}", "type": 0}, {"source": "{external node}", "target": "{AcquireNextImage}", "type": 3}, {"source": "{external node}", "target": "{ThrowMagickException}", "type": 0}, {"source": "{external node}", "target": "{SyncImage}", "type": 3}, {"source": "{external node}", "target": "{AcquireImageColormap}", "type": 1}, {"source": "{external node}", "target": "{EOFBlob}", "type": 3}, {"source": "{external node}", "target": "{AcquireQuantumMemory}", "type": 0}, {"source": "{external node}", "target": "{InheritException}", "type": 1}, {"source": "{external node}", "target": "{GetVirtualMemoryBlob}", "type": 1}, {"source": "{external node}", "target": "{DestroyString}", "type": 2}, {"source": "{external node}", "target": "{GetAuthenticIndexQueue}", "type": 1}, {"source": "{external node}", "target": "{AcquireVirtualMemory}", "type": 0}, {"source": "{external node}", "target": "{GetNextImageInList}", "type": 1}, {"source": "{external node}", "target": "{RelinquishVirtualMemory}", "type": 1}, {"source": "{external node}", "target": "{UnregisterMagickInfo}", "type": 1}, {"source": "{external node}", "target": "{GetBlobSize}", "type": 1}, {"source": "{external node}", "target": "{TellBlob}", "type": 1}, {"source": "{external node}", "target": "{UnregisterRLEImage}", "type": 3}, {"source": "{external node}", "target": "{SetImageExtent}", "type": 1}, {"source": "{external node}", "target": "{SyncAuthenticPixels}", "type": 2}, {"source": "{external node}", "target": "{ReadRLEImage}", "type": 2}, {"source": "{OpenBlob}", "target": "Node0x2b72f20", "type": 3}, {"source": "{ReadBlob}", "target": "Node0x2b72f20", "type": 1}, {"source": "{CloseBlob}", "target": "Node0x2b72f20", "type": 1}, {"source": "{GetFirstImageInList}", "target": "Node0x2b72f20", "type": 2}, {"source": "{__assert_fail}", "target": "Node0x2b72f20", "type": 1}, {"source": "{ReadBlobLSBShort}", "target": "Node0x2b72f20", "type": 3}, {"source": "{AcquireNextImage}", "target": "Node0x2b72f20", "type": 0}, {"source": "{ThrowMagickException}", "target": "Node0x2b72f20", "type": 3}, {"source": "{SyncImage}", "target": "Node0x2b72f20", "type": 0}, {"source": "{AcquireImageColormap}", "target": "Node0x2b72f20", "type": 3}, {"source": "{EOFBlob}", "target": "Node0x2b72f20", "type": 0}, {"source": "{AcquireQuantumMemory}", "target": "Node0x2b72f20", "type": 1}, {"source": "{SetImageProgress}", "target": "{FormatLocaleString}", "type": 2}, {"source": "{SetImageProgress}", "target": "Node0x2b72f20", "type": 0}, {"source": "{InheritException}", "target": "Node0x2b72f20", "type": 2}, {"source": "{GetVirtualMemoryBlob}", "target": "Node0x2b72f20", "type": 0}, {"source": "{DestroyString}", "target": "Node0x2b72f20", "type": 1}, {"source": "{GetAuthenticIndexQueue}", "target": "Node0x2b72f20", "type": 1}, {"source": "{AcquireVirtualMemory}", "target": "Node0x2b72f20", "type": 1}, {"source": "{GetNextImageInList}", "target": "Node0x2b72f20", "type": 3}, {"source": "{RelinquishVirtualMemory}", "target": "Node0x2b72f20", "type": 2}, {"source": "{UnregisterMagickInfo}", "target": "Node0x2b72f20", "type": 3}, {"source": "{GetBlobSize}", "target": "Node0x2b72f20", "type": 0}, {"source": "{TellBlob}", "target": "Node0x2b72f20", "type": 2}, {"source": "{UnregisterRLEImage}", "target": "{UnregisterMagickInfo}", "type": 3}, {"source": "{SetImageExtent}", "target": "Node0x2b72f20", "type": 2}, {"source": "{SyncAuthenticPixels}", "target": "Node0x2b72f20", "type": 3}, {"source": "{ReadRLEImage}", "target": "{ReadBlobLSBSignedShort}", "type": 3}, {"source": "{ReadRLEImage}", "target": "{ReadBlobLSBSignedShort}", "type": 3}, {"source": "{ReadRLEImage}", "target": "{ReadBlobLSBSignedShort}", "type": 2}, {"source": "{ReadRLEImage}", "target": "{ReadBlobLSBSignedShort}", "type": 2}, {"source": "{ReadRLEImage}", "target": "{SetImageProperty}", "type": 1}, {"source": "{ReadRLEImage}", "target": "{IsValidColormapIndex}", "type": 1}, {"source": "{ReadRLEImage}", "target": "{IsValidColormapIndex}", "type": 0}, {"source": "{ReadRLEImage}", "target": "{IsValidColormapIndex}", "type": 0}, {"source": "{ReadRLEImage}", "target": "{IsValidColormapIndex}", "type": 1}, {"source": "{ReadRLEImage}", "target": "{IsValidColormapIndex}", "type": 0}, {"source": "{ReadRLEImage}", "target": "{AcquireNextImage}", "type": 1}, {"source": "{ReadRLEImage}", "target": "{SyncNextImageInList}", "type": 1}, {"source": "{ReadRLEImage}", "target": "{DestroyImageList}", "type": 2}, {"source": "{ReadRLEImage}", "target": "{DestroyImageList}", "type": 1}, {"source": "{ReadRLEImage}", "target": "{DestroyImageList}", "type": 3}, {"source": "{ReadRLEImage}", "target": "{DestroyImageList}", "type": 1}, {"source": "{ReadRLEImage}", "target": "{DestroyImageList}", "type": 0}, {"source": "{ReadRLEImage}", "target": "{DestroyImageList}", "type": 2}, {"source": "{ReadRLEImage}", "target": "{DestroyImageList}", "type": 0}, {"source": "{ReadRLEImage}", "target": "{DestroyImageList}", "type": 3}, {"source": "{ReadRLEImage}", "target": "{DestroyImageList}", "type": 0}, {"source": "{ReadRLEImage}", "target": "{DestroyImageList}", "type": 2}, {"source": "{ReadRLEImage}", "target": "{DestroyImageList}", "type": 0}, {"source": "{ReadRLEImage}", "target": "{DestroyImageList}", "type": 1}, {"source": "{ReadRLEImage}", "target": "{DestroyImageList}", "type": 0}, {"source": "{ReadRLEImage}", "target": "{DestroyImageList}", "type": 3}, {"source": "{ReadRLEImage}", "target": "{LogMagickEvent}", "type": 3}, {"source": "{ReadRLEImage}", "target": "{GetExceptionMessage}", "type": 3}, {"source": "{ReadRLEImage}", "target": "{GetExceptionMessage}", "type": 2}, {"source": "{ReadRLEImage}", "target": "{memcmp}", "type": 3}, {"source": "{ReadRLEImage}", "target": "{memcmp}", "type": 2}, {"source": "{ReadRLEImage}", "target": "{memcmp}", "type": 3}, {"source": "{ReadRLEImage}", "target": "{RelinquishMagickMemory}", "type": 2}, {"source": "{ReadRLEImage}", "target": "{RelinquishMagickMemory}", "type": 1}, {"source": "{ReadRLEImage}", "target": "{RelinquishMagickMemory}", "type": 2}, {"source": "{ReadRLEImage}", "target": "{RelinquishMagickMemory}", "type": 1}, {"source": "{ReadRLEImage}", "target": "{RelinquishMagickMemory}", "type": 0}, {"source": "{ReadRLEImage}", "target": "{ScaleCharToQuantum}", "type": 0}, {"source": "{ReadRLEImage}", "target": "{ScaleCharToQuantum}", "type": 3}, {"source": "{ReadRLEImage}", "target": "{ScaleCharToQuantum}", "type": 1}, {"source": "{ReadRLEImage}", "target": "{ScaleCharToQuantum}", "type": 3}, {"source": "{ReadRLEImage}", "target": "{ScaleCharToQuantum}", "type": 3}, {"source": "{ReadRLEImage}", "target": "{ScaleCharToQuantum}", "type": 2}, {"source": "{ReadRLEImage}", "target": "{ScaleCharToQuantum}", "type": 3}, {"source": "{ReadRLEImage}", "target": "{ScaleCharToQuantum}", "type": 0}, {"source": "{ReadRLEImage}", "target": "{ScaleCharToQuantum}", "type": 3}, {"source": "{ReadRLEImage}", "target": "{ScaleCharToQuantum}", "type": 0}, {"source": "{ReadRLEImage}", "target": "{ScaleCharToQuantum}", "type": 2}, {"source": "{ReadRLEImage}", "target": "{QueueAuthenticPixels}", "type": 2}, {"source": "{ReadRLEImage}", "target": "{QueueAuthenticPixels}", "type": 3}, {"source": "{ReadRLEImage}", "target": "{QueueAuthenticPixels}", "type": 3}, {"source": "{ReadRLEImage}", "target": "{ReadBlobByte}", "type": 0}, {"source": "{ReadRLEImage}", "target": "{ReadBlobByte}", "type": 1}, {"source": "{ReadRLEImage}", "target": "{ReadBlobByte}", "type": 1}, {"source": "{ReadRLEImage}", "target": "{ReadBlobByte}", "type": 1}, {"source": "{ReadRLEImage}", "target": "{ReadBlobByte}", "type": 0}, {"source": "{ReadRLEImage}", "target": "{ReadBlobByte}", "type": 0}, {"source": "{ReadRLEImage}", "target": "{ReadBlobByte}", "type": 3}, {"source": "{ReadRLEImage}", "target": "{ReadBlobByte}", "type": 0}, {"source": "{ReadRLEImage}", "target": "{ReadBlobByte}", "type": 0}, {"source": "{ReadRLEImage}", "target": "{ReadBlobByte}", "type": 3}, {"source": "{ReadRLEImage}", "target": "{ReadBlobByte}", "type": 1}, {"source": "{ReadRLEImage}", "target": "{ReadBlobByte}", "type": 0}, {"source": "{ReadRLEImage}", "target": "{ReadBlobByte}", "type": 3}, {"source": "{ReadRLEImage}", "target": "{ReadBlobByte}", "type": 3}, {"source": "{ReadRLEImage}", "target": "{ReadBlobByte}", "type": 2}, {"source": "{ReadRLEImage}", "target": "{ReadBlobByte}", "type": 2}, {"source": "{ReadRLEImage}", "target": "{ReadBlobByte}", "type": 1}, {"source": "{ReadRLEImage}", "target": "{ReadBlobByte}", "type": 3}, {"source": "{ReadRLEImage}", "target": "{ReadBlobByte}", "type": 2}, {"source": "{ReadRLEImage}", "target": "{ReadBlobByte}", "type": 0}, {"source": "{ReadRLEImage}", "target": "{ReadBlobByte}", "type": 2}, {"source": "{ReadRLEImage}", "target": "{AcquireImage}", "type": 3}, {"source": "{ReadRLEImage}", "target": "{__errno_location}", "type": 1}, {"source": "{ReadRLEImage}", "target": "{__errno_location}", "type": 0}, {"source": "{ReadRLEImage}", "target": "{OpenBlob}", "type": 3}, {"source": "{ReadRLEImage}", "target": "{ReadBlob}", "type": 1}, {"source": "{ReadRLEImage}", "target": "{ReadBlob}", "type": 0}, {"source": "{ReadRLEImage}", "target": "{ReadBlob}", "type": 3}, {"source": "{ReadRLEImage}", "target": "{CloseBlob}", "type": 3}, {"source": "{ReadRLEImage}", "target": "{CloseBlob}", "type": 2}, {"source": "{ReadRLEImage}", "target": "{CloseBlob}", "type": 1}, {"source": "{ReadRLEImage}", "target": "{CloseBlob}", "type": 1}, {"source": "{ReadRLEImage}", "target": "{CloseBlob}", "type": 3}, {"source": "{ReadRLEImage}", "target": "{CloseBlob}", "type": 2}, {"source": "{ReadRLEImage}", "target": "{CloseBlob}", "type": 0}, {"source": "{ReadRLEImage}", "target": "{CloseBlob}", "type": 1}, {"source": "{ReadRLEImage}", "target": "{CloseBlob}", "type": 1}, {"source": "{ReadRLEImage}", "target": "{CloseBlob}", "type": 3}, {"source": "{ReadRLEImage}", "target": "{CloseBlob}", "type": 2}, {"source": "{ReadRLEImage}", "target": "{CloseBlob}", "type": 3}, {"source": "{ReadRLEImage}", "target": "{GetFirstImageInList}", "type": 0}, {"source": "{ReadRLEImage}", "target": "{__assert_fail}", "type": 1}, {"source": "{ReadRLEImage}", "target": "{__assert_fail}", "type": 3}, {"source": "{ReadRLEImage}", "target": "{__assert_fail}", "type": 1}, {"source": "{ReadRLEImage}", "target": "{__assert_fail}", "type": 3}, {"source": "{ReadRLEImage}", "target": "{ReadBlobLSBShort}", "type": 0}, {"source": "{ReadRLEImage}", "target": "{ReadBlobLSBShort}", "type": 3}, {"source": "{ReadRLEImage}", "target": "{ReadBlobLSBShort}", "type": 2}, {"source": "{ReadRLEImage}", "target": "{ReadBlobLSBShort}", "type": 0}, {"source": "{ReadRLEImage}", "target": "{ReadBlobLSBShort}", "type": 2}, {"source": "{ReadRLEImage}", "target": "{ReadBlobLSBShort}", "type": 2}, {"source": "{ReadRLEImage}", "target": "{SetImageProgress}", "type": 1}, {"source": "{ReadRLEImage}", "target": "{SetImageProgress}", "type": 3}, {"source": "{ReadRLEImage}", "target": "{SetImageProgress}", "type": 2}, {"source": "{ReadRLEImage}", "target": "{SetImageProgress}", "type": 3}, {"source": "{ReadRLEImage}", "target": "{ThrowMagickException}", "type": 1}, {"source": "{ReadRLEImage}", "target": "{ThrowMagickException}", "type": 2}, {"source": "{ReadRLEImage}", "target": "{ThrowMagickException}", "type": 1}, {"source": "{ReadRLEImage}", "target": "{ThrowMagickException}", "type": 0}, {"source": "{ReadRLEImage}", "target": "{ThrowMagickException}", "type": 1}, {"source": "{ReadRLEImage}", "target": "{ThrowMagickException}", "type": 0}, {"source": "{ReadRLEImage}", "target": "{ThrowMagickException}", "type": 1}, {"source": "{ReadRLEImage}", "target": "{ThrowMagickException}", "type": 1}, {"source": "{ReadRLEImage}", "target": "{ThrowMagickException}", "type": 3}, {"source": "{ReadRLEImage}", "target": "{ThrowMagickException}", "type": 3}, {"source": "{ReadRLEImage}", "target": "{ThrowMagickException}", "type": 1}, {"source": "{ReadRLEImage}", "target": "{ThrowMagickException}", "type": 3}, {"source": "{ReadRLEImage}", "target": "{ThrowMagickException}", "type": 3}, {"source": "{ReadRLEImage}", "target": "{SyncImage}", "type": 3}, {"source": "{ReadRLEImage}", "target": "{AcquireImageColormap}", "type": 0}, {"source": "{ReadRLEImage}", "target": "{EOFBlob}", "type": 0}, {"source": "{ReadRLEImage}", "target": "{EOFBlob}", "type": 3}, {"source": "{ReadRLEImage}", "target": "{AcquireQuantumMemory}", "type": 2}, {"source": "{ReadRLEImage}", "target": "{AcquireQuantumMemory}", "type": 2}, {"source": "{ReadRLEImage}", "target": "{InheritException}", "type": 0}, {"source": "{ReadRLEImage}", "target": "{GetVirtualMemoryBlob}", "type": 3}, {"source": "{ReadRLEImage}", "target": "{DestroyString}", "type": 2}, {"source": "{ReadRLEImage}", "target": "{DestroyString}", "type": 2}, {"source": "{ReadRLEImage}", "target": "{DestroyString}", "type": 2}, {"source": "{ReadRLEImage}", "target": "{GetAuthenticIndexQueue}", "type": 1}, {"source": "{ReadRLEImage}", "target": "{AcquireVirtualMemory}", "type": 0}, {"source": "{ReadRLEImage}", "target": "{ScaleShortToQuantum}", "type": 2}, {"source": "{ReadRLEImage}", "target": "{GetNextImageInList}", "type": 0}, {"source": "{ReadRLEImage}", "target": "{RelinquishVirtualMemory}", "type": 3}, {"source": "{ReadRLEImage}", "target": "{RelinquishVirtualMemory}", "type": 3}, {"source": "{ReadRLEImage}", "target": "{RelinquishVirtualMemory}", "type": 3}, {"source": "{ReadRLEImage}", "target": "{RelinquishVirtualMemory}", "type": 1}, {"source": "{ReadRLEImage}", "target": "{GetBlobSize}", "type": 0}, {"source": "{ReadRLEImage}", "target": "{TellBlob}", "type": 2}, {"source": "{ReadRLEImage}", "target": "{SetImageExtent}", "type": 2}, {"source": "{ReadRLEImage}", "target": "{SyncAuthenticPixels}", "type": 1}, {"source": "{ReadRLEImage}", "target": "{SyncAuthenticPixels}", "type": 1}, {"source": "{ReadRLEImage}", "target": "{SyncAuthenticPixels}", "type": 2}], "nodes": [{"id": "{ConstantString}", "type": 5, "data": {"faulty": false, "distance_to_interface": 1, "clustering_coefficient": 0.3333333333333333, "node_degree": [1, 2, 3], "macke_bug_chain_length": 0, "macke_vulnerabilities_found": 0, "node_path_length": 1.0}}, {"id": "{FormatLocaleString}", "type": 3, "data": {"faulty": false, "distance_to_interface": 1, "clustering_coefficient": 0.3333333333333333, "node_degree": [1, 2, 3], "macke_bug_chain_length": 0, "macke_vulnerabilities_found": 0, "node_path_length": 1.0}}, {"id": "{ReadBlobLSBSignedShort}", "type": 3, "data": {"faulty": false, "distance_to_interface": 1, "clustering_coefficient": 0.3333333333333333, "node_degree": [1, 2, 3], "macke_bug_chain_length": 0, "macke_vulnerabilities_found": 0, "node_path_length": 1.0}}, {"id": "{SetImageProperty}", "type": 5, "data": {"faulty": false, "distance_to_interface": 1, "clustering_coefficient": 0.3333333333333333, "node_degree": [1, 2, 3], "macke_bug_chain_length": 0, "macke_vulnerabilities_found": 0, "node_path_length": 1.0}}, {"id": "{IsValidColormapIndex}", "type": 1, "data": {"faulty": false, "distance_to_interface": 2, "clustering_coefficient": 1.0, "node_degree": [1, 1, 2], "macke_bug_chain_length": 1, "macke_vulnerabilities_found": 1, "node_path_length": 1.0}}, {"id": "{RegisterRLEImage}", "type": 5, "data": {"faulty": false, "distance_to_interface": 1, "clustering_coefficient": 0.5, "node_degree": [3, 1, 4], "macke_bug_chain_length": 1, "macke_vulnerabilities_found": 1, "node_path_length": 1.4285714285714286}}, {"id": "{SyncNextImageInList}", "type": 3, "data": {"faulty": false, "distance_to_interface": 1, "clustering_coefficient": 0.3333333333333333, "node_degree": [1, 2, 3], "macke_bug_chain_length": 0, "macke_vulnerabilities_found": 0, "node_path_length": 1.0}}, {"id": "{DestroyImageList}", "type": 0, "data": {"faulty": false, "distance_to_interface": 1, "clustering_coefficient": 0.3333333333333333, "node_degree": [1, 2, 3], "macke_bug_chain_length": 0, "macke_vulnerabilities_found": 0, "node_path_length": 1.0}}, {"id": "{LogMagickEvent}", "type": 2, "data": {"faulty": false, "distance_to_interface": 1, "clustering_coefficient": 0.3333333333333333, "node_degree": [1, 2, 3], "macke_bug_chain_length": 0, "macke_vulnerabilities_found": 0, "node_path_length": 1.0}}, {"id": "{SetMagickInfo}", "type": 2, "data": {"faulty": false, "distance_to_interface": 1, "clustering_coefficient": 0.3333333333333333, "node_degree": [1, 2, 3], "macke_bug_chain_length": 0, "macke_vulnerabilities_found": 0, "node_path_length": 1.0}}, {"id": "{IsRLE}", "type": 5, "data": {"faulty": false, "distance_to_interface": 1, "clustering_coefficient": 1.0, "node_degree": [1, 1, 2], "macke_bug_chain_length": 1, "macke_vulnerabilities_found": 1, "node_path_length": 2.0}}, {"id": "{GetExceptionMessage}", "type": 2, "data": {"faulty": false, "distance_to_interface": 1, "clustering_coefficient": 0.3333333333333333, "node_degree": [1, 2, 3], "macke_bug_chain_length": 0, "macke_vulnerabilities_found": 0, "node_path_length": 1.0}}, {"id": "{memcmp}", "type": 2, "data": {"faulty": false, "distance_to_interface": 1, "clustering_coefficient": 0.3333333333333333, "node_degree": [1, 3, 4], "macke_bug_chain_length": 0, "macke_vulnerabilities_found": 0, "node_path_length": 1.0}}, {"id": "{RelinquishMagickMemory}", "type": 0, "data": {"faulty": false, "distance_to_interface": 1, "clustering_coefficient": 0.3333333333333333, "node_degree": [1, 2, 3], "macke_bug_chain_length": 0, "macke_vulnerabilities_found": 0, "node_path_length": 1.0}}, {"id": "{ScaleCharToQuantum}", "type": 1, "data": {"faulty": false, "distance_to_interface": 2, "clustering_coefficient": 0, "node_degree": [0, 1, 1], "macke_bug_chain_length": 1, "macke_vulnerabilities_found": 1, "node_path_length": 0}}, {"id": "{QueueAuthenticPixels}", "type": 4, "data": {"faulty": false, "distance_to_interface": 1, "clustering_coefficient": 0.3333333333333333, "node_degree": [1, 2, 3], "macke_bug_chain_length": 0, "macke_vulnerabilities_found": 0, "node_path_length": 1.0}}, {"id": "{ReadBlobByte}", "type": 3, "data": {"faulty": false, "distance_to_interface": 1, "clustering_coefficient": 0.3333333333333333, "node_degree": [1, 2, 3], "macke_bug_chain_length": 0, "macke_vulnerabilities_found": 0, "node_path_length": 1.0}}, {"id": "{RegisterMagickInfo}", "type": 1, "data": {"faulty": false, "distance_to_interface": 1, "clustering_coefficient": 0.3333333333333333, "node_degree": [1, 2, 3], "macke_bug_chain_length": 0, "macke_vulnerabilities_found": 0, "node_path_length": 1.0}}, {"id": "{AcquireImage}", "type": 5, "data": {"faulty": false, "distance_to_interface": 1, "clustering_coefficient": 0.3333333333333333, "node_degree": [1, 2, 3], "macke_bug_chain_length": 0, "macke_vulnerabilities_found": 0, "node_path_length": 1.0}}, {"id": "Node0x2b72f20", "type": 2}, {"id": "{__errno_location}", "type": 0, "data": {"faulty": false, "distance_to_interface": 1, "clustering_coefficient": 0.3333333333333333, "node_degree": [1, 2, 3], "macke_bug_chain_length": 0, "macke_vulnerabilities_found": 0, "node_path_length": 1.0}}, {"id": "{external node}", "type": 2, "data": {"faulty": false, "distance_to_interface": 999, "clustering_coefficient": 0.04040404040404041, "node_degree": [45, 0, 45], "macke_bug_chain_length": 0, "macke_vulnerabilities_found": 0, "node_path_length": 0}}, {"id": "{OpenBlob}", "type": 1, "data": {"faulty": false, "distance_to_interface": 1, "clustering_coefficient": 0.3333333333333333, "node_degree": [1, 2, 3], "macke_bug_chain_length": 0, "macke_vulnerabilities_found": 0, "node_path_length": 1.0}}, {"id": "{llvm.dbg.declare}", "type": 2, "data": {"faulty": false, "distance_to_interface": 1, "clustering_coefficient": 0, "node_degree": [0, 1, 1], "macke_bug_chain_length": 0, "macke_vulnerabilities_found": 0, "node_path_length": 0}}, {"id": "{ReadBlob}", "type": 2, "data": {"faulty": false, "distance_to_interface": 1, "clustering_coefficient": 0.3333333333333333, "node_degree": [1, 2, 3], "macke_bug_chain_length": 0, "macke_vulnerabilities_found": 0, "node_path_length": 1.0}}, {"id": "{CloseBlob}", "type": 3, "data": {"faulty": false, "distance_to_interface": 1, "clustering_coefficient": 0.3333333333333333, "node_degree": [1, 2, 3], "macke_bug_chain_length": 0, "macke_vulnerabilities_found": 0, "node_path_length": 1.0}}, {"id": "{GetFirstImageInList}", "type": 5, "data": {"faulty": false, "distance_to_interface": 1, "clustering_coefficient": 0.3333333333333333, "node_degree": [1, 2, 3], "macke_bug_chain_length": 0, "macke_vulnerabilities_found": 0, "node_path_length": 1.0}}, {"id": "{__assert_fail}", "type": 4, "data": {"faulty": false, "distance_to_interface": 1, "clustering_coefficient": 0.3333333333333333, "node_degree": [1, 2, 3], "macke_bug_chain_length": 0, "macke_vulnerabilities_found": 0, "node_path_length": 1.0}}, {"id": "{ReadBlobLSBShort}", "type": 3, "data": {"faulty": false, "distance_to_interface": 1, "clustering_coefficient": 0.3333333333333333, "node_degree": [1, 2, 3], "macke_bug_chain_length": 0, "macke_vulnerabilities_found": 0, "node_path_length": 1.0}}, {"id": "{AcquireNextImage}", "type": 3, "data": {"faulty": false, "distance_to_interface": 1, "clustering_coefficient": 0.3333333333333333, "node_degree": [1, 2, 3], "macke_bug_chain_length": 0, "macke_vulnerabilities_found": 0, "node_path_length": 1.0}}, {"id": "{ThrowMagickException}", "type": 4, "data": {"faulty": false, "distance_to_interface": 1, "clustering_coefficient": 0.3333333333333333, "node_degree": [1, 3, 4], "macke_bug_chain_length": 0, "macke_vulnerabilities_found": 0, "node_path_length": 1.0}}, {"id": "{SyncImage}", "type": 1, "data": {"faulty": false, "distance_to_interface": 1, "clustering_coefficient": 0.3333333333333333, "node_degree": [1, 2, 3], "macke_bug_chain_length": 0, "macke_vulnerabilities_found": 0, "node_path_length": 1.0}}, {"id": "{AcquireImageColormap}", "type": 2, "data": {"faulty": false, "distance_to_interface": 1, "clustering_coefficient": 0.3333333333333333, "node_degree": [1, 2, 3], "macke_bug_chain_length": 0, "macke_vulnerabilities_found": 0, "node_path_length": 1.0}}, {"id": "{EOFBlob}", "type": 5, "data": {"faulty": false, "distance_to_interface": 1, "clustering_coefficient": 0.3333333333333333, "node_degree": [1, 2, 3], "macke_bug_chain_length": 0, "macke_vulnerabilities_found": 0, "node_path_length": 1.0}}, {"id": "{AcquireQuantumMemory}", "type": 5, "data": {"faulty": false, "distance_to_interface": 1, "clustering_coefficient": 0.3333333333333333, "node_degree": [1, 2, 3], "macke_bug_chain_length": 0, "macke_vulnerabilities_found": 0, "node_path_length": 1.0}}, {"id": "{SetImageProgress}", "type": 3, "data": {"faulty": false, "distance_to_interface": 2, "clustering_coefficient": 0.3333333333333333, "node_degree": [2, 1, 3], "macke_bug_chain_length": 1, "macke_vulnerabilities_found": 1, "node_path_length": 1.0}}, {"id": "{InheritException}", "type": 2, "data": {"faulty": false, "distance_to_interface": 1, "clustering_coefficient": 0.3333333333333333, "node_degree": [1, 2, 3], "macke_bug_chain_length": 0, "macke_vulnerabilities_found": 0, "node_path_length": 1.0}}, {"id": "{GetVirtualMemoryBlob}", "type": 0, "data": {"faulty": false, "distance_to_interface": 1, "clustering_coefficient": 0.3333333333333333, "node_degree": [1, 2, 3], "macke_bug_chain_length": 0, "macke_vulnerabilities_found": 0, "node_path_length": 1.0}}, {"id": "{DestroyString}", "type": 4, "data": {"faulty": false, "distance_to_interface": 1, "clustering_coefficient": 0.3333333333333333, "node_degree": [1, 2, 3], "macke_bug_chain_length": 0, "macke_vulnerabilities_found": 0, "node_path_length": 1.0}}, {"id": "{GetAuthenticIndexQueue}", "type": 3, "data": {"faulty": false, "distance_to_interface": 1, "clustering_coefficient": 0.3333333333333333, "node_degree": [1, 2, 3], "macke_bug_chain_length": 0, "macke_vulnerabilities_found": 0, "node_path_length": 1.0}}, {"id": "{AcquireVirtualMemory}", "type": 3, "data": {"faulty": false, "distance_to_interface": 1, "clustering_coefficient": 0.3333333333333333, "node_degree": [1, 2, 3], "macke_bug_chain_length": 0, "macke_vulnerabilities_found": 0, "node_path_length": 1.0}}, {"id": "{ScaleShortToQuantum}", "type": 3, "data": {"faulty": false, "distance_to_interface": 2, "clustering_coefficient": 0, "node_degree": [0, 1, 1], "macke_bug_chain_length": 1, "macke_vulnerabilities_found": 1, "node_path_length": 0}}, {"id": "{GetNextImageInList}", "type": 1, "data": {"faulty": false, "distance_to_interface": 1, "clustering_coefficient": 0.3333333333333333, "node_degree": [1, 2, 3], "macke_bug_chain_length": 0, "macke_vulnerabilities_found": 0, "node_path_length": 1.0}}, {"id": "{RelinquishVirtualMemory}", "type": 3, "data": {"faulty": false, "distance_to_interface": 1, "clustering_coefficient": 0.3333333333333333, "node_degree": [1, 2, 3], "macke_bug_chain_length": 0, "macke_vulnerabilities_found": 0, "node_path_length": 1.0}}, {"id": "{UnregisterMagickInfo}", "type": 2, "data": {"faulty": false, "distance_to_interface": 1, "clustering_coefficient": 0.3333333333333333, "node_degree": [1, 2, 3], "macke_bug_chain_length": 0, "macke_vulnerabilities_found": 0, "node_path_length": 1.0}}, {"id": "{GetBlobSize}", "type": 5, "data": {"faulty": false, "distance_to_interface": 1, "clustering_coefficient": 0.3333333333333333, "node_degree": [1, 2, 3], "macke_bug_chain_length": 0, "macke_vulnerabilities_found": 0, "node_path_length": 1.0}}, {"id": "{TellBlob}", "type": 1, "data": {"faulty": false, "distance_to_interface": 1, "clustering_coefficient": 0.3333333333333333, "node_degree": [1, 2, 3], "macke_bug_chain_length": 0, "macke_vulnerabilities_found": 0, "node_path_length": 1.0}}, {"id": "{UnregisterRLEImage}", "type": 0, "data": {"faulty": false, "distance_to_interface": 1, "clustering_coefficient": 1.0, "node_degree": [1, 1, 2], "macke_bug_chain_length": 1, "macke_vulnerabilities_found": 1, "node_path_length": 1.0}}, {"id": "{SetImageExtent}", "type": 3, "data": {"faulty": false, "distance_to_interface": 1, "clustering_coefficient": 0.3333333333333333, "node_degree": [1, 2, 3], "macke_bug_chain_length": 0, "macke_vulnerabilities_found": 0, "node_path_length": 1.0}}, {"id": "{SyncAuthenticPixels}", "type": 1, "data": {"faulty": false, "distance_to_interface": 1, "clustering_coefficient": 0.3333333333333333, "node_degree": [1, 2, 3], "macke_bug_chain_length": 0, "macke_vulnerabilities_found": 0, "node_path_length": 1.0}}, {"id": "{ReadRLEImage}", "type": 3, "data": {"faulty": true, "distance_to_interface": 1, "clustering_coefficient": 0.046153846153846156, "node_degree": [39, 1, 40], "cvss3": {"vectorString": "AV:L/AC:L/PR:N/UI:R/S:U/C:H/I:H/A:H", "integrityImpact": "HIGH", "baseSeverity": "HIGH", "privilegesRequired": "NONE", "userInteraction": "REQUIRED", "baseScore": 7.8, "attackVector": "LOCAL", "scope": "UNCHANGED", "availabilityImpact": "HIGH", "confidentialityImpact": "HIGH", "attackComplexity": "LOW"}, "macke_bug_chain_length": 1, "macke_vulnerabilities_found": 1, "node_path_length": 1.0615384615384615}}]}