{"klee-out-1": {"bcfile": "/tmp/macke/2017-07-16-16-17-32/bitcode/symmains.bc", "folder": "/tmp/macke/2017-07-16-16-17-32/klee/klee-out-1", "function": "III_imdct_s", "phase": 1}, "klee-out-2": {"bcfile": "/tmp/macke/2017-07-16-16-17-32/bitcode/symmains.bc", "folder": "/tmp/macke/2017-07-16-16-17-32/klee/klee-out-2", "function": "fastsdct", "phase": 1}, "klee-out-3": {"bcfile": "/tmp/macke/2017-07-16-16-17-32/bitcode/symmains.bc", "folder": "/tmp/macke/2017-07-16-16-17-32/klee/klee-out-3", "function": "III_imdct_l", "phase": 1}, "klee-out-4": {"bcfile": "/tmp/macke/2017-07-16-16-17-32/bitcode/symmains.bc", "folder": "/tmp/macke/2017-07-16-16-17-32/klee/klee-out-4", "function": "mad_layer_III", "phase": 1}}