{"directed": true, "graph": {"node": {"shape": "", "label": "Call graph"}, "graph": {"label": "Call graph"}, "edge": {}, "name": "Call graph"}, "nodes": [{"shape": "record", "id": "Node0x1c92230", "label": "{mad_layer_III}"}, {"shape": "record", "id": "Node0x1c7e6d0", "label": "{mad_bit_nextbyte}"}, {"shape": "record", "id": "Node0x1c7e700", "label": "{calloc}"}, {"shape": "record", "id": "Node0x1c7e7d0", "label": "{III_imdct_s}"}, {"shape": "record", "id": "Node0x1c91fb0", "label": "{external node}"}, {"shape": "record", "id": "Node0x20124b0", "label": "{llvm.dbg.value}"}, {"shape": "record", "id": "Node0x1c93250", "label": "{mad_bit_skip}"}, {"shape": "record", "id": "Node0x1c90fc0", "label": "{mad_bit_init}"}, {"shape": "record", "id": "Node0x20123a0", "label": "{llvm.lifetime.end}"}, {"shape": "record", "id": "Node0x1c932c0", "label": "{__assert_fail}"}, {"shape": "record", "id": "Node0x2012520", "label": "{llvm.memset.p0i8.i64}"}, {"shape": "record", "id": "Node0x1c91090", "label": "{mad_bit_crc}"}, {"shape": "record", "id": "Node0x1c8ff50", "label": "{llvm.memcpy.p0i8.p0i8.i64}"}, {"shape": "record", "id": "Node0x1c92260", "label": "{llvm.lifetime.start}"}, {"shape": "record", "id": "Node0x1c7e6a0", "label": "{malloc}"}, {"id": "Node0x1c91fe0"}, {"shape": "record", "id": "Node0x2012410", "label": "{fastsdct}"}, {"shape": "record", "id": "Node0x1c8fff0", "label": "{llvm.memmove.p0i8.p0i8.i64}"}, {"shape": "record", "id": "Node0x1c7e760", "label": "{mad_bit_length}"}, {"shape": "record", "id": "Node0x1c93220", "label": "{mad_bit_read}"}, {"shape": "record", "id": "Node0x1c7e840", "label": "{III_imdct_l}"}, {"shape": "record", "id": "Node0x1c7e8b0", "label": "{llvm.dbg.declare}"}], "links": [{"source": "Node0x1c92230", "target": "Node0x1c93250", "key": 0}, {"source": "Node0x1c92230", "target": "Node0x1c93250", "key": 1}, {"source": "Node0x1c92230", "target": "Node0x1c7e760", "key": 0}, {"source": "Node0x1c92230", "target": "Node0x1c7e760", "key": 1}, {"source": "Node0x1c92230", "target": "Node0x1c90fc0", "key": 0}, {"source": "Node0x1c92230", "target": "Node0x1c90fc0", "key": 1}, {"source": "Node0x1c92230", "target": "Node0x1c932c0", "key": 0}, {"source": "Node0x1c92230", "target": "Node0x1c932c0", "key": 1}, {"source": "Node0x1c92230", "target": "Node0x1c7e700", "key": 0}, {"source": "Node0x1c92230", "target": "Node0x1c7e7d0", "key": 0}, {"source": "Node0x1c92230", "target": "Node0x1c7e7d0", "key": 1}, {"source": "Node0x1c92230", "target": "Node0x1c7e7d0", "key": 2}, {"source": "Node0x1c92230", "target": "Node0x1c7e6d0", "key": 0}, {"source": "Node0x1c92230", "target": "Node0x1c7e6d0", "key": 1}, {"source": "Node0x1c92230", "target": "Node0x1c7e6d0", "key": 2}, {"source": "Node0x1c92230", "target": "Node0x1c91090", "key": 0}, {"source": "Node0x1c92230", "target": "Node0x1c93220", "key": 0}, {"source": "Node0x1c92230", "target": "Node0x1c93220", "key": 1}, {"source": "Node0x1c92230", "target": "Node0x1c93220", "key": 2}, {"source": "Node0x1c92230", "target": "Node0x1c93220", "key": 3}, {"source": "Node0x1c92230", "target": "Node0x1c93220", "key": 4}, {"source": "Node0x1c92230", "target": "Node0x1c93220", "key": 5}, {"source": "Node0x1c92230", "target": "Node0x1c93220", "key": 6}, {"source": "Node0x1c92230", "target": "Node0x1c93220", "key": 7}, {"source": "Node0x1c92230", "target": "Node0x1c93220", "key": 8}, {"source": "Node0x1c92230", "target": "Node0x1c93220", "key": 9}, {"source": "Node0x1c92230", "target": "Node0x1c93220", "key": 10}, {"source": "Node0x1c92230", "target": "Node0x1c93220", "key": 11}, {"source": "Node0x1c92230", "target": "Node0x1c93220", "key": 12}, {"source": "Node0x1c92230", "target": "Node0x1c93220", "key": 13}, {"source": "Node0x1c92230", "target": "Node0x1c93220", "key": 14}, {"source": "Node0x1c92230", "target": "Node0x1c93220", "key": 15}, {"source": "Node0x1c92230", "target": "Node0x1c93220", "key": 16}, {"source": "Node0x1c92230", "target": "Node0x1c93220", "key": 17}, {"source": "Node0x1c92230", "target": "Node0x1c93220", "key": 18}, {"source": "Node0x1c92230", "target": "Node0x1c93220", "key": 19}, {"source": "Node0x1c92230", "target": "Node0x1c93220", "key": 20}, {"source": "Node0x1c92230", "target": "Node0x1c93220", "key": 21}, {"source": "Node0x1c92230", "target": "Node0x1c93220", "key": 22}, {"source": "Node0x1c92230", "target": "Node0x1c93220", "key": 23}, {"source": "Node0x1c92230", "target": "Node0x1c93220", "key": 24}, {"source": "Node0x1c92230", "target": "Node0x1c93220", "key": 25}, {"source": "Node0x1c92230", "target": "Node0x1c93220", "key": 26}, {"source": "Node0x1c92230", "target": "Node0x1c93220", "key": 27}, {"source": "Node0x1c92230", "target": "Node0x1c93220", "key": 28}, {"source": "Node0x1c92230", "target": "Node0x1c93220", "key": 29}, {"source": "Node0x1c92230", "target": "Node0x1c93220", "key": 30}, {"source": "Node0x1c92230", "target": "Node0x1c93220", "key": 31}, {"source": "Node0x1c92230", "target": "Node0x1c93220", "key": 32}, {"source": "Node0x1c92230", "target": "Node0x1c93220", "key": 33}, {"source": "Node0x1c92230", "target": "Node0x1c93220", "key": 34}, {"source": "Node0x1c92230", "target": "Node0x1c93220", "key": 35}, {"source": "Node0x1c92230", "target": "Node0x1c93220", "key": 36}, {"source": "Node0x1c92230", "target": "Node0x1c93220", "key": 37}, {"source": "Node0x1c92230", "target": "Node0x1c93220", "key": 38}, {"source": "Node0x1c92230", "target": "Node0x1c93220", "key": 39}, {"source": "Node0x1c92230", "target": "Node0x1c93220", "key": 40}, {"source": "Node0x1c92230", "target": "Node0x1c93220", "key": 41}, {"source": "Node0x1c92230", "target": "Node0x1c93220", "key": 42}, {"source": "Node0x1c92230", "target": "Node0x1c93220", "key": 43}, {"source": "Node0x1c92230", "target": "Node0x1c93220", "key": 44}, {"source": "Node0x1c92230", "target": "Node0x1c93220", "key": 45}, {"source": "Node0x1c92230", "target": "Node0x1c93220", "key": 46}, {"source": "Node0x1c92230", "target": "Node0x1c93220", "key": 47}, {"source": "Node0x1c92230", "target": "Node0x1c93220", "key": 48}, {"source": "Node0x1c92230", "target": "Node0x1c93220", "key": 49}, {"source": "Node0x1c92230", "target": "Node0x1c93220", "key": 50}, {"source": "Node0x1c92230", "target": "Node0x1c93220", "key": 51}, {"source": "Node0x1c92230", "target": "Node0x1c93220", "key": 52}, {"source": "Node0x1c92230", "target": "Node0x1c93220", "key": 53}, {"source": "Node0x1c92230", "target": "Node0x1c93220", "key": 54}, {"source": "Node0x1c92230", "target": "Node0x1c93220", "key": 55}, {"source": "Node0x1c92230", "target": "Node0x1c93220", "key": 56}, {"source": "Node0x1c92230", "target": "Node0x1c93220", "key": 57}, {"source": "Node0x1c92230", "target": "Node0x1c93220", "key": 58}, {"source": "Node0x1c92230", "target": "Node0x1c7e6a0", "key": 0}, {"source": "Node0x1c92230", "target": "Node0x1c7e840", "key": 0}, {"source": "Node0x1c92230", "target": "Node0x1c7e840", "key": 1}, {"source": "Node0x1c92230", "target": "Node0x1c7e840", "key": 2}, {"source": "Node0x1c7e6d0", "target": "Node0x1c91fe0", "key": 0}, {"source": "Node0x1c7e700", "target": "Node0x1c91fe0", "key": 0}, {"source": "Node0x1c91fb0", "target": "Node0x1c93250", "key": 0}, {"source": "Node0x1c91fb0", "target": "Node0x1c92230", "key": 0}, {"source": "Node0x1c91fb0", "target": "Node0x1c8ff50", "key": 0}, {"source": "Node0x1c91fb0", "target": "Node0x1c90fc0", "key": 0}, {"source": "Node0x1c91fb0", "target": "Node0x20123a0", "key": 0}, {"source": "Node0x1c91fb0", "target": "Node0x1c932c0", "key": 0}, {"source": "Node0x1c91fb0", "target": "Node0x1c7e700", "key": 0}, {"source": "Node0x1c91fb0", "target": "Node0x2012520", "key": 0}, {"source": "Node0x1c91fb0", "target": "Node0x1c7e6d0", "key": 0}, {"source": "Node0x1c91fb0", "target": "Node0x1c92260", "key": 0}, {"source": "Node0x1c91fb0", "target": "Node0x1c8fff0", "key": 0}, {"source": "Node0x1c91fb0", "target": "Node0x1c91090", "key": 0}, {"source": "Node0x1c91fb0", "target": "Node0x1c93220", "key": 0}, {"source": "Node0x1c91fb0", "target": "Node0x1c7e6a0", "key": 0}, {"source": "Node0x1c91fb0", "target": "Node0x1c7e760", "key": 0}, {"source": "Node0x1c91fb0", "target": "Node0x20124b0", "key": 0}, {"source": "Node0x1c91fb0", "target": "Node0x1c7e8b0", "key": 0}, {"source": "Node0x1c93250", "target": "Node0x1c91fe0", "key": 0}, {"source": "Node0x1c90fc0", "target": "Node0x1c91fe0", "key": 0}, {"source": "Node0x1c932c0", "target": "Node0x1c91fe0", "key": 0}, {"source": "Node0x1c91090", "target": "Node0x1c91fe0", "key": 0}, {"source": "Node0x1c7e6a0", "target": "Node0x1c91fe0", "key": 0}, {"source": "Node0x1c7e760", "target": "Node0x1c91fe0", "key": 0}, {"source": "Node0x1c93220", "target": "Node0x1c91fe0", "key": 0}, {"source": "Node0x1c7e840", "target": "Node0x2012410", "key": 0}, {"source": "Node0x1c7e840", "target": "Node0x2012410", "key": 1}], "multigraph": true}
