{"nodes": [{"data": {"node_path_length": 1.4843601895734597, "node_degree": [11, 1, 12], "distance_to_interface": 1, "faulty": true, "cvss3": {"baseSeverity": "HIGH", "privilegesRequired": "NONE", "confidentialityImpact": "HIGH", "userInteraction": "REQUIRED", "attackComplexity": "LOW", "availabilityImpact": "HIGH", "attackVector": "LOCAL", "integrityImpact": "HIGH", "vectorString": "AV:L/AC:L/PR:N/UI:R/S:U/C:H/I:H/A:H", "baseScore": 7.8, "scope": "UNCHANGED"}, "macke_vulnerabilities_found": 1, "clustering_coefficient": 0.13636363636363635, "macke_bug_chain_length": 1}, "type": 2, "id": "{mad_layer_III}"}, {"data": {"node_path_length": 1.0, "node_degree": [1, 2, 3], "distance_to_interface": 1, "faulty": false, "macke_vulnerabilities_found": 0, "clustering_coefficient": 0.3333333333333333, "macke_bug_chain_length": 0}, "type": 5, "id": "{mad_bit_nextbyte}"}, {"data": {"node_path_length": 1.0, "node_degree": [1, 2, 3], "distance_to_interface": 1, "faulty": false, "macke_vulnerabilities_found": 0, "clustering_coefficient": 0.3333333333333333, "macke_bug_chain_length": 0}, "type": 5, "id": "{calloc}"}, {"data": {"node_path_length": 0, "node_degree": [0, 1, 1], "distance_to_interface": 2, "faulty": false, "macke_vulnerabilities_found": 1, "clustering_coefficient": 0, "macke_bug_chain_length": 1}, "type": 4, "id": "{III_imdct_s}"}, {"data": {"node_path_length": 0, "node_degree": [17, 0, 17], "distance_to_interface": 999, "faulty": false, "macke_vulnerabilities_found": 0, "clustering_coefficient": 0.0661764705882353, "macke_bug_chain_length": 0}, "type": 4, "id": "{external node}"}, {"data": {"node_path_length": 0, "node_degree": [0, 1, 1], "distance_to_interface": 1, "faulty": false, "macke_vulnerabilities_found": 0, "clustering_coefficient": 0, "macke_bug_chain_length": 0}, "type": 3, "id": "{llvm.dbg.value}"}, {"data": {"node_path_length": 1.0, "node_degree": [1, 2, 3], "distance_to_interface": 1, "faulty": false, "macke_vulnerabilities_found": 0, "clustering_coefficient": 0.3333333333333333, "macke_bug_chain_length": 0}, "type": 3, "id": "{mad_bit_skip}"}, {"data": {"node_path_length": 1.0, "node_degree": [1, 2, 3], "distance_to_interface": 1, "faulty": false, "macke_vulnerabilities_found": 0, "clustering_coefficient": 0.3333333333333333, "macke_bug_chain_length": 0}, "type": 3, "id": "{mad_bit_init}"}, {"data": {"node_path_length": 0, "node_degree": [0, 1, 1], "distance_to_interface": 1, "faulty": false, "macke_vulnerabilities_found": 0, "clustering_coefficient": 0, "macke_bug_chain_length": 0}, "type": 5, "id": "{llvm.lifetime.end}"}, {"data": {"node_path_length": 1.0, "node_degree": [1, 2, 3], "distance_to_interface": 1, "faulty": false, "macke_vulnerabilities_found": 0, "clustering_coefficient": 0.3333333333333333, "macke_bug_chain_length": 0}, "type": 2, "id": "{__assert_fail}"}, {"data": {"node_path_length": 0, "node_degree": [0, 1, 1], "distance_to_interface": 1, "faulty": false, "macke_vulnerabilities_found": 0, "clustering_coefficient": 0, "macke_bug_chain_length": 0}, "type": 0, "id": "{llvm.memset.p0i8.i64}"}, {"data": {"node_path_length": 1.0, "node_degree": [1, 2, 3], "distance_to_interface": 1, "faulty": false, "macke_vulnerabilities_found": 0, "clustering_coefficient": 0.3333333333333333, "macke_bug_chain_length": 0}, "type": 1, "id": "{mad_bit_crc}"}, {"data": {"node_path_length": 0, "node_degree": [0, 1, 1], "distance_to_interface": 1, "faulty": false, "macke_vulnerabilities_found": 0, "clustering_coefficient": 0, "macke_bug_chain_length": 0}, "type": 4, "id": "{llvm.memcpy.p0i8.p0i8.i64}"}, {"data": {"node_path_length": 0, "node_degree": [0, 1, 1], "distance_to_interface": 1, "faulty": false, "macke_vulnerabilities_found": 0, "clustering_coefficient": 0, "macke_bug_chain_length": 0}, "type": 5, "id": "{llvm.lifetime.start}"}, {"data": {"node_path_length": 1.0, "node_degree": [1, 2, 3], "distance_to_interface": 1, "faulty": false, "macke_vulnerabilities_found": 0, "clustering_coefficient": 0.3333333333333333, "macke_bug_chain_length": 0}, "type": 5, "id": "{malloc}"}, {"type": 3, "id": "Node0x1c91fe0"}, {"data": {"node_path_length": 0, "node_degree": [0, 1, 1], "distance_to_interface": 3, "faulty": false, "macke_vulnerabilities_found": 1, "clustering_coefficient": 0, "macke_bug_chain_length": 1}, "type": 0, "id": "{fastsdct}"}, {"data": {"node_path_length": 0, "node_degree": [0, 1, 1], "distance_to_interface": 1, "faulty": false, "macke_vulnerabilities_found": 0, "clustering_coefficient": 0, "macke_bug_chain_length": 0}, "type": 2, "id": "{llvm.memmove.p0i8.p0i8.i64}"}, {"data": {"node_path_length": 1.0, "node_degree": [1, 2, 3], "distance_to_interface": 1, "faulty": false, "macke_vulnerabilities_found": 0, "clustering_coefficient": 0.3333333333333333, "macke_bug_chain_length": 0}, "type": 3, "id": "{mad_bit_length}"}, {"data": {"node_path_length": 1.0, "node_degree": [1, 2, 3], "distance_to_interface": 1, "faulty": false, "macke_vulnerabilities_found": 0, "clustering_coefficient": 0.3333333333333333, "macke_bug_chain_length": 0}, "type": 3, "id": "{mad_bit_read}"}, {"data": {"node_path_length": 1.0, "node_degree": [1, 1, 2], "distance_to_interface": 2, "faulty": false, "macke_vulnerabilities_found": 1, "clustering_coefficient": 0.0, "macke_bug_chain_length": 1}, "type": 4, "id": "{III_imdct_l}"}, {"data": {"node_path_length": 0, "node_degree": [0, 1, 1], "distance_to_interface": 1, "faulty": false, "macke_vulnerabilities_found": 0, "clustering_coefficient": 0, "macke_bug_chain_length": 0}, "type": 5, "id": "{llvm.dbg.declare}"}], "links": [{"source": "{mad_layer_III}", "type": 3, "target": "{mad_bit_skip}"}, {"source": "{mad_layer_III}", "type": 1, "target": "{mad_bit_skip}"}, {"source": "{mad_layer_III}", "type": 0, "target": "{mad_bit_length}"}, {"source": "{mad_layer_III}", "type": 3, "target": "{mad_bit_length}"}, {"source": "{mad_layer_III}", "type": 0, "target": "{mad_bit_init}"}, {"source": "{mad_layer_III}", "type": 1, "target": "{mad_bit_init}"}, {"source": "{mad_layer_III}", "type": 2, "target": "{__assert_fail}"}, {"source": "{mad_layer_III}", "type": 2, "target": "{__assert_fail}"}, {"source": "{mad_layer_III}", "type": 0, "target": "{calloc}"}, {"source": "{mad_layer_III}", "type": 3, "target": "{III_imdct_s}"}, {"source": "{mad_layer_III}", "type": 3, "target": "{III_imdct_s}"}, {"source": "{mad_layer_III}", "type": 1, "target": "{III_imdct_s}"}, {"source": "{mad_layer_III}", "type": 0, "target": "{mad_bit_nextbyte}"}, {"source": "{mad_layer_III}", "type": 2, "target": "{mad_bit_nextbyte}"}, {"source": "{mad_layer_III}", "type": 0, "target": "{mad_bit_nextbyte}"}, {"source": "{mad_layer_III}", "type": 0, "target": "{mad_bit_crc}"}, {"source": "{mad_layer_III}", "type": 1, "target": "{mad_bit_read}"}, {"source": "{mad_layer_III}", "type": 1, "target": "{mad_bit_read}"}, {"source": "{mad_layer_III}", "type": 1, "target": "{mad_bit_read}"}, {"source": "{mad_layer_III}", "type": 3, "target": "{mad_bit_read}"}, {"source": "{mad_layer_III}", "type": 2, "target": "{mad_bit_read}"}, {"source": "{mad_layer_III}", "type": 2, "target": "{mad_bit_read}"}, {"source": "{mad_layer_III}", "type": 0, "target": "{mad_bit_read}"}, {"source": "{mad_layer_III}", "type": 1, "target": "{mad_bit_read}"}, {"source": "{mad_layer_III}", "type": 2, "target": "{mad_bit_read}"}, {"source": "{mad_layer_III}", "type": 0, "target": "{mad_bit_read}"}, {"source": "{mad_layer_III}", "type": 0, "target": "{mad_bit_read}"}, {"source": "{mad_layer_III}", "type": 1, "target": "{mad_bit_read}"}, {"source": "{mad_layer_III}", "type": 1, "target": "{mad_bit_read}"}, {"source": "{mad_layer_III}", "type": 3, "target": "{mad_bit_read}"}, {"source": "{mad_layer_III}", "type": 1, "target": "{mad_bit_read}"}, {"source": "{mad_layer_III}", "type": 0, "target": "{mad_bit_read}"}, {"source": "{mad_layer_III}", "type": 3, "target": "{mad_bit_read}"}, {"source": "{mad_layer_III}", "type": 0, "target": "{mad_bit_read}"}, {"source": "{mad_layer_III}", "type": 0, "target": "{mad_bit_read}"}, {"source": "{mad_layer_III}", "type": 2, "target": "{mad_bit_read}"}, {"source": "{mad_layer_III}", "type": 1, "target": "{mad_bit_read}"}, {"source": "{mad_layer_III}", "type": 0, "target": "{mad_bit_read}"}, {"source": "{mad_layer_III}", "type": 3, "target": "{mad_bit_read}"}, {"source": "{mad_layer_III}", "type": 3, "target": "{mad_bit_read}"}, {"source": "{mad_layer_III}", "type": 2, "target": "{mad_bit_read}"}, {"source": "{mad_layer_III}", "type": 2, "target": "{mad_bit_read}"}, {"source": "{mad_layer_III}", "type": 2, "target": "{mad_bit_read}"}, {"source": "{mad_layer_III}", "type": 0, "target": "{mad_bit_read}"}, {"source": "{mad_layer_III}", "type": 3, "target": "{mad_bit_read}"}, {"source": "{mad_layer_III}", "type": 1, "target": "{mad_bit_read}"}, {"source": "{mad_layer_III}", "type": 0, "target": "{mad_bit_read}"}, {"source": "{mad_layer_III}", "type": 0, "target": "{mad_bit_read}"}, {"source": "{mad_layer_III}", "type": 1, "target": "{mad_bit_read}"}, {"source": "{mad_layer_III}", "type": 3, "target": "{mad_bit_read}"}, {"source": "{mad_layer_III}", "type": 2, "target": "{mad_bit_read}"}, {"source": "{mad_layer_III}", "type": 3, "target": "{mad_bit_read}"}, {"source": "{mad_layer_III}", "type": 1, "target": "{mad_bit_read}"}, {"source": "{mad_layer_III}", "type": 3, "target": "{mad_bit_read}"}, {"source": "{mad_layer_III}", "type": 2, "target": "{mad_bit_read}"}, {"source": "{mad_layer_III}", "type": 3, "target": "{mad_bit_read}"}, {"source": "{mad_layer_III}", "type": 2, "target": "{mad_bit_read}"}, {"source": "{mad_layer_III}", "type": 3, "target": "{mad_bit_read}"}, {"source": "{mad_layer_III}", "type": 1, "target": "{mad_bit_read}"}, {"source": "{mad_layer_III}", "type": 0, "target": "{mad_bit_read}"}, {"source": "{mad_layer_III}", "type": 1, "target": "{mad_bit_read}"}, {"source": "{mad_layer_III}", "type": 0, "target": "{mad_bit_read}"}, {"source": "{mad_layer_III}", "type": 2, "target": "{mad_bit_read}"}, {"source": "{mad_layer_III}", "type": 0, "target": "{mad_bit_read}"}, {"source": "{mad_layer_III}", "type": 2, "target": "{mad_bit_read}"}, {"source": "{mad_layer_III}", "type": 2, "target": "{mad_bit_read}"}, {"source": "{mad_layer_III}", "type": 1, "target": "{mad_bit_read}"}, {"source": "{mad_layer_III}", "type": 0, "target": "{mad_bit_read}"}, {"source": "{mad_layer_III}", "type": 3, "target": "{mad_bit_read}"}, {"source": "{mad_layer_III}", "type": 3, "target": "{mad_bit_read}"}, {"source": "{mad_layer_III}", "type": 0, "target": "{mad_bit_read}"}, {"source": "{mad_layer_III}", "type": 3, "target": "{mad_bit_read}"}, {"source": "{mad_layer_III}", "type": 1, "target": "{mad_bit_read}"}, {"source": "{mad_layer_III}", "type": 2, "target": "{mad_bit_read}"}, {"source": "{mad_layer_III}", "type": 3, "target": "{mad_bit_read}"}, {"source": "{mad_layer_III}", "type": 1, "target": "{malloc}"}, {"source": "{mad_layer_III}", "type": 1, "target": "{III_imdct_l}"}, {"source": "{mad_layer_III}", "type": 1, "target": "{III_imdct_l}"}, {"source": "{mad_layer_III}", "type": 0, "target": "{III_imdct_l}"}, {"source": "{mad_bit_nextbyte}", "type": 0, "target": "Node0x1c91fe0"}, {"source": "{calloc}", "type": 0, "target": "Node0x1c91fe0"}, {"source": "{external node}", "type": 1, "target": "{mad_bit_skip}"}, {"source": "{external node}", "type": 3, "target": "{mad_layer_III}"}, {"source": "{external node}", "type": 2, "target": "{llvm.memcpy.p0i8.p0i8.i64}"}, {"source": "{external node}", "type": 3, "target": "{mad_bit_init}"}, {"source": "{external node}", "type": 0, "target": "{llvm.lifetime.end}"}, {"source": "{external node}", "type": 3, "target": "{__assert_fail}"}, {"source": "{external node}", "type": 2, "target": "{calloc}"}, {"source": "{external node}", "type": 1, "target": "{llvm.memset.p0i8.i64}"}, {"source": "{external node}", "type": 1, "target": "{mad_bit_nextbyte}"}, {"source": "{external node}", "type": 2, "target": "{llvm.lifetime.start}"}, {"source": "{external node}", "type": 2, "target": "{llvm.memmove.p0i8.p0i8.i64}"}, {"source": "{external node}", "type": 1, "target": "{mad_bit_crc}"}, {"source": "{external node}", "type": 3, "target": "{mad_bit_read}"}, {"source": "{external node}", "type": 0, "target": "{malloc}"}, {"source": "{external node}", "type": 3, "target": "{mad_bit_length}"}, {"source": "{external node}", "type": 1, "target": "{llvm.dbg.value}"}, {"source": "{external node}", "type": 1, "target": "{llvm.dbg.declare}"}, {"source": "{mad_bit_skip}", "type": 0, "target": "Node0x1c91fe0"}, {"source": "{mad_bit_init}", "type": 1, "target": "Node0x1c91fe0"}, {"source": "{__assert_fail}", "type": 0, "target": "Node0x1c91fe0"}, {"source": "{mad_bit_crc}", "type": 0, "target": "Node0x1c91fe0"}, {"source": "{malloc}", "type": 3, "target": "Node0x1c91fe0"}, {"source": "{mad_bit_length}", "type": 0, "target": "Node0x1c91fe0"}, {"source": "{mad_bit_read}", "type": 2, "target": "Node0x1c91fe0"}, {"source": "{III_imdct_l}", "type": 1, "target": "{fastsdct}"}, {"source": "{III_imdct_l}", "type": 1, "target": "{fastsdct}"}]}