{"{fastsdct}": {"node_path_length": 0, "node_degree": [0, 1, 1], "distance_to_interface": 3, "faulty": false, "macke_vulnerabilities_found": 1, "clustering_coefficient": 0, "macke_bug_chain_length": 1}, "{llvm.lifetime.start}": {"node_path_length": 0, "node_degree": [0, 1, 1], "distance_to_interface": 1, "faulty": false, "macke_vulnerabilities_found": 0, "clustering_coefficient": 0, "macke_bug_chain_length": 0}, "{llvm.dbg.value}": {"node_path_length": 0, "node_degree": [0, 1, 1], "distance_to_interface": 1, "faulty": false, "macke_vulnerabilities_found": 0, "clustering_coefficient": 0, "macke_bug_chain_length": 0}, "{calloc}": {"node_path_length": 1.0, "node_degree": [1, 2, 3], "distance_to_interface": 1, "faulty": false, "macke_vulnerabilities_found": 0, "clustering_coefficient": 0.3333333333333333, "macke_bug_chain_length": 0}, "{mad_layer_III}": {"node_path_length": 1.4843601895734597, "node_degree": [11, 1, 12], "distance_to_interface": 1, "faulty": true, "cvss3": {"baseSeverity": "HIGH", "privilegesRequired": "NONE", "confidentialityImpact": "HIGH", "userInteraction": "REQUIRED", "attackComplexity": "LOW", "availabilityImpact": "HIGH", "attackVector": "LOCAL", "integrityImpact": "HIGH", "vectorString": "AV:L/AC:L/PR:N/UI:R/S:U/C:H/I:H/A:H", "baseScore": 7.8, "scope": "UNCHANGED"}, "macke_vulnerabilities_found": 1, "clustering_coefficient": 0.13636363636363635, "macke_bug_chain_length": 1}, "{III_imdct_s}": {"node_path_length": 0, "node_degree": [0, 1, 1], "distance_to_interface": 2, "faulty": false, "macke_vulnerabilities_found": 1, "clustering_coefficient": 0, "macke_bug_chain_length": 1}, "{mad_bit_read}": {"node_path_length": 1.0, "node_degree": [1, 2, 3], "distance_to_interface": 1, "faulty": false, "macke_vulnerabilities_found": 0, "clustering_coefficient": 0.3333333333333333, "macke_bug_chain_length": 0}, "{llvm.memset.p0i8.i64}": {"node_path_length": 0, "node_degree": [0, 1, 1], "distance_to_interface": 1, "faulty": false, "macke_vulnerabilities_found": 0, "clustering_coefficient": 0, "macke_bug_chain_length": 0}, "{mad_bit_crc}": {"node_path_length": 1.0, "node_degree": [1, 2, 3], "distance_to_interface": 1, "faulty": false, "macke_vulnerabilities_found": 0, "clustering_coefficient": 0.3333333333333333, "macke_bug_chain_length": 0}, "{llvm.memcpy.p0i8.p0i8.i64}": {"node_path_length": 0, "node_degree": [0, 1, 1], "distance_to_interface": 1, "faulty": false, "macke_vulnerabilities_found": 0, "clustering_coefficient": 0, "macke_bug_chain_length": 0}, "{llvm.lifetime.end}": {"node_path_length": 0, "node_degree": [0, 1, 1], "distance_to_interface": 1, "faulty": false, "macke_vulnerabilities_found": 0, "clustering_coefficient": 0, "macke_bug_chain_length": 0}, "{llvm.memmove.p0i8.p0i8.i64}": {"node_path_length": 0, "node_degree": [0, 1, 1], "distance_to_interface": 1, "faulty": false, "macke_vulnerabilities_found": 0, "clustering_coefficient": 0, "macke_bug_chain_length": 0}, "{mad_bit_nextbyte}": {"node_path_length": 1.0, "node_degree": [1, 2, 3], "distance_to_interface": 1, "faulty": false, "macke_vulnerabilities_found": 0, "clustering_coefficient": 0.3333333333333333, "macke_bug_chain_length": 0}, "{llvm.dbg.declare}": {"node_path_length": 0, "node_degree": [0, 1, 1], "distance_to_interface": 1, "faulty": false, "macke_vulnerabilities_found": 0, "clustering_coefficient": 0, "macke_bug_chain_length": 0}, "{external node}": {"node_path_length": 0, "node_degree": [17, 0, 17], "distance_to_interface": 999, "faulty": false, "macke_vulnerabilities_found": 0, "clustering_coefficient": 0.0661764705882353, "macke_bug_chain_length": 0}, "{mad_bit_init}": {"node_path_length": 1.0, "node_degree": [1, 2, 3], "distance_to_interface": 1, "faulty": false, "macke_vulnerabilities_found": 0, "clustering_coefficient": 0.3333333333333333, "macke_bug_chain_length": 0}, "{mad_bit_skip}": {"node_path_length": 1.0, "node_degree": [1, 2, 3], "distance_to_interface": 1, "faulty": false, "macke_vulnerabilities_found": 0, "clustering_coefficient": 0.3333333333333333, "macke_bug_chain_length": 0}, "{mad_bit_length}": {"node_path_length": 1.0, "node_degree": [1, 2, 3], "distance_to_interface": 1, "faulty": false, "macke_vulnerabilities_found": 0, "clustering_coefficient": 0.3333333333333333, "macke_bug_chain_length": 0}, "{__assert_fail}": {"node_path_length": 1.0, "node_degree": [1, 2, 3], "distance_to_interface": 1, "faulty": false, "macke_vulnerabilities_found": 0, "clustering_coefficient": 0.3333333333333333, "macke_bug_chain_length": 0}, "{III_imdct_l}": {"node_path_length": 1.0, "node_degree": [1, 1, 2], "distance_to_interface": 2, "faulty": false, "macke_vulnerabilities_found": 1, "clustering_coefficient": 0.0, "macke_bug_chain_length": 1}, "{malloc}": {"node_path_length": 1.0, "node_degree": [1, 2, 3], "distance_to_interface": 1, "faulty": false, "macke_vulnerabilities_found": 0, "clustering_coefficient": 0.3333333333333333, "macke_bug_chain_length": 0}}