{"directed": true, "graph": {"node": {"shape": "", "label": "Call graph"}, "graph": {"label": "Call graph"}, "edge": {}, "name": "Call graph"}, "nodes": [{"shape": "record", "id": "Node0x17c07f0", "label": "{print_long_pos_vector}"}, {"shape": "record", "id": "Node0x17a2990", "label": "{EXTRACT_32BITS}"}, {"shape": "record", "id": "Node0x17a2600", "label": "{print_btp_body}"}, {"shape": "record", "id": "Node0x17a2a50", "label": "{tok2str}"}, {"shape": "record", "id": "Node0x17c08c0", "label": "{print_btp}"}, {"shape": "record", "id": "Node0x17c06d0", "label": "{geonet_print}"}, {"shape": "record", "id": "Node0x17a2960", "label": "{linkaddr_string}"}, {"shape": "record", "id": "Node0x17c0730", "label": "{EXTRACT_16BITS}"}, {"shape": "record", "id": "Node0x1799dd0", "label": "{external node}"}, {"shape": "record", "id": "Node0x17c0700", "label": "{ntohs}"}, {"id": "Node0x1797450"}, {"shape": "record", "id": "Node0x17a2df0", "label": "{ntohl}"}, {"shape": "record", "id": "Node0x17a2670", "label": "{llvm.dbg.declare}"}], "links": [{"source": "Node0x17c07f0", "target": "Node0x17a2990", "key": 0}, {"source": "Node0x17c07f0", "target": "Node0x17a2990", "key": 1}, {"source": "Node0x17c07f0", "target": "Node0x1797450", "key": 0}, {"source": "Node0x17c07f0", "target": "Node0x1797450", "key": 1}, {"source": "Node0x17c07f0", "target": "Node0x1797450", "key": 2}, {"source": "Node0x17c07f0", "target": "Node0x17a2960", "key": 0}, {"source": "Node0x17a2990", "target": "Node0x17a2df0", "key": 0}, {"source": "Node0x17a2600", "target": "Node0x1797450", "key": 0}, {"source": "Node0x17a2600", "target": "Node0x17a2a50", "key": 0}, {"source": "Node0x17a2a50", "target": "Node0x1797450", "key": 0}, {"source": "Node0x17c08c0", "target": "Node0x17c0730", "key": 0}, {"source": "Node0x17c08c0", "target": "Node0x17c0730", "key": 1}, {"source": "Node0x17c08c0", "target": "Node0x1797450", "key": 0}, {"source": "Node0x17c06d0", "target": "Node0x17c0730", "key": 0}, {"source": "Node0x17c06d0", "target": "Node0x17a2600", "key": 0}, {"source": "Node0x17c06d0", "target": "Node0x1797450", "key": 0}, {"source": "Node0x17c06d0", "target": "Node0x1797450", "key": 1}, {"source": "Node0x17c06d0", "target": "Node0x1797450", "key": 2}, {"source": "Node0x17c06d0", "target": "Node0x1797450", "key": 3}, {"source": "Node0x17c06d0", "target": "Node0x1797450", "key": 4}, {"source": "Node0x17c06d0", "target": "Node0x1797450", "key": 5}, {"source": "Node0x17c06d0", "target": "Node0x1797450", "key": 6}, {"source": "Node0x17c06d0", "target": "Node0x1797450", "key": 7}, {"source": "Node0x17c06d0", "target": "Node0x1797450", "key": 8}, {"source": "Node0x17c06d0", "target": "Node0x1797450", "key": 9}, {"source": "Node0x17c06d0", "target": "Node0x1797450", "key": 10}, {"source": "Node0x17c06d0", "target": "Node0x1797450", "key": 11}, {"source": "Node0x17c06d0", "target": "Node0x17c08c0", "key": 0}, {"source": "Node0x17c06d0", "target": "Node0x17c07f0", "key": 0}, {"source": "Node0x17a2960", "target": "Node0x1797450", "key": 0}, {"source": "Node0x17c0730", "target": "Node0x17c0700", "key": 0}, {"source": "Node0x1799dd0", "target": "Node0x17a2a50", "key": 0}, {"source": "Node0x1799dd0", "target": "Node0x17c06d0", "key": 0}, {"source": "Node0x1799dd0", "target": "Node0x17a2960", "key": 0}, {"source": "Node0x1799dd0", "target": "Node0x17c0700", "key": 0}, {"source": "Node0x1799dd0", "target": "Node0x17a2df0", "key": 0}, {"source": "Node0x1799dd0", "target": "Node0x17a2670", "key": 0}, {"source": "Node0x17c0700", "target": "Node0x1797450", "key": 0}, {"source": "Node0x17a2df0", "target": "Node0x1797450", "key": 0}], "multigraph": true}
