{"{linkaddr_string}": {"macke_bug_chain_length": 0, "macke_vulnerabilities_found": 0, "node_degree": [1, 2, 3], "faulty": false, "distance_to_interface": 1, "clustering_coefficient": 0.3333333333333333, "node_path_length": 1.0}, "{geonet_print}": {"macke_bug_chain_length": 1, "cvss3": {"attackVector": "NETWORK", "availabilityImpact": "HIGH", "scope": "UNCHANGED", "attackComplexity": "LOW", "baseScore": 9.8, "confidentialityImpact": "HIGH", "vectorString": "AV:N/AC:L/PR:N/UI:N/S:U/C:H/I:H/A:H", "userInteraction": "NONE", "baseSeverity": "CRITICAL", "privilegesRequired": "NONE", "integrityImpact": "HIGH"}, "macke_vulnerabilities_found": 1, "node_degree": [5, 1, 6], "faulty": true, "distance_to_interface": 1, "clustering_coefficient": 0.26666666666666666, "node_path_length": 2.2134831460674156}, "{EXTRACT_16BITS}": {"macke_bug_chain_length": 1, "macke_vulnerabilities_found": 1, "node_degree": [1, 2, 3], "faulty": false, "distance_to_interface": 2, "clustering_coefficient": 0.3333333333333333, "node_path_length": 2.0}, "{llvm.dbg.declare}": {"macke_bug_chain_length": 0, "macke_vulnerabilities_found": 0, "node_degree": [0, 1, 1], "faulty": false, "distance_to_interface": 1, "clustering_coefficient": 0, "node_path_length": 0}, "{print_btp}": {"macke_bug_chain_length": 1, "macke_vulnerabilities_found": 1, "node_degree": [2, 1, 3], "faulty": false, "distance_to_interface": 2, "clustering_coefficient": 0.6666666666666666, "node_path_length": 1.0}, "{ntohl}": {"macke_bug_chain_length": 0, "macke_vulnerabilities_found": 0, "node_degree": [1, 2, 3], "faulty": false, "distance_to_interface": 1, "clustering_coefficient": 0.0, "node_path_length": 1.0}, "{external node}": {"macke_bug_chain_length": 0, "macke_vulnerabilities_found": 0, "node_degree": [6, 0, 6], "faulty": false, "distance_to_interface": 999, "clustering_coefficient": 0.0, "node_path_length": 0}, "{print_btp_body}": {"macke_bug_chain_length": 1, "macke_vulnerabilities_found": 1, "node_degree": [2, 1, 3], "faulty": false, "distance_to_interface": 2, "clustering_coefficient": 0.6666666666666666, "node_path_length": 1.0}, "{ntohs}": {"macke_bug_chain_length": 0, "macke_vulnerabilities_found": 0, "node_degree": [1, 2, 3], "faulty": false, "distance_to_interface": 1, "clustering_coefficient": 0.0, "node_path_length": 1.0}, "{tok2str}": {"macke_bug_chain_length": 0, "macke_vulnerabilities_found": 0, "node_degree": [1, 2, 3], "faulty": false, "distance_to_interface": 1, "clustering_coefficient": 0.3333333333333333, "node_path_length": 1.0}, "{EXTRACT_32BITS}": {"macke_bug_chain_length": 1, "macke_vulnerabilities_found": 1, "node_degree": [1, 1, 2], "faulty": false, "distance_to_interface": 3, "clustering_coefficient": 0.0, "node_path_length": 2.0}, "{print_long_pos_vector}": {"macke_bug_chain_length": 1, "macke_vulnerabilities_found": 1, "node_degree": [3, 1, 4], "faulty": false, "distance_to_interface": 2, "clustering_coefficient": 0.3333333333333333, "node_path_length": 2.0}}