{"nodes": [{"id": "{print_long_pos_vector}", "data": {"macke_bug_chain_length": 1, "macke_vulnerabilities_found": 1, "node_degree": [3, 1, 4], "faulty": false, "distance_to_interface": 2, "clustering_coefficient": 0.3333333333333333, "node_path_length": 2.0}, "type": 3}, {"id": "{EXTRACT_32BITS}", "data": {"macke_bug_chain_length": 1, "macke_vulnerabilities_found": 1, "node_degree": [1, 1, 2], "faulty": false, "distance_to_interface": 3, "clustering_coefficient": 0.0, "node_path_length": 2.0}, "type": 1}, {"id": "{print_btp_body}", "data": {"macke_bug_chain_length": 1, "macke_vulnerabilities_found": 1, "node_degree": [2, 1, 3], "faulty": false, "distance_to_interface": 2, "clustering_coefficient": 0.6666666666666666, "node_path_length": 1.0}, "type": 2}, {"id": "{tok2str}", "data": {"macke_bug_chain_length": 0, "macke_vulnerabilities_found": 0, "node_degree": [1, 2, 3], "faulty": false, "distance_to_interface": 1, "clustering_coefficient": 0.3333333333333333, "node_path_length": 1.0}, "type": 0}, {"id": "{print_btp}", "data": {"macke_bug_chain_length": 1, "macke_vulnerabilities_found": 1, "node_degree": [2, 1, 3], "faulty": false, "distance_to_interface": 2, "clustering_coefficient": 0.6666666666666666, "node_path_length": 1.0}, "type": 2}, {"id": "{geonet_print}", "data": {"macke_bug_chain_length": 1, "cvss3": {"attackVector": "NETWORK", "availabilityImpact": "HIGH", "scope": "UNCHANGED", "attackComplexity": "LOW", "baseScore": 9.8, "confidentialityImpact": "HIGH", "vectorString": "AV:N/AC:L/PR:N/UI:N/S:U/C:H/I:H/A:H", "userInteraction": "NONE", "baseSeverity": "CRITICAL", "privilegesRequired": "NONE", "integrityImpact": "HIGH"}, "macke_vulnerabilities_found": 1, "node_degree": [5, 1, 6], "faulty": true, "distance_to_interface": 1, "clustering_coefficient": 0.26666666666666666, "node_path_length": 2.2134831460674156}, "type": 4}, {"id": "{linkaddr_string}", "data": {"macke_bug_chain_length": 0, "macke_vulnerabilities_found": 0, "node_degree": [1, 2, 3], "faulty": false, "distance_to_interface": 1, "clustering_coefficient": 0.3333333333333333, "node_path_length": 1.0}, "type": 0}, {"id": "{EXTRACT_16BITS}", "data": {"macke_bug_chain_length": 1, "macke_vulnerabilities_found": 1, "node_degree": [1, 2, 3], "faulty": false, "distance_to_interface": 2, "clustering_coefficient": 0.3333333333333333, "node_path_length": 2.0}, "type": 5}, {"id": "{external node}", "data": {"macke_bug_chain_length": 0, "macke_vulnerabilities_found": 0, "node_degree": [6, 0, 6], "faulty": false, "distance_to_interface": 999, "clustering_coefficient": 0.0, "node_path_length": 0}, "type": 4}, {"id": "{ntohs}", "data": {"macke_bug_chain_length": 0, "macke_vulnerabilities_found": 0, "node_degree": [1, 2, 3], "faulty": false, "distance_to_interface": 1, "clustering_coefficient": 0.0, "node_path_length": 1.0}, "type": 1}, {"id": "Node0x1797450", "type": 0}, {"id": "{ntohl}", "data": {"macke_bug_chain_length": 0, "macke_vulnerabilities_found": 0, "node_degree": [1, 2, 3], "faulty": false, "distance_to_interface": 1, "clustering_coefficient": 0.0, "node_path_length": 1.0}, "type": 0}, {"id": "{llvm.dbg.declare}", "data": {"macke_bug_chain_length": 0, "macke_vulnerabilities_found": 0, "node_degree": [0, 1, 1], "faulty": false, "distance_to_interface": 1, "clustering_coefficient": 0, "node_path_length": 0}, "type": 2}], "links": [{"type": 1, "target": "{EXTRACT_32BITS}", "source": "{print_long_pos_vector}"}, {"type": 1, "target": "{EXTRACT_32BITS}", "source": "{print_long_pos_vector}"}, {"type": 0, "target": "Node0x1797450", "source": "{print_long_pos_vector}"}, {"type": 3, "target": "Node0x1797450", "source": "{print_long_pos_vector}"}, {"type": 3, "target": "Node0x1797450", "source": "{print_long_pos_vector}"}, {"type": 3, "target": "{linkaddr_string}", "source": "{print_long_pos_vector}"}, {"type": 0, "target": "{ntohl}", "source": "{EXTRACT_32BITS}"}, {"type": 1, "target": "Node0x1797450", "source": "{print_btp_body}"}, {"type": 3, "target": "{tok2str}", "source": "{print_btp_body}"}, {"type": 1, "target": "Node0x1797450", "source": "{tok2str}"}, {"type": 3, "target": "{EXTRACT_16BITS}", "source": "{print_btp}"}, {"type": 0, "target": "{EXTRACT_16BITS}", "source": "{print_btp}"}, {"type": 2, "target": "Node0x1797450", "source": "{print_btp}"}, {"type": 0, "target": "{EXTRACT_16BITS}", "source": "{geonet_print}"}, {"type": 3, "target": "{print_btp_body}", "source": "{geonet_print}"}, {"type": 2, "target": "Node0x1797450", "source": "{geonet_print}"}, {"type": 2, "target": "Node0x1797450", "source": "{geonet_print}"}, {"type": 0, "target": "Node0x1797450", "source": "{geonet_print}"}, {"type": 3, "target": "Node0x1797450", "source": "{geonet_print}"}, {"type": 0, "target": "Node0x1797450", "source": "{geonet_print}"}, {"type": 3, "target": "Node0x1797450", "source": "{geonet_print}"}, {"type": 1, "target": "Node0x1797450", "source": "{geonet_print}"}, {"type": 2, "target": "Node0x1797450", "source": "{geonet_print}"}, {"type": 1, "target": "Node0x1797450", "source": "{geonet_print}"}, {"type": 1, "target": "Node0x1797450", "source": "{geonet_print}"}, {"type": 3, "target": "Node0x1797450", "source": "{geonet_print}"}, {"type": 0, "target": "Node0x1797450", "source": "{geonet_print}"}, {"type": 2, "target": "{print_btp}", "source": "{geonet_print}"}, {"type": 3, "target": "{print_long_pos_vector}", "source": "{geonet_print}"}, {"type": 2, "target": "Node0x1797450", "source": "{linkaddr_string}"}, {"type": 3, "target": "{ntohs}", "source": "{EXTRACT_16BITS}"}, {"type": 1, "target": "{tok2str}", "source": "{external node}"}, {"type": 0, "target": "{geonet_print}", "source": "{external node}"}, {"type": 0, "target": "{linkaddr_string}", "source": "{external node}"}, {"type": 1, "target": "{ntohs}", "source": "{external node}"}, {"type": 2, "target": "{ntohl}", "source": "{external node}"}, {"type": 3, "target": "{llvm.dbg.declare}", "source": "{external node}"}, {"type": 3, "target": "Node0x1797450", "source": "{ntohs}"}, {"type": 0, "target": "Node0x1797450", "source": "{ntohl}"}]}