{
  "klee-out-1": {
    "bcfile": "/tmp/macke/2017-07-19-16-10-08/bitcode/symmains.bc",
    "folder": "/tmp/macke/2017-07-19-16-10-08/klee/klee-out-1",
    "function": "EXTRACT_16BITS",
    "phase": 1
  },
  "klee-out-2": {
    "bcfile": "/tmp/macke/2017-07-19-16-10-08/bitcode/symmains.bc",
    "folder": "/tmp/macke/2017-07-19-16-10-08/klee/klee-out-2",
    "function": "EXTRACT_32BITS",
    "phase": 1
  },
  "klee-out-3": {
    "bcfile": "/tmp/macke/2017-07-19-16-10-08/bitcode/symmains.bc",
    "folder": "/tmp/macke/2017-07-19-16-10-08/klee/klee-out-3",
    "function": "print_long_pos_vector",
    "phase": 1
  },
  "klee-out-4": {
    "bcfile": "/tmp/macke/2017-07-19-16-10-08/bitcode/symmains.bc",
    "folder": "/tmp/macke/2017-07-19-16-10-08/klee/klee-out-4",
    "function": "print_btp",
    "phase": 1
  },
  "klee-out-5": {
    "bcfile": "/tmp/macke/2017-07-19-16-10-08/bitcode/symmains.bc",
    "folder": "/tmp/macke/2017-07-19-16-10-08/klee/klee-out-5",
    "function": "print_btp_body",
    "phase": 1
  },
  "klee-out-6": {
    "bcfile": "/tmp/macke/2017-07-19-16-10-08/bitcode/symmains.bc",
    "folder": "/tmp/macke/2017-07-19-16-10-08/klee/klee-out-6",
    "function": "geonet_print",
    "phase": 1
  },
  "klee-out-7": {
    "bcfile": "/tmp/macke/2017-07-19-16-10-08/bitcode/chain-geonet_print-print_btp.bc",
    "callee": "print_btp",
    "caller": "geonet_print",
    "folder": "/tmp/macke/2017-07-19-16-10-08/klee/klee-out-7",
    "phase": 2
  },
  "klee-out-8": {
    "bcfile": "/tmp/macke/2017-07-19-16-10-08/bitcode/chain-geonet_print-print_btp_body.bc",
    "callee": "print_btp_body",
    "caller": "geonet_print",
    "folder": "/tmp/macke/2017-07-19-16-10-08/klee/klee-out-8",
    "phase": 2
  }
}
