{"{llvm.dbg.declare}": {"clustering_coefficient": 0, "node_path_length": 0, "distance_to_interface": 1, "node_degree": [0, 1, 1], "macke_bug_chain_length": 0, "faulty": false, "macke_vulnerabilities_found": 0}, "{jpc_pi_destroy}": {"clustering_coefficient": 0.3333333333333333, "node_path_length": 1.0, "distance_to_interface": 1, "node_degree": [1, 2, 3], "macke_bug_chain_length": 0, "faulty": false, "macke_vulnerabilities_found": 0}, "{jas_alloc2}": {"clustering_coefficient": 0.3333333333333333, "node_path_length": 1.0, "distance_to_interface": 1, "node_degree": [1, 2, 3], "macke_bug_chain_length": 0, "faulty": false, "macke_vulnerabilities_found": 0}, "{jpc_tagtree_decode}": {"clustering_coefficient": 0.0, "node_path_length": 1.0, "distance_to_interface": 1, "node_degree": [1, 2, 3], "macke_bug_chain_length": 0, "faulty": false, "macke_vulnerabilities_found": 0}, "{jpc_bitstream_fillbuf}": {"clustering_coefficient": 0.2, "node_path_length": 0, "distance_to_interface": 1, "node_degree": [1, 4, 5], "macke_bug_chain_length": 0, "faulty": false, "macke_vulnerabilities_found": 0}, "{jas_stream_ungetc}": {"clustering_coefficient": 0.3333333333333333, "node_path_length": 1.0, "distance_to_interface": 1, "node_degree": [1, 2, 3], "macke_bug_chain_length": 0, "faulty": false, "macke_vulnerabilities_found": 0}, "{jpc_seg_alloc}": {"clustering_coefficient": 0.0, "node_path_length": 1.0, "distance_to_interface": 1, "node_degree": [1, 2, 3], "macke_bug_chain_length": 0, "faulty": false, "macke_vulnerabilities_found": 0}, "{jpc_dec_decodepkts}": {"clustering_coefficient": 0.35714285714285715, "node_path_length": 1.9556650246305418, "distance_to_interface": 1, "node_degree": [7, 1, 8], "macke_bug_chain_length": 3, "faulty": false, "macke_vulnerabilities_found": 1}, "{jpc_getcommacode}": {"clustering_coefficient": 0.6666666666666666, "node_path_length": 1.0, "distance_to_interface": 3, "node_degree": [2, 1, 3], "macke_bug_chain_length": 1, "faulty": false, "macke_vulnerabilities_found": 1}, "{jpc_tagtree_getleaf}": {"clustering_coefficient": 0.0, "node_path_length": 1.0, "distance_to_interface": 1, "node_degree": [1, 2, 3], "macke_bug_chain_length": 0, "faulty": false, "macke_vulnerabilities_found": 0}, "{__assert_fail}": {"clustering_coefficient": 0.26666666666666666, "node_path_length": 1.0, "distance_to_interface": 1, "node_degree": [1, 5, 6], "macke_bug_chain_length": 0, "faulty": false, "macke_vulnerabilities_found": 0}, "{jpc_getdata}": {"clustering_coefficient": 0.0, "node_path_length": 1.0, "distance_to_interface": 1, "node_degree": [1, 2, 3], "macke_bug_chain_length": 0, "faulty": false, "macke_vulnerabilities_found": 0}, "{jpc_bitstream_sopen}": {"clustering_coefficient": 0.0, "node_path_length": 1.0, "distance_to_interface": 1, "node_degree": [1, 2, 3], "macke_bug_chain_length": 0, "faulty": false, "macke_vulnerabilities_found": 0}, "{jpc_bitstream_close}": {"clustering_coefficient": 0.0, "node_path_length": 1.0, "distance_to_interface": 1, "node_degree": [1, 2, 3], "macke_bug_chain_length": 0, "faulty": false, "macke_vulnerabilities_found": 0}, "{jpc_seglist_insert}": {"clustering_coefficient": 0.0, "node_path_length": 1.0, "distance_to_interface": 1, "node_degree": [1, 2, 3], "macke_bug_chain_length": 0, "faulty": false, "macke_vulnerabilities_found": 0}, "{jas_stream_memopen}": {"clustering_coefficient": 0.0, "node_path_length": 1.0, "distance_to_interface": 1, "node_degree": [1, 2, 3], "macke_bug_chain_length": 0, "faulty": false, "macke_vulnerabilities_found": 0}, "{jpc_dec_pi_create}": {"clustering_coefficient": 0.5, "node_path_length": 2.0, "distance_to_interface": 1, "node_degree": [3, 1, 4], "macke_bug_chain_length": 1, "faulty": false, "macke_vulnerabilities_found": 1}, "{jas_getdbglevel}": {"clustering_coefficient": 0.3333333333333333, "node_path_length": 1.0, "distance_to_interface": 1, "node_degree": [1, 3, 4], "macke_bug_chain_length": 0, "faulty": false, "macke_vulnerabilities_found": 0}, "{jpc_pi_next}": {"clustering_coefficient": 0.3333333333333333, "node_path_length": 1.0, "distance_to_interface": 1, "node_degree": [1, 2, 3], "macke_bug_chain_length": 0, "faulty": false, "macke_vulnerabilities_found": 0}, "{jpc_bitstream_inalign}": {"clustering_coefficient": 0.0, "node_path_length": 1.0, "distance_to_interface": 1, "node_degree": [1, 2, 3], "macke_bug_chain_length": 0, "faulty": false, "macke_vulnerabilities_found": 0}, "{jpc_pi_create0}": {"clustering_coefficient": 0.3333333333333333, "node_path_length": 1.0, "distance_to_interface": 1, "node_degree": [1, 2, 3], "macke_bug_chain_length": 0, "faulty": false, "macke_vulnerabilities_found": 0}, "{jas_stream_fillbuf}": {"clustering_coefficient": 0.3333333333333333, "node_path_length": 1.0, "distance_to_interface": 1, "node_degree": [1, 2, 3], "macke_bug_chain_length": 0, "faulty": false, "macke_vulnerabilities_found": 0}, "{JPC_SEGTYPE}": {"clustering_coefficient": 0.0, "node_path_length": 1.0, "distance_to_interface": 1, "node_degree": [1, 2, 3], "macke_bug_chain_length": 0, "faulty": false, "macke_vulnerabilities_found": 0}, "{external node}": {"clustering_coefficient": 0.023655913978494623, "node_path_length": 0, "distance_to_interface": 999, "node_degree": [31, 0, 31], "macke_bug_chain_length": 0, "faulty": false, "macke_vulnerabilities_found": 0}, "{jpc_getms}": {"clustering_coefficient": 0.0, "node_path_length": 1.0, "distance_to_interface": 1, "node_degree": [1, 2, 3], "macke_bug_chain_length": 0, "faulty": false, "macke_vulnerabilities_found": 0}, "{jpc_floorlog2}": {"clustering_coefficient": 0.0, "node_path_length": 1.0, "distance_to_interface": 1, "node_degree": [1, 2, 3], "macke_bug_chain_length": 0, "faulty": false, "macke_vulnerabilities_found": 0}, "{jpc_getnumnewpasses}": {"clustering_coefficient": 0.5, "node_path_length": 1.2, "distance_to_interface": 3, "node_degree": [3, 1, 4], "macke_bug_chain_length": 1, "faulty": false, "macke_vulnerabilities_found": 1}, "{jpc_dec_decodepkt}": {"clustering_coefficient": 0.03260869565217391, "node_path_length": 1.3379310344827586, "distance_to_interface": 2, "node_degree": [23, 1, 24], "cvss3": {"baseSeverity": "HIGH", "availabilityImpact": "HIGH", "scope": "UNCHANGED", "userInteraction": "REQUIRED", "attackComplexity": "LOW", "attackVector": "LOCAL", "integrityImpact": "HIGH", "privilegesRequired": "NONE", "confidentialityImpact": "HIGH", "baseScore": 7.8, "vectorString": "AV:L/AC:L/PR:N/UI:R/S:U/C:H/I:H/A:H"}, "macke_bug_chain_length": 1, "faulty": true, "macke_vulnerabilities_found": 1}, "{jas_eprintf}": {"clustering_coefficient": 0.3333333333333333, "node_path_length": 1.0, "distance_to_interface": 1, "node_degree": [1, 3, 4], "macke_bug_chain_length": 0, "faulty": false, "macke_vulnerabilities_found": 0}, "{jpc_dec_lookahead}": {"clustering_coefficient": 0.4, "node_path_length": 1.3333333333333333, "distance_to_interface": 1, "node_degree": [2, 3, 5], "macke_bug_chain_length": 1, "faulty": false, "macke_vulnerabilities_found": 1}, "{jas_stream_gobble}": {"clustering_coefficient": 0.0, "node_path_length": 1.0, "distance_to_interface": 1, "node_degree": [1, 2, 3], "macke_bug_chain_length": 0, "faulty": false, "macke_vulnerabilities_found": 0}, "{jpc_ms_destroy}": {"clustering_coefficient": 0.0, "node_path_length": 1.0, "distance_to_interface": 1, "node_degree": [1, 2, 3], "macke_bug_chain_length": 0, "faulty": false, "macke_vulnerabilities_found": 0}, "{JPC_SEGPASSCNT}": {"clustering_coefficient": 0.0, "node_path_length": 1.0, "distance_to_interface": 1, "node_degree": [1, 2, 3], "macke_bug_chain_length": 0, "faulty": false, "macke_vulnerabilities_found": 0}, "{jpc_getuint16}": {"clustering_coefficient": 0.3333333333333333, "node_path_length": 1.0, "distance_to_interface": 1, "node_degree": [1, 2, 3], "macke_bug_chain_length": 0, "faulty": false, "macke_vulnerabilities_found": 0}, "{jpc_bitstream_getbits}": {"clustering_coefficient": 0.16666666666666666, "node_path_length": 1.0, "distance_to_interface": 1, "node_degree": [1, 3, 4], "macke_bug_chain_length": 0, "faulty": false, "macke_vulnerabilities_found": 0}}