{"directed": true, "graph": {"node": {"shape": "", "label": "Call graph"}, "graph": {"label": "Call graph"}, "edge": {}, "name": "Call graph"}, "nodes": [{"shape": "record", "id": "Node0x16c6bb0", "label": "{jas_eprintf}"}, {"shape": "record", "id": "Node0x1704d30", "label": "{jas_stream_memopen}"}, {"shape": "record", "id": "Node0x16d29e0", "label": "{jas_stream_fillbuf}"}, {"shape": "record", "id": "Node0x17b9800", "label": "{llvm.dbg.declare}"}, {"shape": "record", "id": "Node0x1704e80", "label": "{jpc_dec_pi_create}"}, {"shape": "record", "id": "Node0x1704e10", "label": "{jas_stream_gobble}"}, {"shape": "record", "id": "Node0x17b9900", "label": "{jpc_getuint16}"}, {"shape": "record", "id": "Node0x16c6b20", "label": "{__assert_fail}"}, {"shape": "record", "id": "Node0x16c6c20", "label": "{jas_getdbglevel}"}, {"shape": "record", "id": "Node0x17049d0", "label": "{jpc_getcommacode}"}, {"shape": "record", "id": "Node0x1704ab0", "label": "{jpc_seg_alloc}"}, {"shape": "record", "id": "Node0x1704710", "label": "{jpc_getms}"}, {"shape": "record", "id": "Node0x16d2a10", "label": "{jpc_pi_next}"}, {"shape": "record", "id": "Node0x1704830", "label": "{jpc_tagtree_getleaf}"}, {"shape": "record", "id": "Node0x1704a40", "label": "{JPC_SEGPASSCNT}"}, {"shape": "record", "id": "Node0x1704fb0", "label": "{JPC_SEGTYPE}"}, {"shape": "record", "id": "Node0x1704ef0", "label": "{jpc_pi_create0}"}, {"shape": "record", "id": "Node0x17b9890", "label": "{jpc_ms_destroy}"}, {"shape": "record", "id": "Node0x1704be0", "label": "{jpc_bitstream_getbits}"}, {"shape": "record", "id": "Node0x1704c50", "label": "{jpc_bitstream_inalign}"}, {"shape": "record", "id": "Node0x1704cc0", "label": "{jpc_bitstream_close}"}, {"shape": "record", "id": "Node0x1704f20", "label": "{jpc_pi_destroy}"}, {"shape": "record", "id": "Node0x17048a0", "label": "{jpc_tagtree_decode}"}, {"shape": "record", "id": "Node0x16d2940", "label": "{jpc_dec_decodepkts}"}, {"id": "Node0x16d28d0"}, {"shape": "record", "id": "Node0x17b9790", "label": "{jpc_dec_decodepkt}"}, {"shape": "record", "id": "Node0x17047c0", "label": "{jpc_bitstream_sopen}"}, {"shape": "record", "id": "Node0x16c6a20", "label": "{jpc_dec_lookahead}"}, {"shape": "record", "id": "Node0x16b4950", "label": "{external node}"}, {"shape": "record", "id": "Node0x17b99a0", "label": "{jas_stream_ungetc}"}, {"shape": "record", "id": "Node0x16c6a50", "label": "{jpc_getnumnewpasses}"}, {"shape": "record", "id": "Node0x17045c0", "label": "{jas_alloc2}"}, {"shape": "record", "id": "Node0x1704da0", "label": "{jpc_getdata}"}, {"shape": "record", "id": "Node0x1705020", "label": "{jpc_floorlog2}"}, {"shape": "record", "id": "Node0x1704b20", "label": "{jpc_seglist_insert}"}, {"shape": "record", "id": "Node0x1704960", "label": "{jpc_bitstream_fillbuf}"}], "links": [{"source": "Node0x16c6bb0", "target": "Node0x16d28d0", "key": 0}, {"source": "Node0x1704d30", "target": "Node0x16d28d0", "key": 0}, {"source": "Node0x16d29e0", "target": "Node0x16d28d0", "key": 0}, {"source": "Node0x1704e80", "target": "Node0x1704f20", "key": 0}, {"source": "Node0x1704e80", "target": "Node0x1704f20", "key": 1}, {"source": "Node0x1704e80", "target": "Node0x1704f20", "key": 2}, {"source": "Node0x1704e80", "target": "Node0x1704ef0", "key": 0}, {"source": "Node0x1704e80", "target": "Node0x17045c0", "key": 0}, {"source": "Node0x1704e80", "target": "Node0x17045c0", "key": 1}, {"source": "Node0x1704e80", "target": "Node0x17045c0", "key": 2}, {"source": "Node0x1704e10", "target": "Node0x16d28d0", "key": 0}, {"source": "Node0x17b9900", "target": "Node0x16d28d0", "key": 0}, {"source": "Node0x16c6b20", "target": "Node0x16d28d0", "key": 0}, {"source": "Node0x16c6c20", "target": "Node0x16d28d0", "key": 0}, {"source": "Node0x17049d0", "target": "Node0x16c6b20", "key": 0}, {"source": "Node0x17049d0", "target": "Node0x1704960", "key": 0}, {"source": "Node0x1704ab0", "target": "Node0x16d28d0", "key": 0}, {"source": "Node0x1704710", "target": "Node0x16d28d0", "key": 0}, {"source": "Node0x16d2a10", "target": "Node0x16d28d0", "key": 0}, {"source": "Node0x1704830", "target": "Node0x16d28d0", "key": 0}, {"source": "Node0x1704a40", "target": "Node0x16d28d0", "key": 0}, {"source": "Node0x1704fb0", "target": "Node0x16d28d0", "key": 0}, {"source": "Node0x1704ef0", "target": "Node0x16d28d0", "key": 0}, {"source": "Node0x17b9890", "target": "Node0x16d28d0", "key": 0}, {"source": "Node0x1704be0", "target": "Node0x16d28d0", "key": 0}, {"source": "Node0x1704c50", "target": "Node0x16d28d0", "key": 0}, {"source": "Node0x1704cc0", "target": "Node0x16d28d0", "key": 0}, {"source": "Node0x1704f20", "target": "Node0x16d28d0", "key": 0}, {"source": "Node0x17048a0", "target": "Node0x16d28d0", "key": 0}, {"source": "Node0x16d2940", "target": "Node0x16d2a10", "key": 0}, {"source": "Node0x16d2940", "target": "Node0x16c6bb0", "key": 0}, {"source": "Node0x16d2940", "target": "Node0x16c6bb0", "key": 1}, {"source": "Node0x16d2940", "target": "Node0x16d29e0", "key": 0}, {"source": "Node0x16d2940", "target": "Node0x17b9790", "key": 0}, {"source": "Node0x16d2940", "target": "Node0x16c6b20", "key": 0}, {"source": "Node0x16d2940", "target": "Node0x16c6b20", "key": 1}, {"source": "Node0x16d2940", "target": "Node0x16c6b20", "key": 2}, {"source": "Node0x16d2940", "target": "Node0x16c6b20", "key": 3}, {"source": "Node0x16d2940", "target": "Node0x16c6b20", "key": 4}, {"source": "Node0x16d2940", "target": "Node0x16c6b20", "key": 5}, {"source": "Node0x16d2940", "target": "Node0x16c6b20", "key": 6}, {"source": "Node0x16d2940", "target": "Node0x16c6b20", "key": 7}, {"source": "Node0x16d2940", "target": "Node0x16c6b20", "key": 8}, {"source": "Node0x16d2940", "target": "Node0x16c6a20", "key": 0}, {"source": "Node0x16d2940", "target": "Node0x16c6c20", "key": 0}, {"source": "Node0x17b9790", "target": "Node0x16c6bb0", "key": 0}, {"source": "Node0x17b9790", "target": "Node0x16c6bb0", "key": 1}, {"source": "Node0x17b9790", "target": "Node0x16c6bb0", "key": 2}, {"source": "Node0x17b9790", "target": "Node0x16c6bb0", "key": 3}, {"source": "Node0x17b9790", "target": "Node0x16c6bb0", "key": 4}, {"source": "Node0x17b9790", "target": "Node0x16c6bb0", "key": 5}, {"source": "Node0x17b9790", "target": "Node0x16c6bb0", "key": 6}, {"source": "Node0x17b9790", "target": "Node0x16c6bb0", "key": 7}, {"source": "Node0x17b9790", "target": "Node0x16c6bb0", "key": 8}, {"source": "Node0x17b9790", "target": "Node0x16c6bb0", "key": 9}, {"source": "Node0x17b9790", "target": "Node0x16c6bb0", "key": 10}, {"source": "Node0x17b9790", "target": "Node0x16c6bb0", "key": 11}, {"source": "Node0x17b9790", "target": "Node0x16c6bb0", "key": 12}, {"source": "Node0x17b9790", "target": "Node0x1704d30", "key": 0}, {"source": "Node0x17b9790", "target": "Node0x1704e10", "key": 0}, {"source": "Node0x17b9790", "target": "Node0x16c6a50", "key": 0}, {"source": "Node0x17b9790", "target": "Node0x16c6b20", "key": 0}, {"source": "Node0x17b9790", "target": "Node0x16c6b20", "key": 1}, {"source": "Node0x17b9790", "target": "Node0x16c6c20", "key": 0}, {"source": "Node0x17b9790", "target": "Node0x16c6c20", "key": 1}, {"source": "Node0x17b9790", "target": "Node0x16c6c20", "key": 2}, {"source": "Node0x17b9790", "target": "Node0x16c6c20", "key": 3}, {"source": "Node0x17b9790", "target": "Node0x16c6c20", "key": 4}, {"source": "Node0x17b9790", "target": "Node0x16c6c20", "key": 5}, {"source": "Node0x17b9790", "target": "Node0x16c6c20", "key": 6}, {"source": "Node0x17b9790", "target": "Node0x16c6c20", "key": 7}, {"source": "Node0x17b9790", "target": "Node0x16c6c20", "key": 8}, {"source": "Node0x17b9790", "target": "Node0x17049d0", "key": 0}, {"source": "Node0x17b9790", "target": "Node0x1704ab0", "key": 0}, {"source": "Node0x17b9790", "target": "Node0x1704830", "key": 0}, {"source": "Node0x17b9790", "target": "Node0x1704830", "key": 1}, {"source": "Node0x17b9790", "target": "Node0x1704a40", "key": 0}, {"source": "Node0x17b9790", "target": "Node0x1704fb0", "key": 0}, {"source": "Node0x17b9790", "target": "Node0x17b9890", "key": 0}, {"source": "Node0x17b9790", "target": "Node0x17b9890", "key": 1}, {"source": "Node0x17b9790", "target": "Node0x17b9890", "key": 2}, {"source": "Node0x17b9790", "target": "Node0x17b9890", "key": 3}, {"source": "Node0x17b9790", "target": "Node0x1704be0", "key": 0}, {"source": "Node0x17b9790", "target": "Node0x1704c50", "key": 0}, {"source": "Node0x17b9790", "target": "Node0x1704c50", "key": 1}, {"source": "Node0x17b9790", "target": "Node0x1704cc0", "key": 0}, {"source": "Node0x17b9790", "target": "Node0x17048a0", "key": 0}, {"source": "Node0x17b9790", "target": "Node0x17048a0", "key": 1}, {"source": "Node0x17b9790", "target": "Node0x1704710", "key": 0}, {"source": "Node0x17b9790", "target": "Node0x1704710", "key": 1}, {"source": "Node0x17b9790", "target": "Node0x17047c0", "key": 0}, {"source": "Node0x17b9790", "target": "Node0x16c6a20", "key": 0}, {"source": "Node0x17b9790", "target": "Node0x16c6a20", "key": 1}, {"source": "Node0x17b9790", "target": "Node0x1704960", "key": 0}, {"source": "Node0x17b9790", "target": "Node0x1704960", "key": 1}, {"source": "Node0x17b9790", "target": "Node0x1705020", "key": 0}, {"source": "Node0x17b9790", "target": "Node0x1704b20", "key": 0}, {"source": "Node0x17b9790", "target": "Node0x1704da0", "key": 0}, {"source": "Node0x17047c0", "target": "Node0x16d28d0", "key": 0}, {"source": "Node0x16c6a20", "target": "Node0x17b9900", "key": 0}, {"source": "Node0x16c6a20", "target": "Node0x17b99a0", "key": 0}, {"source": "Node0x16c6a20", "target": "Node0x17b99a0", "key": 1}, {"source": "Node0x16b4950", "target": "Node0x16c6bb0", "key": 0}, {"source": "Node0x16b4950", "target": "Node0x1704d30", "key": 0}, {"source": "Node0x16b4950", "target": "Node0x16d29e0", "key": 0}, {"source": "Node0x16b4950", "target": "Node0x17b9800", "key": 0}, {"source": "Node0x16b4950", "target": "Node0x1704e80", "key": 0}, {"source": "Node0x16b4950", "target": "Node0x1704e10", "key": 0}, {"source": "Node0x16b4950", "target": "Node0x17b9900", "key": 0}, {"source": "Node0x16b4950", "target": "Node0x16c6b20", "key": 0}, {"source": "Node0x16b4950", "target": "Node0x16c6c20", "key": 0}, {"source": "Node0x16b4950", "target": "Node0x1704ab0", "key": 0}, {"source": "Node0x16b4950", "target": "Node0x1704710", "key": 0}, {"source": "Node0x16b4950", "target": "Node0x16d2a10", "key": 0}, {"source": "Node0x16b4950", "target": "Node0x1704830", "key": 0}, {"source": "Node0x16b4950", "target": "Node0x1704a40", "key": 0}, {"source": "Node0x16b4950", "target": "Node0x1704fb0", "key": 0}, {"source": "Node0x16b4950", "target": "Node0x1704ef0", "key": 0}, {"source": "Node0x16b4950", "target": "Node0x17b9890", "key": 0}, {"source": "Node0x16b4950", "target": "Node0x1704be0", "key": 0}, {"source": "Node0x16b4950", "target": "Node0x1704c50", "key": 0}, {"source": "Node0x16b4950", "target": "Node0x1704cc0", "key": 0}, {"source": "Node0x16b4950", "target": "Node0x1704f20", "key": 0}, {"source": "Node0x16b4950", "target": "Node0x17048a0", "key": 0}, {"source": "Node0x16b4950", "target": "Node0x16d2940", "key": 0}, {"source": "Node0x16b4950", "target": "Node0x17047c0", "key": 0}, {"source": "Node0x16b4950", "target": "Node0x16c6a20", "key": 0}, {"source": "Node0x16b4950", "target": "Node0x17b99a0", "key": 0}, {"source": "Node0x16b4950", "target": "Node0x17045c0", "key": 0}, {"source": "Node0x16b4950", "target": "Node0x1704da0", "key": 0}, {"source": "Node0x16b4950", "target": "Node0x1705020", "key": 0}, {"source": "Node0x16b4950", "target": "Node0x1704b20", "key": 0}, {"source": "Node0x16b4950", "target": "Node0x1704960", "key": 0}, {"source": "Node0x17b99a0", "target": "Node0x16d28d0", "key": 0}, {"source": "Node0x16c6a50", "target": "Node0x1704be0", "key": 0}, {"source": "Node0x16c6a50", "target": "Node0x1704be0", "key": 1}, {"source": "Node0x16c6a50", "target": "Node0x1704be0", "key": 2}, {"source": "Node0x16c6a50", "target": "Node0x16c6b20", "key": 0}, {"source": "Node0x16c6a50", "target": "Node0x16c6b20", "key": 1}, {"source": "Node0x16c6a50", "target": "Node0x1704960", "key": 0}, {"source": "Node0x16c6a50", "target": "Node0x1704960", "key": 1}, {"source": "Node0x17045c0", "target": "Node0x16d28d0", "key": 0}, {"source": "Node0x1704da0", "target": "Node0x16d28d0", "key": 0}, {"source": "Node0x1705020", "target": "Node0x16d28d0", "key": 0}, {"source": "Node0x1704b20", "target": "Node0x16d28d0", "key": 0}, {"source": "Node0x1704960", "target": "Node0x16d28d0", "key": 0}], "multigraph": true}
