{"links": [{"target": "Node0x16d28d0", "source": "{jas_eprintf}", "type": 2}, {"target": "Node0x16d28d0", "source": "{jas_stream_memopen}", "type": 2}, {"target": "Node0x16d28d0", "source": "{jas_stream_fillbuf}", "type": 3}, {"target": "{jpc_pi_destroy}", "source": "{jpc_dec_pi_create}", "type": 1}, {"target": "{jpc_pi_destroy}", "source": "{jpc_dec_pi_create}", "type": 2}, {"target": "{jpc_pi_destroy}", "source": "{jpc_dec_pi_create}", "type": 1}, {"target": "{jpc_pi_create0}", "source": "{jpc_dec_pi_create}", "type": 1}, {"target": "{jas_alloc2}", "source": "{jpc_dec_pi_create}", "type": 1}, {"target": "{jas_alloc2}", "source": "{jpc_dec_pi_create}", "type": 2}, {"target": "{jas_alloc2}", "source": "{jpc_dec_pi_create}", "type": 2}, {"target": "Node0x16d28d0", "source": "{jas_stream_gobble}", "type": 0}, {"target": "Node0x16d28d0", "source": "{jpc_getuint16}", "type": 2}, {"target": "Node0x16d28d0", "source": "{__assert_fail}", "type": 0}, {"target": "Node0x16d28d0", "source": "{jas_getdbglevel}", "type": 2}, {"target": "{__assert_fail}", "source": "{jpc_getcommacode}", "type": 3}, {"target": "{jpc_bitstream_fillbuf}", "source": "{jpc_getcommacode}", "type": 2}, {"target": "Node0x16d28d0", "source": "{jpc_seg_alloc}", "type": 3}, {"target": "Node0x16d28d0", "source": "{jpc_getms}", "type": 2}, {"target": "Node0x16d28d0", "source": "{jpc_pi_next}", "type": 2}, {"target": "Node0x16d28d0", "source": "{jpc_tagtree_getleaf}", "type": 3}, {"target": "Node0x16d28d0", "source": "{JPC_SEGPASSCNT}", "type": 3}, {"target": "Node0x16d28d0", "source": "{JPC_SEGTYPE}", "type": 1}, {"target": "Node0x16d28d0", "source": "{jpc_pi_create0}", "type": 3}, {"target": "Node0x16d28d0", "source": "{jpc_ms_destroy}", "type": 0}, {"target": "Node0x16d28d0", "source": "{jpc_bitstream_getbits}", "type": 0}, {"target": "Node0x16d28d0", "source": "{jpc_bitstream_inalign}", "type": 2}, {"target": "Node0x16d28d0", "source": "{jpc_bitstream_close}", "type": 3}, {"target": "Node0x16d28d0", "source": "{jpc_pi_destroy}", "type": 1}, {"target": "Node0x16d28d0", "source": "{jpc_tagtree_decode}", "type": 3}, {"target": "{jpc_pi_next}", "source": "{jpc_dec_decodepkts}", "type": 2}, {"target": "{jas_eprintf}", "source": "{jpc_dec_decodepkts}", "type": 1}, {"target": "{jas_eprintf}", "source": "{jpc_dec_decodepkts}", "type": 3}, {"target": "{jas_stream_fillbuf}", "source": "{jpc_dec_decodepkts}", "type": 3}, {"target": "{jpc_dec_decodepkt}", "source": "{jpc_dec_decodepkts}", "type": 2}, {"target": "{__assert_fail}", "source": "{jpc_dec_decodepkts}", "type": 0}, {"target": "{__assert_fail}", "source": "{jpc_dec_decodepkts}", "type": 3}, {"target": "{__assert_fail}", "source": "{jpc_dec_decodepkts}", "type": 0}, {"target": "{__assert_fail}", "source": "{jpc_dec_decodepkts}", "type": 1}, {"target": "{__assert_fail}", "source": "{jpc_dec_decodepkts}", "type": 3}, {"target": "{__assert_fail}", "source": "{jpc_dec_decodepkts}", "type": 2}, {"target": "{__assert_fail}", "source": "{jpc_dec_decodepkts}", "type": 2}, {"target": "{__assert_fail}", "source": "{jpc_dec_decodepkts}", "type": 2}, {"target": "{__assert_fail}", "source": "{jpc_dec_decodepkts}", "type": 1}, {"target": "{jpc_dec_lookahead}", "source": "{jpc_dec_decodepkts}", "type": 2}, {"target": "{jas_getdbglevel}", "source": "{jpc_dec_decodepkts}", "type": 1}, {"target": "{jas_eprintf}", "source": "{jpc_dec_decodepkt}", "type": 3}, {"target": "{jas_eprintf}", "source": "{jpc_dec_decodepkt}", "type": 1}, {"target": "{jas_eprintf}", "source": "{jpc_dec_decodepkt}", "type": 2}, {"target": "{jas_eprintf}", "source": "{jpc_dec_decodepkt}", "type": 2}, {"target": "{jas_eprintf}", "source": "{jpc_dec_decodepkt}", "type": 1}, {"target": "{jas_eprintf}", "source": "{jpc_dec_decodepkt}", "type": 3}, {"target": "{jas_eprintf}", "source": "{jpc_dec_decodepkt}", "type": 3}, {"target": "{jas_eprintf}", "source": "{jpc_dec_decodepkt}", "type": 0}, {"target": "{jas_eprintf}", "source": "{jpc_dec_decodepkt}", "type": 1}, {"target": "{jas_eprintf}", "source": "{jpc_dec_decodepkt}", "type": 0}, {"target": "{jas_eprintf}", "source": "{jpc_dec_decodepkt}", "type": 1}, {"target": "{jas_eprintf}", "source": "{jpc_dec_decodepkt}", "type": 1}, {"target": "{jas_eprintf}", "source": "{jpc_dec_decodepkt}", "type": 0}, {"target": "{jas_stream_memopen}", "source": "{jpc_dec_decodepkt}", "type": 0}, {"target": "{jas_stream_gobble}", "source": "{jpc_dec_decodepkt}", "type": 1}, {"target": "{jpc_getnumnewpasses}", "source": "{jpc_dec_decodepkt}", "type": 3}, {"target": "{__assert_fail}", "source": "{jpc_dec_decodepkt}", "type": 0}, {"target": "{__assert_fail}", "source": "{jpc_dec_decodepkt}", "type": 3}, {"target": "{jas_getdbglevel}", "source": "{jpc_dec_decodepkt}", "type": 2}, {"target": "{jas_getdbglevel}", "source": "{jpc_dec_decodepkt}", "type": 2}, {"target": "{jas_getdbglevel}", "source": "{jpc_dec_decodepkt}", "type": 3}, {"target": "{jas_getdbglevel}", "source": "{jpc_dec_decodepkt}", "type": 0}, {"target": "{jas_getdbglevel}", "source": "{jpc_dec_decodepkt}", "type": 1}, {"target": "{jas_getdbglevel}", "source": "{jpc_dec_decodepkt}", "type": 2}, {"target": "{jas_getdbglevel}", "source": "{jpc_dec_decodepkt}", "type": 1}, {"target": "{jas_getdbglevel}", "source": "{jpc_dec_decodepkt}", "type": 2}, {"target": "{jas_getdbglevel}", "source": "{jpc_dec_decodepkt}", "type": 3}, {"target": "{jpc_getcommacode}", "source": "{jpc_dec_decodepkt}", "type": 2}, {"target": "{jpc_seg_alloc}", "source": "{jpc_dec_decodepkt}", "type": 0}, {"target": "{jpc_tagtree_getleaf}", "source": "{jpc_dec_decodepkt}", "type": 2}, {"target": "{jpc_tagtree_getleaf}", "source": "{jpc_dec_decodepkt}", "type": 2}, {"target": "{JPC_SEGPASSCNT}", "source": "{jpc_dec_decodepkt}", "type": 3}, {"target": "{JPC_SEGTYPE}", "source": "{jpc_dec_decodepkt}", "type": 3}, {"target": "{jpc_ms_destroy}", "source": "{jpc_dec_decodepkt}", "type": 0}, {"target": "{jpc_ms_destroy}", "source": "{jpc_dec_decodepkt}", "type": 0}, {"target": "{jpc_ms_destroy}", "source": "{jpc_dec_decodepkt}", "type": 3}, {"target": "{jpc_ms_destroy}", "source": "{jpc_dec_decodepkt}", "type": 0}, {"target": "{jpc_bitstream_getbits}", "source": "{jpc_dec_decodepkt}", "type": 1}, {"target": "{jpc_bitstream_inalign}", "source": "{jpc_dec_decodepkt}", "type": 1}, {"target": "{jpc_bitstream_inalign}", "source": "{jpc_dec_decodepkt}", "type": 2}, {"target": "{jpc_bitstream_close}", "source": "{jpc_dec_decodepkt}", "type": 1}, {"target": "{jpc_tagtree_decode}", "source": "{jpc_dec_decodepkt}", "type": 2}, {"target": "{jpc_tagtree_decode}", "source": "{jpc_dec_decodepkt}", "type": 2}, {"target": "{jpc_getms}", "source": "{jpc_dec_decodepkt}", "type": 2}, {"target": "{jpc_getms}", "source": "{jpc_dec_decodepkt}", "type": 0}, {"target": "{jpc_bitstream_sopen}", "source": "{jpc_dec_decodepkt}", "type": 3}, {"target": "{jpc_dec_lookahead}", "source": "{jpc_dec_decodepkt}", "type": 2}, {"target": "{jpc_dec_lookahead}", "source": "{jpc_dec_decodepkt}", "type": 1}, {"target": "{jpc_bitstream_fillbuf}", "source": "{jpc_dec_decodepkt}", "type": 2}, {"target": "{jpc_bitstream_fillbuf}", "source": "{jpc_dec_decodepkt}", "type": 1}, {"target": "{jpc_floorlog2}", "source": "{jpc_dec_decodepkt}", "type": 2}, {"target": "{jpc_seglist_insert}", "source": "{jpc_dec_decodepkt}", "type": 3}, {"target": "{jpc_getdata}", "source": "{jpc_dec_decodepkt}", "type": 1}, {"target": "Node0x16d28d0", "source": "{jpc_bitstream_sopen}", "type": 1}, {"target": "{jpc_getuint16}", "source": "{jpc_dec_lookahead}", "type": 3}, {"target": "{jas_stream_ungetc}", "source": "{jpc_dec_lookahead}", "type": 0}, {"target": "{jas_stream_ungetc}", "source": "{jpc_dec_lookahead}", "type": 2}, {"target": "{jas_eprintf}", "source": "{external node}", "type": 3}, {"target": "{jas_stream_memopen}", "source": "{external node}", "type": 0}, {"target": "{jas_stream_fillbuf}", "source": "{external node}", "type": 3}, {"target": "{llvm.dbg.declare}", "source": "{external node}", "type": 0}, {"target": "{jpc_dec_pi_create}", "source": "{external node}", "type": 2}, {"target": "{jas_stream_gobble}", "source": "{external node}", "type": 2}, {"target": "{jpc_getuint16}", "source": "{external node}", "type": 0}, {"target": "{__assert_fail}", "source": "{external node}", "type": 3}, {"target": "{jas_getdbglevel}", "source": "{external node}", "type": 0}, {"target": "{jpc_seg_alloc}", "source": "{external node}", "type": 0}, {"target": "{jpc_getms}", "source": "{external node}", "type": 3}, {"target": "{jpc_pi_next}", "source": "{external node}", "type": 3}, {"target": "{jpc_tagtree_getleaf}", "source": "{external node}", "type": 0}, {"target": "{JPC_SEGPASSCNT}", "source": "{external node}", "type": 1}, {"target": "{JPC_SEGTYPE}", "source": "{external node}", "type": 0}, {"target": "{jpc_pi_create0}", "source": "{external node}", "type": 2}, {"target": "{jpc_ms_destroy}", "source": "{external node}", "type": 1}, {"target": "{jpc_bitstream_getbits}", "source": "{external node}", "type": 1}, {"target": "{jpc_bitstream_inalign}", "source": "{external node}", "type": 1}, {"target": "{jpc_bitstream_close}", "source": "{external node}", "type": 1}, {"target": "{jpc_pi_destroy}", "source": "{external node}", "type": 0}, {"target": "{jpc_tagtree_decode}", "source": "{external node}", "type": 2}, {"target": "{jpc_dec_decodepkts}", "source": "{external node}", "type": 3}, {"target": "{jpc_bitstream_sopen}", "source": "{external node}", "type": 1}, {"target": "{jpc_dec_lookahead}", "source": "{external node}", "type": 0}, {"target": "{jas_stream_ungetc}", "source": "{external node}", "type": 2}, {"target": "{jas_alloc2}", "source": "{external node}", "type": 1}, {"target": "{jpc_getdata}", "source": "{external node}", "type": 3}, {"target": "{jpc_floorlog2}", "source": "{external node}", "type": 2}, {"target": "{jpc_seglist_insert}", "source": "{external node}", "type": 1}, {"target": "{jpc_bitstream_fillbuf}", "source": "{external node}", "type": 1}, {"target": "Node0x16d28d0", "source": "{jas_stream_ungetc}", "type": 3}, {"target": "{jpc_bitstream_getbits}", "source": "{jpc_getnumnewpasses}", "type": 2}, {"target": "{jpc_bitstream_getbits}", "source": "{jpc_getnumnewpasses}", "type": 2}, {"target": "{jpc_bitstream_getbits}", "source": "{jpc_getnumnewpasses}", "type": 3}, {"target": "{__assert_fail}", "source": "{jpc_getnumnewpasses}", "type": 2}, {"target": "{__assert_fail}", "source": "{jpc_getnumnewpasses}", "type": 0}, {"target": "{jpc_bitstream_fillbuf}", "source": "{jpc_getnumnewpasses}", "type": 3}, {"target": "{jpc_bitstream_fillbuf}", "source": "{jpc_getnumnewpasses}", "type": 3}, {"target": "Node0x16d28d0", "source": "{jas_alloc2}", "type": 0}, {"target": "Node0x16d28d0", "source": "{jpc_getdata}", "type": 2}, {"target": "Node0x16d28d0", "source": "{jpc_floorlog2}", "type": 0}, {"target": "Node0x16d28d0", "source": "{jpc_seglist_insert}", "type": 0}, {"target": "Node0x16d28d0", "source": "{jpc_bitstream_fillbuf}", "type": 1}], "nodes": [{"type": 5, "data": {"clustering_coefficient": 0.3333333333333333, "node_path_length": 1.0, "distance_to_interface": 1, "node_degree": [1, 3, 4], "macke_bug_chain_length": 0, "faulty": false, "macke_vulnerabilities_found": 0}, "id": "{jas_eprintf}"}, {"type": 0, "data": {"clustering_coefficient": 0.0, "node_path_length": 1.0, "distance_to_interface": 1, "node_degree": [1, 2, 3], "macke_bug_chain_length": 0, "faulty": false, "macke_vulnerabilities_found": 0}, "id": "{jas_stream_memopen}"}, {"type": 1, "data": {"clustering_coefficient": 0.3333333333333333, "node_path_length": 1.0, "distance_to_interface": 1, "node_degree": [1, 2, 3], "macke_bug_chain_length": 0, "faulty": false, "macke_vulnerabilities_found": 0}, "id": "{jas_stream_fillbuf}"}, {"type": 3, "data": {"clustering_coefficient": 0, "node_path_length": 0, "distance_to_interface": 1, "node_degree": [0, 1, 1], "macke_bug_chain_length": 0, "faulty": false, "macke_vulnerabilities_found": 0}, "id": "{llvm.dbg.declare}"}, {"type": 0, "data": {"clustering_coefficient": 0.5, "node_path_length": 2.0, "distance_to_interface": 1, "node_degree": [3, 1, 4], "macke_bug_chain_length": 1, "faulty": false, "macke_vulnerabilities_found": 1}, "id": "{jpc_dec_pi_create}"}, {"type": 4, "data": {"clustering_coefficient": 0.0, "node_path_length": 1.0, "distance_to_interface": 1, "node_degree": [1, 2, 3], "macke_bug_chain_length": 0, "faulty": false, "macke_vulnerabilities_found": 0}, "id": "{jas_stream_gobble}"}, {"type": 3, "data": {"clustering_coefficient": 0.3333333333333333, "node_path_length": 1.0, "distance_to_interface": 1, "node_degree": [1, 2, 3], "macke_bug_chain_length": 0, "faulty": false, "macke_vulnerabilities_found": 0}, "id": "{jpc_getuint16}"}, {"type": 2, "data": {"clustering_coefficient": 0.26666666666666666, "node_path_length": 1.0, "distance_to_interface": 1, "node_degree": [1, 5, 6], "macke_bug_chain_length": 0, "faulty": false, "macke_vulnerabilities_found": 0}, "id": "{__assert_fail}"}, {"type": 3, "data": {"clustering_coefficient": 0.3333333333333333, "node_path_length": 1.0, "distance_to_interface": 1, "node_degree": [1, 3, 4], "macke_bug_chain_length": 0, "faulty": false, "macke_vulnerabilities_found": 0}, "id": "{jas_getdbglevel}"}, {"type": 5, "data": {"clustering_coefficient": 0.6666666666666666, "node_path_length": 1.0, "distance_to_interface": 3, "node_degree": [2, 1, 3], "macke_bug_chain_length": 1, "faulty": false, "macke_vulnerabilities_found": 1}, "id": "{jpc_getcommacode}"}, {"type": 0, "data": {"clustering_coefficient": 0.0, "node_path_length": 1.0, "distance_to_interface": 1, "node_degree": [1, 2, 3], "macke_bug_chain_length": 0, "faulty": false, "macke_vulnerabilities_found": 0}, "id": "{jpc_seg_alloc}"}, {"type": 4, "data": {"clustering_coefficient": 0.0, "node_path_length": 1.0, "distance_to_interface": 1, "node_degree": [1, 2, 3], "macke_bug_chain_length": 0, "faulty": false, "macke_vulnerabilities_found": 0}, "id": "{jpc_getms}"}, {"type": 2, "data": {"clustering_coefficient": 0.3333333333333333, "node_path_length": 1.0, "distance_to_interface": 1, "node_degree": [1, 2, 3], "macke_bug_chain_length": 0, "faulty": false, "macke_vulnerabilities_found": 0}, "id": "{jpc_pi_next}"}, {"type": 5, "data": {"clustering_coefficient": 0.0, "node_path_length": 1.0, "distance_to_interface": 1, "node_degree": [1, 2, 3], "macke_bug_chain_length": 0, "faulty": false, "macke_vulnerabilities_found": 0}, "id": "{jpc_tagtree_getleaf}"}, {"type": 3, "data": {"clustering_coefficient": 0.0, "node_path_length": 1.0, "distance_to_interface": 1, "node_degree": [1, 2, 3], "macke_bug_chain_length": 0, "faulty": false, "macke_vulnerabilities_found": 0}, "id": "{JPC_SEGPASSCNT}"}, {"type": 3, "data": {"clustering_coefficient": 0.0, "node_path_length": 1.0, "distance_to_interface": 1, "node_degree": [1, 2, 3], "macke_bug_chain_length": 0, "faulty": false, "macke_vulnerabilities_found": 0}, "id": "{JPC_SEGTYPE}"}, {"type": 3, "data": {"clustering_coefficient": 0.3333333333333333, "node_path_length": 1.0, "distance_to_interface": 1, "node_degree": [1, 2, 3], "macke_bug_chain_length": 0, "faulty": false, "macke_vulnerabilities_found": 0}, "id": "{jpc_pi_create0}"}, {"type": 0, "data": {"clustering_coefficient": 0.0, "node_path_length": 1.0, "distance_to_interface": 1, "node_degree": [1, 2, 3], "macke_bug_chain_length": 0, "faulty": false, "macke_vulnerabilities_found": 0}, "id": "{jpc_ms_destroy}"}, {"type": 1, "data": {"clustering_coefficient": 0.16666666666666666, "node_path_length": 1.0, "distance_to_interface": 1, "node_degree": [1, 3, 4], "macke_bug_chain_length": 0, "faulty": false, "macke_vulnerabilities_found": 0}, "id": "{jpc_bitstream_getbits}"}, {"type": 0, "data": {"clustering_coefficient": 0.0, "node_path_length": 1.0, "distance_to_interface": 1, "node_degree": [1, 2, 3], "macke_bug_chain_length": 0, "faulty": false, "macke_vulnerabilities_found": 0}, "id": "{jpc_bitstream_inalign}"}, {"type": 5, "data": {"clustering_coefficient": 0.0, "node_path_length": 1.0, "distance_to_interface": 1, "node_degree": [1, 2, 3], "macke_bug_chain_length": 0, "faulty": false, "macke_vulnerabilities_found": 0}, "id": "{jpc_bitstream_close}"}, {"type": 4, "data": {"clustering_coefficient": 0.3333333333333333, "node_path_length": 1.0, "distance_to_interface": 1, "node_degree": [1, 2, 3], "macke_bug_chain_length": 0, "faulty": false, "macke_vulnerabilities_found": 0}, "id": "{jpc_pi_destroy}"}, {"type": 3, "data": {"clustering_coefficient": 0.0, "node_path_length": 1.0, "distance_to_interface": 1, "node_degree": [1, 2, 3], "macke_bug_chain_length": 0, "faulty": false, "macke_vulnerabilities_found": 0}, "id": "{jpc_tagtree_decode}"}, {"type": 4, "data": {"clustering_coefficient": 0.35714285714285715, "node_path_length": 1.9556650246305418, "distance_to_interface": 1, "node_degree": [7, 1, 8], "macke_bug_chain_length": 3, "faulty": false, "macke_vulnerabilities_found": 1}, "id": "{jpc_dec_decodepkts}"}, {"type": 1, "id": "Node0x16d28d0"}, {"type": 4, "data": {"clustering_coefficient": 0.03260869565217391, "node_path_length": 1.3379310344827586, "distance_to_interface": 2, "node_degree": [23, 1, 24], "cvss3": {"baseSeverity": "HIGH", "availabilityImpact": "HIGH", "scope": "UNCHANGED", "userInteraction": "REQUIRED", "attackComplexity": "LOW", "attackVector": "LOCAL", "integrityImpact": "HIGH", "privilegesRequired": "NONE", "confidentialityImpact": "HIGH", "baseScore": 7.8, "vectorString": "AV:L/AC:L/PR:N/UI:R/S:U/C:H/I:H/A:H"}, "macke_bug_chain_length": 1, "faulty": true, "macke_vulnerabilities_found": 1}, "id": "{jpc_dec_decodepkt}"}, {"type": 0, "data": {"clustering_coefficient": 0.0, "node_path_length": 1.0, "distance_to_interface": 1, "node_degree": [1, 2, 3], "macke_bug_chain_length": 0, "faulty": false, "macke_vulnerabilities_found": 0}, "id": "{jpc_bitstream_sopen}"}, {"type": 4, "data": {"clustering_coefficient": 0.4, "node_path_length": 1.3333333333333333, "distance_to_interface": 1, "node_degree": [2, 3, 5], "macke_bug_chain_length": 1, "faulty": false, "macke_vulnerabilities_found": 1}, "id": "{jpc_dec_lookahead}"}, {"type": 1, "data": {"clustering_coefficient": 0.023655913978494623, "node_path_length": 0, "distance_to_interface": 999, "node_degree": [31, 0, 31], "macke_bug_chain_length": 0, "faulty": false, "macke_vulnerabilities_found": 0}, "id": "{external node}"}, {"type": 5, "data": {"clustering_coefficient": 0.3333333333333333, "node_path_length": 1.0, "distance_to_interface": 1, "node_degree": [1, 2, 3], "macke_bug_chain_length": 0, "faulty": false, "macke_vulnerabilities_found": 0}, "id": "{jas_stream_ungetc}"}, {"type": 5, "data": {"clustering_coefficient": 0.5, "node_path_length": 1.2, "distance_to_interface": 3, "node_degree": [3, 1, 4], "macke_bug_chain_length": 1, "faulty": false, "macke_vulnerabilities_found": 1}, "id": "{jpc_getnumnewpasses}"}, {"type": 5, "data": {"clustering_coefficient": 0.3333333333333333, "node_path_length": 1.0, "distance_to_interface": 1, "node_degree": [1, 2, 3], "macke_bug_chain_length": 0, "faulty": false, "macke_vulnerabilities_found": 0}, "id": "{jas_alloc2}"}, {"type": 4, "data": {"clustering_coefficient": 0.0, "node_path_length": 1.0, "distance_to_interface": 1, "node_degree": [1, 2, 3], "macke_bug_chain_length": 0, "faulty": false, "macke_vulnerabilities_found": 0}, "id": "{jpc_getdata}"}, {"type": 5, "data": {"clustering_coefficient": 0.0, "node_path_length": 1.0, "distance_to_interface": 1, "node_degree": [1, 2, 3], "macke_bug_chain_length": 0, "faulty": false, "macke_vulnerabilities_found": 0}, "id": "{jpc_floorlog2}"}, {"type": 5, "data": {"clustering_coefficient": 0.0, "node_path_length": 1.0, "distance_to_interface": 1, "node_degree": [1, 2, 3], "macke_bug_chain_length": 0, "faulty": false, "macke_vulnerabilities_found": 0}, "id": "{jpc_seglist_insert}"}, {"type": 3, "data": {"clustering_coefficient": 0.2, "node_path_length": 0, "distance_to_interface": 1, "node_degree": [1, 4, 5], "macke_bug_chain_length": 0, "faulty": false, "macke_vulnerabilities_found": 0}, "id": "{jpc_bitstream_fillbuf}"}]}