{"klee-out-1": {"bcfile": "/tmp/macke/2017-07-19-09-05-00/bitcode/symmains.bc", "folder": "/tmp/macke/2017-07-19-09-05-00/klee/klee-out-1", "function": "jpc_dec_lookahead", "phase": 1}, "klee-out-2": {"bcfile": "/tmp/macke/2017-07-19-09-05-00/bitcode/symmains.bc", "folder": "/tmp/macke/2017-07-19-09-05-00/klee/klee-out-2", "function": "jpc_getnumnewpasses", "phase": 1}, "klee-out-3": {"bcfile": "/tmp/macke/2017-07-19-09-05-00/bitcode/symmains.bc", "folder": "/tmp/macke/2017-07-19-09-05-00/klee/klee-out-3", "function": "jpc_getcommacode", "phase": 1}, "klee-out-4": {"bcfile": "/tmp/macke/2017-07-19-09-05-00/bitcode/symmains.bc", "folder": "/tmp/macke/2017-07-19-09-05-00/klee/klee-out-4", "function": "jpc_dec_decodepkt", "phase": 1}, "klee-out-5": {"bcfile": "/tmp/macke/2017-07-19-09-05-00/bitcode/symmains.bc", "folder": "/tmp/macke/2017-07-19-09-05-00/klee/klee-out-5", "function": "jpc_dec_decodepkts", "phase": 1}, "klee-out-6": {"bcfile": "/tmp/macke/2017-07-19-09-05-00/bitcode/symmains.bc", "folder": "/tmp/macke/2017-07-19-09-05-00/klee/klee-out-6", "function": "jpc_dec_pi_create", "phase": 1}, "klee-out-7": {"bcfile": "/tmp/macke/2017-07-19-09-05-00/bitcode/chain-jpc_dec_decodepkt-jpc_getcommacode.bc", "callee": "jpc_getcommacode", "caller": "jpc_dec_decodepkt", "folder": "/tmp/macke/2017-07-19-09-05-00/klee/klee-out-7", "phase": 2}, "klee-out-8": {"bcfile": "/tmp/macke/2017-07-19-09-05-00/bitcode/chain-jpc_dec_decodepkt-jpc_getnumnewpasses.bc", "callee": "jpc_getnumnewpasses", "caller": "jpc_dec_decodepkt", "folder": "/tmp/macke/2017-07-19-09-05-00/klee/klee-out-8", "phase": 2}, "klee-out-9": {"bcfile": "/tmp/macke/2017-07-19-09-05-00/bitcode/chain-jpc_dec_decodepkts-jpc_dec_decodepkt.bc", "callee": "jpc_dec_decodepkt", "caller": "jpc_dec_decodepkts", "folder": "/tmp/macke/2017-07-19-09-05-00/klee/klee-out-9", "phase": 2}}