{"nodes": [{"data": {"distance_to_interface": 1, "node_degree": [1, 2, 3], "clustering_coefficient": 0.3333333333333333, "macke_bug_chain_length": 0, "faulty": false, "node_path_length": 1.0, "macke_vulnerabilities_found": 0}, "type": 3, "id": "{atoi}"}, {"data": {"distance_to_interface": 2, "node_degree": [10, 1, 11], "clustering_coefficient": 0.16363636363636364, "macke_bug_chain_length": 1, "faulty": false, "node_path_length": 1.2959183673469388, "macke_vulnerabilities_found": 1}, "type": 3, "id": "{process_frames}"}, {"data": {"distance_to_interface": 1, "node_degree": [1, 2, 3], "clustering_coefficient": 0.3333333333333333, "macke_bug_chain_length": 0, "faulty": false, "node_path_length": 1.0, "macke_vulnerabilities_found": 0}, "type": 2, "id": "{fprintf}"}, {"data": {"distance_to_interface": 2, "node_degree": [10, 1, 11], "clustering_coefficient": 0.2, "macke_bug_chain_length": 1, "faulty": false, "node_path_length": 1.0, "macke_vulnerabilities_found": 1}, "type": 2, "id": "{open_file}"}, {"data": {"distance_to_interface": 3, "node_degree": [0, 1, 1], "clustering_coefficient": 0, "macke_bug_chain_length": 1, "faulty": false, "node_path_length": 0, "macke_vulnerabilities_found": 1}, "type": 2, "id": "{hci_filter_all_ptypes}"}, {"data": {"distance_to_interface": 1, "node_degree": [1, 3, 4], "clustering_coefficient": 0.3333333333333333, "macke_bug_chain_length": 0, "faulty": false, "node_path_length": 1.0, "macke_vulnerabilities_found": 0}, "type": 0, "id": "{malloc}"}, {"data": {"distance_to_interface": 3, "node_degree": [0, 1, 1], "clustering_coefficient": 0, "macke_bug_chain_length": 1, "faulty": false, "node_path_length": 0, "macke_vulnerabilities_found": 1}, "type": 1, "id": "{hci_filter_all_events}"}, {"data": {"distance_to_interface": 1, "node_degree": [1, 2, 3], "clustering_coefficient": 0.3333333333333333, "macke_bug_chain_length": 0, "faulty": false, "node_path_length": 1.0, "macke_vulnerabilities_found": 0}, "type": 3, "id": "{__cmsg_nxthdr}"}, {"type": 3, "id": "Node0x17c5ec0"}, {"data": {"distance_to_interface": 1, "node_degree": [1, 2, 3], "clustering_coefficient": 0.3333333333333333, "macke_bug_chain_length": 0, "faulty": false, "node_path_length": 1.0, "macke_vulnerabilities_found": 0}, "type": 4, "id": "{memcmp}"}, {"data": {"distance_to_interface": 1, "node_degree": [1, 2, 3], "clustering_coefficient": 0.0, "macke_bug_chain_length": 0, "faulty": false, "node_path_length": 1.0, "macke_vulnerabilities_found": 0}, "type": 0, "id": "{localtime_r}"}, {"data": {"distance_to_interface": 999, "node_degree": [34, 0, 34], "clustering_coefficient": 0.0142602495543672, "macke_bug_chain_length": 0, "faulty": false, "node_path_length": 0, "macke_vulnerabilities_found": 0}, "type": 4, "id": "{external node}"}, {"data": {"distance_to_interface": 1, "node_degree": [1, 3, 4], "clustering_coefficient": 0.16666666666666666, "macke_bug_chain_length": 0, "faulty": false, "node_path_length": 1.0, "macke_vulnerabilities_found": 0}, "type": 2, "id": "{read}"}, {"data": {"distance_to_interface": 1, "node_degree": [1, 2, 3], "clustering_coefficient": 0.3333333333333333, "macke_bug_chain_length": 0, "faulty": false, "node_path_length": 1.0, "macke_vulnerabilities_found": 0}, "type": 4, "id": "{free}"}, {"data": {"distance_to_interface": 1, "node_degree": [1, 2, 3], "clustering_coefficient": 0.3333333333333333, "macke_bug_chain_length": 0, "faulty": false, "node_path_length": 1.0, "macke_vulnerabilities_found": 0}, "type": 0, "id": "{init_parser}"}, {"data": {"distance_to_interface": 3, "node_degree": [4, 2, 6], "clustering_coefficient": 0.0, "macke_bug_chain_length": 1, "faulty": false, "node_path_length": 1.3333333333333333, "macke_vulnerabilities_found": 1}, "type": 4, "id": "{parse}"}, {"data": {"distance_to_interface": 1, "node_degree": [1, 2, 3], "clustering_coefficient": 0.0, "macke_bug_chain_length": 0, "faulty": false, "node_path_length": 1.0, "macke_vulnerabilities_found": 0}, "type": 4, "id": "{hci_dump}"}, {"data": {"distance_to_interface": 1, "node_degree": [1, 2, 3], "clustering_coefficient": 0.0, "macke_bug_chain_length": 0, "faulty": false, "node_path_length": 1.0, "macke_vulnerabilities_found": 0}, "type": 3, "id": "{raw_dump}"}, {"data": {"distance_to_interface": 2, "node_degree": [1, 1, 2], "clustering_coefficient": 1.0, "macke_bug_chain_length": 1, "faulty": false, "node_path_length": 1.0, "macke_vulnerabilities_found": 1}, "type": 1, "id": "{usage}"}, {"data": {"distance_to_interface": 1, "node_degree": [1, 2, 3], "clustering_coefficient": 0.0, "macke_bug_chain_length": 0, "faulty": false, "node_path_length": 1.0, "macke_vulnerabilities_found": 0}, "type": 0, "id": "{socket}"}, {"data": {"distance_to_interface": 2, "node_degree": [1, 1, 2], "clustering_coefficient": 1.0, "macke_bug_chain_length": 0, "faulty": false, "node_path_length": 1.0, "macke_vulnerabilities_found": 0}, "type": 2, "id": "{parse_filter}"}, {"data": {"distance_to_interface": 1, "node_degree": [1, 4, 5], "clustering_coefficient": 0.5, "macke_bug_chain_length": 0, "faulty": false, "node_path_length": 1.0, "macke_vulnerabilities_found": 0}, "type": 0, "id": "{exit}"}, {"data": {"distance_to_interface": 1, "node_degree": [1, 7, 8], "clustering_coefficient": 0.25, "macke_bug_chain_length": 0, "faulty": false, "node_path_length": 1.0, "macke_vulnerabilities_found": 0}, "type": 1, "id": "{printf}"}, {"data": {"distance_to_interface": 1, "node_degree": [1, 2, 3], "clustering_coefficient": 0.3333333333333333, "macke_bug_chain_length": 0, "faulty": false, "node_path_length": 1.0, "macke_vulnerabilities_found": 0}, "type": 2, "id": "{recvmsg}"}, {"data": {"distance_to_interface": 3, "node_degree": [2, 1, 3], "clustering_coefficient": 0.3333333333333333, "macke_bug_chain_length": 1, "faulty": false, "node_path_length": 1.0, "macke_vulnerabilities_found": 1}, "type": 2, "id": "{write_n}"}, {"data": {"distance_to_interface": 1, "node_degree": [1, 2, 3], "clustering_coefficient": 0.0, "macke_bug_chain_length": 0, "faulty": false, "node_path_length": 1.0, "macke_vulnerabilities_found": 0}, "type": 4, "id": "{strerror}"}, {"data": {"distance_to_interface": 3, "node_degree": [2, 1, 3], "clustering_coefficient": 0.0, "macke_bug_chain_length": 1, "faulty": true, "node_path_length": 1.0, "cvss3": {"vectorString": "AV:N/AC:L/PR:N/UI:N/S:U/C:N/I:N/A:H", "privilegesRequired": "NONE", "scope": "UNCHANGED", "confidentialityImpact": "NONE", "userInteraction": "NONE", "availabilityImpact": "HIGH", "integrityImpact": "NONE", "baseSeverity": "HIGH", "attackComplexity": "LOW", "baseScore": 7.5, "attackVector": "NETWORK"}, "macke_vulnerabilities_found": 1}, "type": 3, "id": "{read_n}"}, {"data": {"distance_to_interface": 1, "node_degree": [1, 2, 3], "clustering_coefficient": 0.3333333333333333, "macke_bug_chain_length": 0, "faulty": false, "node_path_length": 1.0, "macke_vulnerabilities_found": 0}, "type": 3, "id": "{poll}"}, {"data": {"distance_to_interface": 4, "node_degree": [2, 1, 3], "clustering_coefficient": 0.0, "macke_bug_chain_length": 1, "faulty": false, "node_path_length": 1.0, "macke_vulnerabilities_found": 1}, "type": 5, "id": "{p_indent}"}, {"data": {"distance_to_interface": 1, "node_degree": [1, 2, 3], "clustering_coefficient": 0.3333333333333333, "macke_bug_chain_length": 0, "faulty": false, "node_path_length": 1.0, "macke_vulnerabilities_found": 0}, "type": 3, "id": "{open}"}, {"data": {"distance_to_interface": 1, "node_degree": [1, 2, 3], "clustering_coefficient": 0.0, "macke_bug_chain_length": 0, "faulty": false, "node_path_length": 1.0, "macke_vulnerabilities_found": 0}, "type": 4, "id": "{bind}"}, {"data": {"distance_to_interface": 1, "node_degree": [1, 2, 3], "clustering_coefficient": 0.0, "macke_bug_chain_length": 0, "faulty": false, "node_path_length": 1.0, "macke_vulnerabilities_found": 0}, "type": 3, "id": "{close}"}, {"data": {"distance_to_interface": 1, "node_degree": [1, 2, 3], "clustering_coefficient": 0.3333333333333333, "macke_bug_chain_length": 0, "faulty": false, "node_path_length": 1.0, "macke_vulnerabilities_found": 0}, "type": 2, "id": "{getopt_long}"}, {"data": {"distance_to_interface": 1, "node_degree": [0, 1, 1], "clustering_coefficient": 0, "macke_bug_chain_length": 0, "faulty": false, "node_path_length": 0, "macke_vulnerabilities_found": 0}, "type": 2, "id": "{llvm.memset.p0i8.i64}"}, {"data": {"distance_to_interface": 2, "node_degree": [8, 1, 9], "clustering_coefficient": 0.16666666666666666, "macke_bug_chain_length": 1, "faulty": false, "node_path_length": 1.1333333333333333, "macke_vulnerabilities_found": 1}, "type": 0, "id": "{read_dump}"}, {"data": {"distance_to_interface": 1, "node_degree": [1, 2, 3], "clustering_coefficient": 0.3333333333333333, "macke_bug_chain_length": 0, "faulty": false, "node_path_length": 1.0, "macke_vulnerabilities_found": 0}, "type": 5, "id": "{set_proto}"}, {"data": {"distance_to_interface": 1, "node_degree": [1, 3, 4], "clustering_coefficient": 0.16666666666666666, "macke_bug_chain_length": 0, "faulty": false, "node_path_length": 1.0, "macke_vulnerabilities_found": 0}, "type": 1, "id": "{write}"}, {"data": {"distance_to_interface": 1, "node_degree": [1, 2, 3], "clustering_coefficient": 0.3333333333333333, "macke_bug_chain_length": 0, "faulty": false, "node_path_length": 1.0, "macke_vulnerabilities_found": 0}, "type": 3, "id": "{strdup}"}, {"data": {"distance_to_interface": 1, "node_degree": [1, 3, 4], "clustering_coefficient": 0.3333333333333333, "macke_bug_chain_length": 0, "faulty": false, "node_path_length": 1.0, "macke_vulnerabilities_found": 0}, "type": 1, "id": "{strcasecmp}"}, {"data": {"distance_to_interface": 1, "node_degree": [1, 2, 3], "clustering_coefficient": 0.0, "macke_bug_chain_length": 0, "faulty": false, "node_path_length": 1.0, "macke_vulnerabilities_found": 0}, "type": 0, "id": "{fflush}"}, {"data": {"distance_to_interface": 1, "node_degree": [0, 1, 1], "clustering_coefficient": 0, "macke_bug_chain_length": 0, "faulty": false, "node_path_length": 0, "macke_vulnerabilities_found": 0}, "type": 0, "id": "{llvm.memcpy.p0i8.p0i8.i64}"}, {"data": {"distance_to_interface": 1, "node_degree": [1, 5, 6], "clustering_coefficient": 0.13333333333333333, "macke_bug_chain_length": 0, "faulty": false, "node_path_length": 1.0, "macke_vulnerabilities_found": 0}, "type": 1, "id": "{__errno_location}"}, {"data": {"distance_to_interface": 1, "node_degree": [1, 2, 3], "clustering_coefficient": 0.0, "macke_bug_chain_length": 0, "faulty": false, "node_path_length": 1.0, "macke_vulnerabilities_found": 0}, "type": 5, "id": "{setsockopt}"}, {"data": {"distance_to_interface": 2, "node_degree": [11, 1, 12], "clustering_coefficient": 0.015151515151515152, "macke_bug_chain_length": 1, "faulty": false, "node_path_length": 1.0, "macke_vulnerabilities_found": 1}, "type": 4, "id": "{open_socket}"}, {"data": {"distance_to_interface": 1, "node_degree": [0, 1, 1], "clustering_coefficient": 0, "macke_bug_chain_length": 0, "faulty": false, "node_path_length": 0, "macke_vulnerabilities_found": 0}, "type": 5, "id": "{llvm.dbg.declare}"}, {"data": {"distance_to_interface": 1, "node_degree": [1, 3, 4], "clustering_coefficient": 0.3333333333333333, "macke_bug_chain_length": 0, "faulty": false, "node_path_length": 1.0, "macke_vulnerabilities_found": 0}, "type": 4, "id": "{lseek}"}, {"data": {"distance_to_interface": 1, "node_degree": [14, 1, 15], "clustering_coefficient": 0.14285714285714285, "macke_bug_chain_length": 0, "faulty": false, "node_path_length": 1.8558795411089866, "macke_vulnerabilities_found": 0}, "type": 4, "id": "{main}"}, {"data": {"distance_to_interface": 1, "node_degree": [1, 5, 6], "clustering_coefficient": 0.2, "macke_bug_chain_length": 0, "faulty": false, "node_path_length": 1.0, "macke_vulnerabilities_found": 0}, "type": 5, "id": "{perror}"}, {"data": {"distance_to_interface": 3, "node_degree": [0, 1, 1], "clustering_coefficient": 0, "macke_bug_chain_length": 1, "faulty": false, "node_path_length": 0, "macke_vulnerabilities_found": 1}, "type": 0, "id": "{hci_filter_clear}"}], "links": [{"target": "Node0x17c5ec0", "type": 1, "source": "{atoi}"}, {"target": "Node0x17c5ec0", "type": 3, "source": "{process_frames}"}, {"target": "Node0x17c5ec0", "type": 3, "source": "{process_frames}"}, {"target": "Node0x17c5ec0", "type": 0, "source": "{process_frames}"}, {"target": "Node0x17c5ec0", "type": 3, "source": "{process_frames}"}, {"target": "{__errno_location}", "type": 0, "source": "{process_frames}"}, {"target": "{__errno_location}", "type": 3, "source": "{process_frames}"}, {"target": "{__cmsg_nxthdr}", "type": 3, "source": "{process_frames}"}, {"target": "{malloc}", "type": 2, "source": "{process_frames}"}, {"target": "{printf}", "type": 1, "source": "{process_frames}"}, {"target": "{printf}", "type": 1, "source": "{process_frames}"}, {"target": "{printf}", "type": 2, "source": "{process_frames}"}, {"target": "{printf}", "type": 3, "source": "{process_frames}"}, {"target": "{printf}", "type": 2, "source": "{process_frames}"}, {"target": "{recvmsg}", "type": 2, "source": "{process_frames}"}, {"target": "{write_n}", "type": 0, "source": "{process_frames}"}, {"target": "{parse}", "type": 3, "source": "{process_frames}"}, {"target": "{perror}", "type": 3, "source": "{process_frames}"}, {"target": "{perror}", "type": 3, "source": "{process_frames}"}, {"target": "{perror}", "type": 2, "source": "{process_frames}"}, {"target": "{poll}", "type": 2, "source": "{process_frames}"}, {"target": "Node0x17c5ec0", "type": 2, "source": "{fprintf}"}, {"target": "{open}", "type": 1, "source": "{open_file}"}, {"target": "{memcmp}", "type": 1, "source": "{open_file}"}, {"target": "{fprintf}", "type": 1, "source": "{open_file}"}, {"target": "{fprintf}", "type": 1, "source": "{open_file}"}, {"target": "{fprintf}", "type": 2, "source": "{open_file}"}, {"target": "Node0x17c5ec0", "type": 3, "source": "{open_file}"}, {"target": "Node0x17c5ec0", "type": 0, "source": "{open_file}"}, {"target": "Node0x17c5ec0", "type": 3, "source": "{open_file}"}, {"target": "Node0x17c5ec0", "type": 2, "source": "{open_file}"}, {"target": "{exit}", "type": 2, "source": "{open_file}"}, {"target": "{exit}", "type": 2, "source": "{open_file}"}, {"target": "{exit}", "type": 2, "source": "{open_file}"}, {"target": "{exit}", "type": 1, "source": "{open_file}"}, {"target": "{exit}", "type": 3, "source": "{open_file}"}, {"target": "{printf}", "type": 1, "source": "{open_file}"}, {"target": "{printf}", "type": 1, "source": "{open_file}"}, {"target": "{printf}", "type": 3, "source": "{open_file}"}, {"target": "{lseek}", "type": 1, "source": "{open_file}"}, {"target": "{lseek}", "type": 3, "source": "{open_file}"}, {"target": "{write}", "type": 0, "source": "{open_file}"}, {"target": "{perror}", "type": 3, "source": "{open_file}"}, {"target": "{perror}", "type": 1, "source": "{open_file}"}, {"target": "{read}", "type": 1, "source": "{open_file}"}, {"target": "Node0x17c5ec0", "type": 3, "source": "{malloc}"}, {"target": "Node0x17c5ec0", "type": 0, "source": "{__cmsg_nxthdr}"}, {"target": "Node0x17c5ec0", "type": 2, "source": "{memcmp}"}, {"target": "Node0x17c5ec0", "type": 3, "source": "{localtime_r}"}, {"target": "{atoi}", "type": 2, "source": "{external node}"}, {"target": "{fprintf}", "type": 1, "source": "{external node}"}, {"target": "{malloc}", "type": 1, "source": "{external node}"}, {"target": "{__cmsg_nxthdr}", "type": 0, "source": "{external node}"}, {"target": "{memcmp}", "type": 3, "source": "{external node}"}, {"target": "{localtime_r}", "type": 3, "source": "{external node}"}, {"target": "{read}", "type": 2, "source": "{external node}"}, {"target": "{free}", "type": 3, "source": "{external node}"}, {"target": "{init_parser}", "type": 1, "source": "{external node}"}, {"target": "{hci_dump}", "type": 2, "source": "{external node}"}, {"target": "{raw_dump}", "type": 0, "source": "{external node}"}, {"target": "{socket}", "type": 3, "source": "{external node}"}, {"target": "{exit}", "type": 0, "source": "{external node}"}, {"target": "{printf}", "type": 2, "source": "{external node}"}, {"target": "{recvmsg}", "type": 3, "source": "{external node}"}, {"target": "{strerror}", "type": 1, "source": "{external node}"}, {"target": "{poll}", "type": 2, "source": "{external node}"}, {"target": "{open}", "type": 1, "source": "{external node}"}, {"target": "{bind}", "type": 0, "source": "{external node}"}, {"target": "{close}", "type": 0, "source": "{external node}"}, {"target": "{getopt_long}", "type": 2, "source": "{external node}"}, {"target": "{llvm.memset.p0i8.i64}", "type": 2, "source": "{external node}"}, {"target": "{set_proto}", "type": 1, "source": "{external node}"}, {"target": "{write}", "type": 1, "source": "{external node}"}, {"target": "{strdup}", "type": 2, "source": "{external node}"}, {"target": "{strcasecmp}", "type": 0, "source": "{external node}"}, {"target": "{fflush}", "type": 1, "source": "{external node}"}, {"target": "{llvm.memcpy.p0i8.p0i8.i64}", "type": 3, "source": "{external node}"}, {"target": "{__errno_location}", "type": 2, "source": "{external node}"}, {"target": "{setsockopt}", "type": 1, "source": "{external node}"}, {"target": "{llvm.dbg.declare}", "type": 1, "source": "{external node}"}, {"target": "{lseek}", "type": 2, "source": "{external node}"}, {"target": "{main}", "type": 2, "source": "{external node}"}, {"target": "{perror}", "type": 0, "source": "{external node}"}, {"target": "Node0x17c5ec0", "type": 0, "source": "{read}"}, {"target": "Node0x17c5ec0", "type": 2, "source": "{free}"}, {"target": "Node0x17c5ec0", "type": 0, "source": "{init_parser}"}, {"target": "{fflush}", "type": 1, "source": "{parse}"}, {"target": "{p_indent}", "type": 1, "source": "{parse}"}, {"target": "{hci_dump}", "type": 2, "source": "{parse}"}, {"target": "{raw_dump}", "type": 3, "source": "{parse}"}, {"target": "Node0x17c5ec0", "type": 3, "source": "{hci_dump}"}, {"target": "Node0x17c5ec0", "type": 2, "source": "{raw_dump}"}, {"target": "{printf}", "type": 2, "source": "{usage}"}, {"target": "Node0x17c5ec0", "type": 0, "source": "{socket}"}, {"target": "{strcasecmp}", "type": 0, "source": "{parse_filter}"}, {"target": "Node0x17c5ec0", "type": 2, "source": "{exit}"}, {"target": "Node0x17c5ec0", "type": 0, "source": "{printf}"}, {"target": "Node0x17c5ec0", "type": 0, "source": "{recvmsg}"}, {"target": "{write}", "type": 1, "source": "{write_n}"}, {"target": "{__errno_location}", "type": 1, "source": "{write_n}"}, {"target": "{__errno_location}", "type": 3, "source": "{write_n}"}, {"target": "Node0x17c5ec0", "type": 2, "source": "{strerror}"}, {"target": "{__errno_location}", "type": 1, "source": "{read_n}"}, {"target": "{__errno_location}", "type": 3, "source": "{read_n}"}, {"target": "{read}", "type": 2, "source": "{read_n}"}, {"target": "Node0x17c5ec0", "type": 2, "source": "{poll}"}, {"target": "{localtime_r}", "type": 3, "source": "{p_indent}"}, {"target": "{printf}", "type": 3, "source": "{p_indent}"}, {"target": "{printf}", "type": 0, "source": "{p_indent}"}, {"target": "{printf}", "type": 0, "source": "{p_indent}"}, {"target": "{printf}", "type": 1, "source": "{p_indent}"}, {"target": "{printf}", "type": 0, "source": "{p_indent}"}, {"target": "Node0x17c5ec0", "type": 3, "source": "{open}"}, {"target": "Node0x17c5ec0", "type": 2, "source": "{bind}"}, {"target": "Node0x17c5ec0", "type": 3, "source": "{close}"}, {"target": "Node0x17c5ec0", "type": 3, "source": "{getopt_long}"}, {"target": "{free}", "type": 0, "source": "{read_dump}"}, {"target": "{free}", "type": 1, "source": "{read_dump}"}, {"target": "{malloc}", "type": 0, "source": "{read_dump}"}, {"target": "Node0x17c5ec0", "type": 3, "source": "{read_dump}"}, {"target": "Node0x17c5ec0", "type": 2, "source": "{read_dump}"}, {"target": "Node0x17c5ec0", "type": 1, "source": "{read_dump}"}, {"target": "Node0x17c5ec0", "type": 0, "source": "{read_dump}"}, {"target": "Node0x17c5ec0", "type": 0, "source": "{read_dump}"}, {"target": "Node0x17c5ec0", "type": 1, "source": "{read_dump}"}, {"target": "Node0x17c5ec0", "type": 1, "source": "{read_dump}"}, {"target": "Node0x17c5ec0", "type": 0, "source": "{read_dump}"}, {"target": "Node0x17c5ec0", "type": 3, "source": "{read_dump}"}, {"target": "Node0x17c5ec0", "type": 3, "source": "{read_dump}"}, {"target": "Node0x17c5ec0", "type": 3, "source": "{read_dump}"}, {"target": "{lseek}", "type": 3, "source": "{read_dump}"}, {"target": "{parse}", "type": 2, "source": "{read_dump}"}, {"target": "{perror}", "type": 2, "source": "{read_dump}"}, {"target": "{perror}", "type": 2, "source": "{read_dump}"}, {"target": "{read_n}", "type": 1, "source": "{read_dump}"}, {"target": "{read_n}", "type": 3, "source": "{read_dump}"}, {"target": "{read_n}", "type": 2, "source": "{read_dump}"}, {"target": "{read_n}", "type": 3, "source": "{read_dump}"}, {"target": "{read_n}", "type": 1, "source": "{read_dump}"}, {"target": "{read_n}", "type": 3, "source": "{read_dump}"}, {"target": "{read_n}", "type": 0, "source": "{read_dump}"}, {"target": "{read_n}", "type": 2, "source": "{read_dump}"}, {"target": "{exit}", "type": 2, "source": "{read_dump}"}, {"target": "{exit}", "type": 1, "source": "{read_dump}"}, {"target": "Node0x17c5ec0", "type": 2, "source": "{set_proto}"}, {"target": "Node0x17c5ec0", "type": 0, "source": "{write}"}, {"target": "Node0x17c5ec0", "type": 1, "source": "{strdup}"}, {"target": "Node0x17c5ec0", "type": 3, "source": "{strcasecmp}"}, {"target": "Node0x17c5ec0", "type": 0, "source": "{fflush}"}, {"target": "Node0x17c5ec0", "type": 0, "source": "{__errno_location}"}, {"target": "Node0x17c5ec0", "type": 0, "source": "{setsockopt}"}, {"target": "{hci_filter_all_ptypes}", "type": 2, "source": "{open_socket}"}, {"target": "{close}", "type": 0, "source": "{open_socket}"}, {"target": "{__errno_location}", "type": 1, "source": "{open_socket}"}, {"target": "{__errno_location}", "type": 2, "source": "{open_socket}"}, {"target": "{socket}", "type": 2, "source": "{open_socket}"}, {"target": "{bind}", "type": 0, "source": "{open_socket}"}, {"target": "{setsockopt}", "type": 0, "source": "{open_socket}"}, {"target": "{setsockopt}", "type": 3, "source": "{open_socket}"}, {"target": "{setsockopt}", "type": 0, "source": "{open_socket}"}, {"target": "{printf}", "type": 2, "source": "{open_socket}"}, {"target": "{hci_filter_all_events}", "type": 0, "source": "{open_socket}"}, {"target": "{perror}", "type": 0, "source": "{open_socket}"}, {"target": "{perror}", "type": 1, "source": "{open_socket}"}, {"target": "{perror}", "type": 0, "source": "{open_socket}"}, {"target": "{perror}", "type": 0, "source": "{open_socket}"}, {"target": "{hci_filter_clear}", "type": 0, "source": "{open_socket}"}, {"target": "{strerror}", "type": 3, "source": "{open_socket}"}, {"target": "Node0x17c5ec0", "type": 3, "source": "{lseek}"}, {"target": "{atoi}", "type": 1, "source": "{main}"}, {"target": "{atoi}", "type": 2, "source": "{main}"}, {"target": "{atoi}", "type": 0, "source": "{main}"}, {"target": "{atoi}", "type": 0, "source": "{main}"}, {"target": "{atoi}", "type": 0, "source": "{main}"}, {"target": "{atoi}", "type": 2, "source": "{main}"}, {"target": "{atoi}", "type": 0, "source": "{main}"}, {"target": "{atoi}", "type": 0, "source": "{main}"}, {"target": "{atoi}", "type": 0, "source": "{main}"}, {"target": "{init_parser}", "type": 1, "source": "{main}"}, {"target": "{init_parser}", "type": 0, "source": "{main}"}, {"target": "{usage}", "type": 2, "source": "{main}"}, {"target": "{process_frames}", "type": 0, "source": "{main}"}, {"target": "{process_frames}", "type": 0, "source": "{main}"}, {"target": "{strdup}", "type": 2, "source": "{main}"}, {"target": "{strdup}", "type": 0, "source": "{main}"}, {"target": "{strdup}", "type": 2, "source": "{main}"}, {"target": "{strdup}", "type": 1, "source": "{main}"}, {"target": "{open_file}", "type": 2, "source": "{main}"}, {"target": "{open_file}", "type": 2, "source": "{main}"}, {"target": "{open_file}", "type": 3, "source": "{main}"}, {"target": "{open_file}", "type": 1, "source": "{main}"}, {"target": "{strcasecmp}", "type": 3, "source": "{main}"}, {"target": "{strcasecmp}", "type": 1, "source": "{main}"}, {"target": "{open_socket}", "type": 0, "source": "{main}"}, {"target": "{open_socket}", "type": 3, "source": "{main}"}, {"target": "{getopt_long}", "type": 1, "source": "{main}"}, {"target": "{exit}", "type": 1, "source": "{main}"}, {"target": "{exit}", "type": 2, "source": "{main}"}, {"target": "{printf}", "type": 2, "source": "{main}"}, {"target": "{printf}", "type": 0, "source": "{main}"}, {"target": "{read_dump}", "type": 3, "source": "{main}"}, {"target": "{parse_filter}", "type": 3, "source": "{main}"}, {"target": "{set_proto}", "type": 2, "source": "{main}"}, {"target": "{set_proto}", "type": 0, "source": "{main}"}, {"target": "{set_proto}", "type": 2, "source": "{main}"}, {"target": "{set_proto}", "type": 2, "source": "{main}"}, {"target": "{set_proto}", "type": 3, "source": "{main}"}, {"target": "{set_proto}", "type": 1, "source": "{main}"}, {"target": "Node0x17c5ec0", "type": 3, "source": "{perror}"}]}