{"{open}": {"distance_to_interface": 1, "node_degree": [1, 2, 3], "clustering_coefficient": 0.3333333333333333, "macke_bug_chain_length": 0, "faulty": false, "node_path_length": 1.0, "macke_vulnerabilities_found": 0}, "{open_file}": {"distance_to_interface": 2, "node_degree": [10, 1, 11], "clustering_coefficient": 0.2, "macke_bug_chain_length": 1, "faulty": false, "node_path_length": 1.0, "macke_vulnerabilities_found": 1}, "{printf}": {"distance_to_interface": 1, "node_degree": [1, 7, 8], "clustering_coefficient": 0.25, "macke_bug_chain_length": 0, "faulty": false, "node_path_length": 1.0, "macke_vulnerabilities_found": 0}, "{localtime_r}": {"distance_to_interface": 1, "node_degree": [1, 2, 3], "clustering_coefficient": 0.0, "macke_bug_chain_length": 0, "faulty": false, "node_path_length": 1.0, "macke_vulnerabilities_found": 0}, "{free}": {"distance_to_interface": 1, "node_degree": [1, 2, 3], "clustering_coefficient": 0.3333333333333333, "macke_bug_chain_length": 0, "faulty": false, "node_path_length": 1.0, "macke_vulnerabilities_found": 0}, "{socket}": {"distance_to_interface": 1, "node_degree": [1, 2, 3], "clustering_coefficient": 0.0, "macke_bug_chain_length": 0, "faulty": false, "node_path_length": 1.0, "macke_vulnerabilities_found": 0}, "{open_socket}": {"distance_to_interface": 2, "node_degree": [11, 1, 12], "clustering_coefficient": 0.015151515151515152, "macke_bug_chain_length": 1, "faulty": false, "node_path_length": 1.0, "macke_vulnerabilities_found": 1}, "{llvm.dbg.declare}": {"distance_to_interface": 1, "node_degree": [0, 1, 1], "clustering_coefficient": 0, "macke_bug_chain_length": 0, "faulty": false, "node_path_length": 0, "macke_vulnerabilities_found": 0}, "{strdup}": {"distance_to_interface": 1, "node_degree": [1, 2, 3], "clustering_coefficient": 0.3333333333333333, "macke_bug_chain_length": 0, "faulty": false, "node_path_length": 1.0, "macke_vulnerabilities_found": 0}, "{setsockopt}": {"distance_to_interface": 1, "node_degree": [1, 2, 3], "clustering_coefficient": 0.0, "macke_bug_chain_length": 0, "faulty": false, "node_path_length": 1.0, "macke_vulnerabilities_found": 0}, "{strerror}": {"distance_to_interface": 1, "node_degree": [1, 2, 3], "clustering_coefficient": 0.0, "macke_bug_chain_length": 0, "faulty": false, "node_path_length": 1.0, "macke_vulnerabilities_found": 0}, "{hci_filter_all_events}": {"distance_to_interface": 3, "node_degree": [0, 1, 1], "clustering_coefficient": 0, "macke_bug_chain_length": 1, "faulty": false, "node_path_length": 0, "macke_vulnerabilities_found": 1}, "{fprintf}": {"distance_to_interface": 1, "node_degree": [1, 2, 3], "clustering_coefficient": 0.3333333333333333, "macke_bug_chain_length": 0, "faulty": false, "node_path_length": 1.0, "macke_vulnerabilities_found": 0}, "{init_parser}": {"distance_to_interface": 1, "node_degree": [1, 2, 3], "clustering_coefficient": 0.3333333333333333, "macke_bug_chain_length": 0, "faulty": false, "node_path_length": 1.0, "macke_vulnerabilities_found": 0}, "{getopt_long}": {"distance_to_interface": 1, "node_degree": [1, 2, 3], "clustering_coefficient": 0.3333333333333333, "macke_bug_chain_length": 0, "faulty": false, "node_path_length": 1.0, "macke_vulnerabilities_found": 0}, "{__cmsg_nxthdr}": {"distance_to_interface": 1, "node_degree": [1, 2, 3], "clustering_coefficient": 0.3333333333333333, "macke_bug_chain_length": 0, "faulty": false, "node_path_length": 1.0, "macke_vulnerabilities_found": 0}, "{set_proto}": {"distance_to_interface": 1, "node_degree": [1, 2, 3], "clustering_coefficient": 0.3333333333333333, "macke_bug_chain_length": 0, "faulty": false, "node_path_length": 1.0, "macke_vulnerabilities_found": 0}, "{fflush}": {"distance_to_interface": 1, "node_degree": [1, 2, 3], "clustering_coefficient": 0.0, "macke_bug_chain_length": 0, "faulty": false, "node_path_length": 1.0, "macke_vulnerabilities_found": 0}, "{close}": {"distance_to_interface": 1, "node_degree": [1, 2, 3], "clustering_coefficient": 0.0, "macke_bug_chain_length": 0, "faulty": false, "node_path_length": 1.0, "macke_vulnerabilities_found": 0}, "{malloc}": {"distance_to_interface": 1, "node_degree": [1, 3, 4], "clustering_coefficient": 0.3333333333333333, "macke_bug_chain_length": 0, "faulty": false, "node_path_length": 1.0, "macke_vulnerabilities_found": 0}, "{read_dump}": {"distance_to_interface": 2, "node_degree": [8, 1, 9], "clustering_coefficient": 0.16666666666666666, "macke_bug_chain_length": 1, "faulty": false, "node_path_length": 1.1333333333333333, "macke_vulnerabilities_found": 1}, "{process_frames}": {"distance_to_interface": 2, "node_degree": [10, 1, 11], "clustering_coefficient": 0.16363636363636364, "macke_bug_chain_length": 1, "faulty": false, "node_path_length": 1.2959183673469388, "macke_vulnerabilities_found": 1}, "{exit}": {"distance_to_interface": 1, "node_degree": [1, 4, 5], "clustering_coefficient": 0.5, "macke_bug_chain_length": 0, "faulty": false, "node_path_length": 1.0, "macke_vulnerabilities_found": 0}, "{lseek}": {"distance_to_interface": 1, "node_degree": [1, 3, 4], "clustering_coefficient": 0.3333333333333333, "macke_bug_chain_length": 0, "faulty": false, "node_path_length": 1.0, "macke_vulnerabilities_found": 0}, "{hci_filter_all_ptypes}": {"distance_to_interface": 3, "node_degree": [0, 1, 1], "clustering_coefficient": 0, "macke_bug_chain_length": 1, "faulty": false, "node_path_length": 0, "macke_vulnerabilities_found": 1}, "{hci_filter_clear}": {"distance_to_interface": 3, "node_degree": [0, 1, 1], "clustering_coefficient": 0, "macke_bug_chain_length": 1, "faulty": false, "node_path_length": 0, "macke_vulnerabilities_found": 1}, "{atoi}": {"distance_to_interface": 1, "node_degree": [1, 2, 3], "clustering_coefficient": 0.3333333333333333, "macke_bug_chain_length": 0, "faulty": false, "node_path_length": 1.0, "macke_vulnerabilities_found": 0}, "{main}": {"distance_to_interface": 1, "node_degree": [14, 1, 15], "clustering_coefficient": 0.14285714285714285, "macke_bug_chain_length": 0, "faulty": false, "node_path_length": 1.8558795411089866, "macke_vulnerabilities_found": 0}, "{poll}": {"distance_to_interface": 1, "node_degree": [1, 2, 3], "clustering_coefficient": 0.3333333333333333, "macke_bug_chain_length": 0, "faulty": false, "node_path_length": 1.0, "macke_vulnerabilities_found": 0}, "{read}": {"distance_to_interface": 1, "node_degree": [1, 3, 4], "clustering_coefficient": 0.16666666666666666, "macke_bug_chain_length": 0, "faulty": false, "node_path_length": 1.0, "macke_vulnerabilities_found": 0}, "{strcasecmp}": {"distance_to_interface": 1, "node_degree": [1, 3, 4], "clustering_coefficient": 0.3333333333333333, "macke_bug_chain_length": 0, "faulty": false, "node_path_length": 1.0, "macke_vulnerabilities_found": 0}, "{raw_dump}": {"distance_to_interface": 1, "node_degree": [1, 2, 3], "clustering_coefficient": 0.0, "macke_bug_chain_length": 0, "faulty": false, "node_path_length": 1.0, "macke_vulnerabilities_found": 0}, "{bind}": {"distance_to_interface": 1, "node_degree": [1, 2, 3], "clustering_coefficient": 0.0, "macke_bug_chain_length": 0, "faulty": false, "node_path_length": 1.0, "macke_vulnerabilities_found": 0}, "{read_n}": {"distance_to_interface": 3, "node_degree": [2, 1, 3], "clustering_coefficient": 0.0, "macke_bug_chain_length": 1, "faulty": true, "node_path_length": 1.0, "cvss3": {"vectorString": "AV:N/AC:L/PR:N/UI:N/S:U/C:N/I:N/A:H", "privilegesRequired": "NONE", "scope": "UNCHANGED", "confidentialityImpact": "NONE", "userInteraction": "NONE", "availabilityImpact": "HIGH", "integrityImpact": "NONE", "baseSeverity": "HIGH", "attackComplexity": "LOW", "baseScore": 7.5, "attackVector": "NETWORK"}, "macke_vulnerabilities_found": 1}, "{usage}": {"distance_to_interface": 2, "node_degree": [1, 1, 2], "clustering_coefficient": 1.0, "macke_bug_chain_length": 1, "faulty": false, "node_path_length": 1.0, "macke_vulnerabilities_found": 1}, "{write_n}": {"distance_to_interface": 3, "node_degree": [2, 1, 3], "clustering_coefficient": 0.3333333333333333, "macke_bug_chain_length": 1, "faulty": false, "node_path_length": 1.0, "macke_vulnerabilities_found": 1}, "{__errno_location}": {"distance_to_interface": 1, "node_degree": [1, 5, 6], "clustering_coefficient": 0.13333333333333333, "macke_bug_chain_length": 0, "faulty": false, "node_path_length": 1.0, "macke_vulnerabilities_found": 0}, "{parse_filter}": {"distance_to_interface": 2, "node_degree": [1, 1, 2], "clustering_coefficient": 1.0, "macke_bug_chain_length": 0, "faulty": false, "node_path_length": 1.0, "macke_vulnerabilities_found": 0}, "{p_indent}": {"distance_to_interface": 4, "node_degree": [2, 1, 3], "clustering_coefficient": 0.0, "macke_bug_chain_length": 1, "faulty": false, "node_path_length": 1.0, "macke_vulnerabilities_found": 1}, "{hci_dump}": {"distance_to_interface": 1, "node_degree": [1, 2, 3], "clustering_coefficient": 0.0, "macke_bug_chain_length": 0, "faulty": false, "node_path_length": 1.0, "macke_vulnerabilities_found": 0}, "{memcmp}": {"distance_to_interface": 1, "node_degree": [1, 2, 3], "clustering_coefficient": 0.3333333333333333, "macke_bug_chain_length": 0, "faulty": false, "node_path_length": 1.0, "macke_vulnerabilities_found": 0}, "{recvmsg}": {"distance_to_interface": 1, "node_degree": [1, 2, 3], "clustering_coefficient": 0.3333333333333333, "macke_bug_chain_length": 0, "faulty": false, "node_path_length": 1.0, "macke_vulnerabilities_found": 0}, "{perror}": {"distance_to_interface": 1, "node_degree": [1, 5, 6], "clustering_coefficient": 0.2, "macke_bug_chain_length": 0, "faulty": false, "node_path_length": 1.0, "macke_vulnerabilities_found": 0}, "{llvm.memset.p0i8.i64}": {"distance_to_interface": 1, "node_degree": [0, 1, 1], "clustering_coefficient": 0, "macke_bug_chain_length": 0, "faulty": false, "node_path_length": 0, "macke_vulnerabilities_found": 0}, "{external node}": {"distance_to_interface": 999, "node_degree": [34, 0, 34], "clustering_coefficient": 0.0142602495543672, "macke_bug_chain_length": 0, "faulty": false, "node_path_length": 0, "macke_vulnerabilities_found": 0}, "{parse}": {"distance_to_interface": 3, "node_degree": [4, 2, 6], "clustering_coefficient": 0.0, "macke_bug_chain_length": 1, "faulty": false, "node_path_length": 1.3333333333333333, "macke_vulnerabilities_found": 1}, "{write}": {"distance_to_interface": 1, "node_degree": [1, 3, 4], "clustering_coefficient": 0.16666666666666666, "macke_bug_chain_length": 0, "faulty": false, "node_path_length": 1.0, "macke_vulnerabilities_found": 0}, "{llvm.memcpy.p0i8.p0i8.i64}": {"distance_to_interface": 1, "node_degree": [0, 1, 1], "clustering_coefficient": 0, "macke_bug_chain_length": 0, "faulty": false, "node_path_length": 0, "macke_vulnerabilities_found": 0}}