{"directed": true, "graph": {"node": {"shape": "", "label": "Call graph"}, "graph": {"label": "Call graph"}, "edge": {}, "name": "Call graph"}, "nodes": [{"shape": "record", "id": "Node0x17c6000", "label": "{atoi}"}, {"shape": "record", "id": "Node0x17d0e20", "label": "{process_frames}"}, {"shape": "record", "id": "Node0x18949e0", "label": "{fprintf}"}, {"shape": "record", "id": "Node0x17c0860", "label": "{open_file}"}, {"shape": "record", "id": "Node0x1895ba0", "label": "{hci_filter_all_ptypes}"}, {"shape": "record", "id": "Node0x1894ab0", "label": "{malloc}"}, {"shape": "record", "id": "Node0x1896130", "label": "{hci_filter_all_events}"}, {"shape": "record", "id": "Node0x1895460", "label": "{__cmsg_nxthdr}"}, {"id": "Node0x17c5ec0"}, {"shape": "record", "id": "Node0x18948a0", "label": "{memcmp}"}, {"shape": "record", "id": "Node0x1896b10", "label": "{localtime_r}"}, {"shape": "record", "id": "Node0x17c5e90", "label": "{external node}"}, {"shape": "record", "id": "Node0x18947c0", "label": "{read}"}, {"shape": "record", "id": "Node0x18961a0", "label": "{free}"}, {"shape": "record", "id": "Node0x17c08d0", "label": "{init_parser}"}, {"shape": "record", "id": "Node0x1895500", "label": "{parse}"}, {"shape": "record", "id": "Node0x18968c0", "label": "{hci_dump}"}, {"shape": "record", "id": "Node0x1896930", "label": "{raw_dump}"}, {"shape": "record", "id": "Node0x188c5a0", "label": "{usage}"}, {"shape": "record", "id": "Node0x1895a00", "label": "{socket}"}, {"shape": "record", "id": "Node0x17c07f0", "label": "{parse_filter}"}, {"shape": "record", "id": "Node0x188c530", "label": "{exit}"}, {"shape": "record", "id": "Node0x188c3d0", "label": "{printf}"}, {"shape": "record", "id": "Node0x1894ba0", "label": "{recvmsg}"}, {"shape": "record", "id": "Node0x1895490", "label": "{write_n}"}, {"shape": "record", "id": "Node0x18960d0", "label": "{strerror}"}, {"shape": "record", "id": "Node0x1895a60", "label": "{read_n}"}, {"shape": "record", "id": "Node0x1894ae0", "label": "{poll}"}, {"shape": "record", "id": "Node0x1896890", "label": "{p_indent}"}, {"shape": "record", "id": "Node0x1825710", "label": "{open}"}, {"shape": "record", "id": "Node0x1896060", "label": "{bind}"}, {"shape": "record", "id": "Node0x1896100", "label": "{close}"}, {"shape": "record", "id": "Node0x17c5fd0", "label": "{getopt_long}"}, {"shape": "record", "id": "Node0x1896d80", "label": "{llvm.memset.p0i8.i64}"}, {"shape": "record", "id": "Node0x17d0e90", "label": "{read_dump}"}, {"shape": "record", "id": "Node0x17c0a00", "label": "{set_proto}"}, {"shape": "record", "id": "Node0x1894a10", "label": "{write}"}, {"shape": "record", "id": "Node0x188c460", "label": "{strdup}"}, {"shape": "record", "id": "Node0x188c3a0", "label": "{strcasecmp}"}, {"shape": "record", "id": "Node0x1896a70", "label": "{fflush}"}, {"shape": "record", "id": "Node0x1825880", "label": "{llvm.memcpy.p0i8.p0i8.i64}"}, {"shape": "record", "id": "Node0x18955c0", "label": "{__errno_location}"}, {"shape": "record", "id": "Node0x1895a30", "label": "{setsockopt}"}, {"shape": "record", "id": "Node0x17c0940", "label": "{open_socket}"}, {"shape": "record", "id": "Node0x17d0f00", "label": "{llvm.dbg.declare}"}, {"shape": "record", "id": "Node0x1894970", "label": "{lseek}"}, {"shape": "record", "id": "Node0x17c5f30", "label": "{main}"}, {"shape": "record", "id": "Node0x1894830", "label": "{perror}"}, {"shape": "record", "id": "Node0x1895b30", "label": "{hci_filter_clear}"}], "links": [{"source": "Node0x17c6000", "target": "Node0x17c5ec0", "key": 0}, {"source": "Node0x17d0e20", "target": "Node0x17c5ec0", "key": 0}, {"source": "Node0x17d0e20", "target": "Node0x17c5ec0", "key": 1}, {"source": "Node0x17d0e20", "target": "Node0x17c5ec0", "key": 2}, {"source": "Node0x17d0e20", "target": "Node0x17c5ec0", "key": 3}, {"source": "Node0x17d0e20", "target": "Node0x18955c0", "key": 0}, {"source": "Node0x17d0e20", "target": "Node0x18955c0", "key": 1}, {"source": "Node0x17d0e20", "target": "Node0x1895460", "key": 0}, {"source": "Node0x17d0e20", "target": "Node0x1894ab0", "key": 0}, {"source": "Node0x17d0e20", "target": "Node0x188c3d0", "key": 0}, {"source": "Node0x17d0e20", "target": "Node0x188c3d0", "key": 1}, {"source": "Node0x17d0e20", "target": "Node0x188c3d0", "key": 2}, {"source": "Node0x17d0e20", "target": "Node0x188c3d0", "key": 3}, {"source": "Node0x17d0e20", "target": "Node0x188c3d0", "key": 4}, {"source": "Node0x17d0e20", "target": "Node0x1894ba0", "key": 0}, {"source": "Node0x17d0e20", "target": "Node0x1895490", "key": 0}, {"source": "Node0x17d0e20", "target": "Node0x1895500", "key": 0}, {"source": "Node0x17d0e20", "target": "Node0x1894830", "key": 0}, {"source": "Node0x17d0e20", "target": "Node0x1894830", "key": 1}, {"source": "Node0x17d0e20", "target": "Node0x1894830", "key": 2}, {"source": "Node0x17d0e20", "target": "Node0x1894ae0", "key": 0}, {"source": "Node0x18949e0", "target": "Node0x17c5ec0", "key": 0}, {"source": "Node0x17c0860", "target": "Node0x1825710", "key": 0}, {"source": "Node0x17c0860", "target": "Node0x18948a0", "key": 0}, {"source": "Node0x17c0860", "target": "Node0x18949e0", "key": 0}, {"source": "Node0x17c0860", "target": "Node0x18949e0", "key": 1}, {"source": "Node0x17c0860", "target": "Node0x18949e0", "key": 2}, {"source": "Node0x17c0860", "target": "Node0x17c5ec0", "key": 0}, {"source": "Node0x17c0860", "target": "Node0x17c5ec0", "key": 1}, {"source": "Node0x17c0860", "target": "Node0x17c5ec0", "key": 2}, {"source": "Node0x17c0860", "target": "Node0x17c5ec0", "key": 3}, {"source": "Node0x17c0860", "target": "Node0x188c530", "key": 0}, {"source": "Node0x17c0860", "target": "Node0x188c530", "key": 1}, {"source": "Node0x17c0860", "target": "Node0x188c530", "key": 2}, {"source": "Node0x17c0860", "target": "Node0x188c530", "key": 3}, {"source": "Node0x17c0860", "target": "Node0x188c530", "key": 4}, {"source": "Node0x17c0860", "target": "Node0x188c3d0", "key": 0}, {"source": "Node0x17c0860", "target": "Node0x188c3d0", "key": 1}, {"source": "Node0x17c0860", "target": "Node0x188c3d0", "key": 2}, {"source": "Node0x17c0860", "target": "Node0x1894970", "key": 0}, {"source": "Node0x17c0860", "target": "Node0x1894970", "key": 1}, {"source": "Node0x17c0860", "target": "Node0x1894a10", "key": 0}, {"source": "Node0x17c0860", "target": "Node0x1894830", "key": 0}, {"source": "Node0x17c0860", "target": "Node0x1894830", "key": 1}, {"source": "Node0x17c0860", "target": "Node0x18947c0", "key": 0}, {"source": "Node0x1894ab0", "target": "Node0x17c5ec0", "key": 0}, {"source": "Node0x1895460", "target": "Node0x17c5ec0", "key": 0}, {"source": "Node0x18948a0", "target": "Node0x17c5ec0", "key": 0}, {"source": "Node0x1896b10", "target": "Node0x17c5ec0", "key": 0}, {"source": "Node0x17c5e90", "target": "Node0x17c6000", "key": 0}, {"source": "Node0x17c5e90", "target": "Node0x18949e0", "key": 0}, {"source": "Node0x17c5e90", "target": "Node0x1894ab0", "key": 0}, {"source": "Node0x17c5e90", "target": "Node0x1895460", "key": 0}, {"source": "Node0x17c5e90", "target": "Node0x18948a0", "key": 0}, {"source": "Node0x17c5e90", "target": "Node0x1896b10", "key": 0}, {"source": "Node0x17c5e90", "target": "Node0x18947c0", "key": 0}, {"source": "Node0x17c5e90", "target": "Node0x18961a0", "key": 0}, {"source": "Node0x17c5e90", "target": "Node0x17c08d0", "key": 0}, {"source": "Node0x17c5e90", "target": "Node0x18968c0", "key": 0}, {"source": "Node0x17c5e90", "target": "Node0x1896930", "key": 0}, {"source": "Node0x17c5e90", "target": "Node0x1895a00", "key": 0}, {"source": "Node0x17c5e90", "target": "Node0x188c530", "key": 0}, {"source": "Node0x17c5e90", "target": "Node0x188c3d0", "key": 0}, {"source": "Node0x17c5e90", "target": "Node0x1894ba0", "key": 0}, {"source": "Node0x17c5e90", "target": "Node0x18960d0", "key": 0}, {"source": "Node0x17c5e90", "target": "Node0x1894ae0", "key": 0}, {"source": "Node0x17c5e90", "target": "Node0x1825710", "key": 0}, {"source": "Node0x17c5e90", "target": "Node0x1896060", "key": 0}, {"source": "Node0x17c5e90", "target": "Node0x1896100", "key": 0}, {"source": "Node0x17c5e90", "target": "Node0x17c5fd0", "key": 0}, {"source": "Node0x17c5e90", "target": "Node0x1896d80", "key": 0}, {"source": "Node0x17c5e90", "target": "Node0x17c0a00", "key": 0}, {"source": "Node0x17c5e90", "target": "Node0x1894a10", "key": 0}, {"source": "Node0x17c5e90", "target": "Node0x188c460", "key": 0}, {"source": "Node0x17c5e90", "target": "Node0x188c3a0", "key": 0}, {"source": "Node0x17c5e90", "target": "Node0x1896a70", "key": 0}, {"source": "Node0x17c5e90", "target": "Node0x1825880", "key": 0}, {"source": "Node0x17c5e90", "target": "Node0x18955c0", "key": 0}, {"source": "Node0x17c5e90", "target": "Node0x1895a30", "key": 0}, {"source": "Node0x17c5e90", "target": "Node0x17d0f00", "key": 0}, {"source": "Node0x17c5e90", "target": "Node0x1894970", "key": 0}, {"source": "Node0x17c5e90", "target": "Node0x17c5f30", "key": 0}, {"source": "Node0x17c5e90", "target": "Node0x1894830", "key": 0}, {"source": "Node0x18947c0", "target": "Node0x17c5ec0", "key": 0}, {"source": "Node0x18961a0", "target": "Node0x17c5ec0", "key": 0}, {"source": "Node0x17c08d0", "target": "Node0x17c5ec0", "key": 0}, {"source": "Node0x1895500", "target": "Node0x1896a70", "key": 0}, {"source": "Node0x1895500", "target": "Node0x1896890", "key": 0}, {"source": "Node0x1895500", "target": "Node0x18968c0", "key": 0}, {"source": "Node0x1895500", "target": "Node0x1896930", "key": 0}, {"source": "Node0x18968c0", "target": "Node0x17c5ec0", "key": 0}, {"source": "Node0x1896930", "target": "Node0x17c5ec0", "key": 0}, {"source": "Node0x188c5a0", "target": "Node0x188c3d0", "key": 0}, {"source": "Node0x1895a00", "target": "Node0x17c5ec0", "key": 0}, {"source": "Node0x17c07f0", "target": "Node0x188c3a0", "key": 0}, {"source": "Node0x188c530", "target": "Node0x17c5ec0", "key": 0}, {"source": "Node0x188c3d0", "target": "Node0x17c5ec0", "key": 0}, {"source": "Node0x1894ba0", "target": "Node0x17c5ec0", "key": 0}, {"source": "Node0x1895490", "target": "Node0x1894a10", "key": 0}, {"source": "Node0x1895490", "target": "Node0x18955c0", "key": 0}, {"source": "Node0x1895490", "target": "Node0x18955c0", "key": 1}, {"source": "Node0x18960d0", "target": "Node0x17c5ec0", "key": 0}, {"source": "Node0x1895a60", "target": "Node0x18955c0", "key": 0}, {"source": "Node0x1895a60", "target": "Node0x18955c0", "key": 1}, {"source": "Node0x1895a60", "target": "Node0x18947c0", "key": 0}, {"source": "Node0x1894ae0", "target": "Node0x17c5ec0", "key": 0}, {"source": "Node0x1896890", "target": "Node0x1896b10", "key": 0}, {"source": "Node0x1896890", "target": "Node0x188c3d0", "key": 0}, {"source": "Node0x1896890", "target": "Node0x188c3d0", "key": 1}, {"source": "Node0x1896890", "target": "Node0x188c3d0", "key": 2}, {"source": "Node0x1896890", "target": "Node0x188c3d0", "key": 3}, {"source": "Node0x1896890", "target": "Node0x188c3d0", "key": 4}, {"source": "Node0x1825710", "target": "Node0x17c5ec0", "key": 0}, {"source": "Node0x1896060", "target": "Node0x17c5ec0", "key": 0}, {"source": "Node0x1896100", "target": "Node0x17c5ec0", "key": 0}, {"source": "Node0x17c5fd0", "target": "Node0x17c5ec0", "key": 0}, {"source": "Node0x17d0e90", "target": "Node0x18961a0", "key": 0}, {"source": "Node0x17d0e90", "target": "Node0x18961a0", "key": 1}, {"source": "Node0x17d0e90", "target": "Node0x1894ab0", "key": 0}, {"source": "Node0x17d0e90", "target": "Node0x17c5ec0", "key": 0}, {"source": "Node0x17d0e90", "target": "Node0x17c5ec0", "key": 1}, {"source": "Node0x17d0e90", "target": "Node0x17c5ec0", "key": 2}, {"source": "Node0x17d0e90", "target": "Node0x17c5ec0", "key": 3}, {"source": "Node0x17d0e90", "target": "Node0x17c5ec0", "key": 4}, {"source": "Node0x17d0e90", "target": "Node0x17c5ec0", "key": 5}, {"source": "Node0x17d0e90", "target": "Node0x17c5ec0", "key": 6}, {"source": "Node0x17d0e90", "target": "Node0x17c5ec0", "key": 7}, {"source": "Node0x17d0e90", "target": "Node0x17c5ec0", "key": 8}, {"source": "Node0x17d0e90", "target": "Node0x17c5ec0", "key": 9}, {"source": "Node0x17d0e90", "target": "Node0x17c5ec0", "key": 10}, {"source": "Node0x17d0e90", "target": "Node0x1894970", "key": 0}, {"source": "Node0x17d0e90", "target": "Node0x1895500", "key": 0}, {"source": "Node0x17d0e90", "target": "Node0x1894830", "key": 0}, {"source": "Node0x17d0e90", "target": "Node0x1894830", "key": 1}, {"source": "Node0x17d0e90", "target": "Node0x1895a60", "key": 0}, {"source": "Node0x17d0e90", "target": "Node0x1895a60", "key": 1}, {"source": "Node0x17d0e90", "target": "Node0x1895a60", "key": 2}, {"source": "Node0x17d0e90", "target": "Node0x1895a60", "key": 3}, {"source": "Node0x17d0e90", "target": "Node0x1895a60", "key": 4}, {"source": "Node0x17d0e90", "target": "Node0x1895a60", "key": 5}, {"source": "Node0x17d0e90", "target": "Node0x1895a60", "key": 6}, {"source": "Node0x17d0e90", "target": "Node0x1895a60", "key": 7}, {"source": "Node0x17d0e90", "target": "Node0x188c530", "key": 0}, {"source": "Node0x17d0e90", "target": "Node0x188c530", "key": 1}, {"source": "Node0x17c0a00", "target": "Node0x17c5ec0", "key": 0}, {"source": "Node0x1894a10", "target": "Node0x17c5ec0", "key": 0}, {"source": "Node0x188c460", "target": "Node0x17c5ec0", "key": 0}, {"source": "Node0x188c3a0", "target": "Node0x17c5ec0", "key": 0}, {"source": "Node0x1896a70", "target": "Node0x17c5ec0", "key": 0}, {"source": "Node0x18955c0", "target": "Node0x17c5ec0", "key": 0}, {"source": "Node0x1895a30", "target": "Node0x17c5ec0", "key": 0}, {"source": "Node0x17c0940", "target": "Node0x1895ba0", "key": 0}, {"source": "Node0x17c0940", "target": "Node0x1896100", "key": 0}, {"source": "Node0x17c0940", "target": "Node0x18955c0", "key": 0}, {"source": "Node0x17c0940", "target": "Node0x18955c0", "key": 1}, {"source": "Node0x17c0940", "target": "Node0x1895a00", "key": 0}, {"source": "Node0x17c0940", "target": "Node0x1896060", "key": 0}, {"source": "Node0x17c0940", "target": "Node0x1895a30", "key": 0}, {"source": "Node0x17c0940", "target": "Node0x1895a30", "key": 1}, {"source": "Node0x17c0940", "target": "Node0x1895a30", "key": 2}, {"source": "Node0x17c0940", "target": "Node0x188c3d0", "key": 0}, {"source": "Node0x17c0940", "target": "Node0x1896130", "key": 0}, {"source": "Node0x17c0940", "target": "Node0x1894830", "key": 0}, {"source": "Node0x17c0940", "target": "Node0x1894830", "key": 1}, {"source": "Node0x17c0940", "target": "Node0x1894830", "key": 2}, {"source": "Node0x17c0940", "target": "Node0x1894830", "key": 3}, {"source": "Node0x17c0940", "target": "Node0x1895b30", "key": 0}, {"source": "Node0x17c0940", "target": "Node0x18960d0", "key": 0}, {"source": "Node0x1894970", "target": "Node0x17c5ec0", "key": 0}, {"source": "Node0x17c5f30", "target": "Node0x17c6000", "key": 0}, {"source": "Node0x17c5f30", "target": "Node0x17c6000", "key": 1}, {"source": "Node0x17c5f30", "target": "Node0x17c6000", "key": 2}, {"source": "Node0x17c5f30", "target": "Node0x17c6000", "key": 3}, {"source": "Node0x17c5f30", "target": "Node0x17c6000", "key": 4}, {"source": "Node0x17c5f30", "target": "Node0x17c6000", "key": 5}, {"source": "Node0x17c5f30", "target": "Node0x17c6000", "key": 6}, {"source": "Node0x17c5f30", "target": "Node0x17c6000", "key": 7}, {"source": "Node0x17c5f30", "target": "Node0x17c6000", "key": 8}, {"source": "Node0x17c5f30", "target": "Node0x17c08d0", "key": 0}, {"source": "Node0x17c5f30", "target": "Node0x17c08d0", "key": 1}, {"source": "Node0x17c5f30", "target": "Node0x188c5a0", "key": 0}, {"source": "Node0x17c5f30", "target": "Node0x17d0e20", "key": 0}, {"source": "Node0x17c5f30", "target": "Node0x17d0e20", "key": 1}, {"source": "Node0x17c5f30", "target": "Node0x188c460", "key": 0}, {"source": "Node0x17c5f30", "target": "Node0x188c460", "key": 1}, {"source": "Node0x17c5f30", "target": "Node0x188c460", "key": 2}, {"source": "Node0x17c5f30", "target": "Node0x188c460", "key": 3}, {"source": "Node0x17c5f30", "target": "Node0x17c0860", "key": 0}, {"source": "Node0x17c5f30", "target": "Node0x17c0860", "key": 1}, {"source": "Node0x17c5f30", "target": "Node0x17c0860", "key": 2}, {"source": "Node0x17c5f30", "target": "Node0x17c0860", "key": 3}, {"source": "Node0x17c5f30", "target": "Node0x188c3a0", "key": 0}, {"source": "Node0x17c5f30", "target": "Node0x188c3a0", "key": 1}, {"source": "Node0x17c5f30", "target": "Node0x17c0940", "key": 0}, {"source": "Node0x17c5f30", "target": "Node0x17c0940", "key": 1}, {"source": "Node0x17c5f30", "target": "Node0x17c5fd0", "key": 0}, {"source": "Node0x17c5f30", "target": "Node0x188c530", "key": 0}, {"source": "Node0x17c5f30", "target": "Node0x188c530", "key": 1}, {"source": "Node0x17c5f30", "target": "Node0x188c3d0", "key": 0}, {"source": "Node0x17c5f30", "target": "Node0x188c3d0", "key": 1}, {"source": "Node0x17c5f30", "target": "Node0x17d0e90", "key": 0}, {"source": "Node0x17c5f30", "target": "Node0x17c07f0", "key": 0}, {"source": "Node0x17c5f30", "target": "Node0x17c0a00", "key": 0}, {"source": "Node0x17c5f30", "target": "Node0x17c0a00", "key": 1}, {"source": "Node0x17c5f30", "target": "Node0x17c0a00", "key": 2}, {"source": "Node0x17c5f30", "target": "Node0x17c0a00", "key": 3}, {"source": "Node0x17c5f30", "target": "Node0x17c0a00", "key": 4}, {"source": "Node0x17c5f30", "target": "Node0x17c0a00", "key": 5}, {"source": "Node0x1894830", "target": "Node0x17c5ec0", "key": 0}], "multigraph": true}
