{"klee-out-1": {"bcfile": "/tmp/macke/2017-07-18-15-06-03/bitcode/symmains.bc", "folder": "/tmp/macke/2017-07-18-15-06-03/klee/klee-out-1", "function": "usage", "phase": 1}, "klee-out-2": {"bcfile": "/tmp/macke/2017-07-18-15-06-03/bitcode/symmains.bc", "folder": "/tmp/macke/2017-07-18-15-06-03/klee/klee-out-2", "function": "open_file", "phase": 1}, "klee-out-3": {"bcfile": "/tmp/macke/2017-07-18-15-06-03/bitcode/symmains.bc", "folder": "/tmp/macke/2017-07-18-15-06-03/klee/klee-out-3", "function": "hci_filter_clear", "phase": 1}, "klee-out-4": {"bcfile": "/tmp/macke/2017-07-18-15-06-03/bitcode/symmains.bc", "folder": "/tmp/macke/2017-07-18-15-06-03/klee/klee-out-4", "function": "hci_filter_all_ptypes", "phase": 1}, "klee-out-5": {"bcfile": "/tmp/macke/2017-07-18-15-06-03/bitcode/symmains.bc", "folder": "/tmp/macke/2017-07-18-15-06-03/klee/klee-out-5", "function": "hci_filter_all_events", "phase": 1}, "klee-out-6": {"bcfile": "/tmp/macke/2017-07-18-15-06-03/bitcode/symmains.bc", "folder": "/tmp/macke/2017-07-18-15-06-03/klee/klee-out-6", "function": "open_socket", "phase": 1}, "klee-out-7": {"bcfile": "/tmp/macke/2017-07-18-15-06-03/bitcode/symmains.bc", "folder": "/tmp/macke/2017-07-18-15-06-03/klee/klee-out-7", "function": "write_n", "phase": 1}, "klee-out-8": {"bcfile": "/tmp/macke/2017-07-18-15-06-03/bitcode/symmains.bc", "folder": "/tmp/macke/2017-07-18-15-06-03/klee/klee-out-8", "function": "p_indent", "phase": 1}, "klee-out-9": {"bcfile": "/tmp/macke/2017-07-18-15-06-03/bitcode/symmains.bc", "folder": "/tmp/macke/2017-07-18-15-06-03/klee/klee-out-9", "function": "parse", "phase": 1}, "klee-out-10": {"bcfile": "/tmp/macke/2017-07-18-15-06-03/bitcode/symmains.bc", "folder": "/tmp/macke/2017-07-18-15-06-03/klee/klee-out-10", "function": "process_frames", "phase": 1}, "klee-out-11": {"bcfile": "/tmp/macke/2017-07-18-15-06-03/bitcode/symmains.bc", "folder": "/tmp/macke/2017-07-18-15-06-03/klee/klee-out-11", "function": "read_n", "phase": 1}, "klee-out-12": {"bcfile": "/tmp/macke/2017-07-18-15-06-03/bitcode/symmains.bc", "folder": "/tmp/macke/2017-07-18-15-06-03/klee/klee-out-12", "function": "read_dump", "phase": 1}, "klee-out-13": {"bcfile": "/tmp/macke/2017-07-18-15-06-03/bitcode/chain-process_frames-write_n.bc", "callee": "write_n", "caller": "process_frames", "folder": "/tmp/macke/2017-07-18-15-06-03/klee/klee-out-13", "phase": 2}, "klee-out-14": {"bcfile": "/tmp/macke/2017-07-18-15-06-03/bitcode/chain-read_dump-read_n.bc", "callee": "read_n", "caller": "read_dump", "folder": "/tmp/macke/2017-07-18-15-06-03/klee/klee-out-14", "phase": 2}}