{"{at_exception_fatal}": {"node_degree": [1, 3, 4], "macke_bug_chain_length": 0, "node_path_length": 0, "distance_to_interface": 1, "macke_vulnerabilities_found": 0, "clustering_coefficient": 0.5, "faulty": false}, "{fputs}": {"node_degree": [1, 2, 3], "macke_bug_chain_length": 0, "node_path_length": 1.0, "distance_to_interface": 1, "macke_vulnerabilities_found": 0, "clustering_coefficient": 0.3333333333333333, "faulty": false}, "{free}": {"node_degree": [1, 2, 3], "macke_bug_chain_length": 0, "node_path_length": 1.0, "distance_to_interface": 1, "macke_vulnerabilities_found": 0, "clustering_coefficient": 0.3333333333333333, "faulty": false}, "{fopen}": {"node_degree": [1, 2, 3], "macke_bug_chain_length": 0, "node_path_length": 1.0, "distance_to_interface": 1, "macke_vulnerabilities_found": 0, "clustering_coefficient": 0.3333333333333333, "faulty": false}, "{at_exception_new}": {"node_degree": [1, 2, 3], "macke_bug_chain_length": 0, "node_path_length": 1.0, "distance_to_interface": 1, "macke_vulnerabilities_found": 0, "clustering_coefficient": 0.3333333333333333, "faulty": false}, "{fclose}": {"node_degree": [1, 2, 3], "macke_bug_chain_length": 0, "node_path_length": 1.0, "distance_to_interface": 1, "macke_vulnerabilities_found": 0, "clustering_coefficient": 0.3333333333333333, "faulty": false}, "{fread}": {"node_degree": [1, 5, 6], "macke_bug_chain_length": 0, "node_path_length": 0, "distance_to_interface": 1, "macke_vulnerabilities_found": 0, "clustering_coefficient": 0.3333333333333333, "faulty": false}, "{llvm.memset.p0i8.i64}": {"node_degree": [0, 1, 1], "macke_bug_chain_length": 0, "node_path_length": 0, "distance_to_interface": 1, "macke_vulnerabilities_found": 0, "clustering_coefficient": 0, "faulty": false}, "{llvm.dbg.declare}": {"node_degree": [0, 1, 1], "macke_bug_chain_length": 0, "node_path_length": 0, "distance_to_interface": 1, "macke_vulnerabilities_found": 0, "clustering_coefficient": 0, "faulty": false}, "{at_bitmap_init}": {"node_degree": [1, 3, 4], "macke_bug_chain_length": 0, "node_path_length": 0, "distance_to_interface": 1, "macke_vulnerabilities_found": 0, "clustering_coefficient": 0.5, "faulty": false}, "{malloc}": {"node_degree": [1, 3, 4], "macke_bug_chain_length": 0, "node_path_length": 0, "distance_to_interface": 1, "macke_vulnerabilities_found": 0, "clustering_coefficient": 0.3333333333333333, "faulty": false}, "{std_fread}": {"node_degree": [1, 1, 2], "macke_bug_chain_length": 1, "node_path_length": 1.0, "distance_to_interface": 1, "macke_vulnerabilities_found": 1, "clustering_coefficient": 1.0, "faulty": false}, "{external node}": {"node_degree": [20, 0, 20], "macke_bug_chain_length": 0, "node_path_length": 0, "distance_to_interface": 999, "macke_vulnerabilities_found": 0, "clustering_coefficient": 0.06315789473684211, "faulty": false}, "{at_exception_warning}": {"node_degree": [1, 2, 3], "macke_bug_chain_length": 0, "node_path_length": 1.0, "distance_to_interface": 1, "macke_vulnerabilities_found": 0, "clustering_coefficient": 0.3333333333333333, "faulty": false}, "{input_tga_reader}": {"node_degree": [9, 1, 10], "macke_bug_chain_length": 0, "node_path_length": 2.482882023142073, "distance_to_interface": 1, "macke_vulnerabilities_found": 0, "clustering_coefficient": 0.26666666666666666, "faulty": false}, "{rle_fread}": {"node_degree": [3, 1, 4], "macke_bug_chain_length": 1, "node_path_length": 1.0, "distance_to_interface": 1, "macke_vulnerabilities_found": 1, "cvss3": {"baseSeverity": "CRITICAL", "scope": "UNCHANGED", "userInteraction": "NONE", "baseScore": 9.8, "availabilityImpact": "HIGH", "attackComplexity": "LOW", "vectorString": "AV:N/AC:L/PR:N/UI:N/S:U/C:H/I:H/A:H", "integrityImpact": "HIGH", "attackVector": "NETWORK", "confidentialityImpact": "HIGH", "privilegesRequired": "NONE"}, "clustering_coefficient": 0.5, "faulty": true}, "{fgetc}": {"node_degree": [1, 3, 4], "macke_bug_chain_length": 0, "node_path_length": 0, "distance_to_interface": 1, "macke_vulnerabilities_found": 0, "clustering_coefficient": 0.3333333333333333, "faulty": false}, "{fprintf}": {"node_degree": [1, 3, 4], "macke_bug_chain_length": 0, "node_path_length": 0, "distance_to_interface": 1, "macke_vulnerabilities_found": 0, "clustering_coefficient": 0.5, "faulty": false}, "{ftell}": {"node_degree": [1, 2, 3], "macke_bug_chain_length": 0, "node_path_length": 1.0, "distance_to_interface": 1, "macke_vulnerabilities_found": 0, "clustering_coefficient": 0.3333333333333333, "faulty": false}, "{ReadImage}": {"node_degree": [11, 1, 12], "macke_bug_chain_length": 1, "node_path_length": 1.489443378119002, "distance_to_interface": 2, "macke_vulnerabilities_found": 1, "cvss3": {"baseSeverity": "CRITICAL", "scope": "UNCHANGED", "userInteraction": "NONE", "baseScore": 9.8, "availabilityImpact": "HIGH", "attackComplexity": "LOW", "vectorString": "AV:N/AC:L/PR:N/UI:N/S:U/C:H/I:H/A:H", "integrityImpact": "HIGH", "attackVector": "NETWORK", "confidentialityImpact": "HIGH", "privilegesRequired": "NONE"}, "clustering_coefficient": 0.21212121212121213, "faulty": true}, "{fseek}": {"node_degree": [1, 2, 3], "macke_bug_chain_length": 0, "node_path_length": 1.0, "distance_to_interface": 1, "macke_vulnerabilities_found": 0, "clustering_coefficient": 0.3333333333333333, "faulty": false}, "{llvm.memcpy.p0i8.p0i8.i64}": {"node_degree": [0, 1, 1], "macke_bug_chain_length": 0, "node_path_length": 0, "distance_to_interface": 1, "macke_vulnerabilities_found": 0, "clustering_coefficient": 0, "faulty": false}}