{"nodes": [{"type": 2, "id": "{ReadImage}", "data": {"node_degree": [11, 1, 12], "macke_bug_chain_length": 1, "node_path_length": 1.489443378119002, "distance_to_interface": 2, "macke_vulnerabilities_found": 1, "cvss3": {"baseSeverity": "CRITICAL", "scope": "UNCHANGED", "userInteraction": "NONE", "baseScore": 9.8, "availabilityImpact": "HIGH", "attackComplexity": "LOW", "vectorString": "AV:N/AC:L/PR:N/UI:N/S:U/C:H/I:H/A:H", "integrityImpact": "HIGH", "attackVector": "NETWORK", "confidentialityImpact": "HIGH", "privilegesRequired": "NONE"}, "clustering_coefficient": 0.21212121212121213, "faulty": true}}, {"type": 0, "id": "{rle_fread}", "data": {"node_degree": [3, 1, 4], "macke_bug_chain_length": 1, "node_path_length": 1.0, "distance_to_interface": 1, "macke_vulnerabilities_found": 1, "cvss3": {"baseSeverity": "CRITICAL", "scope": "UNCHANGED", "userInteraction": "NONE", "baseScore": 9.8, "availabilityImpact": "HIGH", "attackComplexity": "LOW", "vectorString": "AV:N/AC:L/PR:N/UI:N/S:U/C:H/I:H/A:H", "integrityImpact": "HIGH", "attackVector": "NETWORK", "confidentialityImpact": "HIGH", "privilegesRequired": "NONE"}, "clustering_coefficient": 0.5, "faulty": true}}, {"type": 2, "id": "{malloc}", "data": {"node_degree": [1, 3, 4], "macke_bug_chain_length": 0, "node_path_length": 0, "distance_to_interface": 1, "macke_vulnerabilities_found": 0, "clustering_coefficient": 0.3333333333333333, "faulty": false}}, {"type": 5, "id": "{llvm.memset.p0i8.i64}", "data": {"node_degree": [0, 1, 1], "macke_bug_chain_length": 0, "node_path_length": 0, "distance_to_interface": 1, "macke_vulnerabilities_found": 0, "clustering_coefficient": 0, "faulty": false}}, {"type": 3, "id": "Node0x2fbc800"}, {"type": 3, "id": "{at_exception_new}", "data": {"node_degree": [1, 2, 3], "macke_bug_chain_length": 0, "node_path_length": 1.0, "distance_to_interface": 1, "macke_vulnerabilities_found": 0, "clustering_coefficient": 0.3333333333333333, "faulty": false}}, {"type": 0, "id": "{at_exception_warning}", "data": {"node_degree": [1, 2, 3], "macke_bug_chain_length": 0, "node_path_length": 1.0, "distance_to_interface": 1, "macke_vulnerabilities_found": 0, "clustering_coefficient": 0.3333333333333333, "faulty": false}}, {"type": 4, "id": "{fseek}", "data": {"node_degree": [1, 2, 3], "macke_bug_chain_length": 0, "node_path_length": 1.0, "distance_to_interface": 1, "macke_vulnerabilities_found": 0, "clustering_coefficient": 0.3333333333333333, "faulty": false}}, {"type": 0, "id": "{fopen}", "data": {"node_degree": [1, 2, 3], "macke_bug_chain_length": 0, "node_path_length": 1.0, "distance_to_interface": 1, "macke_vulnerabilities_found": 0, "clustering_coefficient": 0.3333333333333333, "faulty": false}}, {"type": 4, "id": "{fprintf}", "data": {"node_degree": [1, 3, 4], "macke_bug_chain_length": 0, "node_path_length": 0, "distance_to_interface": 1, "macke_vulnerabilities_found": 0, "clustering_coefficient": 0.5, "faulty": false}}, {"type": 1, "id": "{std_fread}", "data": {"node_degree": [1, 1, 2], "macke_bug_chain_length": 1, "node_path_length": 1.0, "distance_to_interface": 1, "macke_vulnerabilities_found": 1, "clustering_coefficient": 1.0, "faulty": false}}, {"type": 4, "id": "{fputs}", "data": {"node_degree": [1, 2, 3], "macke_bug_chain_length": 0, "node_path_length": 1.0, "distance_to_interface": 1, "macke_vulnerabilities_found": 0, "clustering_coefficient": 0.3333333333333333, "faulty": false}}, {"type": 0, "id": "{llvm.dbg.declare}", "data": {"node_degree": [0, 1, 1], "macke_bug_chain_length": 0, "node_path_length": 0, "distance_to_interface": 1, "macke_vulnerabilities_found": 0, "clustering_coefficient": 0, "faulty": false}}, {"type": 5, "id": "{input_tga_reader}", "data": {"node_degree": [9, 1, 10], "macke_bug_chain_length": 0, "node_path_length": 2.482882023142073, "distance_to_interface": 1, "macke_vulnerabilities_found": 0, "clustering_coefficient": 0.26666666666666666, "faulty": false}}, {"type": 1, "id": "{llvm.memcpy.p0i8.p0i8.i64}", "data": {"node_degree": [0, 1, 1], "macke_bug_chain_length": 0, "node_path_length": 0, "distance_to_interface": 1, "macke_vulnerabilities_found": 0, "clustering_coefficient": 0, "faulty": false}}, {"type": 2, "id": "{free}", "data": {"node_degree": [1, 2, 3], "macke_bug_chain_length": 0, "node_path_length": 1.0, "distance_to_interface": 1, "macke_vulnerabilities_found": 0, "clustering_coefficient": 0.3333333333333333, "faulty": false}}, {"type": 3, "id": "{fread}", "data": {"node_degree": [1, 5, 6], "macke_bug_chain_length": 0, "node_path_length": 0, "distance_to_interface": 1, "macke_vulnerabilities_found": 0, "clustering_coefficient": 0.3333333333333333, "faulty": false}}, {"type": 0, "id": "{at_bitmap_init}", "data": {"node_degree": [1, 3, 4], "macke_bug_chain_length": 0, "node_path_length": 0, "distance_to_interface": 1, "macke_vulnerabilities_found": 0, "clustering_coefficient": 0.5, "faulty": false}}, {"type": 0, "id": "{fgetc}", "data": {"node_degree": [1, 3, 4], "macke_bug_chain_length": 0, "node_path_length": 0, "distance_to_interface": 1, "macke_vulnerabilities_found": 0, "clustering_coefficient": 0.3333333333333333, "faulty": false}}, {"type": 5, "id": "{at_exception_fatal}", "data": {"node_degree": [1, 3, 4], "macke_bug_chain_length": 0, "node_path_length": 0, "distance_to_interface": 1, "macke_vulnerabilities_found": 0, "clustering_coefficient": 0.5, "faulty": false}}, {"type": 3, "id": "{fclose}", "data": {"node_degree": [1, 2, 3], "macke_bug_chain_length": 0, "node_path_length": 1.0, "distance_to_interface": 1, "macke_vulnerabilities_found": 0, "clustering_coefficient": 0.3333333333333333, "faulty": false}}, {"type": 4, "id": "{ftell}", "data": {"node_degree": [1, 2, 3], "macke_bug_chain_length": 0, "node_path_length": 1.0, "distance_to_interface": 1, "macke_vulnerabilities_found": 0, "clustering_coefficient": 0.3333333333333333, "faulty": false}}, {"type": 5, "id": "{external node}", "data": {"node_degree": [20, 0, 20], "macke_bug_chain_length": 0, "node_path_length": 0, "distance_to_interface": 999, "macke_vulnerabilities_found": 0, "clustering_coefficient": 0.06315789473684211, "faulty": false}}], "links": [{"type": 1, "source": "{ReadImage}", "target": "{fputs}"}, {"type": 2, "source": "{ReadImage}", "target": "{fputs}"}, {"type": 3, "source": "{ReadImage}", "target": "{fputs}"}, {"type": 0, "source": "{ReadImage}", "target": "{fgetc}"}, {"type": 1, "source": "{ReadImage}", "target": "{malloc}"}, {"type": 2, "source": "{ReadImage}", "target": "{malloc}"}, {"type": 0, "source": "{ReadImage}", "target": "{malloc}"}, {"type": 0, "source": "{ReadImage}", "target": "{malloc}"}, {"type": 1, "source": "{ReadImage}", "target": "{fprintf}"}, {"type": 0, "source": "{ReadImage}", "target": "{fprintf}"}, {"type": 0, "source": "{ReadImage}", "target": "{fprintf}"}, {"type": 0, "source": "{ReadImage}", "target": "{fprintf}"}, {"type": 1, "source": "{ReadImage}", "target": "{fprintf}"}, {"type": 3, "source": "{ReadImage}", "target": "{fprintf}"}, {"type": 2, "source": "{ReadImage}", "target": "{fprintf}"}, {"type": 3, "source": "{ReadImage}", "target": "{fprintf}"}, {"type": 1, "source": "{ReadImage}", "target": "{fprintf}"}, {"type": 1, "source": "{ReadImage}", "target": "{fprintf}"}, {"type": 3, "source": "{ReadImage}", "target": "{free}"}, {"type": 3, "source": "{ReadImage}", "target": "{free}"}, {"type": 0, "source": "{ReadImage}", "target": "{free}"}, {"type": 2, "source": "{ReadImage}", "target": "{free}"}, {"type": 0, "source": "{ReadImage}", "target": "{fread}"}, {"type": 3, "source": "{ReadImage}", "target": "Node0x2fbc800"}, {"type": 3, "source": "{ReadImage}", "target": "{at_bitmap_init}"}, {"type": 0, "source": "{ReadImage}", "target": "{at_bitmap_init}"}, {"type": 0, "source": "{ReadImage}", "target": "{at_exception_fatal}"}, {"type": 0, "source": "{ReadImage}", "target": "{at_exception_fatal}"}, {"type": 2, "source": "{ReadImage}", "target": "{at_exception_fatal}"}, {"type": 2, "source": "{ReadImage}", "target": "{at_exception_fatal}"}, {"type": 1, "source": "{ReadImage}", "target": "{at_exception_fatal}"}, {"type": 3, "source": "{ReadImage}", "target": "{at_exception_fatal}"}, {"type": 3, "source": "{ReadImage}", "target": "{at_exception_fatal}"}, {"type": 3, "source": "{ReadImage}", "target": "{ftell}"}, {"type": 2, "source": "{ReadImage}", "target": "{ftell}"}, {"type": 0, "source": "{ReadImage}", "target": "{at_exception_warning}"}, {"type": 0, "source": "{ReadImage}", "target": "{at_exception_warning}"}, {"type": 0, "source": "{ReadImage}", "target": "{at_exception_warning}"}, {"type": 1, "source": "{ReadImage}", "target": "{at_exception_warning}"}, {"type": 3, "source": "{ReadImage}", "target": "{at_exception_warning}"}, {"type": 2, "source": "{ReadImage}", "target": "{at_exception_warning}"}, {"type": 2, "source": "{rle_fread}", "target": "{fgetc}"}, {"type": 2, "source": "{rle_fread}", "target": "{fread}"}, {"type": 3, "source": "{rle_fread}", "target": "{fread}"}, {"type": 3, "source": "{rle_fread}", "target": "{malloc}"}, {"type": 0, "source": "{malloc}", "target": "Node0x2fbc800"}, {"type": 3, "source": "{at_exception_new}", "target": "Node0x2fbc800"}, {"type": 1, "source": "{at_exception_warning}", "target": "Node0x2fbc800"}, {"type": 1, "source": "{fseek}", "target": "Node0x2fbc800"}, {"type": 0, "source": "{fopen}", "target": "Node0x2fbc800"}, {"type": 3, "source": "{fprintf}", "target": "Node0x2fbc800"}, {"type": 1, "source": "{std_fread}", "target": "{fread}"}, {"type": 3, "source": "{fputs}", "target": "Node0x2fbc800"}, {"type": 1, "source": "{input_tga_reader}", "target": "{ReadImage}"}, {"type": 1, "source": "{input_tga_reader}", "target": "{fopen}"}, {"type": 0, "source": "{input_tga_reader}", "target": "{fprintf}"}, {"type": 1, "source": "{input_tga_reader}", "target": "{fprintf}"}, {"type": 3, "source": "{input_tga_reader}", "target": "{fprintf}"}, {"type": 0, "source": "{input_tga_reader}", "target": "{fprintf}"}, {"type": 3, "source": "{input_tga_reader}", "target": "{fread}"}, {"type": 0, "source": "{input_tga_reader}", "target": "{fread}"}, {"type": 3, "source": "{input_tga_reader}", "target": "{at_bitmap_init}"}, {"type": 1, "source": "{input_tga_reader}", "target": "{at_exception_fatal}"}, {"type": 2, "source": "{input_tga_reader}", "target": "{at_exception_fatal}"}, {"type": 0, "source": "{input_tga_reader}", "target": "{at_exception_fatal}"}, {"type": 2, "source": "{input_tga_reader}", "target": "{at_exception_fatal}"}, {"type": 3, "source": "{input_tga_reader}", "target": "{fclose}"}, {"type": 2, "source": "{input_tga_reader}", "target": "{at_exception_new}"}, {"type": 3, "source": "{input_tga_reader}", "target": "{fseek}"}, {"type": 1, "source": "{input_tga_reader}", "target": "{fseek}"}, {"type": 3, "source": "{input_tga_reader}", "target": "{fseek}"}, {"type": 0, "source": "{free}", "target": "Node0x2fbc800"}, {"type": 3, "source": "{fread}", "target": "Node0x2fbc800"}, {"type": 0, "source": "{at_bitmap_init}", "target": "Node0x2fbc800"}, {"type": 0, "source": "{fgetc}", "target": "Node0x2fbc800"}, {"type": 0, "source": "{at_exception_fatal}", "target": "Node0x2fbc800"}, {"type": 2, "source": "{fclose}", "target": "Node0x2fbc800"}, {"type": 2, "source": "{ftell}", "target": "Node0x2fbc800"}, {"type": 1, "source": "{external node}", "target": "{fputs}"}, {"type": 1, "source": "{external node}", "target": "{llvm.dbg.declare}"}, {"type": 2, "source": "{external node}", "target": "{ftell}"}, {"type": 1, "source": "{external node}", "target": "{input_tga_reader}"}, {"type": 3, "source": "{external node}", "target": "{fgetc}"}, {"type": 1, "source": "{external node}", "target": "{llvm.memcpy.p0i8.p0i8.i64}"}, {"type": 0, "source": "{external node}", "target": "{fopen}"}, {"type": 0, "source": "{external node}", "target": "{rle_fread}"}, {"type": 2, "source": "{external node}", "target": "{malloc}"}, {"type": 2, "source": "{external node}", "target": "{fprintf}"}, {"type": 1, "source": "{external node}", "target": "{free}"}, {"type": 2, "source": "{external node}", "target": "{llvm.memset.p0i8.i64}"}, {"type": 2, "source": "{external node}", "target": "{fread}"}, {"type": 3, "source": "{external node}", "target": "{std_fread}"}, {"type": 0, "source": "{external node}", "target": "{at_bitmap_init}"}, {"type": 0, "source": "{external node}", "target": "{at_exception_fatal}"}, {"type": 0, "source": "{external node}", "target": "{fclose}"}, {"type": 1, "source": "{external node}", "target": "{at_exception_new}"}, {"type": 2, "source": "{external node}", "target": "{at_exception_warning}"}, {"type": 2, "source": "{external node}", "target": "{fseek}"}]}