{"directed": true, "graph": {"node": {"shape": "", "label": "Call graph"}, "graph": {"label": "Call graph"}, "edge": {}, "name": "Call graph"}, "nodes": [{"shape": "record", "id": "Node0x2fc56d0", "label": "{ReadImage}"}, {"shape": "record", "id": "Node0x2fc6410", "label": "{rle_fread}"}, {"shape": "record", "id": "Node0x2fc5e70", "label": "{malloc}"}, {"shape": "record", "id": "Node0x2fc6370", "label": "{llvm.memset.p0i8.i64}"}, {"id": "Node0x2fbc800"}, {"shape": "record", "id": "Node0x2fc5460", "label": "{at_exception_new}"}, {"shape": "record", "id": "Node0x2fc5980", "label": "{at_exception_warning}"}, {"shape": "record", "id": "Node0x2fc5560", "label": "{fseek}"}, {"shape": "record", "id": "Node0x2fbc940", "label": "{fopen}"}, {"shape": "record", "id": "Node0x2fc55f0", "label": "{fprintf}"}, {"shape": "record", "id": "Node0x2fc6850", "label": "{std_fread}"}, {"shape": "record", "id": "Node0x2fc59f0", "label": "{fputs}"}, {"shape": "record", "id": "Node0x2fc5770", "label": "{llvm.dbg.declare}"}, {"shape": "record", "id": "Node0x2fbc870", "label": "{input_tga_reader}"}, {"shape": "record", "id": "Node0x2fc6240", "label": "{llvm.memcpy.p0i8.p0i8.i64}"}, {"shape": "record", "id": "Node0x2fc61d0", "label": "{free}"}, {"shape": "record", "id": "Node0x2fc57e0", "label": "{fread}"}, {"shape": "record", "id": "Node0x2fbc910", "label": "{at_bitmap_init}"}, {"shape": "record", "id": "Node0x2fc5f10", "label": "{fgetc}"}, {"shape": "record", "id": "Node0x2fc5660", "label": "{at_exception_fatal}"}, {"shape": "record", "id": "Node0x2fc5700", "label": "{fclose}"}, {"shape": "record", "id": "Node0x2fc5ee0", "label": "{ftell}"}, {"shape": "record", "id": "Node0x2fbc7d0", "label": "{external node}"}], "links": [{"source": "Node0x2fc56d0", "target": "Node0x2fc59f0", "key": 0}, {"source": "Node0x2fc56d0", "target": "Node0x2fc59f0", "key": 1}, {"source": "Node0x2fc56d0", "target": "Node0x2fc59f0", "key": 2}, {"source": "Node0x2fc56d0", "target": "Node0x2fc5f10", "key": 0}, {"source": "Node0x2fc56d0", "target": "Node0x2fc5e70", "key": 0}, {"source": "Node0x2fc56d0", "target": "Node0x2fc5e70", "key": 1}, {"source": "Node0x2fc56d0", "target": "Node0x2fc5e70", "key": 2}, {"source": "Node0x2fc56d0", "target": "Node0x2fc5e70", "key": 3}, {"source": "Node0x2fc56d0", "target": "Node0x2fc55f0", "key": 0}, {"source": "Node0x2fc56d0", "target": "Node0x2fc55f0", "key": 1}, {"source": "Node0x2fc56d0", "target": "Node0x2fc55f0", "key": 2}, {"source": "Node0x2fc56d0", "target": "Node0x2fc55f0", "key": 3}, {"source": "Node0x2fc56d0", "target": "Node0x2fc55f0", "key": 4}, {"source": "Node0x2fc56d0", "target": "Node0x2fc55f0", "key": 5}, {"source": "Node0x2fc56d0", "target": "Node0x2fc55f0", "key": 6}, {"source": "Node0x2fc56d0", "target": "Node0x2fc55f0", "key": 7}, {"source": "Node0x2fc56d0", "target": "Node0x2fc55f0", "key": 8}, {"source": "Node0x2fc56d0", "target": "Node0x2fc55f0", "key": 9}, {"source": "Node0x2fc56d0", "target": "Node0x2fc61d0", "key": 0}, {"source": "Node0x2fc56d0", "target": "Node0x2fc61d0", "key": 1}, {"source": "Node0x2fc56d0", "target": "Node0x2fc61d0", "key": 2}, {"source": "Node0x2fc56d0", "target": "Node0x2fc61d0", "key": 3}, {"source": "Node0x2fc56d0", "target": "Node0x2fc57e0", "key": 0}, {"source": "Node0x2fc56d0", "target": "Node0x2fbc800", "key": 0}, {"source": "Node0x2fc56d0", "target": "Node0x2fbc910", "key": 0}, {"source": "Node0x2fc56d0", "target": "Node0x2fbc910", "key": 1}, {"source": "Node0x2fc56d0", "target": "Node0x2fc5660", "key": 0}, {"source": "Node0x2fc56d0", "target": "Node0x2fc5660", "key": 1}, {"source": "Node0x2fc56d0", "target": "Node0x2fc5660", "key": 2}, {"source": "Node0x2fc56d0", "target": "Node0x2fc5660", "key": 3}, {"source": "Node0x2fc56d0", "target": "Node0x2fc5660", "key": 4}, {"source": "Node0x2fc56d0", "target": "Node0x2fc5660", "key": 5}, {"source": "Node0x2fc56d0", "target": "Node0x2fc5660", "key": 6}, {"source": "Node0x2fc56d0", "target": "Node0x2fc5ee0", "key": 0}, {"source": "Node0x2fc56d0", "target": "Node0x2fc5ee0", "key": 1}, {"source": "Node0x2fc56d0", "target": "Node0x2fc5980", "key": 0}, {"source": "Node0x2fc56d0", "target": "Node0x2fc5980", "key": 1}, {"source": "Node0x2fc56d0", "target": "Node0x2fc5980", "key": 2}, {"source": "Node0x2fc56d0", "target": "Node0x2fc5980", "key": 3}, {"source": "Node0x2fc56d0", "target": "Node0x2fc5980", "key": 4}, {"source": "Node0x2fc56d0", "target": "Node0x2fc5980", "key": 5}, {"source": "Node0x2fc6410", "target": "Node0x2fc5f10", "key": 0}, {"source": "Node0x2fc6410", "target": "Node0x2fc57e0", "key": 0}, {"source": "Node0x2fc6410", "target": "Node0x2fc57e0", "key": 1}, {"source": "Node0x2fc6410", "target": "Node0x2fc5e70", "key": 0}, {"source": "Node0x2fc5e70", "target": "Node0x2fbc800", "key": 0}, {"source": "Node0x2fc5460", "target": "Node0x2fbc800", "key": 0}, {"source": "Node0x2fc5980", "target": "Node0x2fbc800", "key": 0}, {"source": "Node0x2fc5560", "target": "Node0x2fbc800", "key": 0}, {"source": "Node0x2fbc940", "target": "Node0x2fbc800", "key": 0}, {"source": "Node0x2fc55f0", "target": "Node0x2fbc800", "key": 0}, {"source": "Node0x2fc6850", "target": "Node0x2fc57e0", "key": 0}, {"source": "Node0x2fc59f0", "target": "Node0x2fbc800", "key": 0}, {"source": "Node0x2fbc870", "target": "Node0x2fc56d0", "key": 0}, {"source": "Node0x2fbc870", "target": "Node0x2fbc940", "key": 0}, {"source": "Node0x2fbc870", "target": "Node0x2fc55f0", "key": 0}, {"source": "Node0x2fbc870", "target": "Node0x2fc55f0", "key": 1}, {"source": "Node0x2fbc870", "target": "Node0x2fc55f0", "key": 2}, {"source": "Node0x2fbc870", "target": "Node0x2fc55f0", "key": 3}, {"source": "Node0x2fbc870", "target": "Node0x2fc57e0", "key": 0}, {"source": "Node0x2fbc870", "target": "Node0x2fc57e0", "key": 1}, {"source": "Node0x2fbc870", "target": "Node0x2fbc910", "key": 0}, {"source": "Node0x2fbc870", "target": "Node0x2fc5660", "key": 0}, {"source": "Node0x2fbc870", "target": "Node0x2fc5660", "key": 1}, {"source": "Node0x2fbc870", "target": "Node0x2fc5660", "key": 2}, {"source": "Node0x2fbc870", "target": "Node0x2fc5660", "key": 3}, {"source": "Node0x2fbc870", "target": "Node0x2fc5700", "key": 0}, {"source": "Node0x2fbc870", "target": "Node0x2fc5460", "key": 0}, {"source": "Node0x2fbc870", "target": "Node0x2fc5560", "key": 0}, {"source": "Node0x2fbc870", "target": "Node0x2fc5560", "key": 1}, {"source": "Node0x2fbc870", "target": "Node0x2fc5560", "key": 2}, {"source": "Node0x2fc61d0", "target": "Node0x2fbc800", "key": 0}, {"source": "Node0x2fc57e0", "target": "Node0x2fbc800", "key": 0}, {"source": "Node0x2fbc910", "target": "Node0x2fbc800", "key": 0}, {"source": "Node0x2fc5f10", "target": "Node0x2fbc800", "key": 0}, {"source": "Node0x2fc5660", "target": "Node0x2fbc800", "key": 0}, {"source": "Node0x2fc5700", "target": "Node0x2fbc800", "key": 0}, {"source": "Node0x2fc5ee0", "target": "Node0x2fbc800", "key": 0}, {"source": "Node0x2fbc7d0", "target": "Node0x2fc59f0", "key": 0}, {"source": "Node0x2fbc7d0", "target": "Node0x2fc5770", "key": 0}, {"source": "Node0x2fbc7d0", "target": "Node0x2fc5ee0", "key": 0}, {"source": "Node0x2fbc7d0", "target": "Node0x2fbc870", "key": 0}, {"source": "Node0x2fbc7d0", "target": "Node0x2fc5f10", "key": 0}, {"source": "Node0x2fbc7d0", "target": "Node0x2fc6240", "key": 0}, {"source": "Node0x2fbc7d0", "target": "Node0x2fbc940", "key": 0}, {"source": "Node0x2fbc7d0", "target": "Node0x2fc6410", "key": 0}, {"source": "Node0x2fbc7d0", "target": "Node0x2fc5e70", "key": 0}, {"source": "Node0x2fbc7d0", "target": "Node0x2fc55f0", "key": 0}, {"source": "Node0x2fbc7d0", "target": "Node0x2fc61d0", "key": 0}, {"source": "Node0x2fbc7d0", "target": "Node0x2fc6370", "key": 0}, {"source": "Node0x2fbc7d0", "target": "Node0x2fc57e0", "key": 0}, {"source": "Node0x2fbc7d0", "target": "Node0x2fc6850", "key": 0}, {"source": "Node0x2fbc7d0", "target": "Node0x2fbc910", "key": 0}, {"source": "Node0x2fbc7d0", "target": "Node0x2fc5660", "key": 0}, {"source": "Node0x2fbc7d0", "target": "Node0x2fc5700", "key": 0}, {"source": "Node0x2fbc7d0", "target": "Node0x2fc5460", "key": 0}, {"source": "Node0x2fbc7d0", "target": "Node0x2fc5980", "key": 0}, {"source": "Node0x2fbc7d0", "target": "Node0x2fc5560", "key": 0}], "multigraph": true}
