{
  "klee-out-1": {
    "bcfile": "/tmp/macke/2017-07-18-20-00-19/bitcode/symmains.bc",
    "folder": "/tmp/macke/2017-07-18-20-00-19/klee/klee-out-1",
    "function": "ReadImage",
    "phase": 1
  },
  "klee-out-2": {
    "bcfile": "/tmp/macke/2017-07-18-20-00-19/bitcode/symmains.bc",
    "folder": "/tmp/macke/2017-07-18-20-00-19/klee/klee-out-2",
    "function": "rle_fread",
    "phase": 1
  },
  "klee-out-3": {
    "bcfile": "/tmp/macke/2017-07-18-20-00-19/bitcode/symmains.bc",
    "folder": "/tmp/macke/2017-07-18-20-00-19/klee/klee-out-3",
    "function": "std_fread",
    "phase": 1
  }
}
