{"links": [{"source": "{ass_expand_vert_c}", "type": 0, "target": "{expand_func}"}, {"source": "{ass_expand_vert_c}", "type": 2, "target": "{get_line}"}, {"source": "{ass_expand_vert_c}", "type": 1, "target": "{get_line}"}, {"source": "{ass_expand_vert_c}", "type": 2, "target": "{get_line}"}, {"source": "{ass_pre_blur2_vert_c}", "type": 3, "target": "{get_line}"}, {"source": "{ass_pre_blur2_vert_c}", "type": 3, "target": "{get_line}"}, {"source": "{ass_pre_blur2_vert_c}", "type": 2, "target": "{get_line}"}, {"source": "{ass_pre_blur2_vert_c}", "type": 1, "target": "{get_line}"}, {"source": "{ass_pre_blur2_vert_c}", "type": 3, "target": "{get_line}"}, {"source": "{ass_pre_blur2_vert_c}", "type": 2, "target": "{pre_blur2_func}"}, {"source": "{ass_blur1246_vert_c}", "type": 2, "target": "{get_line}"}, {"source": "{ass_blur1246_vert_c}", "type": 1, "target": "{get_line}"}, {"source": "{ass_blur1246_vert_c}", "type": 1, "target": "{get_line}"}, {"source": "{ass_blur1246_vert_c}", "type": 2, "target": "{get_line}"}, {"source": "{ass_blur1246_vert_c}", "type": 3, "target": "{get_line}"}, {"source": "{ass_blur1246_vert_c}", "type": 3, "target": "{get_line}"}, {"source": "{ass_blur1246_vert_c}", "type": 2, "target": "{get_line}"}, {"source": "{ass_blur1246_vert_c}", "type": 1, "target": "{get_line}"}, {"source": "{ass_blur1246_vert_c}", "type": 3, "target": "{get_line}"}, {"source": "{ass_blur1246_vert_c}", "type": 2, "target": "{blur_func}"}, {"source": "{ass_blur1234_vert_c}", "type": 2, "target": "{get_line}"}, {"source": "{ass_blur1234_vert_c}", "type": 1, "target": "{get_line}"}, {"source": "{ass_blur1234_vert_c}", "type": 2, "target": "{get_line}"}, {"source": "{ass_blur1234_vert_c}", "type": 2, "target": "{get_line}"}, {"source": "{ass_blur1234_vert_c}", "type": 0, "target": "{get_line}"}, {"source": "{ass_blur1234_vert_c}", "type": 3, "target": "{get_line}"}, {"source": "{ass_blur1234_vert_c}", "type": 0, "target": "{get_line}"}, {"source": "{ass_blur1234_vert_c}", "type": 1, "target": "{get_line}"}, {"source": "{ass_blur1234_vert_c}", "type": 3, "target": "{get_line}"}, {"source": "{ass_blur1234_vert_c}", "type": 1, "target": "{blur_func}"}, {"source": "{sqrt}", "type": 0, "target": "Node0x1d99840"}, {"source": "{ass_pre_blur1_horz_c}", "type": 3, "target": "{copy_line}"}, {"source": "{ass_pre_blur1_horz_c}", "type": 2, "target": "{copy_line}"}, {"source": "{ass_pre_blur1_horz_c}", "type": 1, "target": "{pre_blur1_func}"}, {"source": "{ass_shrink_horz_c}", "type": 0, "target": "{copy_line}"}, {"source": "{ass_shrink_horz_c}", "type": 2, "target": "{copy_line}"}, {"source": "{ass_shrink_horz_c}", "type": 3, "target": "{copy_line}"}, {"source": "{ass_shrink_horz_c}", "type": 2, "target": "{shrink_func}"}, {"source": "{calc_coeff}", "type": 1, "target": "{coeff_blur121}"}, {"source": "{calc_coeff}", "type": 1, "target": "{coeff_blur121}"}, {"source": "{calc_coeff}", "type": 3, "target": "{calc_matrix}"}, {"source": "{calc_coeff}", "type": 2, "target": "{coeff_filter}"}, {"source": "{calc_coeff}", "type": 1, "target": "{coeff_filter}"}, {"source": "{calc_coeff}", "type": 2, "target": "{calc_gauss}"}, {"source": "{exp}", "type": 2, "target": "Node0x1d99840"}, {"source": "{ass_aligned_free}", "type": 2, "target": "Node0x1d99840"}, {"source": "{ass_blur1235_vert_c}", "type": 1, "target": "{get_line}"}, {"source": "{ass_blur1235_vert_c}", "type": 0, "target": "{get_line}"}, {"source": "{ass_blur1235_vert_c}", "type": 2, "target": "{get_line}"}, {"source": "{ass_blur1235_vert_c}", "type": 1, "target": "{get_line}"}, {"source": "{ass_blur1235_vert_c}", "type": 0, "target": "{get_line}"}, {"source": "{ass_blur1235_vert_c}", "type": 2, "target": "{get_line}"}, {"source": "{ass_blur1235_vert_c}", "type": 3, "target": "{get_line}"}, {"source": "{ass_blur1235_vert_c}", "type": 0, "target": "{get_line}"}, {"source": "{ass_blur1235_vert_c}", "type": 0, "target": "{get_line}"}, {"source": "{ass_blur1235_vert_c}", "type": 2, "target": "{blur_func}"}, {"source": "{ass_shrink_vert_c}", "type": 3, "target": "{get_line}"}, {"source": "{ass_shrink_vert_c}", "type": 2, "target": "{get_line}"}, {"source": "{ass_shrink_vert_c}", "type": 1, "target": "{get_line}"}, {"source": "{ass_shrink_vert_c}", "type": 3, "target": "{get_line}"}, {"source": "{ass_shrink_vert_c}", "type": 1, "target": "{get_line}"}, {"source": "{ass_shrink_vert_c}", "type": 3, "target": "{get_line}"}, {"source": "{ass_shrink_vert_c}", "type": 1, "target": "{shrink_func}"}, {"source": "{ass_blur1235_horz_c}", "type": 1, "target": "{copy_line}"}, {"source": "{ass_blur1235_horz_c}", "type": 1, "target": "{copy_line}"}, {"source": "{ass_blur1235_horz_c}", "type": 2, "target": "{blur_func}"}, {"source": "{find_best_method}", "type": 3, "target": "{calc_gauss}"}, {"source": "{find_best_method}", "type": 1, "target": "{calc_coeff}"}, {"source": "{find_best_method}", "type": 2, "target": "{frexp}"}, {"source": "{find_best_method}", "type": 0, "target": "{pow}"}, {"source": "{realloc_bitmap}", "type": 1, "target": "Node0x1d99840"}, {"source": "{pow}", "type": 3, "target": "Node0x1d99840"}, {"source": "{__assert_fail}", "type": 3, "target": "Node0x1d99840"}, {"source": "{external node}", "type": 1, "target": "{ass_expand_vert_c}"}, {"source": "{external node}", "type": 1, "target": "{ass_pre_blur2_vert_c}"}, {"source": "{external node}", "type": 1, "target": "{ass_blur1246_vert_c}"}, {"source": "{external node}", "type": 2, "target": "{ass_blur1234_vert_c}"}, {"source": "{external node}", "type": 1, "target": "{sqrt}"}, {"source": "{external node}", "type": 3, "target": "{ass_pre_blur1_horz_c}"}, {"source": "{external node}", "type": 3, "target": "{ass_shrink_horz_c}"}, {"source": "{external node}", "type": 2, "target": "{exp}"}, {"source": "{external node}", "type": 2, "target": "{ass_aligned_free}"}, {"source": "{external node}", "type": 3, "target": "{ass_blur1235_vert_c}"}, {"source": "{external node}", "type": 3, "target": "{ass_shrink_vert_c}"}, {"source": "{external node}", "type": 0, "target": "{ass_stripe_unpack_c}"}, {"source": "{external node}", "type": 0, "target": "{llvm.memcpy.p0i8.p0i8.i64}"}, {"source": "{external node}", "type": 2, "target": "{ass_blur1235_horz_c}"}, {"source": "{external node}", "type": 0, "target": "{realloc_bitmap}"}, {"source": "{external node}", "type": 3, "target": "{pow}"}, {"source": "{external node}", "type": 3, "target": "{__assert_fail}"}, {"source": "{external node}", "type": 1, "target": "{llvm.memset.p0i8.i64}"}, {"source": "{external node}", "type": 0, "target": "{llvm.dbg.declare}"}, {"source": "{external node}", "type": 3, "target": "{ass_gaussian_blur}"}, {"source": "{external node}", "type": 2, "target": "{ass_pre_blur3_vert_c}"}, {"source": "{external node}", "type": 0, "target": "{ass_pre_blur3_horz_c}"}, {"source": "{external node}", "type": 2, "target": "{ass_blur1246_horz_c}"}, {"source": "{external node}", "type": 3, "target": "{ass_aligned_alloc}"}, {"source": "{external node}", "type": 1, "target": "{ass_stripe_pack_c}"}, {"source": "{external node}", "type": 3, "target": "{ass_pre_blur1_vert_c}"}, {"source": "{external node}", "type": 3, "target": "{ass_blur1234_horz_c}"}, {"source": "{external node}", "type": 3, "target": "{frexp}"}, {"source": "{external node}", "type": 3, "target": "{ass_expand_horz_c}"}, {"source": "{external node}", "type": 3, "target": "{ass_pre_blur2_horz_c}"}, {"source": "{ass_gaussian_blur}", "type": 0, "target": "{ass_aligned_alloc}"}, {"source": "{ass_gaussian_blur}", "type": 1, "target": "{__assert_fail}"}, {"source": "{ass_gaussian_blur}", "type": 1, "target": "{find_best_method}"}, {"source": "{ass_gaussian_blur}", "type": 3, "target": "Node0x1d99840"}, {"source": "{ass_gaussian_blur}", "type": 2, "target": "Node0x1d99840"}, {"source": "{ass_gaussian_blur}", "type": 1, "target": "Node0x1d99840"}, {"source": "{ass_gaussian_blur}", "type": 2, "target": "Node0x1d99840"}, {"source": "{ass_gaussian_blur}", "type": 1, "target": "Node0x1d99840"}, {"source": "{ass_gaussian_blur}", "type": 2, "target": "Node0x1d99840"}, {"source": "{ass_gaussian_blur}", "type": 2, "target": "Node0x1d99840"}, {"source": "{ass_gaussian_blur}", "type": 3, "target": "Node0x1d99840"}, {"source": "{ass_gaussian_blur}", "type": 3, "target": "Node0x1d99840"}, {"source": "{ass_gaussian_blur}", "type": 3, "target": "Node0x1d99840"}, {"source": "{ass_gaussian_blur}", "type": 3, "target": "{realloc_bitmap}"}, {"source": "{ass_gaussian_blur}", "type": 1, "target": "{ass_aligned_free}"}, {"source": "{ass_gaussian_blur}", "type": 3, "target": "{ass_aligned_free}"}, {"source": "{copy_line}", "type": 2, "target": "{get_line}"}, {"source": "{ass_pre_blur3_vert_c}", "type": 3, "target": "{pre_blur3_func}"}, {"source": "{ass_pre_blur3_vert_c}", "type": 3, "target": "{get_line}"}, {"source": "{ass_pre_blur3_vert_c}", "type": 2, "target": "{get_line}"}, {"source": "{ass_pre_blur3_vert_c}", "type": 3, "target": "{get_line}"}, {"source": "{ass_pre_blur3_vert_c}", "type": 0, "target": "{get_line}"}, {"source": "{ass_pre_blur3_vert_c}", "type": 0, "target": "{get_line}"}, {"source": "{ass_pre_blur3_vert_c}", "type": 0, "target": "{get_line}"}, {"source": "{ass_pre_blur3_vert_c}", "type": 1, "target": "{get_line}"}, {"source": "{ass_pre_blur3_horz_c}", "type": 2, "target": "{copy_line}"}, {"source": "{ass_pre_blur3_horz_c}", "type": 2, "target": "{copy_line}"}, {"source": "{ass_pre_blur3_horz_c}", "type": 2, "target": "{pre_blur3_func}"}, {"source": "{ass_blur1246_horz_c}", "type": 2, "target": "{copy_line}"}, {"source": "{ass_blur1246_horz_c}", "type": 0, "target": "{copy_line}"}, {"source": "{ass_blur1246_horz_c}", "type": 0, "target": "{blur_func}"}, {"source": "{ass_aligned_alloc}", "type": 0, "target": "Node0x1d99840"}, {"source": "{ass_pre_blur1_vert_c}", "type": 0, "target": "{pre_blur1_func}"}, {"source": "{ass_pre_blur1_vert_c}", "type": 3, "target": "{get_line}"}, {"source": "{ass_pre_blur1_vert_c}", "type": 3, "target": "{get_line}"}, {"source": "{ass_pre_blur1_vert_c}", "type": 0, "target": "{get_line}"}, {"source": "{ass_blur1234_horz_c}", "type": 3, "target": "{copy_line}"}, {"source": "{ass_blur1234_horz_c}", "type": 3, "target": "{copy_line}"}, {"source": "{ass_blur1234_horz_c}", "type": 3, "target": "{blur_func}"}, {"source": "{frexp}", "type": 1, "target": "Node0x1d99840"}, {"source": "{calc_gauss}", "type": 1, "target": "{sqrt}"}, {"source": "{calc_gauss}", "type": 1, "target": "{exp}"}, {"source": "{ass_expand_horz_c}", "type": 0, "target": "{copy_line}"}, {"source": "{ass_expand_horz_c}", "type": 2, "target": "{copy_line}"}, {"source": "{ass_expand_horz_c}", "type": 1, "target": "{copy_line}"}, {"source": "{ass_expand_horz_c}", "type": 0, "target": "{copy_line}"}, {"source": "{ass_expand_horz_c}", "type": 2, "target": "{expand_func}"}, {"source": "{ass_expand_horz_c}", "type": 2, "target": "{expand_func}"}, {"source": "{ass_expand_horz_c}", "type": 0, "target": "{expand_func}"}, {"source": "{ass_pre_blur2_horz_c}", "type": 3, "target": "{copy_line}"}, {"source": "{ass_pre_blur2_horz_c}", "type": 2, "target": "{copy_line}"}, {"source": "{ass_pre_blur2_horz_c}", "type": 2, "target": "{pre_blur2_func}"}], "nodes": [{"id": "{ass_expand_vert_c}", "type": 0, "data": {"macke_bug_chain_length": 1, "node_degree": [2, 1, 3], "faulty": false, "clustering_coefficient": 0.0, "macke_vulnerabilities_found": 1, "node_path_length": 1.0, "distance_to_interface": 1}}, {"id": "{ass_pre_blur2_vert_c}", "type": 1, "data": {"macke_bug_chain_length": 1, "node_degree": [2, 1, 3], "faulty": false, "clustering_coefficient": 0.0, "macke_vulnerabilities_found": 1, "node_path_length": 1.0, "distance_to_interface": 1}}, {"id": "{ass_blur1246_vert_c}", "type": 0, "data": {"macke_bug_chain_length": 1, "node_degree": [2, 1, 3], "faulty": false, "clustering_coefficient": 0.0, "macke_vulnerabilities_found": 1, "node_path_length": 1.0, "distance_to_interface": 1}}, {"id": "{ass_blur1234_vert_c}", "type": 3, "data": {"macke_bug_chain_length": 1, "node_degree": [2, 1, 3], "faulty": false, "clustering_coefficient": 0.0, "macke_vulnerabilities_found": 1, "node_path_length": 1.0, "distance_to_interface": 1}}, {"id": "{sqrt}", "type": 3, "data": {"macke_bug_chain_length": 0, "node_degree": [1, 2, 3], "faulty": false, "clustering_coefficient": 0.0, "macke_vulnerabilities_found": 0, "node_path_length": 1.0, "distance_to_interface": 1}}, {"id": "{ass_pre_blur1_horz_c}", "type": 4, "data": {"macke_bug_chain_length": 1, "node_degree": [2, 1, 3], "faulty": false, "clustering_coefficient": 0.0, "macke_vulnerabilities_found": 1, "node_path_length": 1.5, "distance_to_interface": 1}}, {"id": "{pre_blur3_func}", "type": 2, "data": {"macke_bug_chain_length": 1, "node_degree": [0, 2, 2], "faulty": false, "clustering_coefficient": 0.0, "macke_vulnerabilities_found": 1, "node_path_length": 0, "distance_to_interface": 2}}, {"id": "{ass_shrink_horz_c}", "type": 4, "data": {"macke_bug_chain_length": 1, "node_degree": [2, 1, 3], "faulty": false, "clustering_coefficient": 0.0, "macke_vulnerabilities_found": 1, "node_path_length": 1.0, "distance_to_interface": 1}}, {"id": "Node0x1d99840", "type": 5}, {"id": "{calc_coeff}", "type": 1, "data": {"macke_bug_chain_length": 1, "node_degree": [4, 1, 5], "faulty": true, "clustering_coefficient": 0.1, "cvss3": {"confidentialityImpact": "NONE", "attackComplexity": "LOW", "vectorString": "AV:N/AC:L/PR:N/UI:N/S:U/C:N/I:N/A:H", "baseScore": 7.5, "baseSeverity": "HIGH", "availabilityImpact": "HIGH", "scope": "UNCHANGED", "userInteraction": "NONE", "attackVector": "NETWORK", "integrityImpact": "NONE", "privilegesRequired": "NONE"}, "macke_vulnerabilities_found": 1, "node_path_length": 1.0, "distance_to_interface": 3}}, {"id": "{exp}", "type": 1, "data": {"macke_bug_chain_length": 0, "node_degree": [1, 2, 3], "faulty": false, "clustering_coefficient": 0.0, "macke_vulnerabilities_found": 0, "node_path_length": 1.0, "distance_to_interface": 1}}, {"id": "{calc_matrix}", "type": 1, "data": {"macke_bug_chain_length": 1, "node_degree": [0, 1, 1], "faulty": false, "clustering_coefficient": 0, "macke_vulnerabilities_found": 1, "node_path_length": 0, "distance_to_interface": 4}}, {"id": "{ass_aligned_free}", "type": 5, "data": {"macke_bug_chain_length": 0, "node_degree": [1, 2, 3], "faulty": false, "clustering_coefficient": 0.6666666666666666, "macke_vulnerabilities_found": 0, "node_path_length": 1.0, "distance_to_interface": 1}}, {"id": "{ass_blur1235_vert_c}", "type": 1, "data": {"macke_bug_chain_length": 1, "node_degree": [2, 1, 3], "faulty": false, "clustering_coefficient": 0.0, "macke_vulnerabilities_found": 1, "node_path_length": 1.0, "distance_to_interface": 1}}, {"id": "{pre_blur2_func}", "type": 0, "data": {"macke_bug_chain_length": 1, "node_degree": [0, 2, 2], "faulty": false, "clustering_coefficient": 0.0, "macke_vulnerabilities_found": 1, "node_path_length": 0, "distance_to_interface": 2}}, {"id": "{ass_shrink_vert_c}", "type": 1, "data": {"macke_bug_chain_length": 1, "node_degree": [2, 1, 3], "faulty": false, "clustering_coefficient": 0.0, "macke_vulnerabilities_found": 1, "node_path_length": 1.0, "distance_to_interface": 1}}, {"id": "{ass_stripe_unpack_c}", "type": 3, "data": {"macke_bug_chain_length": 1, "node_degree": [0, 1, 1], "faulty": false, "clustering_coefficient": 0, "macke_vulnerabilities_found": 1, "node_path_length": 0, "distance_to_interface": 1}}, {"id": "{pre_blur1_func}", "type": 0, "data": {"macke_bug_chain_length": 1, "node_degree": [0, 2, 2], "faulty": false, "clustering_coefficient": 0.0, "macke_vulnerabilities_found": 1, "node_path_length": 0, "distance_to_interface": 2}}, {"id": "{llvm.memcpy.p0i8.p0i8.i64}", "type": 0, "data": {"macke_bug_chain_length": 0, "node_degree": [0, 1, 1], "faulty": false, "clustering_coefficient": 0, "macke_vulnerabilities_found": 0, "node_path_length": 0, "distance_to_interface": 1}}, {"id": "{expand_func}", "type": 4, "data": {"macke_bug_chain_length": 1, "node_degree": [0, 2, 2], "faulty": false, "clustering_coefficient": 0.0, "macke_vulnerabilities_found": 1, "node_path_length": 0, "distance_to_interface": 2}}, {"id": "{ass_blur1235_horz_c}", "type": 2, "data": {"macke_bug_chain_length": 1, "node_degree": [2, 1, 3], "faulty": false, "clustering_coefficient": 0.0, "macke_vulnerabilities_found": 1, "node_path_length": 1.0, "distance_to_interface": 1}}, {"id": "{find_best_method}", "type": 1, "data": {"macke_bug_chain_length": 5, "node_degree": [4, 1, 5], "faulty": false, "clustering_coefficient": 0.1, "macke_vulnerabilities_found": 1, "node_path_length": 1.9444444444444444, "distance_to_interface": 2}}, {"id": "{coeff_filter}", "type": 2, "data": {"macke_bug_chain_length": 1, "node_degree": [0, 1, 1], "faulty": false, "clustering_coefficient": 0, "macke_vulnerabilities_found": 1, "node_path_length": 0, "distance_to_interface": 4}}, {"id": "{realloc_bitmap}", "type": 3, "data": {"macke_bug_chain_length": 0, "node_degree": [1, 2, 3], "faulty": false, "clustering_coefficient": 0.6666666666666666, "macke_vulnerabilities_found": 0, "node_path_length": 1.0, "distance_to_interface": 1}}, {"id": "{pow}", "type": 1, "data": {"macke_bug_chain_length": 0, "node_degree": [1, 2, 3], "faulty": false, "clustering_coefficient": 0.0, "macke_vulnerabilities_found": 0, "node_path_length": 1.0, "distance_to_interface": 1}}, {"id": "{coeff_blur121}", "type": 1, "data": {"macke_bug_chain_length": 1, "node_degree": [0, 1, 1], "faulty": false, "clustering_coefficient": 0, "macke_vulnerabilities_found": 1, "node_path_length": 0, "distance_to_interface": 4}}, {"id": "{__assert_fail}", "type": 4, "data": {"macke_bug_chain_length": 0, "node_degree": [1, 2, 3], "faulty": false, "clustering_coefficient": 0.6666666666666666, "macke_vulnerabilities_found": 0, "node_path_length": 1.0, "distance_to_interface": 1}}, {"id": "{llvm.memset.p0i8.i64}", "type": 3, "data": {"macke_bug_chain_length": 0, "node_degree": [0, 1, 1], "faulty": false, "clustering_coefficient": 0, "macke_vulnerabilities_found": 0, "node_path_length": 0, "distance_to_interface": 1}}, {"id": "{external node}", "type": 3, "data": {"macke_bug_chain_length": 0, "node_degree": [30, 0, 30], "faulty": false, "clustering_coefficient": 0.009195402298850575, "macke_vulnerabilities_found": 0, "node_path_length": 0, "distance_to_interface": 999}}, {"id": "{llvm.dbg.declare}", "type": 3, "data": {"macke_bug_chain_length": 0, "node_degree": [0, 1, 1], "faulty": false, "clustering_coefficient": 0, "macke_vulnerabilities_found": 0, "node_path_length": 0, "distance_to_interface": 1}}, {"id": "{ass_gaussian_blur}", "type": 1, "data": {"macke_bug_chain_length": 1, "node_degree": [6, 1, 7], "faulty": false, "clustering_coefficient": 0.38095238095238093, "macke_vulnerabilities_found": 1, "node_path_length": 2.128205128205128, "distance_to_interface": 1}}, {"id": "{copy_line}", "type": 4, "data": {"macke_bug_chain_length": 1, "node_degree": [1, 8, 9], "faulty": false, "clustering_coefficient": 0.0, "macke_vulnerabilities_found": 1, "node_path_length": 1.0, "distance_to_interface": 2}}, {"id": "{ass_pre_blur3_vert_c}", "type": 1, "data": {"macke_bug_chain_length": 1, "node_degree": [2, 1, 3], "faulty": false, "clustering_coefficient": 0.0, "macke_vulnerabilities_found": 1, "node_path_length": 1.0, "distance_to_interface": 1}}, {"id": "{ass_pre_blur3_horz_c}", "type": 2, "data": {"macke_bug_chain_length": 1, "node_degree": [2, 1, 3], "faulty": false, "clustering_coefficient": 0.0, "macke_vulnerabilities_found": 1, "node_path_length": 1.0, "distance_to_interface": 1}}, {"id": "{blur_func}", "type": 4, "data": {"macke_bug_chain_length": 1, "node_degree": [0, 6, 6], "faulty": false, "clustering_coefficient": 0.0, "macke_vulnerabilities_found": 1, "node_path_length": 0, "distance_to_interface": 2}}, {"id": "{ass_blur1246_horz_c}", "type": 5, "data": {"macke_bug_chain_length": 1, "node_degree": [2, 1, 3], "faulty": false, "clustering_coefficient": 0.0, "macke_vulnerabilities_found": 1, "node_path_length": 1.0, "distance_to_interface": 1}}, {"id": "{ass_aligned_alloc}", "type": 3, "data": {"macke_bug_chain_length": 0, "node_degree": [1, 2, 3], "faulty": false, "clustering_coefficient": 0.6666666666666666, "macke_vulnerabilities_found": 0, "node_path_length": 1.0, "distance_to_interface": 1}}, {"id": "{ass_stripe_pack_c}", "type": 1, "data": {"macke_bug_chain_length": 1, "node_degree": [0, 1, 1], "faulty": false, "clustering_coefficient": 0, "macke_vulnerabilities_found": 1, "node_path_length": 0, "distance_to_interface": 1}}, {"id": "{shrink_func}", "type": 4, "data": {"macke_bug_chain_length": 1, "node_degree": [0, 2, 2], "faulty": false, "clustering_coefficient": 0.0, "macke_vulnerabilities_found": 1, "node_path_length": 0, "distance_to_interface": 2}}, {"id": "{ass_pre_blur1_vert_c}", "type": 4, "data": {"macke_bug_chain_length": 1, "node_degree": [2, 1, 3], "faulty": false, "clustering_coefficient": 0.0, "macke_vulnerabilities_found": 1, "node_path_length": 1.0, "distance_to_interface": 1}}, {"id": "{ass_blur1234_horz_c}", "type": 3, "data": {"macke_bug_chain_length": 1, "node_degree": [2, 1, 3], "faulty": false, "clustering_coefficient": 0.0, "macke_vulnerabilities_found": 1, "node_path_length": 1.0, "distance_to_interface": 1}}, {"id": "{get_line}", "type": 3, "data": {"macke_bug_chain_length": 1, "node_degree": [0, 9, 9], "faulty": false, "clustering_coefficient": 0.0, "macke_vulnerabilities_found": 1, "node_path_length": 0, "distance_to_interface": 2}}, {"id": "{frexp}", "type": 3, "data": {"macke_bug_chain_length": 0, "node_degree": [1, 2, 3], "faulty": false, "clustering_coefficient": 0.0, "macke_vulnerabilities_found": 0, "node_path_length": 1.0, "distance_to_interface": 1}}, {"id": "{calc_gauss}", "type": 3, "data": {"macke_bug_chain_length": 1, "node_degree": [2, 2, 4], "faulty": false, "clustering_coefficient": 0.16666666666666666, "macke_vulnerabilities_found": 1, "node_path_length": 1.0, "distance_to_interface": 3}}, {"id": "{ass_expand_horz_c}", "type": 1, "data": {"macke_bug_chain_length": 1, "node_degree": [2, 1, 3], "faulty": false, "clustering_coefficient": 0.0, "macke_vulnerabilities_found": 1, "node_path_length": 1.0, "distance_to_interface": 1}}, {"id": "{ass_pre_blur2_horz_c}", "type": 4, "data": {"macke_bug_chain_length": 1, "node_degree": [2, 1, 3], "faulty": false, "clustering_coefficient": 0.0, "macke_vulnerabilities_found": 1, "node_path_length": 1.0, "distance_to_interface": 1}}]}