{"directed": true, "graph": {"node": {"shape": "", "label": "Call graph"}, "graph": {"label": "Call graph"}, "edge": {}, "name": "Call graph"}, "nodes": [{"shape": "record", "id": "Node0x1d7b7a0", "label": "{ass_expand_vert_c}"}, {"shape": "record", "id": "Node0x1ebca60", "label": "{ass_pre_blur2_vert_c}"}, {"shape": "record", "id": "Node0x1ebc750", "label": "{ass_blur1246_vert_c}"}, {"shape": "record", "id": "Node0x1ebd080", "label": "{ass_blur1234_vert_c}"}, {"shape": "record", "id": "Node0x1ebe500", "label": "{sqrt}"}, {"shape": "record", "id": "Node0x1df4fd0", "label": "{ass_pre_blur1_horz_c}"}, {"shape": "record", "id": "Node0x1ebcb00", "label": "{pre_blur3_func}"}, {"shape": "record", "id": "Node0x1d7b380", "label": "{ass_shrink_horz_c}"}, {"id": "Node0x1d99840"}, {"shape": "record", "id": "Node0x1ebe330", "label": "{calc_coeff}"}, {"shape": "record", "id": "Node0x1ebe460", "label": "{exp}"}, {"shape": "record", "id": "Node0x1ebe5d0", "label": "{calc_matrix}"}, {"shape": "record", "id": "Node0x1ebded0", "label": "{ass_aligned_free}"}, {"shape": "record", "id": "Node0x1ebd120", "label": "{ass_blur1235_vert_c}"}, {"shape": "record", "id": "Node0x1ebc920", "label": "{pre_blur2_func}"}, {"shape": "record", "id": "Node0x1d7b5e0", "label": "{ass_shrink_vert_c}"}, {"shape": "record", "id": "Node0x1d998b0", "label": "{ass_stripe_unpack_c}"}, {"shape": "record", "id": "Node0x1df50d0", "label": "{pre_blur1_func}"}, {"shape": "record", "id": "Node0x1ebe860", "label": "{llvm.memcpy.p0i8.p0i8.i64}"}, {"shape": "record", "id": "Node0x1d7b900", "label": "{expand_func}"}, {"shape": "record", "id": "Node0x1ebd0b0", "label": "{ass_blur1235_horz_c}"}, {"shape": "record", "id": "Node0x1ebdaf0", "label": "{find_best_method}"}, {"shape": "record", "id": "Node0x1ebe5a0", "label": "{coeff_filter}"}, {"shape": "record", "id": "Node0x1ebde60", "label": "{realloc_bitmap}"}, {"shape": "record", "id": "Node0x1ebe180", "label": "{pow}"}, {"shape": "record", "id": "Node0x1ebe640", "label": "{coeff_blur121}"}, {"shape": "record", "id": "Node0x1ebdb20", "label": "{__assert_fail}"}, {"shape": "record", "id": "Node0x1ebe8d0", "label": "{llvm.memset.p0i8.i64}"}, {"shape": "record", "id": "Node0x1d8d040", "label": "{external node}"}, {"shape": "record", "id": "Node0x1d99950", "label": "{llvm.dbg.declare}"}, {"shape": "record", "id": "Node0x1ebc8a0", "label": "{ass_gaussian_blur}"}, {"shape": "record", "id": "Node0x1d7b3f0", "label": "{copy_line}"}, {"shape": "record", "id": "Node0x1ebcd70", "label": "{ass_pre_blur3_vert_c}"}, {"shape": "record", "id": "Node0x1ebca90", "label": "{ass_pre_blur3_horz_c}"}, {"shape": "record", "id": "Node0x1ebce10", "label": "{blur_func}"}, {"shape": "record", "id": "Node0x1d99980", "label": "{ass_blur1246_horz_c}"}, {"shape": "record", "id": "Node0x1ebdb90", "label": "{ass_aligned_alloc}"}, {"shape": "record", "id": "Node0x1d998e0", "label": "{ass_stripe_pack_c}"}, {"shape": "record", "id": "Node0x1d7b420", "label": "{shrink_func}"}, {"shape": "record", "id": "Node0x1df51d0", "label": "{ass_pre_blur1_vert_c}"}, {"shape": "record", "id": "Node0x1ebcda0", "label": "{ass_blur1234_horz_c}"}, {"shape": "record", "id": "Node0x1d7b540", "label": "{get_line}"}, {"shape": "record", "id": "Node0x1ebe1f0", "label": "{frexp}"}, {"shape": "record", "id": "Node0x1ebdf40", "label": "{calc_gauss}"}, {"shape": "record", "id": "Node0x1d7b2b0", "label": "{ass_expand_horz_c}"}, {"shape": "record", "id": "Node0x1d7b610", "label": "{ass_pre_blur2_horz_c}"}], "links": [{"source": "Node0x1d7b7a0", "target": "Node0x1d7b900", "key": 0}, {"source": "Node0x1d7b7a0", "target": "Node0x1d7b540", "key": 0}, {"source": "Node0x1d7b7a0", "target": "Node0x1d7b540", "key": 1}, {"source": "Node0x1d7b7a0", "target": "Node0x1d7b540", "key": 2}, {"source": "Node0x1ebca60", "target": "Node0x1d7b540", "key": 0}, {"source": "Node0x1ebca60", "target": "Node0x1d7b540", "key": 1}, {"source": "Node0x1ebca60", "target": "Node0x1d7b540", "key": 2}, {"source": "Node0x1ebca60", "target": "Node0x1d7b540", "key": 3}, {"source": "Node0x1ebca60", "target": "Node0x1d7b540", "key": 4}, {"source": "Node0x1ebca60", "target": "Node0x1ebc920", "key": 0}, {"source": "Node0x1ebc750", "target": "Node0x1d7b540", "key": 0}, {"source": "Node0x1ebc750", "target": "Node0x1d7b540", "key": 1}, {"source": "Node0x1ebc750", "target": "Node0x1d7b540", "key": 2}, {"source": "Node0x1ebc750", "target": "Node0x1d7b540", "key": 3}, {"source": "Node0x1ebc750", "target": "Node0x1d7b540", "key": 4}, {"source": "Node0x1ebc750", "target": "Node0x1d7b540", "key": 5}, {"source": "Node0x1ebc750", "target": "Node0x1d7b540", "key": 6}, {"source": "Node0x1ebc750", "target": "Node0x1d7b540", "key": 7}, {"source": "Node0x1ebc750", "target": "Node0x1d7b540", "key": 8}, {"source": "Node0x1ebc750", "target": "Node0x1ebce10", "key": 0}, {"source": "Node0x1ebd080", "target": "Node0x1d7b540", "key": 0}, {"source": "Node0x1ebd080", "target": "Node0x1d7b540", "key": 1}, {"source": "Node0x1ebd080", "target": "Node0x1d7b540", "key": 2}, {"source": "Node0x1ebd080", "target": "Node0x1d7b540", "key": 3}, {"source": "Node0x1ebd080", "target": "Node0x1d7b540", "key": 4}, {"source": "Node0x1ebd080", "target": "Node0x1d7b540", "key": 5}, {"source": "Node0x1ebd080", "target": "Node0x1d7b540", "key": 6}, {"source": "Node0x1ebd080", "target": "Node0x1d7b540", "key": 7}, {"source": "Node0x1ebd080", "target": "Node0x1d7b540", "key": 8}, {"source": "Node0x1ebd080", "target": "Node0x1ebce10", "key": 0}, {"source": "Node0x1ebe500", "target": "Node0x1d99840", "key": 0}, {"source": "Node0x1df4fd0", "target": "Node0x1d7b3f0", "key": 0}, {"source": "Node0x1df4fd0", "target": "Node0x1d7b3f0", "key": 1}, {"source": "Node0x1df4fd0", "target": "Node0x1df50d0", "key": 0}, {"source": "Node0x1d7b380", "target": "Node0x1d7b3f0", "key": 0}, {"source": "Node0x1d7b380", "target": "Node0x1d7b3f0", "key": 1}, {"source": "Node0x1d7b380", "target": "Node0x1d7b3f0", "key": 2}, {"source": "Node0x1d7b380", "target": "Node0x1d7b420", "key": 0}, {"source": "Node0x1ebe330", "target": "Node0x1ebe640", "key": 0}, {"source": "Node0x1ebe330", "target": "Node0x1ebe640", "key": 1}, {"source": "Node0x1ebe330", "target": "Node0x1ebe5d0", "key": 0}, {"source": "Node0x1ebe330", "target": "Node0x1ebe5a0", "key": 0}, {"source": "Node0x1ebe330", "target": "Node0x1ebe5a0", "key": 1}, {"source": "Node0x1ebe330", "target": "Node0x1ebdf40", "key": 0}, {"source": "Node0x1ebe460", "target": "Node0x1d99840", "key": 0}, {"source": "Node0x1ebded0", "target": "Node0x1d99840", "key": 0}, {"source": "Node0x1ebd120", "target": "Node0x1d7b540", "key": 0}, {"source": "Node0x1ebd120", "target": "Node0x1d7b540", "key": 1}, {"source": "Node0x1ebd120", "target": "Node0x1d7b540", "key": 2}, {"source": "Node0x1ebd120", "target": "Node0x1d7b540", "key": 3}, {"source": "Node0x1ebd120", "target": "Node0x1d7b540", "key": 4}, {"source": "Node0x1ebd120", "target": "Node0x1d7b540", "key": 5}, {"source": "Node0x1ebd120", "target": "Node0x1d7b540", "key": 6}, {"source": "Node0x1ebd120", "target": "Node0x1d7b540", "key": 7}, {"source": "Node0x1ebd120", "target": "Node0x1d7b540", "key": 8}, {"source": "Node0x1ebd120", "target": "Node0x1ebce10", "key": 0}, {"source": "Node0x1d7b5e0", "target": "Node0x1d7b540", "key": 0}, {"source": "Node0x1d7b5e0", "target": "Node0x1d7b540", "key": 1}, {"source": "Node0x1d7b5e0", "target": "Node0x1d7b540", "key": 2}, {"source": "Node0x1d7b5e0", "target": "Node0x1d7b540", "key": 3}, {"source": "Node0x1d7b5e0", "target": "Node0x1d7b540", "key": 4}, {"source": "Node0x1d7b5e0", "target": "Node0x1d7b540", "key": 5}, {"source": "Node0x1d7b5e0", "target": "Node0x1d7b420", "key": 0}, {"source": "Node0x1ebd0b0", "target": "Node0x1d7b3f0", "key": 0}, {"source": "Node0x1ebd0b0", "target": "Node0x1d7b3f0", "key": 1}, {"source": "Node0x1ebd0b0", "target": "Node0x1ebce10", "key": 0}, {"source": "Node0x1ebdaf0", "target": "Node0x1ebdf40", "key": 0}, {"source": "Node0x1ebdaf0", "target": "Node0x1ebe330", "key": 0}, {"source": "Node0x1ebdaf0", "target": "Node0x1ebe1f0", "key": 0}, {"source": "Node0x1ebdaf0", "target": "Node0x1ebe180", "key": 0}, {"source": "Node0x1ebde60", "target": "Node0x1d99840", "key": 0}, {"source": "Node0x1ebe180", "target": "Node0x1d99840", "key": 0}, {"source": "Node0x1ebdb20", "target": "Node0x1d99840", "key": 0}, {"source": "Node0x1d8d040", "target": "Node0x1d7b7a0", "key": 0}, {"source": "Node0x1d8d040", "target": "Node0x1ebca60", "key": 0}, {"source": "Node0x1d8d040", "target": "Node0x1ebc750", "key": 0}, {"source": "Node0x1d8d040", "target": "Node0x1ebd080", "key": 0}, {"source": "Node0x1d8d040", "target": "Node0x1ebe500", "key": 0}, {"source": "Node0x1d8d040", "target": "Node0x1df4fd0", "key": 0}, {"source": "Node0x1d8d040", "target": "Node0x1d7b380", "key": 0}, {"source": "Node0x1d8d040", "target": "Node0x1ebe460", "key": 0}, {"source": "Node0x1d8d040", "target": "Node0x1ebded0", "key": 0}, {"source": "Node0x1d8d040", "target": "Node0x1ebd120", "key": 0}, {"source": "Node0x1d8d040", "target": "Node0x1d7b5e0", "key": 0}, {"source": "Node0x1d8d040", "target": "Node0x1d998b0", "key": 0}, {"source": "Node0x1d8d040", "target": "Node0x1ebe860", "key": 0}, {"source": "Node0x1d8d040", "target": "Node0x1ebd0b0", "key": 0}, {"source": "Node0x1d8d040", "target": "Node0x1ebde60", "key": 0}, {"source": "Node0x1d8d040", "target": "Node0x1ebe180", "key": 0}, {"source": "Node0x1d8d040", "target": "Node0x1ebdb20", "key": 0}, {"source": "Node0x1d8d040", "target": "Node0x1ebe8d0", "key": 0}, {"source": "Node0x1d8d040", "target": "Node0x1d99950", "key": 0}, {"source": "Node0x1d8d040", "target": "Node0x1ebc8a0", "key": 0}, {"source": "Node0x1d8d040", "target": "Node0x1ebcd70", "key": 0}, {"source": "Node0x1d8d040", "target": "Node0x1ebca90", "key": 0}, {"source": "Node0x1d8d040", "target": "Node0x1d99980", "key": 0}, {"source": "Node0x1d8d040", "target": "Node0x1ebdb90", "key": 0}, {"source": "Node0x1d8d040", "target": "Node0x1d998e0", "key": 0}, {"source": "Node0x1d8d040", "target": "Node0x1df51d0", "key": 0}, {"source": "Node0x1d8d040", "target": "Node0x1ebcda0", "key": 0}, {"source": "Node0x1d8d040", "target": "Node0x1ebe1f0", "key": 0}, {"source": "Node0x1d8d040", "target": "Node0x1d7b2b0", "key": 0}, {"source": "Node0x1d8d040", "target": "Node0x1d7b610", "key": 0}, {"source": "Node0x1ebc8a0", "target": "Node0x1ebdb90", "key": 0}, {"source": "Node0x1ebc8a0", "target": "Node0x1ebdb20", "key": 0}, {"source": "Node0x1ebc8a0", "target": "Node0x1ebdaf0", "key": 0}, {"source": "Node0x1ebc8a0", "target": "Node0x1d99840", "key": 0}, {"source": "Node0x1ebc8a0", "target": "Node0x1d99840", "key": 1}, {"source": "Node0x1ebc8a0", "target": "Node0x1d99840", "key": 2}, {"source": "Node0x1ebc8a0", "target": "Node0x1d99840", "key": 3}, {"source": "Node0x1ebc8a0", "target": "Node0x1d99840", "key": 4}, {"source": "Node0x1ebc8a0", "target": "Node0x1d99840", "key": 5}, {"source": "Node0x1ebc8a0", "target": "Node0x1d99840", "key": 6}, {"source": "Node0x1ebc8a0", "target": "Node0x1d99840", "key": 7}, {"source": "Node0x1ebc8a0", "target": "Node0x1d99840", "key": 8}, {"source": "Node0x1ebc8a0", "target": "Node0x1d99840", "key": 9}, {"source": "Node0x1ebc8a0", "target": "Node0x1ebde60", "key": 0}, {"source": "Node0x1ebc8a0", "target": "Node0x1ebded0", "key": 0}, {"source": "Node0x1ebc8a0", "target": "Node0x1ebded0", "key": 1}, {"source": "Node0x1d7b3f0", "target": "Node0x1d7b540", "key": 0}, {"source": "Node0x1ebcd70", "target": "Node0x1ebcb00", "key": 0}, {"source": "Node0x1ebcd70", "target": "Node0x1d7b540", "key": 0}, {"source": "Node0x1ebcd70", "target": "Node0x1d7b540", "key": 1}, {"source": "Node0x1ebcd70", "target": "Node0x1d7b540", "key": 2}, {"source": "Node0x1ebcd70", "target": "Node0x1d7b540", "key": 3}, {"source": "Node0x1ebcd70", "target": "Node0x1d7b540", "key": 4}, {"source": "Node0x1ebcd70", "target": "Node0x1d7b540", "key": 5}, {"source": "Node0x1ebcd70", "target": "Node0x1d7b540", "key": 6}, {"source": "Node0x1ebca90", "target": "Node0x1d7b3f0", "key": 0}, {"source": "Node0x1ebca90", "target": "Node0x1d7b3f0", "key": 1}, {"source": "Node0x1ebca90", "target": "Node0x1ebcb00", "key": 0}, {"source": "Node0x1d99980", "target": "Node0x1d7b3f0", "key": 0}, {"source": "Node0x1d99980", "target": "Node0x1d7b3f0", "key": 1}, {"source": "Node0x1d99980", "target": "Node0x1ebce10", "key": 0}, {"source": "Node0x1ebdb90", "target": "Node0x1d99840", "key": 0}, {"source": "Node0x1df51d0", "target": "Node0x1df50d0", "key": 0}, {"source": "Node0x1df51d0", "target": "Node0x1d7b540", "key": 0}, {"source": "Node0x1df51d0", "target": "Node0x1d7b540", "key": 1}, {"source": "Node0x1df51d0", "target": "Node0x1d7b540", "key": 2}, {"source": "Node0x1ebcda0", "target": "Node0x1d7b3f0", "key": 0}, {"source": "Node0x1ebcda0", "target": "Node0x1d7b3f0", "key": 1}, {"source": "Node0x1ebcda0", "target": "Node0x1ebce10", "key": 0}, {"source": "Node0x1ebe1f0", "target": "Node0x1d99840", "key": 0}, {"source": "Node0x1ebdf40", "target": "Node0x1ebe500", "key": 0}, {"source": "Node0x1ebdf40", "target": "Node0x1ebe460", "key": 0}, {"source": "Node0x1d7b2b0", "target": "Node0x1d7b3f0", "key": 0}, {"source": "Node0x1d7b2b0", "target": "Node0x1d7b3f0", "key": 1}, {"source": "Node0x1d7b2b0", "target": "Node0x1d7b3f0", "key": 2}, {"source": "Node0x1d7b2b0", "target": "Node0x1d7b3f0", "key": 3}, {"source": "Node0x1d7b2b0", "target": "Node0x1d7b900", "key": 0}, {"source": "Node0x1d7b2b0", "target": "Node0x1d7b900", "key": 1}, {"source": "Node0x1d7b2b0", "target": "Node0x1d7b900", "key": 2}, {"source": "Node0x1d7b610", "target": "Node0x1d7b3f0", "key": 0}, {"source": "Node0x1d7b610", "target": "Node0x1d7b3f0", "key": 1}, {"source": "Node0x1d7b610", "target": "Node0x1ebc920", "key": 0}], "multigraph": true}
