{"klee-out-1": {"bcfile": "/tmp/macke/2017-07-18-17-02-24/bitcode/symmains.bc", "folder": "/tmp/macke/2017-07-18-17-02-24/klee/klee-out-1", "function": "ass_stripe_unpack_c", "phase": 1}, "klee-out-2": {"bcfile": "/tmp/macke/2017-07-18-17-02-24/bitcode/symmains.bc", "folder": "/tmp/macke/2017-07-18-17-02-24/klee/klee-out-2", "function": "ass_stripe_pack_c", "phase": 1}, "klee-out-3": {"bcfile": "/tmp/macke/2017-07-18-17-02-24/bitcode/symmains.bc", "folder": "/tmp/macke/2017-07-18-17-02-24/klee/klee-out-3", "function": "get_line", "phase": 1}, "klee-out-4": {"bcfile": "/tmp/macke/2017-07-18-17-02-24/bitcode/symmains.bc", "folder": "/tmp/macke/2017-07-18-17-02-24/klee/klee-out-4", "function": "copy_line", "phase": 1}, "klee-out-5": {"bcfile": "/tmp/macke/2017-07-18-17-02-24/bitcode/symmains.bc", "folder": "/tmp/macke/2017-07-18-17-02-24/klee/klee-out-5", "function": "shrink_func", "phase": 1}, "klee-out-6": {"bcfile": "/tmp/macke/2017-07-18-17-02-24/bitcode/symmains.bc", "folder": "/tmp/macke/2017-07-18-17-02-24/klee/klee-out-6", "function": "ass_shrink_horz_c", "phase": 1}, "klee-out-7": {"bcfile": "/tmp/macke/2017-07-18-17-02-24/bitcode/symmains.bc", "folder": "/tmp/macke/2017-07-18-17-02-24/klee/klee-out-7", "function": "ass_shrink_vert_c", "phase": 1}, "klee-out-8": {"bcfile": "/tmp/macke/2017-07-18-17-02-24/bitcode/symmains.bc", "folder": "/tmp/macke/2017-07-18-17-02-24/klee/klee-out-8", "function": "expand_func", "phase": 1}, "klee-out-9": {"bcfile": "/tmp/macke/2017-07-18-17-02-24/bitcode/symmains.bc", "folder": "/tmp/macke/2017-07-18-17-02-24/klee/klee-out-9", "function": "ass_expand_horz_c", "phase": 1}, "klee-out-10": {"bcfile": "/tmp/macke/2017-07-18-17-02-24/bitcode/symmains.bc", "folder": "/tmp/macke/2017-07-18-17-02-24/klee/klee-out-10", "function": "ass_expand_vert_c", "phase": 1}, "klee-out-11": {"bcfile": "/tmp/macke/2017-07-18-17-02-24/bitcode/symmains.bc", "folder": "/tmp/macke/2017-07-18-17-02-24/klee/klee-out-11", "function": "pre_blur1_func", "phase": 1}, "klee-out-12": {"bcfile": "/tmp/macke/2017-07-18-17-02-24/bitcode/symmains.bc", "folder": "/tmp/macke/2017-07-18-17-02-24/klee/klee-out-12", "function": "ass_pre_blur1_horz_c", "phase": 1}, "klee-out-13": {"bcfile": "/tmp/macke/2017-07-18-17-02-24/bitcode/symmains.bc", "folder": "/tmp/macke/2017-07-18-17-02-24/klee/klee-out-13", "function": "ass_pre_blur1_vert_c", "phase": 1}, "klee-out-14": {"bcfile": "/tmp/macke/2017-07-18-17-02-24/bitcode/symmains.bc", "folder": "/tmp/macke/2017-07-18-17-02-24/klee/klee-out-14", "function": "pre_blur2_func", "phase": 1}, "klee-out-15": {"bcfile": "/tmp/macke/2017-07-18-17-02-24/bitcode/symmains.bc", "folder": "/tmp/macke/2017-07-18-17-02-24/klee/klee-out-15", "function": "ass_pre_blur2_horz_c", "phase": 1}, "klee-out-16": {"bcfile": "/tmp/macke/2017-07-18-17-02-24/bitcode/symmains.bc", "folder": "/tmp/macke/2017-07-18-17-02-24/klee/klee-out-16", "function": "ass_pre_blur2_vert_c", "phase": 1}, "klee-out-17": {"bcfile": "/tmp/macke/2017-07-18-17-02-24/bitcode/symmains.bc", "folder": "/tmp/macke/2017-07-18-17-02-24/klee/klee-out-17", "function": "pre_blur3_func", "phase": 1}, "klee-out-18": {"bcfile": "/tmp/macke/2017-07-18-17-02-24/bitcode/symmains.bc", "folder": "/tmp/macke/2017-07-18-17-02-24/klee/klee-out-18", "function": "ass_pre_blur3_horz_c", "phase": 1}, "klee-out-19": {"bcfile": "/tmp/macke/2017-07-18-17-02-24/bitcode/symmains.bc", "folder": "/tmp/macke/2017-07-18-17-02-24/klee/klee-out-19", "function": "ass_pre_blur3_vert_c", "phase": 1}, "klee-out-20": {"bcfile": "/tmp/macke/2017-07-18-17-02-24/bitcode/symmains.bc", "folder": "/tmp/macke/2017-07-18-17-02-24/klee/klee-out-20", "function": "blur_func", "phase": 1}, "klee-out-21": {"bcfile": "/tmp/macke/2017-07-18-17-02-24/bitcode/symmains.bc", "folder": "/tmp/macke/2017-07-18-17-02-24/klee/klee-out-21", "function": "ass_blur1234_horz_c", "phase": 1}, "klee-out-22": {"bcfile": "/tmp/macke/2017-07-18-17-02-24/bitcode/symmains.bc", "folder": "/tmp/macke/2017-07-18-17-02-24/klee/klee-out-22", "function": "ass_blur1234_vert_c", "phase": 1}, "klee-out-23": {"bcfile": "/tmp/macke/2017-07-18-17-02-24/bitcode/symmains.bc", "folder": "/tmp/macke/2017-07-18-17-02-24/klee/klee-out-23", "function": "ass_blur1235_horz_c", "phase": 1}, "klee-out-24": {"bcfile": "/tmp/macke/2017-07-18-17-02-24/bitcode/symmains.bc", "folder": "/tmp/macke/2017-07-18-17-02-24/klee/klee-out-24", "function": "ass_blur1235_vert_c", "phase": 1}, "klee-out-25": {"bcfile": "/tmp/macke/2017-07-18-17-02-24/bitcode/symmains.bc", "folder": "/tmp/macke/2017-07-18-17-02-24/klee/klee-out-25", "function": "ass_blur1246_horz_c", "phase": 1}, "klee-out-26": {"bcfile": "/tmp/macke/2017-07-18-17-02-24/bitcode/symmains.bc", "folder": "/tmp/macke/2017-07-18-17-02-24/klee/klee-out-26", "function": "ass_blur1246_vert_c", "phase": 1}, "klee-out-27": {"bcfile": "/tmp/macke/2017-07-18-17-02-24/bitcode/symmains.bc", "folder": "/tmp/macke/2017-07-18-17-02-24/klee/klee-out-27", "function": "calc_gauss", "phase": 1}, "klee-out-28": {"bcfile": "/tmp/macke/2017-07-18-17-02-24/bitcode/symmains.bc", "folder": "/tmp/macke/2017-07-18-17-02-24/klee/klee-out-28", "function": "coeff_filter", "phase": 1}, "klee-out-29": {"bcfile": "/tmp/macke/2017-07-18-17-02-24/bitcode/symmains.bc", "folder": "/tmp/macke/2017-07-18-17-02-24/klee/klee-out-29", "function": "coeff_blur121", "phase": 1}, "klee-out-30": {"bcfile": "/tmp/macke/2017-07-18-17-02-24/bitcode/symmains.bc", "folder": "/tmp/macke/2017-07-18-17-02-24/klee/klee-out-30", "function": "calc_matrix", "phase": 1}, "klee-out-31": {"bcfile": "/tmp/macke/2017-07-18-17-02-24/bitcode/symmains.bc", "folder": "/tmp/macke/2017-07-18-17-02-24/klee/klee-out-31", "function": "calc_coeff", "phase": 1}, "klee-out-32": {"bcfile": "/tmp/macke/2017-07-18-17-02-24/bitcode/symmains.bc", "folder": "/tmp/macke/2017-07-18-17-02-24/klee/klee-out-32", "function": "find_best_method", "phase": 1}, "klee-out-33": {"bcfile": "/tmp/macke/2017-07-18-17-02-24/bitcode/symmains.bc", "folder": "/tmp/macke/2017-07-18-17-02-24/klee/klee-out-33", "function": "ass_gaussian_blur", "phase": 1}, "klee-out-34": {"bcfile": "/tmp/macke/2017-07-18-17-02-24/bitcode/chain-calc_coeff-calc_gauss.bc", "callee": "calc_gauss", "caller": "calc_coeff", "folder": "/tmp/macke/2017-07-18-17-02-24/klee/klee-out-34", "phase": 2}, "klee-out-35": {"bcfile": "/tmp/macke/2017-07-18-17-02-24/bitcode/chain-calc_coeff-calc_matrix.bc", "callee": "calc_matrix", "caller": "calc_coeff", "folder": "/tmp/macke/2017-07-18-17-02-24/klee/klee-out-35", "phase": 2}, "klee-out-36": {"bcfile": "/tmp/macke/2017-07-18-17-02-24/bitcode/chain-calc_coeff-coeff_blur121.bc", "callee": "coeff_blur121", "caller": "calc_coeff", "folder": "/tmp/macke/2017-07-18-17-02-24/klee/klee-out-36", "phase": 2}, "klee-out-37": {"bcfile": "/tmp/macke/2017-07-18-17-02-24/bitcode/chain-calc_coeff-coeff_filter.bc", "callee": "coeff_filter", "caller": "calc_coeff", "folder": "/tmp/macke/2017-07-18-17-02-24/klee/klee-out-37", "phase": 2}, "klee-out-38": {"bcfile": "/tmp/macke/2017-07-18-17-02-24/bitcode/chain-find_best_method-calc_gauss.bc", "callee": "calc_gauss", "caller": "find_best_method", "folder": "/tmp/macke/2017-07-18-17-02-24/klee/klee-out-38", "phase": 2}, "klee-out-39": {"bcfile": "/tmp/macke/2017-07-18-17-02-24/bitcode/chain-find_best_method-calc_coeff.bc", "callee": "calc_coeff", "caller": "find_best_method", "folder": "/tmp/macke/2017-07-18-17-02-24/klee/klee-out-39", "phase": 2}}