{
  "{coeff_filter}": {
    "macke_bug_chain_length": 1,
    "node_degree": [
      0,
      1,
      1
    ],
    "faulty": false,
    "clustering_coefficient": 0,
    "macke_vulnerabilities_found": 1,
    "node_path_length": 0,
    "distance_to_interface": 4
  },
  "{ass_expand_vert_c}": {
    "macke_bug_chain_length": 1,
    "node_degree": [
      2,
      1,
      3
    ],
    "faulty": false,
    "clustering_coefficient": 0,
    "macke_vulnerabilities_found": 1,
    "node_path_length": 1,
    "distance_to_interface": 1
  },
  "{blur_func}": {
    "macke_bug_chain_length": 1,
    "node_degree": [
      0,
      6,
      6
    ],
    "faulty": false,
    "clustering_coefficient": 0,
    "macke_vulnerabilities_found": 1,
    "node_path_length": 0,
    "distance_to_interface": 2
  },
  "{copy_line}": {
    "macke_bug_chain_length": 1,
    "node_degree": [
      1,
      8,
      9
    ],
    "faulty": false,
    "clustering_coefficient": 0,
    "macke_vulnerabilities_found": 1,
    "node_path_length": 1,
    "distance_to_interface": 2
  },
  "{frexp}": {
    "macke_bug_chain_length": 0,
    "node_degree": [
      1,
      2,
      3
    ],
    "faulty": false,
    "clustering_coefficient": 0,
    "macke_vulnerabilities_found": 0,
    "node_path_length": 1,
    "distance_to_interface": 1
  },
  "{sqrt}": {
    "macke_bug_chain_length": 0,
    "node_degree": [
      1,
      2,
      3
    ],
    "faulty": false,
    "clustering_coefficient": 0,
    "macke_vulnerabilities_found": 0,
    "node_path_length": 1,
    "distance_to_interface": 1
  },
  "{ass_stripe_unpack_c}": {
    "macke_bug_chain_length": 1,
    "node_degree": [
      0,
      1,
      1
    ],
    "faulty": false,
    "clustering_coefficient": 0,
    "macke_vulnerabilities_found": 1,
    "node_path_length": 0,
    "distance_to_interface": 1
  },
  "{llvm.dbg.declare}": {
    "macke_bug_chain_length": 0,
    "node_degree": [
      0,
      1,
      1
    ],
    "faulty": false,
    "clustering_coefficient": 0,
    "macke_vulnerabilities_found": 0,
    "node_path_length": 0,
    "distance_to_interface": 1
  },
  "{ass_pre_blur2_vert_c}": {
    "macke_bug_chain_length": 1,
    "node_degree": [
      2,
      1,
      3
    ],
    "faulty": false,
    "clustering_coefficient": 0,
    "macke_vulnerabilities_found": 1,
    "node_path_length": 1,
    "distance_to_interface": 1
  },
  "{shrink_func}": {
    "macke_bug_chain_length": 1,
    "node_degree": [
      0,
      2,
      2
    ],
    "faulty": false,
    "clustering_coefficient": 0,
    "macke_vulnerabilities_found": 1,
    "node_path_length": 0,
    "distance_to_interface": 2
  },
  "{ass_gaussian_blur}": {
    "macke_bug_chain_length": 1,
    "node_degree": [
      6,
      1,
      7
    ],
    "faulty": false,
    "clustering_coefficient": 0.38095238095238093,
    "macke_vulnerabilities_found": 1,
    "node_path_length": 2.128205128205128,
    "distance_to_interface": 1
  },
  "{calc_matrix}": {
    "macke_bug_chain_length": 1,
    "node_degree": [
      0,
      1,
      1
    ],
    "faulty": false,
    "clustering_coefficient": 0,
    "macke_vulnerabilities_found": 1,
    "node_path_length": 0,
    "distance_to_interface": 4
  },
  "{external node}": {
    "macke_bug_chain_length": 0,
    "node_degree": [
      30,
      0,
      30
    ],
    "faulty": false,
    "clustering_coefficient": 0.009195402298850575,
    "macke_vulnerabilities_found": 0,
    "node_path_length": 0,
    "distance_to_interface": 999
  },
  "{ass_shrink_vert_c}": {
    "macke_bug_chain_length": 1,
    "node_degree": [
      2,
      1,
      3
    ],
    "faulty": false,
    "clustering_coefficient": 0,
    "macke_vulnerabilities_found": 1,
    "node_path_length": 1,
    "distance_to_interface": 1
  },
  "{calc_gauss}": {
    "macke_bug_chain_length": 1,
    "node_degree": [
      2,
      2,
      4
    ],
    "faulty": false,
    "clustering_coefficient": 0.16666666666666666,
    "macke_vulnerabilities_found": 1,
    "node_path_length": 1,
    "distance_to_interface": 3
  },
  "{pre_blur1_func}": {
    "macke_bug_chain_length": 1,
    "node_degree": [
      0,
      2,
      2
    ],
    "faulty": false,
    "clustering_coefficient": 0,
    "macke_vulnerabilities_found": 1,
    "node_path_length": 0,
    "distance_to_interface": 2
  },
  "{find_best_method}": {
    "macke_bug_chain_length": 5,
    "node_degree": [
      4,
      1,
      5
    ],
    "faulty": false,
    "clustering_coefficient": 0.1,
    "macke_vulnerabilities_found": 1,
    "node_path_length": 1.9444444444444444,
    "distance_to_interface": 2
  },
  "{ass_blur1246_vert_c}": {
    "macke_bug_chain_length": 1,
    "node_degree": [
      2,
      1,
      3
    ],
    "faulty": false,
    "clustering_coefficient": 0,
    "macke_vulnerabilities_found": 1,
    "node_path_length": 1,
    "distance_to_interface": 1
  },
  "{ass_aligned_alloc}": {
    "macke_bug_chain_length": 0,
    "node_degree": [
      1,
      2,
      3
    ],
    "faulty": false,
    "clustering_coefficient": 0.6666666666666666,
    "macke_vulnerabilities_found": 0,
    "node_path_length": 1,
    "distance_to_interface": 1
  },
  "{get_line}": {
    "macke_bug_chain_length": 1,
    "node_degree": [
      0,
      9,
      9
    ],
    "faulty": false,
    "clustering_coefficient": 0,
    "macke_vulnerabilities_found": 1,
    "node_path_length": 0,
    "distance_to_interface": 2
  },
  "{ass_shrink_horz_c}": {
    "macke_bug_chain_length": 1,
    "node_degree": [
      2,
      1,
      3
    ],
    "faulty": false,
    "clustering_coefficient": 0,
    "macke_vulnerabilities_found": 1,
    "node_path_length": 1,
    "distance_to_interface": 1
  },
  "{ass_pre_blur1_horz_c}": {
    "macke_bug_chain_length": 1,
    "node_degree": [
      2,
      1,
      3
    ],
    "faulty": false,
    "clustering_coefficient": 0,
    "macke_vulnerabilities_found": 1,
    "node_path_length": 1.5,
    "distance_to_interface": 1
  },
  "{ass_blur1234_vert_c}": {
    "macke_bug_chain_length": 1,
    "node_degree": [
      2,
      1,
      3
    ],
    "faulty": false,
    "clustering_coefficient": 0,
    "macke_vulnerabilities_found": 1,
    "node_path_length": 1,
    "distance_to_interface": 1
  },
  "{pre_blur2_func}": {
    "macke_bug_chain_length": 1,
    "node_degree": [
      0,
      2,
      2
    ],
    "faulty": false,
    "clustering_coefficient": 0,
    "macke_vulnerabilities_found": 1,
    "node_path_length": 0,
    "distance_to_interface": 2
  },
  "{exp}": {
    "macke_bug_chain_length": 0,
    "node_degree": [
      1,
      2,
      3
    ],
    "faulty": false,
    "clustering_coefficient": 0,
    "macke_vulnerabilities_found": 0,
    "node_path_length": 1,
    "distance_to_interface": 1
  },
  "{llvm.memcpy.p0i8.p0i8.i64}": {
    "macke_bug_chain_length": 0,
    "node_degree": [
      0,
      1,
      1
    ],
    "faulty": false,
    "clustering_coefficient": 0,
    "macke_vulnerabilities_found": 0,
    "node_path_length": 0,
    "distance_to_interface": 1
  },
  "{calc_coeff}": {
    "macke_bug_chain_length": 1,
    "node_degree": [
      4,
      1,
      5
    ],
    "faulty": true,
    "clustering_coefficient": 0.1,
    "cvss3": {
      "confidentialityImpact": "NONE",
      "attackComplexity": "LOW",
      "vectorString": "AV:N/AC:L/PR:N/UI:N/S:U/C:N/I:N/A:H",
      "baseScore": 7.5,
      "baseSeverity": "HIGH",
      "availabilityImpact": "HIGH",
      "scope": "UNCHANGED",
      "userInteraction": "NONE",
      "attackVector": "NETWORK",
      "integrityImpact": "NONE",
      "privilegesRequired": "NONE"
    },
    "macke_vulnerabilities_found": 1,
    "node_path_length": 1,
    "distance_to_interface": 3
  },
  "{coeff_blur121}": {
    "macke_bug_chain_length": 1,
    "node_degree": [
      0,
      1,
      1
    ],
    "faulty": false,
    "clustering_coefficient": 0,
    "macke_vulnerabilities_found": 1,
    "node_path_length": 0,
    "distance_to_interface": 4
  },
  "{ass_pre_blur1_vert_c}": {
    "macke_bug_chain_length": 1,
    "node_degree": [
      2,
      1,
      3
    ],
    "faulty": false,
    "clustering_coefficient": 0,
    "macke_vulnerabilities_found": 1,
    "node_path_length": 1,
    "distance_to_interface": 1
  },
  "{ass_pre_blur2_horz_c}": {
    "macke_bug_chain_length": 1,
    "node_degree": [
      2,
      1,
      3
    ],
    "faulty": false,
    "clustering_coefficient": 0,
    "macke_vulnerabilities_found": 1,
    "node_path_length": 1,
    "distance_to_interface": 1
  },
  "{ass_blur1235_vert_c}": {
    "macke_bug_chain_length": 1,
    "node_degree": [
      2,
      1,
      3
    ],
    "faulty": false,
    "clustering_coefficient": 0,
    "macke_vulnerabilities_found": 1,
    "node_path_length": 1,
    "distance_to_interface": 1
  },
  "{ass_stripe_pack_c}": {
    "macke_bug_chain_length": 1,
    "node_degree": [
      0,
      1,
      1
    ],
    "faulty": false,
    "clustering_coefficient": 0,
    "macke_vulnerabilities_found": 1,
    "node_path_length": 0,
    "distance_to_interface": 1
  },
  "{ass_blur1235_horz_c}": {
    "macke_bug_chain_length": 1,
    "node_degree": [
      2,
      1,
      3
    ],
    "faulty": false,
    "clustering_coefficient": 0,
    "macke_vulnerabilities_found": 1,
    "node_path_length": 1,
    "distance_to_interface": 1
  },
  "{pre_blur3_func}": {
    "macke_bug_chain_length": 1,
    "node_degree": [
      0,
      2,
      2
    ],
    "faulty": false,
    "clustering_coefficient": 0,
    "macke_vulnerabilities_found": 1,
    "node_path_length": 0,
    "distance_to_interface": 2
  },
  "{ass_pre_blur3_horz_c}": {
    "macke_bug_chain_length": 1,
    "node_degree": [
      2,
      1,
      3
    ],
    "faulty": false,
    "clustering_coefficient": 0,
    "macke_vulnerabilities_found": 1,
    "node_path_length": 1,
    "distance_to_interface": 1
  },
  "{ass_blur1234_horz_c}": {
    "macke_bug_chain_length": 1,
    "node_degree": [
      2,
      1,
      3
    ],
    "faulty": false,
    "clustering_coefficient": 0,
    "macke_vulnerabilities_found": 1,
    "node_path_length": 1,
    "distance_to_interface": 1
  },
  "{ass_expand_horz_c}": {
    "macke_bug_chain_length": 1,
    "node_degree": [
      2,
      1,
      3
    ],
    "faulty": false,
    "clustering_coefficient": 0,
    "macke_vulnerabilities_found": 1,
    "node_path_length": 1,
    "distance_to_interface": 1
  },
  "{llvm.memset.p0i8.i64}": {
    "macke_bug_chain_length": 0,
    "node_degree": [
      0,
      1,
      1
    ],
    "faulty": false,
    "clustering_coefficient": 0,
    "macke_vulnerabilities_found": 0,
    "node_path_length": 0,
    "distance_to_interface": 1
  },
  "{expand_func}": {
    "macke_bug_chain_length": 1,
    "node_degree": [
      0,
      2,
      2
    ],
    "faulty": false,
    "clustering_coefficient": 0,
    "macke_vulnerabilities_found": 1,
    "node_path_length": 0,
    "distance_to_interface": 2
  },
  "{pow}": {
    "macke_bug_chain_length": 0,
    "node_degree": [
      1,
      2,
      3
    ],
    "faulty": false,
    "clustering_coefficient": 0,
    "macke_vulnerabilities_found": 0,
    "node_path_length": 1,
    "distance_to_interface": 1
  },
  "{realloc_bitmap}": {
    "macke_bug_chain_length": 0,
    "node_degree": [
      1,
      2,
      3
    ],
    "faulty": false,
    "clustering_coefficient": 0.6666666666666666,
    "macke_vulnerabilities_found": 0,
    "node_path_length": 1,
    "distance_to_interface": 1
  },
  "{ass_pre_blur3_vert_c}": {
    "macke_bug_chain_length": 1,
    "node_degree": [
      2,
      1,
      3
    ],
    "faulty": false,
    "clustering_coefficient": 0,
    "macke_vulnerabilities_found": 1,
    "node_path_length": 1,
    "distance_to_interface": 1
  },
  "{ass_blur1246_horz_c}": {
    "macke_bug_chain_length": 1,
    "node_degree": [
      2,
      1,
      3
    ],
    "faulty": false,
    "clustering_coefficient": 0,
    "macke_vulnerabilities_found": 1,
    "node_path_length": 1,
    "distance_to_interface": 1
  },
  "{__assert_fail}": {
    "macke_bug_chain_length": 0,
    "node_degree": [
      1,
      2,
      3
    ],
    "faulty": false,
    "clustering_coefficient": 0.6666666666666666,
    "macke_vulnerabilities_found": 0,
    "node_path_length": 1,
    "distance_to_interface": 1
  },
  "{ass_aligned_free}": {
    "macke_bug_chain_length": 0,
    "node_degree": [
      1,
      2,
      3
    ],
    "faulty": false,
    "clustering_coefficient": 0.6666666666666666,
    "macke_vulnerabilities_found": 0,
    "node_path_length": 1,
    "distance_to_interface": 1
  }
}
