{
  "{external node}": {
    "clustering_coefficient": 0.05128205128205128,
    "faulty": false,
    "macke_bug_chain_length": 0,
    "node_degree": [
      13,
      0,
      13
    ],
    "distance_to_interface": 999,
    "macke_vulnerabilities_found": 0,
    "node_path_length": 0
  },
  "{bmp_pad_reset}": {
    "clustering_coefficient": 0,
    "faulty": false,
    "macke_bug_chain_length": 1,
    "node_degree": [
      0,
      1,
      1
    ],
    "distance_to_interface": 3,
    "macke_vulnerabilities_found": 1,
    "node_path_length": 0
  },
  "{fgetc}": {
    "clustering_coefficient": 0.1388888888888889,
    "faulty": false,
    "macke_bug_chain_length": 0,
    "node_degree": [
      1,
      8,
      9
    ],
    "distance_to_interface": 1,
    "macke_vulnerabilities_found": 0,
    "node_path_length": 1
  },
  "{bmp_pad}": {
    "clustering_coefficient": 0,
    "faulty": false,
    "macke_bug_chain_length": 1,
    "node_degree": [
      1,
      1,
      2
    ],
    "distance_to_interface": 3,
    "macke_vulnerabilities_found": 1,
    "node_path_length": 1
  },
  "{lobit}": {
    "clustering_coefficient": 0,
    "faulty": false,
    "macke_bug_chain_length": 1,
    "node_degree": [
      0,
      1,
      1
    ],
    "distance_to_interface": 3,
    "macke_vulnerabilities_found": 1,
    "node_path_length": 0
  },
  "{fprintf}": {
    "clustering_coefficient": 0.3333333333333333,
    "faulty": false,
    "macke_bug_chain_length": 0,
    "node_degree": [
      1,
      2,
      3
    ],
    "distance_to_interface": 1,
    "macke_vulnerabilities_found": 0,
    "node_path_length": 1
  },
  "{bm_writepbm}": {
    "clustering_coefficient": 0.6666666666666666,
    "faulty": false,
    "macke_bug_chain_length": 1,
    "node_degree": [
      2,
      1,
      3
    ],
    "distance_to_interface": 1,
    "macke_vulnerabilities_found": 1,
    "node_path_length": 2
  },
  "{calloc}": {
    "clustering_coefficient": 0,
    "faulty": false,
    "macke_bug_chain_length": 0,
    "node_degree": [
      1,
      2,
      3
    ],
    "distance_to_interface": 1,
    "macke_vulnerabilities_found": 0,
    "node_path_length": 1
  },
  "{malloc}": {
    "clustering_coefficient": 0,
    "faulty": false,
    "macke_bug_chain_length": 0,
    "node_degree": [
      1,
      2,
      3
    ],
    "distance_to_interface": 1,
    "macke_vulnerabilities_found": 0,
    "node_path_length": 1
  },
  "{llvm.dbg.declare}": {
    "clustering_coefficient": 0,
    "faulty": false,
    "macke_bug_chain_length": 0,
    "node_degree": [
      0,
      1,
      1
    ],
    "distance_to_interface": 1,
    "macke_vulnerabilities_found": 0,
    "node_path_length": 0
  },
  "{readbit}": {
    "clustering_coefficient": 0,
    "faulty": false,
    "macke_bug_chain_length": 1,
    "node_degree": [
      1,
      1,
      2
    ],
    "distance_to_interface": 3,
    "macke_vulnerabilities_found": 1,
    "node_path_length": 1
  },
  "{llvm.memset.p0i8.i64}": {
    "clustering_coefficient": 0,
    "faulty": false,
    "macke_bug_chain_length": 0,
    "node_degree": [
      0,
      1,
      1
    ],
    "distance_to_interface": 1,
    "macke_vulnerabilities_found": 0,
    "node_path_length": 0
  },
  "{fputc}": {
    "clustering_coefficient": 0.3333333333333333,
    "faulty": false,
    "macke_bug_chain_length": 0,
    "node_degree": [
      1,
      3,
      4
    ],
    "distance_to_interface": 1,
    "macke_vulnerabilities_found": 0,
    "node_path_length": 1
  },
  "{free}": {
    "clustering_coefficient": 0.1,
    "faulty": false,
    "macke_bug_chain_length": 0,
    "node_degree": [
      1,
      4,
      5
    ],
    "distance_to_interface": 1,
    "macke_vulnerabilities_found": 0,
    "node_path_length": 1
  },
  "{bm_read}": {
    "clustering_coefficient": 0.3,
    "faulty": false,
    "macke_bug_chain_length": 0,
    "node_degree": [
      4,
      1,
      5
    ],
    "distance_to_interface": 1,
    "macke_vulnerabilities_found": 0,
    "node_path_length": 2.507575757575758
  },
  "{bmp_readint}": {
    "clustering_coefficient": 0,
    "faulty": false,
    "macke_bug_chain_length": 1,
    "node_degree": [
      1,
      1,
      2
    ],
    "distance_to_interface": 3,
    "macke_vulnerabilities_found": 1,
    "node_path_length": 1
  },
  "{fgetc_ws}": {
    "clustering_coefficient": 0.3333333333333333,
    "faulty": false,
    "macke_bug_chain_length": 1,
    "node_degree": [
      1,
      3,
      4
    ],
    "distance_to_interface": 2,
    "macke_vulnerabilities_found": 1,
    "node_path_length": 1
  },
  "{bmp_forward}": {
    "clustering_coefficient": 0,
    "faulty": false,
    "macke_bug_chain_length": 1,
    "node_degree": [
      1,
      1,
      2
    ],
    "distance_to_interface": 3,
    "macke_vulnerabilities_found": 1,
    "node_path_length": 1
  },
  "{bm_clear}": {
    "clustering_coefficient": 0,
    "faulty": false,
    "macke_bug_chain_length": 1,
    "node_degree": [
      0,
      2,
      2
    ],
    "distance_to_interface": 3,
    "macke_vulnerabilities_found": 1,
    "node_path_length": 0
  },
  "{ungetc}": {
    "clustering_coefficient": 0,
    "faulty": false,
    "macke_bug_chain_length": 0,
    "node_degree": [
      1,
      2,
      3
    ],
    "distance_to_interface": 1,
    "macke_vulnerabilities_found": 0,
    "node_path_length": 1
  },
  "{bm_readbody_pnm}": {
    "clustering_coefficient": 0.09523809523809523,
    "faulty": false,
    "macke_bug_chain_length": 0,
    "node_degree": [
      6,
      1,
      7
    ],
    "distance_to_interface": 2,
    "macke_vulnerabilities_found": 0,
    "node_path_length": 1.3333333333333333
  },
  "{readnum}": {
    "clustering_coefficient": 0.3333333333333333,
    "faulty": false,
    "macke_bug_chain_length": 1,
    "node_degree": [
      3,
      1,
      4
    ],
    "distance_to_interface": 3,
    "macke_vulnerabilities_found": 1,
    "node_path_length": 1
  },
  "{bm_readbody_bmp}": {
    "clustering_coefficient": 0.022222222222222223,
    "faulty": true,
    "macke_bug_chain_length": 0,
    "node_degree": [
      9,
      1,
      10
    ],
    "cvss3": {
      "integrityImpact": "HIGH",
      "confidentialityImpact": "HIGH",
      "scope": "UNCHANGED",
      "vectorString": "AV:L/AC:L/PR:N/UI:R/S:U/C:H/I:H/A:H",
      "privilegesRequired": "NONE",
      "baseSeverity": "HIGH",
      "attackVector": "LOCAL",
      "baseScore": 7.8,
      "attackComplexity": "LOW",
      "availabilityImpact": "HIGH",
      "userInteraction": "REQUIRED"
    },
    "distance_to_interface": 2,
    "macke_vulnerabilities_found": 0,
    "node_path_length": 2
  },
  "{bm_new}": {
    "clustering_coefficient": 0.1,
    "faulty": false,
    "macke_bug_chain_length": 1,
    "node_degree": [
      3,
      2,
      5
    ],
    "distance_to_interface": 3,
    "macke_vulnerabilities_found": 1,
    "node_path_length": 1.6
  },
  "{bm_print}": {
    "clustering_coefficient": 1,
    "faulty": false,
    "macke_bug_chain_length": 1,
    "node_degree": [
      1,
      1,
      2
    ],
    "distance_to_interface": 1,
    "macke_vulnerabilities_found": 1,
    "node_path_length": 1
  },
  "{__errno_location}": {
    "clustering_coefficient": 0,
    "faulty": false,
    "macke_bug_chain_length": 0,
    "node_degree": [
      1,
      2,
      3
    ],
    "distance_to_interface": 1,
    "macke_vulnerabilities_found": 0,
    "node_path_length": 1
  },
  "{bm_free}": {
    "clustering_coefficient": 0,
    "faulty": false,
    "macke_bug_chain_length": 1,
    "node_degree": [
      1,
      1,
      2
    ],
    "distance_to_interface": 3,
    "macke_vulnerabilities_found": 1,
    "node_path_length": 1
  }
}
