{
  "{time}": {
    "node_degree": [
      1,
      2,
      3
    ],
    "macke_bug_chain_length": 0,
    "node_path_length": 1,
    "faulty": false,
    "distance_to_interface": 1,
    "clustering_coefficient": 0.3333333333333333,
    "macke_vulnerabilities_found": 0
  },
  "{xmlDictReference}": {
    "node_degree": [
      3,
      2,
      5
    ],
    "macke_bug_chain_length": 1,
    "node_path_length": 2.878787878787879,
    "faulty": false,
    "distance_to_interface": 1,
    "clustering_coefficient": 0.6,
    "macke_vulnerabilities_found": 1
  },
  "{__xmlRandom}": {
    "node_degree": [
      4,
      2,
      6
    ],
    "macke_bug_chain_length": 1,
    "node_path_length": 1,
    "faulty": false,
    "distance_to_interface": 1,
    "clustering_coefficient": 0.6,
    "macke_vulnerabilities_found": 1
  },
  "{xmlNewRMutex}": {
    "node_degree": [
      1,
      2,
      3
    ],
    "macke_bug_chain_length": 0,
    "node_path_length": 1,
    "faulty": false,
    "distance_to_interface": 1,
    "clustering_coefficient": 0.3333333333333333,
    "macke_vulnerabilities_found": 0
  },
  "{xmlDictSetLimit}": {
    "node_degree": [
      0,
      1,
      1
    ],
    "macke_bug_chain_length": 1,
    "node_path_length": 0,
    "faulty": false,
    "distance_to_interface": 1,
    "clustering_coefficient": 0,
    "macke_vulnerabilities_found": 1
  },
  "{llvm.memcpy.p0i8.p0i8.i64}": {
    "node_degree": [
      0,
      1,
      1
    ],
    "macke_bug_chain_length": 0,
    "node_path_length": 0,
    "faulty": false,
    "distance_to_interface": 1,
    "clustering_coefficient": 0,
    "macke_vulnerabilities_found": 0
  },
  "{xmlDictQLookup}": {
    "node_degree": [
      10,
      1,
      11
    ],
    "macke_bug_chain_length": 1,
    "node_path_length": 1.125,
    "faulty": false,
    "distance_to_interface": 1,
    "clustering_coefficient": 0.2545454545454545,
    "macke_vulnerabilities_found": 1
  },
  "{xmlDictGetUsage}": {
    "node_degree": [
      0,
      1,
      1
    ],
    "macke_bug_chain_length": 1,
    "node_path_length": 0,
    "faulty": false,
    "distance_to_interface": 1,
    "clustering_coefficient": 0,
    "macke_vulnerabilities_found": 1
  },
  "{xmlRMutexUnlock}": {
    "node_degree": [
      1,
      5,
      6
    ],
    "macke_bug_chain_length": 0,
    "node_path_length": 0,
    "faulty": false,
    "distance_to_interface": 1,
    "clustering_coefficient": 0.5333333333333333,
    "macke_vulnerabilities_found": 0
  },
  "{xmlDictAddString}": {
    "node_degree": [
      1,
      2,
      3
    ],
    "macke_bug_chain_length": 1,
    "node_path_length": 1,
    "faulty": false,
    "distance_to_interface": 2,
    "clustering_coefficient": 0.6666666666666666,
    "macke_vulnerabilities_found": 1
  },
  "{llvm.dbg.declare}": {
    "node_degree": [
      0,
      1,
      1
    ],
    "macke_bug_chain_length": 0,
    "node_path_length": 0,
    "faulty": false,
    "distance_to_interface": 1,
    "clustering_coefficient": 0,
    "macke_vulnerabilities_found": 0
  },
  "{xmlRMutexLock}": {
    "node_degree": [
      1,
      5,
      6
    ],
    "macke_bug_chain_length": 0,
    "node_path_length": 0,
    "faulty": false,
    "distance_to_interface": 1,
    "clustering_coefficient": 0.5333333333333333,
    "macke_vulnerabilities_found": 0
  },
  "{xmlDictSize}": {
    "node_degree": [
      0,
      1,
      1
    ],
    "macke_bug_chain_length": 1,
    "node_path_length": 0,
    "faulty": false,
    "distance_to_interface": 1,
    "clustering_coefficient": 0,
    "macke_vulnerabilities_found": 1
  },
  "{xmlDictComputeBigQKey}": {
    "node_degree": [
      0,
      1,
      1
    ],
    "macke_bug_chain_length": 1,
    "node_path_length": 0,
    "faulty": false,
    "distance_to_interface": 2,
    "clustering_coefficient": 0,
    "macke_vulnerabilities_found": 1
  },
  "{xmlDictFree}": {
    "node_degree": [
      5,
      2,
      7
    ],
    "macke_bug_chain_length": 1,
    "node_path_length": 1.3333333333333333,
    "faulty": false,
    "distance_to_interface": 1,
    "clustering_coefficient": 0.5714285714285714,
    "macke_vulnerabilities_found": 1
  },
  "{strlen}": {
    "node_degree": [
      1,
      4,
      5
    ],
    "macke_bug_chain_length": 0,
    "node_path_length": 1,
    "faulty": false,
    "distance_to_interface": 1,
    "clustering_coefficient": 0.6,
    "macke_vulnerabilities_found": 0
  },
  "{xmlDictComputeFastQKey}": {
    "node_degree": [
      0,
      1,
      1
    ],
    "macke_bug_chain_length": 1,
    "node_path_length": 0,
    "faulty": false,
    "distance_to_interface": 2,
    "clustering_coefficient": 0,
    "macke_vulnerabilities_found": 1
  },
  "{__xmlInitializeDict}": {
    "node_degree": [
      5,
      5,
      10
    ],
    "macke_bug_chain_length": 1,
    "node_path_length": 2,
    "faulty": false,
    "distance_to_interface": 1,
    "clustering_coefficient": 0.37777777777777777,
    "macke_vulnerabilities_found": 1
  },
  "{xmlFreeRMutex}": {
    "node_degree": [
      1,
      2,
      3
    ],
    "macke_bug_chain_length": 0,
    "node_path_length": 1,
    "faulty": false,
    "distance_to_interface": 1,
    "clustering_coefficient": 0.3333333333333333,
    "macke_vulnerabilities_found": 0
  },
  "{xmlDictLookup}": {
    "node_degree": [
      7,
      2,
      9
    ],
    "macke_bug_chain_length": 1,
    "node_path_length": 1.2592592592592593,
    "faulty": false,
    "distance_to_interface": 1,
    "clustering_coefficient": 0.3888888888888889,
    "macke_vulnerabilities_found": 1
  },
  "{xmlDictCreate}": {
    "node_degree": [
      3,
      2,
      5
    ],
    "macke_bug_chain_length": 1,
    "node_path_length": 1.5,
    "faulty": false,
    "distance_to_interface": 1,
    "clustering_coefficient": 0.4,
    "macke_vulnerabilities_found": 1
  },
  "{xmlDictOwns}": {
    "node_degree": [
      1,
      2,
      3
    ],
    "macke_bug_chain_length": 1,
    "node_path_length": 1,
    "faulty": false,
    "distance_to_interface": 1,
    "clustering_coefficient": 0.3333333333333333,
    "macke_vulnerabilities_found": 1
  },
  "{xmlDictGrow}": {
    "node_degree": [
      3,
      2,
      5
    ],
    "macke_bug_chain_length": 1,
    "node_path_length": 1,
    "faulty": false,
    "distance_to_interface": 2,
    "clustering_coefficient": 0.7,
    "macke_vulnerabilities_found": 1
  },
  "{external node}": {
    "node_degree": [
      27,
      0,
      27
    ],
    "macke_bug_chain_length": 0,
    "node_path_length": 0,
    "faulty": false,
    "distance_to_interface": 999,
    "clustering_coefficient": 0.07692307692307693,
    "macke_vulnerabilities_found": 0
  },
  "{rand_r}": {
    "node_degree": [
      1,
      3,
      4
    ],
    "macke_bug_chain_length": 0,
    "node_path_length": 1,
    "faulty": false,
    "distance_to_interface": 1,
    "clustering_coefficient": 0.5,
    "macke_vulnerabilities_found": 0
  },
  "{xmlDictComputeBigKey}": {
    "node_degree": [
      0,
      4,
      4
    ],
    "macke_bug_chain_length": 1,
    "node_path_length": 0,
    "faulty": false,
    "distance_to_interface": 2,
    "clustering_coefficient": 0.5,
    "macke_vulnerabilities_found": 1
  },
  "{xmlStrQEqual}": {
    "node_degree": [
      1,
      2,
      3
    ],
    "macke_bug_chain_length": 0,
    "node_path_length": 1,
    "faulty": false,
    "distance_to_interface": 1,
    "clustering_coefficient": 0.6666666666666666,
    "macke_vulnerabilities_found": 0
  },
  "{xmlInitializeDict}": {
    "node_degree": [
      0,
      1,
      1
    ],
    "macke_bug_chain_length": 1,
    "node_path_length": 0,
    "faulty": false,
    "distance_to_interface": 1,
    "clustering_coefficient": 0,
    "macke_vulnerabilities_found": 1
  },
  "{xmlDictExists}": {
    "node_degree": [
      4,
      1,
      5
    ],
    "macke_bug_chain_length": 1,
    "node_path_length": 1.3333333333333333,
    "faulty": false,
    "distance_to_interface": 1,
    "clustering_coefficient": 0.2,
    "macke_vulnerabilities_found": 1
  },
  "{xmlDictAddQString}": {
    "node_degree": [
      2,
      1,
      3
    ],
    "macke_bug_chain_length": 1,
    "node_path_length": 1,
    "faulty": false,
    "distance_to_interface": 2,
    "clustering_coefficient": 0.6666666666666666,
    "macke_vulnerabilities_found": 1
  },
  "{xmlDictCreateSub}": {
    "node_degree": [
      2,
      1,
      3
    ],
    "macke_bug_chain_length": 1,
    "node_path_length": 3.7757009345794392,
    "faulty": false,
    "distance_to_interface": 1,
    "clustering_coefficient": 0.6666666666666666,
    "macke_vulnerabilities_found": 1
  },
  "{xmlDictComputeFastKey}": {
    "node_degree": [
      0,
      4,
      4
    ],
    "macke_bug_chain_length": 1,
    "node_path_length": 0,
    "cvss3": {
      "vectorString": "AV:N/AC:L/PR:N/UI:R/S:U/C:H/I:H/A:H",
      "privilegesRequired": "NONE",
      "userInteraction": "REQUIRED",
      "availabilityImpact": "HIGH",
      "attackVector": "NETWORK",
      "attackComplexity": "LOW",
      "scope": "UNCHANGED",
      "integrityImpact": "HIGH",
      "baseScore": 8.8,
      "confidentialityImpact": "HIGH",
      "baseSeverity": "HIGH"
    },
    "faulty": true,
    "distance_to_interface": 2,
    "clustering_coefficient": 0.5,
    "macke_vulnerabilities_found": 1
  },
  "{xmlDictCleanup}": {
    "node_degree": [
      1,
      1,
      2
    ],
    "macke_bug_chain_length": 1,
    "node_path_length": 1,
    "faulty": false,
    "distance_to_interface": 1,
    "clustering_coefficient": 1,
    "macke_vulnerabilities_found": 1
  },
  "{llvm.memset.p0i8.i64}": {
    "node_degree": [
      0,
      1,
      1
    ],
    "macke_bug_chain_length": 0,
    "node_path_length": 0,
    "faulty": false,
    "distance_to_interface": 1,
    "clustering_coefficient": 0,
    "macke_vulnerabilities_found": 0
  },
  "{memcmp}": {
    "node_degree": [
      1,
      3,
      4
    ],
    "macke_bug_chain_length": 0,
    "node_path_length": 1,
    "faulty": false,
    "distance_to_interface": 1,
    "clustering_coefficient": 0.5,
    "macke_vulnerabilities_found": 0
  }
}
