{
  "{png_set_read_fn}": {
    "macke_bug_chain_length": 0,
    "node_degree": [
      1,
      2,
      3
    ],
    "macke_vulnerabilities_found": 0,
    "faulty": false,
    "distance_to_interface": 1,
    "clustering_coefficient": 0,
    "node_path_length": 1
  },
  "{fread}": {
    "macke_bug_chain_length": 0,
    "node_degree": [
      1,
      2,
      3
    ],
    "macke_vulnerabilities_found": 0,
    "faulty": false,
    "distance_to_interface": 1,
    "clustering_coefficient": 0,
    "node_path_length": 1
  },
  "{extract_icons}": {
    "macke_bug_chain_length": 0,
    "node_degree": [
      25,
      1,
      26
    ],
    "macke_vulnerabilities_found": 0,
    "faulty": true,
    "distance_to_interface": 1,
    "clustering_coefficient": 0.1476923076923077,
    "node_path_length": 1.4093759853995376,
    "cvss3": {
      "vectorString": "AV:L/AC:L/PR:N/UI:R/S:U/C:N/I:N/A:H",
      "scope": "UNCHANGED",
      "userInteraction": "REQUIRED",
      "confidentialityImpact": "NONE",
      "attackVector": "LOCAL",
      "attackComplexity": "LOW",
      "privilegesRequired": "NONE",
      "availabilityImpact": "HIGH",
      "baseScore": 5.5,
      "integrityImpact": "NONE",
      "baseSeverity": "MEDIUM"
    }
  },
  "{png_get_io_ptr}": {
    "macke_bug_chain_length": 0,
    "node_degree": [
      1,
      2,
      3
    ],
    "macke_vulnerabilities_found": 0,
    "faulty": false,
    "distance_to_interface": 1,
    "clustering_coefficient": 0.3333333333333333,
    "node_path_length": 1
  },
  "{png_create_read_struct}": {
    "macke_bug_chain_length": 0,
    "node_degree": [
      1,
      2,
      3
    ],
    "macke_vulnerabilities_found": 0,
    "faulty": false,
    "distance_to_interface": 1,
    "clustering_coefficient": 0,
    "node_path_length": 1
  },
  "{png_read_update_info}": {
    "macke_bug_chain_length": 0,
    "node_degree": [
      1,
      2,
      3
    ],
    "macke_vulnerabilities_found": 0,
    "faulty": false,
    "distance_to_interface": 1,
    "clustering_coefficient": 0,
    "node_path_length": 1
  },
  "{gettext}": {
    "macke_bug_chain_length": 0,
    "node_degree": [
      1,
      5,
      6
    ],
    "macke_vulnerabilities_found": 0,
    "faulty": false,
    "distance_to_interface": 1,
    "clustering_coefficient": 0.3333333333333333,
    "node_path_length": 1
  },
  "{printf}": {
    "macke_bug_chain_length": 0,
    "node_degree": [
      1,
      2,
      3
    ],
    "macke_vulnerabilities_found": 0,
    "faulty": false,
    "distance_to_interface": 1,
    "clustering_coefficient": 0.6666666666666666,
    "node_path_length": 1
  },
  "{png_get_image_width}": {
    "macke_bug_chain_length": 0,
    "node_degree": [
      1,
      2,
      3
    ],
    "macke_vulnerabilities_found": 0,
    "faulty": false,
    "distance_to_interface": 1,
    "clustering_coefficient": 0,
    "node_path_length": 1
  },
  "{free}": {
    "macke_bug_chain_length": 0,
    "node_degree": [
      1,
      2,
      3
    ],
    "macke_vulnerabilities_found": 0,
    "faulty": false,
    "distance_to_interface": 1,
    "clustering_coefficient": 0.6666666666666666,
    "node_path_length": 1
  },
  "{png_get_bit_depth}": {
    "macke_bug_chain_length": 0,
    "node_degree": [
      1,
      2,
      3
    ],
    "macke_vulnerabilities_found": 0,
    "faulty": false,
    "distance_to_interface": 1,
    "clustering_coefficient": 0,
    "node_path_length": 1
  },
  "{png_init_io}": {
    "macke_bug_chain_length": 0,
    "node_degree": [
      1,
      2,
      3
    ],
    "macke_vulnerabilities_found": 0,
    "faulty": false,
    "distance_to_interface": 1,
    "clustering_coefficient": 0.6666666666666666,
    "node_path_length": 1
  },
  "{set_message_header}": {
    "macke_bug_chain_length": 0,
    "node_degree": [
      1,
      2,
      3
    ],
    "macke_vulnerabilities_found": 0,
    "faulty": false,
    "distance_to_interface": 1,
    "clustering_coefficient": 0.6666666666666666,
    "node_path_length": 1
  },
  "{png_get_channels}": {
    "macke_bug_chain_length": 0,
    "node_degree": [
      1,
      2,
      3
    ],
    "macke_vulnerabilities_found": 0,
    "faulty": false,
    "distance_to_interface": 1,
    "clustering_coefficient": 0,
    "node_path_length": 1
  },
  "{png_get_image_height}": {
    "macke_bug_chain_length": 0,
    "node_degree": [
      1,
      2,
      3
    ],
    "macke_vulnerabilities_found": 0,
    "faulty": false,
    "distance_to_interface": 1,
    "clustering_coefficient": 0,
    "node_path_length": 1
  },
  "{png_destroy_read_struct}": {
    "macke_bug_chain_length": 0,
    "node_degree": [
      1,
      2,
      3
    ],
    "macke_vulnerabilities_found": 0,
    "faulty": false,
    "distance_to_interface": 1,
    "clustering_coefficient": 0,
    "node_path_length": 1
  },
  "{fclose}": {
    "macke_bug_chain_length": 0,
    "node_degree": [
      1,
      2,
      3
    ],
    "macke_vulnerabilities_found": 0,
    "faulty": false,
    "distance_to_interface": 1,
    "clustering_coefficient": 0.6666666666666666,
    "node_path_length": 1
  },
  "{external node}": {
    "macke_bug_chain_length": 0,
    "node_degree": [
      40,
      0,
      40
    ],
    "macke_vulnerabilities_found": 0,
    "faulty": false,
    "distance_to_interface": 999,
    "clustering_coefficient": 0.03076923076923077,
    "node_path_length": 0
  },
  "{png_set_IHDR}": {
    "macke_bug_chain_length": 0,
    "node_degree": [
      1,
      2,
      3
    ],
    "macke_vulnerabilities_found": 0,
    "faulty": false,
    "distance_to_interface": 1,
    "clustering_coefficient": 0.6666666666666666,
    "node_path_length": 1
  },
  "{xfread}": {
    "macke_bug_chain_length": 1,
    "node_degree": [
      5,
      1,
      6
    ],
    "macke_vulnerabilities_found": 1,
    "faulty": false,
    "distance_to_interface": 2,
    "clustering_coefficient": 0.2,
    "node_path_length": 1.2307692307692308
  },
  "{png_write_info}": {
    "macke_bug_chain_length": 0,
    "node_degree": [
      1,
      2,
      3
    ],
    "macke_vulnerabilities_found": 0,
    "faulty": false,
    "distance_to_interface": 1,
    "clustering_coefficient": 0.6666666666666666,
    "node_path_length": 1
  },
  "{png_read_mem}": {
    "macke_bug_chain_length": 1,
    "node_degree": [
      3,
      1,
      4
    ],
    "macke_vulnerabilities_found": 1,
    "faulty": false,
    "distance_to_interface": 1,
    "clustering_coefficient": 0.5,
    "node_path_length": 1.2
  },
  "{llvm.dbg.declare}": {
    "macke_bug_chain_length": 0,
    "node_degree": [
      0,
      1,
      1
    ],
    "macke_vulnerabilities_found": 0,
    "faulty": false,
    "distance_to_interface": 1,
    "clustering_coefficient": 0,
    "node_path_length": 0
  },
  "{ferror}": {
    "macke_bug_chain_length": 0,
    "node_degree": [
      1,
      2,
      3
    ],
    "macke_vulnerabilities_found": 0,
    "faulty": false,
    "distance_to_interface": 1,
    "clustering_coefficient": 0,
    "node_path_length": 1
  },
  "{fskip}": {
    "macke_bug_chain_length": 0,
    "node_degree": [
      1,
      2,
      3
    ],
    "macke_vulnerabilities_found": 0,
    "faulty": false,
    "distance_to_interface": 1,
    "clustering_coefficient": 0.6666666666666666,
    "node_path_length": 1
  },
  "{restore_message_header}": {
    "macke_bug_chain_length": 0,
    "node_degree": [
      1,
      2,
      3
    ],
    "macke_vulnerabilities_found": 0,
    "faulty": false,
    "distance_to_interface": 1,
    "clustering_coefficient": 0.6666666666666666,
    "node_path_length": 1
  },
  "{abs}": {
    "macke_bug_chain_length": 0,
    "node_degree": [
      1,
      2,
      3
    ],
    "macke_vulnerabilities_found": 0,
    "faulty": false,
    "distance_to_interface": 1,
    "clustering_coefficient": 0.6666666666666666,
    "node_path_length": 1
  },
  "{png_write_row}": {
    "macke_bug_chain_length": 0,
    "node_degree": [
      1,
      2,
      3
    ],
    "macke_vulnerabilities_found": 0,
    "faulty": false,
    "distance_to_interface": 1,
    "clustering_coefficient": 0.6666666666666666,
    "node_path_length": 1
  },
  "{png_error}": {
    "macke_bug_chain_length": 0,
    "node_degree": [
      1,
      2,
      3
    ],
    "macke_vulnerabilities_found": 0,
    "faulty": false,
    "distance_to_interface": 1,
    "clustering_coefficient": 0.3333333333333333,
    "node_path_length": 1
  },
  "{read_png}": {
    "macke_bug_chain_length": 1,
    "node_degree": [
      14,
      1,
      15
    ],
    "macke_vulnerabilities_found": 1,
    "faulty": false,
    "distance_to_interface": 2,
    "clustering_coefficient": 0.02857142857142857,
    "node_path_length": 1.18562874251497
  },
  "{fseek}": {
    "macke_bug_chain_length": 0,
    "node_degree": [
      1,
      2,
      3
    ],
    "macke_vulnerabilities_found": 0,
    "faulty": false,
    "distance_to_interface": 1,
    "clustering_coefficient": 0.6666666666666666,
    "node_path_length": 1
  },
  "{png_read_info}": {
    "macke_bug_chain_length": 0,
    "node_degree": [
      1,
      2,
      3
    ],
    "macke_vulnerabilities_found": 0,
    "faulty": false,
    "distance_to_interface": 1,
    "clustering_coefficient": 0,
    "node_path_length": 1
  },
  "{warn_errno}": {
    "macke_bug_chain_length": 0,
    "node_degree": [
      1,
      3,
      4
    ],
    "macke_vulnerabilities_found": 0,
    "faulty": false,
    "distance_to_interface": 1,
    "clustering_coefficient": 0.5,
    "node_path_length": 0
  },
  "{_setjmp}": {
    "macke_bug_chain_length": 0,
    "node_degree": [
      1,
      2,
      3
    ],
    "macke_vulnerabilities_found": 0,
    "faulty": false,
    "distance_to_interface": 1,
    "clustering_coefficient": 0,
    "node_path_length": 1
  },
  "{png_get_color_type}": {
    "macke_bug_chain_length": 0,
    "node_degree": [
      1,
      2,
      3
    ],
    "macke_vulnerabilities_found": 0,
    "faulty": false,
    "distance_to_interface": 1,
    "clustering_coefficient": 0,
    "node_path_length": 1
  },
  "{png_destroy_write_struct}": {
    "macke_bug_chain_length": 0,
    "node_degree": [
      1,
      2,
      3
    ],
    "macke_vulnerabilities_found": 0,
    "faulty": false,
    "distance_to_interface": 1,
    "clustering_coefficient": 0.6666666666666666,
    "node_path_length": 1
  },
  "{png_create_info_struct}": {
    "macke_bug_chain_length": 0,
    "node_degree": [
      1,
      3,
      4
    ],
    "macke_vulnerabilities_found": 0,
    "faulty": false,
    "distance_to_interface": 1,
    "clustering_coefficient": 0.5,
    "node_path_length": 1
  },
  "{png_write_end}": {
    "macke_bug_chain_length": 0,
    "node_degree": [
      1,
      2,
      3
    ],
    "macke_vulnerabilities_found": 0,
    "faulty": false,
    "distance_to_interface": 1,
    "clustering_coefficient": 0.6666666666666666,
    "node_path_length": 1
  },
  "{simple_vec}": {
    "macke_bug_chain_length": 1,
    "node_degree": [
      0,
      1,
      1
    ],
    "macke_vulnerabilities_found": 1,
    "faulty": false,
    "distance_to_interface": 2,
    "clustering_coefficient": 0,
    "node_path_length": 0
  },
  "{warn}": {
    "macke_bug_chain_length": 0,
    "node_degree": [
      1,
      4,
      5
    ],
    "macke_vulnerabilities_found": 0,
    "faulty": false,
    "distance_to_interface": 1,
    "clustering_coefficient": 0.4,
    "node_path_length": 0
  },
  "{fwrite}": {
    "macke_bug_chain_length": 0,
    "node_degree": [
      1,
      2,
      3
    ],
    "macke_vulnerabilities_found": 0,
    "faulty": false,
    "distance_to_interface": 1,
    "clustering_coefficient": 0.6666666666666666,
    "node_path_length": 1
  },
  "{xmalloc}": {
    "macke_bug_chain_length": 0,
    "node_degree": [
      1,
      2,
      3
    ],
    "macke_vulnerabilities_found": 0,
    "faulty": false,
    "distance_to_interface": 1,
    "clustering_coefficient": 0.6666666666666666,
    "node_path_length": 1
  },
  "{png_create_write_struct}": {
    "macke_bug_chain_length": 0,
    "node_degree": [
      1,
      2,
      3
    ],
    "macke_vulnerabilities_found": 0,
    "faulty": false,
    "distance_to_interface": 1,
    "clustering_coefficient": 0.6666666666666666,
    "node_path_length": 1
  },
  "{llvm.memcpy.p0i8.p0i8.i64}": {
    "macke_bug_chain_length": 0,
    "node_degree": [
      0,
      1,
      1
    ],
    "macke_vulnerabilities_found": 0,
    "faulty": false,
    "distance_to_interface": 1,
    "clustering_coefficient": 0,
    "node_path_length": 0
  }
}
