{"{FormatLocaleString}": {"faulty": false, "distance_to_interface": 1, "clustering_coefficient": 0.3333333333333333, "node_degree": [1, 2, 3], "macke_bug_chain_length": 0, "macke_vulnerabilities_found": 0, "node_path_length": 1.0}, "{ReadRLEImage}": {"faulty": true, "distance_to_interface": 1, "clustering_coefficient": 0.046153846153846156, "node_degree": [39, 1, 40], "cvss3": {"vectorString": "AV:L/AC:L/PR:N/UI:R/S:U/C:H/I:H/A:H", "integrityImpact": "HIGH", "baseSeverity": "HIGH", "privilegesRequired": "NONE", "userInteraction": "REQUIRED", "baseScore": 7.8, "attackVector": "LOCAL", "scope": "UNCHANGED", "availabilityImpact": "HIGH", "confidentialityImpact": "HIGH", "attackComplexity": "LOW"}, "macke_bug_chain_length": 1, "macke_vulnerabilities_found": 1, "node_path_length": 1.0615384615384615}, "{GetAuthenticIndexQueue}": {"faulty": false, "distance_to_interface": 1, "clustering_coefficient": 0.3333333333333333, "node_degree": [1, 2, 3], "macke_bug_chain_length": 0, "macke_vulnerabilities_found": 0, "node_path_length": 1.0}, "{AcquireImageColormap}": {"faulty": false, "distance_to_interface": 1, "clustering_coefficient": 0.3333333333333333, "node_degree": [1, 2, 3], "macke_bug_chain_length": 0, "macke_vulnerabilities_found": 0, "node_path_length": 1.0}, "{memcmp}": {"faulty": false, "distance_to_interface": 1, "clustering_coefficient": 0.3333333333333333, "node_degree": [1, 3, 4], "macke_bug_chain_length": 0, "macke_vulnerabilities_found": 0, "node_path_length": 1.0}, "{__errno_location}": {"faulty": false, "distance_to_interface": 1, "clustering_coefficient": 0.3333333333333333, "node_degree": [1, 2, 3], "macke_bug_chain_length": 0, "macke_vulnerabilities_found": 0, "node_path_length": 1.0}, "{ScaleCharToQuantum}": {"faulty": false, "distance_to_interface": 2, "clustering_coefficient": 0, "node_degree": [0, 1, 1], "macke_bug_chain_length": 1, "macke_vulnerabilities_found": 1, "node_path_length": 0}, "{OpenBlob}": {"faulty": false, "distance_to_interface": 1, "clustering_coefficient": 0.3333333333333333, "node_degree": [1, 2, 3], "macke_bug_chain_length": 0, "macke_vulnerabilities_found": 0, "node_path_length": 1.0}, "{GetFirstImageInList}": {"faulty": false, "distance_to_interface": 1, "clustering_coefficient": 0.3333333333333333, "node_degree": [1, 2, 3], "macke_bug_chain_length": 0, "macke_vulnerabilities_found": 0, "node_path_length": 1.0}, "{SetImageExtent}": {"faulty": false, "distance_to_interface": 1, "clustering_coefficient": 0.3333333333333333, "node_degree": [1, 2, 3], "macke_bug_chain_length": 0, "macke_vulnerabilities_found": 0, "node_path_length": 1.0}, "{AcquireNextImage}": {"faulty": false, "distance_to_interface": 1, "clustering_coefficient": 0.3333333333333333, "node_degree": [1, 2, 3], "macke_bug_chain_length": 0, "macke_vulnerabilities_found": 0, "node_path_length": 1.0}, "{SyncImage}": {"faulty": false, "distance_to_interface": 1, "clustering_coefficient": 0.3333333333333333, "node_degree": [1, 2, 3], "macke_bug_chain_length": 0, "macke_vulnerabilities_found": 0, "node_path_length": 1.0}, "{EOFBlob}": {"faulty": false, "distance_to_interface": 1, "clustering_coefficient": 0.3333333333333333, "node_degree": [1, 2, 3], "macke_bug_chain_length": 0, "macke_vulnerabilities_found": 0, "node_path_length": 1.0}, "{LogMagickEvent}": {"faulty": false, "distance_to_interface": 1, "clustering_coefficient": 0.3333333333333333, "node_degree": [1, 2, 3], "macke_bug_chain_length": 0, "macke_vulnerabilities_found": 0, "node_path_length": 1.0}, "{SyncAuthenticPixels}": {"faulty": false, "distance_to_interface": 1, "clustering_coefficient": 0.3333333333333333, "node_degree": [1, 2, 3], "macke_bug_chain_length": 0, "macke_vulnerabilities_found": 0, "node_path_length": 1.0}, "{AcquireImage}": {"faulty": false, "distance_to_interface": 1, "clustering_coefficient": 0.3333333333333333, "node_degree": [1, 2, 3], "macke_bug_chain_length": 0, "macke_vulnerabilities_found": 0, "node_path_length": 1.0}, "{DestroyString}": {"faulty": false, "distance_to_interface": 1, "clustering_coefficient": 0.3333333333333333, "node_degree": [1, 2, 3], "macke_bug_chain_length": 0, "macke_vulnerabilities_found": 0, "node_path_length": 1.0}, "{ThrowMagickException}": {"faulty": false, "distance_to_interface": 1, "clustering_coefficient": 0.3333333333333333, "node_degree": [1, 3, 4], "macke_bug_chain_length": 0, "macke_vulnerabilities_found": 0, "node_path_length": 1.0}, "{ReadBlobLSBShort}": {"faulty": false, "distance_to_interface": 1, "clustering_coefficient": 0.3333333333333333, "node_degree": [1, 2, 3], "macke_bug_chain_length": 0, "macke_vulnerabilities_found": 0, "node_path_length": 1.0}, "{SetImageProperty}": {"faulty": false, "distance_to_interface": 1, "clustering_coefficient": 0.3333333333333333, "node_degree": [1, 2, 3], "macke_bug_chain_length": 0, "macke_vulnerabilities_found": 0, "node_path_length": 1.0}, "{DestroyImageList}": {"faulty": false, "distance_to_interface": 1, "clustering_coefficient": 0.3333333333333333, "node_degree": [1, 2, 3], "macke_bug_chain_length": 0, "macke_vulnerabilities_found": 0, "node_path_length": 1.0}, "{RelinquishVirtualMemory}": {"faulty": false, "distance_to_interface": 1, "clustering_coefficient": 0.3333333333333333, "node_degree": [1, 2, 3], "macke_bug_chain_length": 0, "macke_vulnerabilities_found": 0, "node_path_length": 1.0}, "{IsRLE}": {"faulty": false, "distance_to_interface": 1, "clustering_coefficient": 1.0, "node_degree": [1, 1, 2], "macke_bug_chain_length": 1, "macke_vulnerabilities_found": 1, "node_path_length": 2.0}, "{TellBlob}": {"faulty": false, "distance_to_interface": 1, "clustering_coefficient": 0.3333333333333333, "node_degree": [1, 2, 3], "macke_bug_chain_length": 0, "macke_vulnerabilities_found": 0, "node_path_length": 1.0}, "{llvm.dbg.declare}": {"faulty": false, "distance_to_interface": 1, "clustering_coefficient": 0, "node_degree": [0, 1, 1], "macke_bug_chain_length": 0, "macke_vulnerabilities_found": 0, "node_path_length": 0}, "{ReadBlobByte}": {"faulty": false, "distance_to_interface": 1, "clustering_coefficient": 0.3333333333333333, "node_degree": [1, 2, 3], "macke_bug_chain_length": 0, "macke_vulnerabilities_found": 0, "node_path_length": 1.0}, "{__assert_fail}": {"faulty": false, "distance_to_interface": 1, "clustering_coefficient": 0.3333333333333333, "node_degree": [1, 2, 3], "macke_bug_chain_length": 0, "macke_vulnerabilities_found": 0, "node_path_length": 1.0}, "{UnregisterRLEImage}": {"faulty": false, "distance_to_interface": 1, "clustering_coefficient": 1.0, "node_degree": [1, 1, 2], "macke_bug_chain_length": 1, "macke_vulnerabilities_found": 1, "node_path_length": 1.0}, "{SetMagickInfo}": {"faulty": false, "distance_to_interface": 1, "clustering_coefficient": 0.3333333333333333, "node_degree": [1, 2, 3], "macke_bug_chain_length": 0, "macke_vulnerabilities_found": 0, "node_path_length": 1.0}, "{GetNextImageInList}": {"faulty": false, "distance_to_interface": 1, "clustering_coefficient": 0.3333333333333333, "node_degree": [1, 2, 3], "macke_bug_chain_length": 0, "macke_vulnerabilities_found": 0, "node_path_length": 1.0}, "{SyncNextImageInList}": {"faulty": false, "distance_to_interface": 1, "clustering_coefficient": 0.3333333333333333, "node_degree": [1, 2, 3], "macke_bug_chain_length": 0, "macke_vulnerabilities_found": 0, "node_path_length": 1.0}, "{IsValidColormapIndex}": {"faulty": false, "distance_to_interface": 2, "clustering_coefficient": 1.0, "node_degree": [1, 1, 2], "macke_bug_chain_length": 1, "macke_vulnerabilities_found": 1, "node_path_length": 1.0}, "{QueueAuthenticPixels}": {"faulty": false, "distance_to_interface": 1, "clustering_coefficient": 0.3333333333333333, "node_degree": [1, 2, 3], "macke_bug_chain_length": 0, "macke_vulnerabilities_found": 0, "node_path_length": 1.0}, "{GetVirtualMemoryBlob}": {"faulty": false, "distance_to_interface": 1, "clustering_coefficient": 0.3333333333333333, "node_degree": [1, 2, 3], "macke_bug_chain_length": 0, "macke_vulnerabilities_found": 0, "node_path_length": 1.0}, "{ConstantString}": {"faulty": false, "distance_to_interface": 1, "clustering_coefficient": 0.3333333333333333, "node_degree": [1, 2, 3], "macke_bug_chain_length": 0, "macke_vulnerabilities_found": 0, "node_path_length": 1.0}, "{RegisterMagickInfo}": {"faulty": false, "distance_to_interface": 1, "clustering_coefficient": 0.3333333333333333, "node_degree": [1, 2, 3], "macke_bug_chain_length": 0, "macke_vulnerabilities_found": 0, "node_path_length": 1.0}, "{UnregisterMagickInfo}": {"faulty": false, "distance_to_interface": 1, "clustering_coefficient": 0.3333333333333333, "node_degree": [1, 2, 3], "macke_bug_chain_length": 0, "macke_vulnerabilities_found": 0, "node_path_length": 1.0}, "{AcquireQuantumMemory}": {"faulty": false, "distance_to_interface": 1, "clustering_coefficient": 0.3333333333333333, "node_degree": [1, 2, 3], "macke_bug_chain_length": 0, "macke_vulnerabilities_found": 0, "node_path_length": 1.0}, "{SetImageProgress}": {"faulty": false, "distance_to_interface": 2, "clustering_coefficient": 0.3333333333333333, "node_degree": [2, 1, 3], "macke_bug_chain_length": 1, "macke_vulnerabilities_found": 1, "node_path_length": 1.0}, "{AcquireVirtualMemory}": {"faulty": false, "distance_to_interface": 1, "clustering_coefficient": 0.3333333333333333, "node_degree": [1, 2, 3], "macke_bug_chain_length": 0, "macke_vulnerabilities_found": 0, "node_path_length": 1.0}, "{ReadBlobLSBSignedShort}": {"faulty": false, "distance_to_interface": 1, "clustering_coefficient": 0.3333333333333333, "node_degree": [1, 2, 3], "macke_bug_chain_length": 0, "macke_vulnerabilities_found": 0, "node_path_length": 1.0}, "{RelinquishMagickMemory}": {"faulty": false, "distance_to_interface": 1, "clustering_coefficient": 0.3333333333333333, "node_degree": [1, 2, 3], "macke_bug_chain_length": 0, "macke_vulnerabilities_found": 0, "node_path_length": 1.0}, "{external node}": {"faulty": false, "distance_to_interface": 999, "clustering_coefficient": 0.04040404040404041, "node_degree": [45, 0, 45], "macke_bug_chain_length": 0, "macke_vulnerabilities_found": 0, "node_path_length": 0}, "{RegisterRLEImage}": {"faulty": false, "distance_to_interface": 1, "clustering_coefficient": 0.5, "node_degree": [3, 1, 4], "macke_bug_chain_length": 1, "macke_vulnerabilities_found": 1, "node_path_length": 1.4285714285714286}, "{ReadBlob}": {"faulty": false, "distance_to_interface": 1, "clustering_coefficient": 0.3333333333333333, "node_degree": [1, 2, 3], "macke_bug_chain_length": 0, "macke_vulnerabilities_found": 0, "node_path_length": 1.0}, "{GetExceptionMessage}": {"faulty": false, "distance_to_interface": 1, "clustering_coefficient": 0.3333333333333333, "node_degree": [1, 2, 3], "macke_bug_chain_length": 0, "macke_vulnerabilities_found": 0, "node_path_length": 1.0}, "{InheritException}": {"faulty": false, "distance_to_interface": 1, "clustering_coefficient": 0.3333333333333333, "node_degree": [1, 2, 3], "macke_bug_chain_length": 0, "macke_vulnerabilities_found": 0, "node_path_length": 1.0}, "{CloseBlob}": {"faulty": false, "distance_to_interface": 1, "clustering_coefficient": 0.3333333333333333, "node_degree": [1, 2, 3], "macke_bug_chain_length": 0, "macke_vulnerabilities_found": 0, "node_path_length": 1.0}, "{ScaleShortToQuantum}": {"faulty": false, "distance_to_interface": 2, "clustering_coefficient": 0, "node_degree": [0, 1, 1], "macke_bug_chain_length": 1, "macke_vulnerabilities_found": 1, "node_path_length": 0}, "{GetBlobSize}": {"faulty": false, "distance_to_interface": 1, "clustering_coefficient": 0.3333333333333333, "node_degree": [1, 2, 3], "macke_bug_chain_length": 0, "macke_vulnerabilities_found": 0, "node_path_length": 1.0}}