{"{TIFFReadDirEntryCheckRangeShortSshort}": {"faulty": false, "clustering_coefficient": 0.0, "distance_to_interface": 5, "macke_vulnerabilities_found": 1, "macke_bug_chain_length": 1, "node_degree": [0, 2, 2], "node_path_length": 0}, "{TIFFReadDirEntryCheckRangeLongSlong8}": {"faulty": false, "clustering_coefficient": 0.0, "distance_to_interface": 5, "macke_vulnerabilities_found": 1, "macke_bug_chain_length": 1, "node_degree": [0, 2, 2], "node_path_length": 0}, "{TIFFReadDirEntryCheckRangeSbyteLong}": {"faulty": false, "clustering_coefficient": 0, "distance_to_interface": 5, "macke_vulnerabilities_found": 1, "macke_bug_chain_length": 1, "node_degree": [0, 1, 1], "node_path_length": 0}, "{_TIFFSetupFields}": {"faulty": false, "clustering_coefficient": 0.3333333333333333, "distance_to_interface": 1, "macke_vulnerabilities_found": 0, "macke_bug_chain_length": 0, "node_degree": [1, 2, 3], "node_path_length": 1.0}, "{__assert_fail}": {"faulty": false, "clustering_coefficient": 0.28888888888888886, "distance_to_interface": 1, "macke_vulnerabilities_found": 0, "macke_bug_chain_length": 0, "node_degree": [1, 9, 10], "node_path_length": 1.0}, "{TIFFSwabArrayOfLong8}": {"faulty": false, "clustering_coefficient": 0.0, "distance_to_interface": 1, "macke_vulnerabilities_found": 0, "macke_bug_chain_length": 0, "node_degree": [1, 6, 7], "node_path_length": 1.0}, "{TIFFReadDirEntryLong}": {"faulty": false, "clustering_coefficient": 0.0, "distance_to_interface": 4, "macke_vulnerabilities_found": 1, "macke_bug_chain_length": 1, "node_degree": [13, 1, 14], "node_path_length": 1.0}, "{TIFFReadDirEntryPersampleShort}": {"faulty": false, "clustering_coefficient": 1.0, "distance_to_interface": 2, "macke_vulnerabilities_found": 1, "macke_bug_chain_length": 1, "node_degree": [2, 1, 3], "node_path_length": 1.0}, "{TIFFReadEXIFDirectory}": {"faulty": false, "clustering_coefficient": 0.6666666666666666, "distance_to_interface": 1, "macke_vulnerabilities_found": 1, "macke_bug_chain_length": 1, "node_degree": [2, 1, 3], "node_path_length": 3.207730932070454}, "{ChopUpSingleUncompressedStrip}": {"faulty": false, "clustering_coefficient": 0.2, "distance_to_interface": 2, "macke_vulnerabilities_found": 1, "macke_bug_chain_length": 1, "node_degree": [5, 1, 6], "node_path_length": 1.125}, "{TIFFReadDirEntryCheckRangeShortLong}": {"faulty": false, "clustering_coefficient": 0.0, "distance_to_interface": 5, "macke_vulnerabilities_found": 1, "macke_bug_chain_length": 1, "node_degree": [0, 2, 2], "node_path_length": 0}, "{TIFFReadDirectoryCheckOrder}": {"faulty": false, "clustering_coefficient": 0.6666666666666666, "distance_to_interface": 2, "macke_vulnerabilities_found": 1, "macke_bug_chain_length": 1, "node_degree": [1, 2, 3], "node_path_length": 1.0}, "{TIFFSwabLong8}": {"faulty": false, "clustering_coefficient": 0.08088235294117647, "distance_to_interface": 1, "macke_vulnerabilities_found": 0, "macke_bug_chain_length": 0, "node_degree": [1, 16, 17], "node_path_length": 1.0}, "{_TIFFMergeFields}": {"faulty": false, "clustering_coefficient": 0.5, "distance_to_interface": 1, "macke_vulnerabilities_found": 0, "macke_bug_chain_length": 0, "node_degree": [1, 3, 4], "node_path_length": 1.0}, "{TIFFReadDirEntryCheckRangeLong8Slong}": {"faulty": false, "clustering_coefficient": 0.0, "distance_to_interface": 5, "macke_vulnerabilities_found": 1, "macke_bug_chain_length": 1, "node_degree": [0, 2, 2], "node_path_length": 0}, "{TIFFReadDirectoryFindEntry}": {"faulty": false, "clustering_coefficient": 0, "distance_to_interface": 2, "macke_vulnerabilities_found": 1, "macke_bug_chain_length": 1, "node_degree": [0, 1, 1], "node_path_length": 0}, "{TIFFReadDirEntryCheckRangeLongSbyte}": {"faulty": false, "clustering_coefficient": 0.0, "distance_to_interface": 5, "macke_vulnerabilities_found": 1, "macke_bug_chain_length": 1, "node_degree": [0, 2, 2], "node_path_length": 0}, "{TIFFReadDirEntryCheckedShort}": {"faulty": false, "clustering_coefficient": 0.0, "distance_to_interface": 5, "macke_vulnerabilities_found": 1, "macke_bug_chain_length": 1, "node_degree": [1, 6, 7], "node_path_length": 1.0}, "{TIFFReadDirEntryLongArray}": {"faulty": false, "clustering_coefficient": 0.0641025641025641, "distance_to_interface": 4, "macke_vulnerabilities_found": 0, "macke_bug_chain_length": 0, "node_degree": [12, 1, 13], "node_path_length": 1.0}, "{TIFFReadDirEntryCheckedSshort}": {"faulty": false, "clustering_coefficient": 0.0, "distance_to_interface": 5, "macke_vulnerabilities_found": 1, "macke_bug_chain_length": 1, "node_degree": [1, 6, 7], "node_path_length": 1.0}, "{TIFFWarningExt}": {"faulty": false, "clustering_coefficient": 0.35714285714285715, "distance_to_interface": 1, "macke_vulnerabilities_found": 0, "macke_bug_chain_length": 0, "node_degree": [1, 7, 8], "node_path_length": 0}, "{TIFFReadDirEntrySshortArray}": {"faulty": false, "clustering_coefficient": 0.0641025641025641, "distance_to_interface": 4, "macke_vulnerabilities_found": 0, "macke_bug_chain_length": 0, "node_degree": [12, 1, 13], "node_path_length": 1.0588235294117647}, "{TIFFReadDirEntryCheckRangeByteLong}": {"faulty": false, "clustering_coefficient": 0.0, "distance_to_interface": 5, "macke_vulnerabilities_found": 1, "macke_bug_chain_length": 1, "node_degree": [0, 2, 2], "node_path_length": 0}, "{TIFFReadDirEntryCheckRangeSbyteSshort}": {"faulty": false, "clustering_coefficient": 0, "distance_to_interface": 5, "macke_vulnerabilities_found": 1, "macke_bug_chain_length": 1, "node_degree": [0, 1, 1], "node_path_length": 0}, "{TIFFReadDirEntryCheckRangeSshortLong8}": {"faulty": false, "clustering_coefficient": 0, "distance_to_interface": 5, "macke_vulnerabilities_found": 1, "macke_bug_chain_length": 1, "node_degree": [0, 1, 1], "node_path_length": 0}, "{TIFFReadDirEntryCheckRangeLong8Sbyte}": {"faulty": false, "clustering_coefficient": 0.0, "distance_to_interface": 5, "macke_vulnerabilities_found": 1, "macke_bug_chain_length": 1, "node_degree": [0, 2, 2], "node_path_length": 0}, "{TIFFReadDirEntryCheckedLong8}": {"faulty": false, "clustering_coefficient": 0.0, "distance_to_interface": 5, "macke_vulnerabilities_found": 1, "macke_bug_chain_length": 1, "node_degree": [3, 7, 10], "node_path_length": 1.0}, "{TIFFReadDirEntryCheckRangeSbyteSlong}": {"faulty": false, "clustering_coefficient": 0, "distance_to_interface": 5, "macke_vulnerabilities_found": 1, "macke_bug_chain_length": 1, "node_degree": [0, 1, 1], "node_path_length": 0}, "{TIFFReadDirEntryCheckRangeShortLong8}": {"faulty": false, "clustering_coefficient": 0.0, "distance_to_interface": 5, "macke_vulnerabilities_found": 1, "macke_bug_chain_length": 1, "node_degree": [0, 2, 2], "node_path_length": 0}, "{TIFFReadDirEntryCheckRangeSlong8Long8}": {"faulty": false, "clustering_coefficient": 0, "distance_to_interface": 5, "macke_vulnerabilities_found": 1, "macke_bug_chain_length": 1, "node_degree": [0, 1, 1], "node_path_length": 0}, "{TIFFReadDirEntryCheckRangeSshortSlong8}": {"faulty": false, "clustering_coefficient": 0, "distance_to_interface": 5, "macke_vulnerabilities_found": 1, "macke_bug_chain_length": 1, "node_degree": [0, 1, 1], "node_path_length": 0}, "{_TIFFFillStrilesInternal}": {"faulty": false, "clustering_coefficient": 0.0, "distance_to_interface": 2, "macke_vulnerabilities_found": 1, "macke_bug_chain_length": 1, "node_degree": [0, 2, 2], "node_path_length": 0}, "{CheckDirCount}": {"faulty": false, "clustering_coefficient": 0.3333333333333333, "distance_to_interface": 3, "macke_vulnerabilities_found": 1, "macke_bug_chain_length": 1, "node_degree": [2, 1, 3], "node_path_length": 1.5}, "{TIFFReadDirEntryCheckRangeByteSshort}": {"faulty": false, "clustering_coefficient": 0.0, "distance_to_interface": 5, "macke_vulnerabilities_found": 1, "macke_bug_chain_length": 1, "node_degree": [0, 2, 2], "node_path_length": 0}, "{TIFFReadDirEntryDoubleArray}": {"faulty": false, "clustering_coefficient": 0.15555555555555556, "distance_to_interface": 2, "macke_vulnerabilities_found": 0, "macke_bug_chain_length": 0, "node_degree": [8, 2, 10], "node_path_length": 1.0}, "{TIFFReadDirEntryByte}": {"faulty": false, "clustering_coefficient": 0.0, "distance_to_interface": 4, "macke_vulnerabilities_found": 1, "macke_bug_chain_length": 1, "node_degree": [15, 1, 16], "node_path_length": 1.3227091633466135}, "{MissingRequired}": {"faulty": false, "clustering_coefficient": 1.0, "distance_to_interface": 2, "macke_vulnerabilities_found": 1, "macke_bug_chain_length": 1, "node_degree": [1, 1, 2], "node_path_length": 1.0}, "{TIFFSwabShort}": {"faulty": false, "clustering_coefficient": 0.009523809523809525, "distance_to_interface": 1, "macke_vulnerabilities_found": 0, "macke_bug_chain_length": 0, "node_degree": [1, 14, 15], "node_path_length": 1.0}, "{TIFFReadDirEntryArray}": {"faulty": false, "clustering_coefficient": 0.19883040935672514, "distance_to_interface": 5, "macke_vulnerabilities_found": 0, "macke_bug_chain_length": 0, "node_degree": [8, 11, 19], "node_path_length": 1.0}, "{TIFFReadDirEntryFloat}": {"faulty": false, "clustering_coefficient": 0.0, "distance_to_interface": 4, "macke_vulnerabilities_found": 1, "macke_bug_chain_length": 1, "node_degree": [12, 1, 13], "node_path_length": 1.3553719008264462}, "{TIFFFieldWithTag}": {"faulty": false, "clustering_coefficient": 0.3, "distance_to_interface": 1, "macke_vulnerabilities_found": 0, "macke_bug_chain_length": 0, "node_degree": [1, 4, 5], "node_path_length": 1.0}, "{TIFFReadDirEntryCheckedDouble}": {"faulty": false, "clustering_coefficient": 0.0, "distance_to_interface": 5, "macke_vulnerabilities_found": 1, "macke_bug_chain_length": 1, "node_degree": [3, 2, 5], "node_path_length": 1.0}, "{TIFFReadDirEntryCheckedSbyte}": {"faulty": false, "clustering_coefficient": 0.0, "distance_to_interface": 5, "macke_vulnerabilities_found": 1, "macke_bug_chain_length": 1, "node_degree": [0, 6, 6], "node_path_length": 0}, "{TIFFReadDirEntryCheckRangeShortSbyte}": {"faulty": false, "clustering_coefficient": 0.0, "distance_to_interface": 5, "macke_vulnerabilities_found": 1, "macke_bug_chain_length": 1, "node_degree": [0, 2, 2], "node_path_length": 0}, "{TIFFReadDirEntryCheckRangeByteShort}": {"faulty": false, "clustering_coefficient": 0.0, "distance_to_interface": 5, "macke_vulnerabilities_found": 1, "macke_bug_chain_length": 1, "node_degree": [0, 2, 2], "node_path_length": 0}, "{TIFFNumberOfTiles}": {"faulty": false, "clustering_coefficient": 0.6666666666666666, "distance_to_interface": 1, "macke_vulnerabilities_found": 0, "macke_bug_chain_length": 0, "node_degree": [1, 2, 3], "node_path_length": 1.0}, "{TIFFReadDirEntryDouble}": {"faulty": false, "clustering_coefficient": 0.0, "distance_to_interface": 4, "macke_vulnerabilities_found": 1, "macke_bug_chain_length": 1, "node_degree": [12, 1, 13], "node_path_length": 1.0}, "{TIFFReadUInt64}": {"faulty": false, "clustering_coefficient": 0, "distance_to_interface": 4, "macke_vulnerabilities_found": 1, "macke_bug_chain_length": 1, "node_degree": [0, 1, 1], "node_path_length": 0}, "{TIFFReadDirEntrySlong8Array}": {"faulty": false, "clustering_coefficient": 0.1388888888888889, "distance_to_interface": 4, "macke_vulnerabilities_found": 0, "macke_bug_chain_length": 0, "node_degree": [8, 1, 9], "node_path_length": 1.0}, "{EstimateStripByteCounts}": {"faulty": false, "clustering_coefficient": 0.2777777777777778, "distance_to_interface": 2, "macke_vulnerabilities_found": 1, "macke_bug_chain_length": 1, "node_degree": [8, 1, 9], "node_path_length": 1.0714285714285714}, "{TIFFReadDirEntryIfd8Array}": {"faulty": false, "clustering_coefficient": 0.26666666666666666, "distance_to_interface": 4, "macke_vulnerabilities_found": 0, "macke_bug_chain_length": 0, "node_degree": [5, 1, 6], "node_path_length": 1.0}, "{TIFFReadDirEntryCheckRangeByteSlong}": {"faulty": false, "clustering_coefficient": 0.0, "distance_to_interface": 5, "macke_vulnerabilities_found": 1, "macke_bug_chain_length": 1, "node_degree": [0, 2, 2], "node_path_length": 0}, "{TIFFReadDirEntryCheckRangeLongSshort}": {"faulty": false, "clustering_coefficient": 0.0, "distance_to_interface": 5, "macke_vulnerabilities_found": 1, "macke_bug_chain_length": 1, "node_degree": [0, 2, 2], "node_path_length": 0}, "{TIFFReadDirEntryCheckRangeSbyteShort}": {"faulty": false, "clustering_coefficient": 0, "distance_to_interface": 5, "macke_vulnerabilities_found": 1, "macke_bug_chain_length": 1, "node_degree": [0, 1, 1], "node_path_length": 0}, "{TIFFReadDirEntryShort}": {"faulty": false, "clustering_coefficient": 0.008333333333333333, "distance_to_interface": 2, "macke_vulnerabilities_found": 1, "macke_bug_chain_length": 1, "node_degree": [14, 2, 16], "node_path_length": 1.0}, "{_TIFFCreateAnonField}": {"faulty": false, "clustering_coefficient": 0.5, "distance_to_interface": 1, "macke_vulnerabilities_found": 0, "macke_bug_chain_length": 0, "node_degree": [1, 3, 4], "node_path_length": 1.0}, "{TIFFStripSize}": {"faulty": false, "clustering_coefficient": 0.6666666666666666, "distance_to_interface": 1, "macke_vulnerabilities_found": 0, "macke_bug_chain_length": 0, "node_degree": [1, 2, 3], "node_path_length": 1.0}, "{TIFFReadDirEntryLong8}": {"faulty": true, "clustering_coefficient": 0.0, "distance_to_interface": 4, "macke_vulnerabilities_found": 1, "macke_bug_chain_length": 1, "cvss3": {"baseSeverity": "MEDIUM", "userInteraction": "REQUIRED", "vectorString": "AV:N/AC:L/PR:N/UI:R/S:U/C:N/I:N/A:H", "availabilityImpact": "HIGH", "privilegesRequired": "NONE", "integrityImpact": "NONE", "scope": "UNCHANGED", "baseScore": 6.5, "attackVector": "NETWORK", "confidentialityImpact": "NONE", "attackComplexity": "LOW"}, "node_degree": [12, 1, 13], "node_path_length": 1.0}, "{TIFFFetchNormalTag}": {"faulty": false, "clustering_coefficient": 0.09852216748768473, "distance_to_interface": 2, "macke_vulnerabilities_found": 1, "macke_bug_chain_length": 1, "node_degree": [27, 2, 29], "node_path_length": 2.085793434034573}, "{TIFFReadDirEntryCheckedLong}": {"faulty": false, "clustering_coefficient": 0.0, "distance_to_interface": 5, "macke_vulnerabilities_found": 1, "macke_bug_chain_length": 1, "node_degree": [1, 7, 8], "node_path_length": 1.0}, "{TIFFScanlineSize64}": {"faulty": false, "clustering_coefficient": 0.6666666666666666, "distance_to_interface": 1, "macke_vulnerabilities_found": 0, "macke_bug_chain_length": 0, "node_degree": [1, 3, 4], "node_path_length": 1.0}, "{TIFFReadDirEntryCheckRangeByteLong8}": {"faulty": false, "clustering_coefficient": 0.0, "distance_to_interface": 5, "macke_vulnerabilities_found": 1, "macke_bug_chain_length": 1, "node_degree": [0, 2, 2], "node_path_length": 0}, "{TIFFSwabArrayOfLong}": {"faulty": false, "clustering_coefficient": 0.0, "distance_to_interface": 1, "macke_vulnerabilities_found": 0, "macke_bug_chain_length": 0, "node_degree": [1, 8, 9], "node_path_length": 1.0}, "{llvm.dbg.declare}": {"faulty": false, "clustering_coefficient": 0, "distance_to_interface": 1, "macke_vulnerabilities_found": 0, "macke_bug_chain_length": 0, "node_degree": [0, 1, 1], "node_path_length": 0}, "{TIFFReadDirEntryCheckRangeSshortLong}": {"faulty": false, "clustering_coefficient": 0, "distance_to_interface": 5, "macke_vulnerabilities_found": 1, "macke_bug_chain_length": 1, "node_degree": [0, 1, 1], "node_path_length": 0}, "{TIFFFreeDirectory}": {"faulty": false, "clustering_coefficient": 0.5, "distance_to_interface": 1, "macke_vulnerabilities_found": 0, "macke_bug_chain_length": 0, "node_degree": [1, 3, 4], "node_path_length": 1.0}, "{TIFFTileSize}": {"faulty": false, "clustering_coefficient": 0.6666666666666666, "distance_to_interface": 1, "macke_vulnerabilities_found": 0, "macke_bug_chain_length": 0, "node_degree": [1, 2, 3], "node_path_length": 1.0}, "{TIFFReadDirEntryCheckRangeSshortShort}": {"faulty": false, "clustering_coefficient": 0, "distance_to_interface": 5, "macke_vulnerabilities_found": 1, "macke_bug_chain_length": 1, "node_degree": [0, 1, 1], "node_path_length": 0}, "{TIFFReadDirEntryByteArray}": {"faulty": false, "clustering_coefficient": 0.054945054945054944, "distance_to_interface": 4, "macke_vulnerabilities_found": 0, "macke_bug_chain_length": 0, "node_degree": [13, 1, 14], "node_path_length": 1.3541666666666667}, "{TIFFFetchStripThing}": {"faulty": false, "clustering_coefficient": 0.14285714285714285, "distance_to_interface": 2, "macke_vulnerabilities_found": 0, "macke_bug_chain_length": 0, "node_degree": [7, 1, 8], "node_path_length": 1.0}, "{TIFFReadDirEntryCheckRangeLong8Sshort}": {"faulty": false, "clustering_coefficient": 0.0, "distance_to_interface": 5, "macke_vulnerabilities_found": 1, "macke_bug_chain_length": 1, "node_degree": [0, 2, 2], "node_path_length": 0}, "{TIFFSetField}": {"faulty": false, "clustering_coefficient": 0.26666666666666666, "distance_to_interface": 1, "macke_vulnerabilities_found": 0, "macke_bug_chain_length": 0, "node_degree": [1, 5, 6], "node_path_length": 1.0}, "{TIFFReadDirEntryLong8Array}": {"faulty": false, "clustering_coefficient": 0.07692307692307693, "distance_to_interface": 3, "macke_vulnerabilities_found": 0, "macke_bug_chain_length": 0, "node_degree": [11, 2, 13], "node_path_length": 1.0}, "{TIFFReadDirEntryCheckRangeSbyteLong8}": {"faulty": false, "clustering_coefficient": 0, "distance_to_interface": 5, "macke_vulnerabilities_found": 1, "macke_bug_chain_length": 1, "node_degree": [0, 1, 1], "node_path_length": 0}, "{TIFFReadDirEntryCheckRangeSbyteSlong8}": {"faulty": false, "clustering_coefficient": 0, "distance_to_interface": 5, "macke_vulnerabilities_found": 1, "macke_bug_chain_length": 1, "node_degree": [0, 1, 1], "node_path_length": 0}, "{TIFFReadDirEntryCheckedRational}": {"faulty": false, "clustering_coefficient": 0.0, "distance_to_interface": 5, "macke_vulnerabilities_found": 1, "macke_bug_chain_length": 1, "node_degree": [3, 2, 5], "node_path_length": 1.0}, "{TIFFReadDirEntryCheckRangeShortSlong8}": {"faulty": false, "clustering_coefficient": 0.0, "distance_to_interface": 5, "macke_vulnerabilities_found": 1, "macke_bug_chain_length": 1, "node_degree": [0, 2, 2], "node_path_length": 0}, "{TIFFReadDirEntryCheckRangeLongSlong}": {"faulty": false, "clustering_coefficient": 0.0, "distance_to_interface": 5, "macke_vulnerabilities_found": 1, "macke_bug_chain_length": 1, "node_degree": [0, 2, 2], "node_path_length": 0}, "{_TIFFCheckMalloc}": {"faulty": false, "clustering_coefficient": 0.09523809523809523, "distance_to_interface": 1, "macke_vulnerabilities_found": 0, "macke_bug_chain_length": 0, "node_degree": [1, 6, 7], "node_path_length": 1.0}, "{TIFFReadDirEntryOutputErr}": {"faulty": false, "clustering_coefficient": 0.38095238095238093, "distance_to_interface": 2, "macke_vulnerabilities_found": 1, "macke_bug_chain_length": 1, "node_degree": [3, 4, 7], "node_path_length": 1.0}, "{TIFFDataWidth}": {"faulty": false, "clustering_coefficient": 0.16666666666666666, "distance_to_interface": 1, "macke_vulnerabilities_found": 0, "macke_bug_chain_length": 0, "node_degree": [1, 3, 4], "node_path_length": 1.0}, "{TIFFReadDirEntryCheckRangeSlongSlong8}": {"faulty": false, "clustering_coefficient": 0, "distance_to_interface": 5, "macke_vulnerabilities_found": 1, "macke_bug_chain_length": 1, "node_degree": [0, 1, 1], "node_path_length": 0}, "{TIFFReadDirEntryCheckRangeLong8Slong8}": {"faulty": false, "clustering_coefficient": 0.0, "distance_to_interface": 5, "macke_vulnerabilities_found": 1, "macke_bug_chain_length": 1, "node_degree": [0, 2, 2], "node_path_length": 0}, "{_TIFFFillStriles}": {"faulty": false, "clustering_coefficient": 0.3333333333333333, "distance_to_interface": 1, "macke_vulnerabilities_found": 1, "macke_bug_chain_length": 1, "node_degree": [1, 2, 3], "node_path_length": 1.0}, "{_TIFFmemset}": {"faulty": false, "clustering_coefficient": 0.16666666666666666, "distance_to_interface": 1, "macke_vulnerabilities_found": 0, "macke_bug_chain_length": 0, "node_degree": [1, 3, 4], "node_path_length": 1.0}, "{TIFFReadDirEntryCheckedSlong}": {"faulty": false, "clustering_coefficient": 0.0, "distance_to_interface": 5, "macke_vulnerabilities_found": 1, "macke_bug_chain_length": 1, "node_degree": [1, 6, 7], "node_path_length": 1.0}, "{external node}": {"faulty": false, "clustering_coefficient": 0.042042042042042045, "distance_to_interface": 999, "macke_vulnerabilities_found": 0, "macke_bug_chain_length": 0, "node_degree": [37, 0, 37], "node_path_length": 0}, "{TIFFNumberOfStrips}": {"faulty": false, "clustering_coefficient": 0.6666666666666666, "distance_to_interface": 1, "macke_vulnerabilities_found": 0, "macke_bug_chain_length": 0, "node_degree": [1, 2, 3], "node_path_length": 1.0}, "{TIFFReadDirEntryCheckedFloat}": {"faulty": false, "clustering_coefficient": 0.0, "distance_to_interface": 5, "macke_vulnerabilities_found": 1, "macke_bug_chain_length": 1, "node_degree": [1, 2, 3], "node_path_length": 1.0}, "{TIFFCheckDirOffset}": {"faulty": false, "clustering_coefficient": 0.3333333333333333, "distance_to_interface": 2, "macke_vulnerabilities_found": 1, "macke_bug_chain_length": 1, "node_degree": [2, 1, 3], "node_path_length": 1.0}, "{TIFFReadDirEntryIfd8}": {"faulty": false, "clustering_coefficient": 0.0, "distance_to_interface": 4, "macke_vulnerabilities_found": 1, "macke_bug_chain_length": 1, "node_degree": [2, 1, 3], "node_path_length": 1.0}, "{TIFFReadDirEntryCheckRangeSlongLong8}": {"faulty": false, "clustering_coefficient": 0, "distance_to_interface": 5, "macke_vulnerabilities_found": 1, "macke_bug_chain_length": 1, "node_degree": [0, 1, 1], "node_path_length": 0}, "{TIFFFetchDirectory}": {"faulty": false, "clustering_coefficient": 0.22727272727272727, "distance_to_interface": 2, "macke_vulnerabilities_found": 0, "macke_bug_chain_length": 0, "node_degree": [10, 2, 12], "node_path_length": 1.1}, "{_TIFFmalloc}": {"faulty": false, "clustering_coefficient": 0.12087912087912088, "distance_to_interface": 1, "macke_vulnerabilities_found": 0, "macke_bug_chain_length": 0, "node_degree": [1, 13, 14], "node_path_length": 0}, "{TIFFReadDirEntryCheckRangeByteSbyte}": {"faulty": false, "clustering_coefficient": 0.0, "distance_to_interface": 5, "macke_vulnerabilities_found": 1, "macke_bug_chain_length": 1, "node_degree": [0, 2, 2], "node_path_length": 0}, "{TIFFReadDirectoryFindFieldInfo}": {"faulty": false, "clustering_coefficient": 0.6666666666666666, "distance_to_interface": 2, "macke_vulnerabilities_found": 1, "macke_bug_chain_length": 1, "node_degree": [0, 3, 3], "node_path_length": 0}, "{TIFFTileSize64}": {"faulty": false, "clustering_coefficient": 0.3333333333333333, "distance_to_interface": 1, "macke_vulnerabilities_found": 0, "macke_bug_chain_length": 0, "node_degree": [1, 2, 3], "node_path_length": 1.0}, "{TIFFDefaultDirectory}": {"faulty": false, "clustering_coefficient": 0.6666666666666666, "distance_to_interface": 1, "macke_vulnerabilities_found": 0, "macke_bug_chain_length": 0, "node_degree": [1, 2, 3], "node_path_length": 1.0}, "{TIFFErrorExt}": {"faulty": false, "clustering_coefficient": 0.3111111111111111, "distance_to_interface": 1, "macke_vulnerabilities_found": 0, "macke_bug_chain_length": 0, "node_degree": [1, 9, 10], "node_path_length": 1.0}, "{_TIFFCheckRealloc}": {"faulty": false, "clustering_coefficient": 0.0, "distance_to_interface": 1, "macke_vulnerabilities_found": 0, "macke_bug_chain_length": 0, "node_degree": [1, 2, 3], "node_path_length": 1.0}, "{TIFFReadDirectory}": {"faulty": false, "clustering_coefficient": 0.11942959001782531, "distance_to_interface": 1, "macke_vulnerabilities_found": 1, "macke_bug_chain_length": 2, "node_degree": [33, 1, 34], "node_path_length": 1.361044784811601}, "{_TIFFGetExifFields}": {"faulty": false, "clustering_coefficient": 0.3333333333333333, "distance_to_interface": 1, "macke_vulnerabilities_found": 0, "macke_bug_chain_length": 0, "node_degree": [1, 2, 3], "node_path_length": 1.0}, "{TIFFReadDirEntryCheckRangeSshortSlong}": {"faulty": false, "clustering_coefficient": 0, "distance_to_interface": 5, "macke_vulnerabilities_found": 1, "macke_bug_chain_length": 1, "node_degree": [0, 1, 1], "node_path_length": 0}, "{TIFFSwabArrayOfShort}": {"faulty": false, "clustering_coefficient": 0.0, "distance_to_interface": 1, "macke_vulnerabilities_found": 0, "macke_bug_chain_length": 0, "node_degree": [1, 3, 4], "node_path_length": 1.0}, "{TIFFReadDirEntrySbyteArray}": {"faulty": false, "clustering_coefficient": 0.054945054945054944, "distance_to_interface": 4, "macke_vulnerabilities_found": 0, "macke_bug_chain_length": 0, "node_degree": [13, 1, 14], "node_path_length": 1.0}, "{TIFFReadDirEntryFloatArray}": {"faulty": false, "clustering_coefficient": 0.1388888888888889, "distance_to_interface": 4, "macke_vulnerabilities_found": 0, "macke_bug_chain_length": 0, "node_degree": [8, 1, 9], "node_path_length": 1.0833333333333333}, "{TIFFReadDirEntryCheckRangeShortSlong}": {"faulty": false, "clustering_coefficient": 0.0, "distance_to_interface": 5, "macke_vulnerabilities_found": 1, "macke_bug_chain_length": 1, "node_degree": [0, 2, 2], "node_path_length": 0}, "{TIFFVTileSize64}": {"faulty": false, "clustering_coefficient": 0.0, "distance_to_interface": 1, "macke_vulnerabilities_found": 0, "macke_bug_chain_length": 0, "node_degree": [1, 2, 3], "node_path_length": 1.0}, "{TIFFReadDirEntryCheckRangeByteSlong8}": {"faulty": false, "clustering_coefficient": 0.0, "distance_to_interface": 5, "macke_vulnerabilities_found": 1, "macke_bug_chain_length": 1, "node_degree": [0, 2, 2], "node_path_length": 0}, "{TIFFReadDirEntryCheckRangeSbyteByte}": {"faulty": false, "clustering_coefficient": 0, "distance_to_interface": 5, "macke_vulnerabilities_found": 1, "macke_bug_chain_length": 1, "node_degree": [0, 1, 1], "node_path_length": 0}, "{_TIFFfree}": {"faulty": false, "clustering_coefficient": 0.16883116883116883, "distance_to_interface": 1, "macke_vulnerabilities_found": 0, "macke_bug_chain_length": 0, "node_degree": [1, 21, 22], "node_path_length": 1.0}, "{_TIFFmemcpy}": {"faulty": false, "clustering_coefficient": 0.14285714285714285, "distance_to_interface": 1, "macke_vulnerabilities_found": 0, "macke_bug_chain_length": 0, "node_degree": [1, 6, 7], "node_path_length": 0}, "{TIFFSwabLong}": {"faulty": false, "clustering_coefficient": 0.043478260869565216, "distance_to_interface": 1, "macke_vulnerabilities_found": 0, "macke_bug_chain_length": 0, "node_degree": [1, 23, 24], "node_path_length": 1.0}, "{TIFFReadDirEntryCheckRangeSlongLong}": {"faulty": false, "clustering_coefficient": 0, "distance_to_interface": 5, "macke_vulnerabilities_found": 1, "macke_bug_chain_length": 1, "node_degree": [0, 1, 1], "node_path_length": 0}, "{TIFFReadDirEntryCheckRangeLongLong8}": {"faulty": false, "clustering_coefficient": 0.0, "distance_to_interface": 5, "macke_vulnerabilities_found": 1, "macke_bug_chain_length": 1, "node_degree": [0, 2, 2], "node_path_length": 0}, "{TIFFReadDirEntryData}": {"faulty": false, "clustering_coefficient": 0.08888888888888889, "distance_to_interface": 4, "macke_vulnerabilities_found": 1, "macke_bug_chain_length": 1, "node_degree": [3, 7, 10], "node_path_length": 1.25}, "{TIFFReadDirEntrySlongArray}": {"faulty": false, "clustering_coefficient": 0.09090909090909091, "distance_to_interface": 4, "macke_vulnerabilities_found": 0, "macke_bug_chain_length": 0, "node_degree": [10, 1, 11], "node_path_length": 1.0}, "{TIFFFetchSubjectDistance}": {"faulty": false, "clustering_coefficient": 0.0, "distance_to_interface": 3, "macke_vulnerabilities_found": 1, "macke_bug_chain_length": 1, "node_degree": [5, 1, 6], "node_path_length": 1.6444444444444444}, "{TIFFReadDirEntryCheckedByte}": {"faulty": false, "clustering_coefficient": 0.0, "distance_to_interface": 5, "macke_vulnerabilities_found": 1, "macke_bug_chain_length": 1, "node_degree": [0, 6, 6], "node_path_length": 0}, "{TIFFReadDirEntryCheckedSrational}": {"faulty": false, "clustering_coefficient": 0.0, "distance_to_interface": 5, "macke_vulnerabilities_found": 1, "macke_bug_chain_length": 1, "node_degree": [3, 2, 5], "node_path_length": 1.0}, "{TIFFReadCustomDirectory}": {"faulty": false, "clustering_coefficient": 0.14705882352941177, "distance_to_interface": 1, "macke_vulnerabilities_found": 1, "macke_bug_chain_length": 2, "node_degree": [15, 2, 17], "node_path_length": 2.207730932070613}, "{TIFFReadDirEntryCheckedSlong8}": {"faulty": false, "clustering_coefficient": 0.0, "distance_to_interface": 5, "macke_vulnerabilities_found": 1, "macke_bug_chain_length": 1, "node_degree": [3, 6, 9], "node_path_length": 1.0}, "{TIFFReadDirEntryShortArray}": {"faulty": false, "clustering_coefficient": 0.075, "distance_to_interface": 2, "macke_vulnerabilities_found": 0, "macke_bug_chain_length": 0, "node_degree": [13, 3, 16], "node_path_length": 1.0}, "{TIFFScanlineSize}": {"faulty": false, "clustering_coefficient": 0.6666666666666666, "distance_to_interface": 1, "macke_vulnerabilities_found": 0, "macke_bug_chain_length": 0, "node_degree": [1, 2, 3], "node_path_length": 1.0}}