{"{TNEFFile_Close}": {"distance_to_interface": 1, "macke_vulnerabilities_found": 1, "macke_bug_chain_length": 1, "clustering_coefficient": 0.6666666666666666, "faulty": false, "node_path_length": 1.3333333333333333, "node_degree": [2, 1, 3]}, "{TNEFParse}": {"distance_to_interface": 1, "macke_vulnerabilities_found": 1, "macke_bug_chain_length": 1, "clustering_coefficient": 0.3333333333333333, "faulty": false, "node_path_length": 1.4285714285714286, "node_degree": [9, 3, 12]}, "{TNEFInitMapi}": {"distance_to_interface": 1, "macke_vulnerabilities_found": 1, "macke_bug_chain_length": 1, "clustering_coefficient": 1.0, "faulty": false, "node_path_length": 0, "node_degree": [0, 3, 3]}, "{fopen}": {"distance_to_interface": 1, "macke_vulnerabilities_found": 0, "macke_bug_chain_length": 0, "clustering_coefficient": 0.3333333333333333, "faulty": false, "node_path_length": 1.0, "node_degree": [1, 2, 3]}, "{MAPIPrint}": {"distance_to_interface": 1, "macke_vulnerabilities_found": 1, "macke_bug_chain_length": 1, "clustering_coefficient": 0.28888888888888886, "faulty": false, "node_path_length": 1.5726495726495726, "node_degree": [8, 2, 10]}, "{MAPISysTimetoDTR}": {"distance_to_interface": 1, "macke_vulnerabilities_found": 1, "macke_bug_chain_length": 1, "clustering_coefficient": 1.0, "faulty": false, "node_path_length": 0, "node_degree": [0, 2, 2]}, "{TNEFBody}": {"distance_to_interface": 1, "macke_vulnerabilities_found": 1, "macke_bug_chain_length": 1, "clustering_coefficient": 0.6666666666666666, "faulty": false, "node_path_length": 1.0, "node_degree": [2, 1, 3]}, "{llvm.memcpy.p0i8.p0i8.i64}": {"distance_to_interface": 1, "macke_vulnerabilities_found": 0, "macke_bug_chain_length": 0, "clustering_coefficient": 0, "faulty": false, "node_path_length": 0, "node_degree": [0, 1, 1]}, "{TNEFInitialize}": {"distance_to_interface": 1, "macke_vulnerabilities_found": 1, "macke_bug_chain_length": 1, "clustering_coefficient": 1.0, "faulty": false, "node_path_length": 1.0, "node_degree": [2, 1, 3]}, "{TNEFParseMemory}": {"distance_to_interface": 1, "macke_vulnerabilities_found": 1, "macke_bug_chain_length": 1, "clustering_coefficient": 1.0, "faulty": false, "node_path_length": 2.1538461538461537, "node_degree": [2, 1, 3]}, "{IsCompressedRTF}": {"distance_to_interface": 1, "macke_vulnerabilities_found": 1, "macke_bug_chain_length": 1, "clustering_coefficient": 0.6666666666666666, "faulty": false, "node_path_length": 1.0, "node_degree": [1, 2, 3]}, "{TNEFRecipTable}": {"distance_to_interface": 1, "macke_vulnerabilities_found": 1, "macke_bug_chain_length": 1, "clustering_coefficient": 1.0, "faulty": false, "node_path_length": 1.0, "node_degree": [1, 1, 2]}, "{printf}": {"distance_to_interface": 1, "macke_vulnerabilities_found": 0, "macke_bug_chain_length": 0, "clustering_coefficient": 0.08870967741935484, "faulty": false, "node_path_length": 1.0, "node_degree": [1, 31, 32]}, "{TNEFMemory_Read}": {"distance_to_interface": 1, "macke_vulnerabilities_found": 1, "macke_bug_chain_length": 1, "clustering_coefficient": 1.0, "faulty": false, "node_path_length": 1.0, "node_degree": [1, 1, 2]}, "{malloc}": {"distance_to_interface": 1, "macke_vulnerabilities_found": 0, "macke_bug_chain_length": 0, "clustering_coefficient": 0.3333333333333333, "faulty": false, "node_path_length": 1.0, "node_degree": [1, 2, 3]}, "{TNEFAttachmentFilename}": {"distance_to_interface": 1, "macke_vulnerabilities_found": 1, "macke_bug_chain_length": 1, "clustering_coefficient": 0.6666666666666666, "faulty": false, "node_path_length": 1.0, "node_degree": [2, 1, 3]}, "{__ctype_b_loc}": {"distance_to_interface": 1, "macke_vulnerabilities_found": 0, "macke_bug_chain_length": 0, "clustering_coefficient": 0.3333333333333333, "faulty": false, "node_path_length": 1.0, "node_degree": [1, 2, 3]}, "{TNEFFromHandler}": {"distance_to_interface": 1, "macke_vulnerabilities_found": 1, "macke_bug_chain_length": 1, "clustering_coefficient": 0.6666666666666666, "faulty": false, "node_path_length": 1.0, "node_degree": [2, 1, 3]}, "{TNEFFree}": {"distance_to_interface": 1, "macke_vulnerabilities_found": 1, "macke_bug_chain_length": 2, "clustering_coefficient": 1.0, "faulty": false, "node_path_length": 1.3333333333333333, "node_degree": [3, 1, 4]}, "{TNEFDetailedPrint}": {"distance_to_interface": 1, "macke_vulnerabilities_found": 1, "macke_bug_chain_length": 1, "clustering_coefficient": 1.0, "faulty": false, "node_path_length": 1.0, "node_degree": [1, 1, 2]}, "{TNEFIcon}": {"distance_to_interface": 1, "macke_vulnerabilities_found": 1, "macke_bug_chain_length": 1, "clustering_coefficient": 0.6666666666666666, "faulty": false, "node_path_length": 1.0, "node_degree": [2, 1, 3]}, "{TNEFGetHeader}": {"distance_to_interface": 1, "macke_vulnerabilities_found": 1, "macke_bug_chain_length": 1, "clustering_coefficient": 0.6, "faulty": false, "node_path_length": 1.0, "node_degree": [3, 2, 5]}, "{external node}": {"distance_to_interface": 999, "macke_vulnerabilities_found": 0, "macke_bug_chain_length": 0, "clustering_coefficient": 0.04214223002633889, "faulty": false, "node_path_length": 0, "node_degree": [68, 0, 68]}, "{TNEFInitAttachment}": {"distance_to_interface": 1, "macke_vulnerabilities_found": 1, "macke_bug_chain_length": 1, "clustering_coefficient": 0.6666666666666666, "faulty": false, "node_path_length": 1.0, "node_degree": [1, 3, 4]}, "{TNEFParentID}": {"distance_to_interface": 1, "macke_vulnerabilities_found": 1, "macke_bug_chain_length": 1, "clustering_coefficient": 0, "faulty": false, "node_path_length": 0, "node_degree": [0, 1, 1]}, "{TNEFMapiProperties}": {"distance_to_interface": 1, "macke_vulnerabilities_found": 1, "macke_bug_chain_length": 3, "clustering_coefficient": 0.8333333333333334, "faulty": false, "node_path_length": 2.553061224489796, "node_degree": [3, 1, 4]}, "{snprintf}": {"distance_to_interface": 1, "macke_vulnerabilities_found": 0, "macke_bug_chain_length": 0, "clustering_coefficient": 0.3333333333333333, "faulty": false, "node_path_length": 1.0, "node_degree": [1, 2, 3]}, "{TNEFFile_Open}": {"distance_to_interface": 1, "macke_vulnerabilities_found": 1, "macke_bug_chain_length": 1, "clustering_coefficient": 0.6666666666666666, "faulty": false, "node_path_length": 1.3333333333333333, "node_degree": [2, 1, 3]}, "{SwapDWord}": {"distance_to_interface": 1, "macke_vulnerabilities_found": 1, "macke_bug_chain_length": 1, "clustering_coefficient": 0.25, "faulty": true, "node_path_length": 0, "cvss3": {"privilegesRequired": "NONE", "attackComplexity": "LOW", "scope": "UNCHANGED", "integrityImpact": "NONE", "baseSeverity": "MEDIUM", "availabilityImpact": "HIGH", "baseScore": 5.5, "vectorString": "AV:L/AC:L/PR:N/UI:R/S:U/C:N/I:N/A:H", "userInteraction": "REQUIRED", "confidentialityImpact": "NONE", "attackVector": "LOCAL"}, "node_degree": [0, 8, 8]}, "{TNEFPriority}": {"distance_to_interface": 1, "macke_vulnerabilities_found": 1, "macke_bug_chain_length": 1, "clustering_coefficient": 0.6666666666666666, "faulty": false, "node_path_length": 1.5, "node_degree": [2, 1, 3]}, "{MAPIFindProperty}": {"distance_to_interface": 1, "macke_vulnerabilities_found": 1, "macke_bug_chain_length": 1, "clustering_coefficient": 0, "faulty": false, "node_path_length": 0, "node_degree": [0, 1, 1]}, "{fread}": {"distance_to_interface": 1, "macke_vulnerabilities_found": 0, "macke_bug_chain_length": 0, "clustering_coefficient": 0.3333333333333333, "faulty": false, "node_path_length": 1.0, "node_degree": [1, 2, 3]}, "{MAPIFindUserProp}": {"distance_to_interface": 1, "macke_vulnerabilities_found": 1, "macke_bug_chain_length": 1, "clustering_coefficient": 0, "faulty": false, "node_path_length": 0, "node_degree": [0, 1, 1]}, "{TNEFFreeMapiProps}": {"distance_to_interface": 1, "macke_vulnerabilities_found": 1, "macke_bug_chain_length": 1, "clustering_coefficient": 1.0, "faulty": false, "node_path_length": 1.0, "node_degree": [1, 3, 4]}, "{TNEFMessageClass}": {"distance_to_interface": 1, "macke_vulnerabilities_found": 1, "macke_bug_chain_length": 1, "clustering_coefficient": 0, "faulty": false, "node_path_length": 0, "node_degree": [0, 1, 1]}, "{TNEFParseFile}": {"distance_to_interface": 1, "macke_vulnerabilities_found": 1, "macke_bug_chain_length": 1, "clustering_coefficient": 1.0, "faulty": false, "node_path_length": 1.0, "node_degree": [2, 1, 3]}, "{TNEFVersion}": {"distance_to_interface": 1, "macke_vulnerabilities_found": 1, "macke_bug_chain_length": 1, "clustering_coefficient": 0.6666666666666666, "faulty": false, "node_path_length": 1.5, "node_degree": [2, 1, 3]}, "{TNEFDateHandler}": {"distance_to_interface": 1, "macke_vulnerabilities_found": 1, "macke_bug_chain_length": 1, "clustering_coefficient": 0.6666666666666666, "faulty": false, "node_path_length": 1.0, "node_degree": [2, 1, 3]}, "{TNEFMessageID}": {"distance_to_interface": 1, "macke_vulnerabilities_found": 1, "macke_bug_chain_length": 1, "clustering_coefficient": 0, "faulty": false, "node_path_length": 0, "node_degree": [0, 1, 1]}, "{fclose}": {"distance_to_interface": 1, "macke_vulnerabilities_found": 0, "macke_bug_chain_length": 0, "clustering_coefficient": 0.3333333333333333, "faulty": false, "node_path_length": 1.0, "node_degree": [1, 2, 3]}, "{exit}": {"distance_to_interface": 1, "macke_vulnerabilities_found": 0, "macke_bug_chain_length": 0, "clustering_coefficient": 0.4, "faulty": false, "node_path_length": 0, "node_degree": [1, 4, 5]}, "{TNEFAttachmentMAPI}": {"distance_to_interface": 1, "macke_vulnerabilities_found": 1, "macke_bug_chain_length": 1, "clustering_coefficient": 1.0, "faulty": false, "node_path_length": 1.0, "node_degree": [1, 1, 2]}, "{TNEFRawRead}": {"distance_to_interface": 1, "macke_vulnerabilities_found": 1, "macke_bug_chain_length": 1, "clustering_coefficient": 0.8333333333333334, "faulty": false, "node_path_length": 1.0, "node_degree": [2, 2, 4]}, "{TNEFDefaultHandler}": {"distance_to_interface": 1, "macke_vulnerabilities_found": 1, "macke_bug_chain_length": 1, "clustering_coefficient": 1.0, "faulty": false, "node_path_length": 1.0, "node_degree": [1, 1, 2]}, "{TNEFSentFor}": {"distance_to_interface": 1, "macke_vulnerabilities_found": 1, "macke_bug_chain_length": 1, "clustering_coefficient": 0.6666666666666666, "faulty": false, "node_path_length": 1.0, "node_degree": [2, 1, 3]}, "{free}": {"distance_to_interface": 1, "macke_vulnerabilities_found": 0, "macke_bug_chain_length": 0, "clustering_coefficient": 0.3333333333333333, "faulty": false, "node_path_length": 0, "node_degree": [1, 8, 9]}, "{to_utf8}": {"distance_to_interface": 1, "macke_vulnerabilities_found": 1, "macke_bug_chain_length": 1, "clustering_coefficient": 0.5333333333333333, "faulty": false, "node_path_length": 1.1666666666666667, "node_degree": [4, 2, 6]}, "{TNEFFillMapi}": {"distance_to_interface": 1, "macke_vulnerabilities_found": 1, "macke_bug_chain_length": 1, "clustering_coefficient": 0.28888888888888886, "faulty": false, "node_path_length": 1.3888888888888888, "node_degree": [7, 3, 10]}, "{TNEFPrintDate}": {"distance_to_interface": 1, "macke_vulnerabilities_found": 1, "macke_bug_chain_length": 1, "clustering_coefficient": 1.0, "faulty": false, "node_path_length": 1.0, "node_degree": [1, 2, 3]}, "{TNEFFreeAttachment}": {"distance_to_interface": 1, "macke_vulnerabilities_found": 1, "macke_bug_chain_length": 1, "clustering_coefficient": 1.0, "faulty": false, "node_path_length": 1.0, "node_degree": [2, 2, 4]}, "{llvm.dbg.declare}": {"distance_to_interface": 1, "macke_vulnerabilities_found": 0, "macke_bug_chain_length": 0, "clustering_coefficient": 0, "faulty": false, "node_path_length": 0, "node_degree": [0, 1, 1]}, "{TNEFCodePage}": {"distance_to_interface": 1, "macke_vulnerabilities_found": 1, "macke_bug_chain_length": 1, "clustering_coefficient": 0.6666666666666666, "faulty": false, "node_path_length": 1.0, "node_degree": [2, 1, 3]}, "{sprintf}": {"distance_to_interface": 1, "macke_vulnerabilities_found": 0, "macke_bug_chain_length": 0, "clustering_coefficient": 0.3333333333333333, "faulty": false, "node_path_length": 1.0, "node_degree": [1, 2, 3]}, "{TNEFMemory_Close}": {"distance_to_interface": 1, "macke_vulnerabilities_found": 1, "macke_bug_chain_length": 1, "clustering_coefficient": 0, "faulty": false, "node_path_length": 0, "node_degree": [0, 1, 1]}, "{TNEFSubjectHandler}": {"distance_to_interface": 1, "macke_vulnerabilities_found": 1, "macke_bug_chain_length": 1, "clustering_coefficient": 0.5, "faulty": false, "node_path_length": 1.0, "node_degree": [3, 1, 4]}, "{TNEFRendData}": {"distance_to_interface": 1, "macke_vulnerabilities_found": 1, "macke_bug_chain_length": 1, "clustering_coefficient": 0.5, "faulty": false, "node_path_length": 2.0, "node_degree": [3, 1, 4]}, "{TNEFOriginalMsgClass}": {"distance_to_interface": 1, "macke_vulnerabilities_found": 1, "macke_bug_chain_length": 1, "clustering_coefficient": 0.6666666666666666, "faulty": false, "node_path_length": 1.0, "node_degree": [2, 1, 3]}, "{calloc}": {"distance_to_interface": 1, "macke_vulnerabilities_found": 0, "macke_bug_chain_length": 0, "clustering_coefficient": 0.14285714285714285, "faulty": false, "node_path_length": 1.0, "node_degree": [1, 13, 14]}, "{DecompressRTF}": {"distance_to_interface": 1, "macke_vulnerabilities_found": 1, "macke_bug_chain_length": 1, "clustering_coefficient": 0.38095238095238093, "faulty": true, "node_path_length": 1.1666666666666667, "cvss3": {"privilegesRequired": "NONE", "attackComplexity": "LOW", "scope": "UNCHANGED", "integrityImpact": "NONE", "baseSeverity": "MEDIUM", "availabilityImpact": "HIGH", "baseScore": 5.5, "vectorString": "AV:L/AC:L/PR:N/UI:R/S:U/C:N/I:N/A:H", "userInteraction": "REQUIRED", "confidentialityImpact": "NONE", "attackVector": "LOCAL"}, "node_degree": [5, 2, 7]}, "{SwapWord}": {"distance_to_interface": 1, "macke_vulnerabilities_found": 1, "macke_bug_chain_length": 1, "clustering_coefficient": 0.32142857142857145, "faulty": true, "node_path_length": 0, "cvss3": {"privilegesRequired": "NONE", "attackComplexity": "LOW", "scope": "UNCHANGED", "integrityImpact": "NONE", "baseSeverity": "MEDIUM", "availabilityImpact": "HIGH", "baseScore": 5.5, "vectorString": "AV:L/AC:L/PR:N/UI:R/S:U/C:N/I:N/A:H", "userInteraction": "REQUIRED", "confidentialityImpact": "NONE", "attackVector": "LOCAL"}, "node_degree": [0, 8, 8]}, "{TNEFGetKey}": {"distance_to_interface": 1, "macke_vulnerabilities_found": 1, "macke_bug_chain_length": 1, "clustering_coefficient": 0.7, "faulty": false, "node_path_length": 1.0, "node_degree": [3, 2, 5]}, "{TNEFCheckForSignature}": {"distance_to_interface": 1, "macke_vulnerabilities_found": 1, "macke_bug_chain_length": 1, "clustering_coefficient": 0.6666666666666666, "faulty": false, "node_path_length": 1.0, "node_degree": [1, 2, 3]}, "{TNEFMemory_Open}": {"distance_to_interface": 1, "macke_vulnerabilities_found": 1, "macke_bug_chain_length": 1, "clustering_coefficient": 0, "faulty": false, "node_path_length": 0, "node_degree": [0, 1, 1]}, "{llvm.memset.p0i8.i64}": {"distance_to_interface": 1, "macke_vulnerabilities_found": 0, "macke_bug_chain_length": 0, "clustering_coefficient": 0, "faulty": false, "node_path_length": 0, "node_degree": [0, 1, 1]}, "{TNEFFile_Read}": {"distance_to_interface": 1, "macke_vulnerabilities_found": 1, "macke_bug_chain_length": 1, "clustering_coefficient": 0.6666666666666666, "faulty": false, "node_path_length": 1.3333333333333333, "node_degree": [2, 1, 3]}, "{strlen}": {"distance_to_interface": 1, "macke_vulnerabilities_found": 0, "macke_bug_chain_length": 0, "clustering_coefficient": 0.3333333333333333, "faulty": false, "node_path_length": 1.0, "node_degree": [1, 2, 3]}, "{TNEFAttachmentSave}": {"distance_to_interface": 1, "macke_vulnerabilities_found": 1, "macke_bug_chain_length": 1, "clustering_coefficient": 0.6666666666666666, "faulty": false, "node_path_length": 1.0, "node_degree": [2, 1, 3]}, "{SwapDDWord}": {"distance_to_interface": 1, "macke_vulnerabilities_found": 1, "macke_bug_chain_length": 1, "clustering_coefficient": 1.0, "faulty": false, "node_path_length": 0, "node_degree": [0, 2, 2]}, "{TNEFHexBreakdown}": {"distance_to_interface": 1, "macke_vulnerabilities_found": 1, "macke_bug_chain_length": 1, "clustering_coefficient": 1.0, "faulty": false, "node_path_length": 1.0, "node_degree": [1, 1, 2]}}