{
  "klee-out-1": {
    "bcfile": "/tmp/macke/2017-07-20-10-14-45/bitcode/symmains.bc",
    "folder": "/tmp/macke/2017-07-20-10-14-45/klee/klee-out-1",
    "function": "TNEFDefaultHandler",
    "phase": 1
  },
  "klee-out-2": {
    "bcfile": "/tmp/macke/2017-07-20-10-14-45/bitcode/symmains.bc",
    "folder": "/tmp/macke/2017-07-20-10-14-45/klee/klee-out-2",
    "function": "TNEFFromHandler",
    "phase": 1
  },
  "klee-out-3": {
    "bcfile": "/tmp/macke/2017-07-20-10-14-45/bitcode/symmains.bc",
    "folder": "/tmp/macke/2017-07-20-10-14-45/klee/klee-out-3",
    "function": "TNEFSubjectHandler",
    "phase": 1
  },
  "klee-out-4": {
    "bcfile": "/tmp/macke/2017-07-20-10-14-45/bitcode/symmains.bc",
    "folder": "/tmp/macke/2017-07-20-10-14-45/klee/klee-out-4",
    "function": "SwapWord",
    "phase": 1
  },
  "klee-out-5": {
    "bcfile": "/tmp/macke/2017-07-20-10-14-45/bitcode/symmains.bc",
    "folder": "/tmp/macke/2017-07-20-10-14-45/klee/klee-out-5",
    "function": "TNEFDateHandler",
    "phase": 1
  },
  "klee-out-6": {
    "bcfile": "/tmp/macke/2017-07-20-10-14-45/bitcode/symmains.bc",
    "folder": "/tmp/macke/2017-07-20-10-14-45/klee/klee-out-6",
    "function": "TNEFMessageClass",
    "phase": 1
  },
  "klee-out-7": {
    "bcfile": "/tmp/macke/2017-07-20-10-14-45/bitcode/symmains.bc",
    "folder": "/tmp/macke/2017-07-20-10-14-45/klee/klee-out-7",
    "function": "TNEFMessageID",
    "phase": 1
  },
  "klee-out-8": {
    "bcfile": "/tmp/macke/2017-07-20-10-14-45/bitcode/symmains.bc",
    "folder": "/tmp/macke/2017-07-20-10-14-45/klee/klee-out-8",
    "function": "TNEFParentID",
    "phase": 1
  },
  "klee-out-9": {
    "bcfile": "/tmp/macke/2017-07-20-10-14-45/bitcode/symmains.bc",
    "folder": "/tmp/macke/2017-07-20-10-14-45/klee/klee-out-9",
    "function": "TNEFBody",
    "phase": 1
  },
  "klee-out-10": {
    "bcfile": "/tmp/macke/2017-07-20-10-14-45/bitcode/symmains.bc",
    "folder": "/tmp/macke/2017-07-20-10-14-45/klee/klee-out-10",
    "function": "SwapDWord",
    "phase": 1
  },
  "klee-out-11": {
    "bcfile": "/tmp/macke/2017-07-20-10-14-45/bitcode/symmains.bc",
    "folder": "/tmp/macke/2017-07-20-10-14-45/klee/klee-out-11",
    "function": "TNEFPriority",
    "phase": 1
  },
  "klee-out-12": {
    "bcfile": "/tmp/macke/2017-07-20-10-14-45/bitcode/symmains.bc",
    "folder": "/tmp/macke/2017-07-20-10-14-45/klee/klee-out-12",
    "function": "TNEFAttachmentSave",
    "phase": 1
  },
  "klee-out-13": {
    "bcfile": "/tmp/macke/2017-07-20-10-14-45/bitcode/symmains.bc",
    "folder": "/tmp/macke/2017-07-20-10-14-45/klee/klee-out-13",
    "function": "TNEFAttachmentFilename",
    "phase": 1
  },
  "klee-out-14": {
    "bcfile": "/tmp/macke/2017-07-20-10-14-45/bitcode/symmains.bc",
    "folder": "/tmp/macke/2017-07-20-10-14-45/klee/klee-out-14",
    "function": "TNEFIcon",
    "phase": 1
  },
  "klee-out-15": {
    "bcfile": "/tmp/macke/2017-07-20-10-14-45/bitcode/symmains.bc",
    "folder": "/tmp/macke/2017-07-20-10-14-45/klee/klee-out-15",
    "function": "TNEFInitMapi",
    "phase": 1
  },
  "klee-out-16": {
    "bcfile": "/tmp/macke/2017-07-20-10-14-45/bitcode/symmains.bc",
    "folder": "/tmp/macke/2017-07-20-10-14-45/klee/klee-out-16",
    "function": "TNEFInitAttachment",
    "phase": 1
  },
  "klee-out-17": {
    "bcfile": "/tmp/macke/2017-07-20-10-14-45/bitcode/symmains.bc",
    "folder": "/tmp/macke/2017-07-20-10-14-45/klee/klee-out-17",
    "function": "TNEFRendData",
    "phase": 1
  },
  "klee-out-18": {
    "bcfile": "/tmp/macke/2017-07-20-10-14-45/bitcode/symmains.bc",
    "folder": "/tmp/macke/2017-07-20-10-14-45/klee/klee-out-18",
    "function": "to_utf8",
    "phase": 1
  },
  "klee-out-19": {
    "bcfile": "/tmp/macke/2017-07-20-10-14-45/bitcode/symmains.bc",
    "folder": "/tmp/macke/2017-07-20-10-14-45/klee/klee-out-19",
    "function": "SwapDDWord",
    "phase": 1
  },
  "klee-out-20": {
    "bcfile": "/tmp/macke/2017-07-20-10-14-45/bitcode/symmains.bc",
    "folder": "/tmp/macke/2017-07-20-10-14-45/klee/klee-out-20",
    "function": "TNEFFillMapi",
    "phase": 1
  },
  "klee-out-21": {
    "bcfile": "/tmp/macke/2017-07-20-10-14-45/bitcode/symmains.bc",
    "folder": "/tmp/macke/2017-07-20-10-14-45/klee/klee-out-21",
    "function": "MAPISysTimetoDTR",
    "phase": 1
  },
  "klee-out-22": {
    "bcfile": "/tmp/macke/2017-07-20-10-14-45/bitcode/symmains.bc",
    "folder": "/tmp/macke/2017-07-20-10-14-45/klee/klee-out-22",
    "function": "TNEFPrintDate",
    "phase": 1
  },
  "klee-out-23": {
    "bcfile": "/tmp/macke/2017-07-20-10-14-45/bitcode/symmains.bc",
    "folder": "/tmp/macke/2017-07-20-10-14-45/klee/klee-out-23",
    "function": "IsCompressedRTF",
    "phase": 1
  },
  "klee-out-24": {
    "bcfile": "/tmp/macke/2017-07-20-10-14-45/bitcode/symmains.bc",
    "folder": "/tmp/macke/2017-07-20-10-14-45/klee/klee-out-24",
    "function": "DecompressRTF",
    "phase": 1
  },
  "klee-out-25": {
    "bcfile": "/tmp/macke/2017-07-20-10-14-45/bitcode/symmains.bc",
    "folder": "/tmp/macke/2017-07-20-10-14-45/klee/klee-out-25",
    "function": "MAPIPrint",
    "phase": 1
  },
  "klee-out-26": {
    "bcfile": "/tmp/macke/2017-07-20-10-14-45/bitcode/symmains.bc",
    "folder": "/tmp/macke/2017-07-20-10-14-45/klee/klee-out-26",
    "function": "TNEFMapiProperties",
    "phase": 1
  },
  "klee-out-27": {
    "bcfile": "/tmp/macke/2017-07-20-10-14-45/bitcode/symmains.bc",
    "folder": "/tmp/macke/2017-07-20-10-14-45/klee/klee-out-27",
    "function": "TNEFRecipTable",
    "phase": 1
  },
  "klee-out-28": {
    "bcfile": "/tmp/macke/2017-07-20-10-14-45/bitcode/symmains.bc",
    "folder": "/tmp/macke/2017-07-20-10-14-45/klee/klee-out-28",
    "function": "TNEFAttachmentMAPI",
    "phase": 1
  },
  "klee-out-29": {
    "bcfile": "/tmp/macke/2017-07-20-10-14-45/bitcode/symmains.bc",
    "folder": "/tmp/macke/2017-07-20-10-14-45/klee/klee-out-29",
    "function": "TNEFVersion",
    "phase": 1
  },
  "klee-out-30": {
    "bcfile": "/tmp/macke/2017-07-20-10-14-45/bitcode/symmains.bc",
    "folder": "/tmp/macke/2017-07-20-10-14-45/klee/klee-out-30",
    "function": "TNEFCodePage",
    "phase": 1
  },
  "klee-out-31": {
    "bcfile": "/tmp/macke/2017-07-20-10-14-45/bitcode/symmains.bc",
    "folder": "/tmp/macke/2017-07-20-10-14-45/klee/klee-out-31",
    "function": "TNEFOriginalMsgClass",
    "phase": 1
  },
  "klee-out-32": {
    "bcfile": "/tmp/macke/2017-07-20-10-14-45/bitcode/symmains.bc",
    "folder": "/tmp/macke/2017-07-20-10-14-45/klee/klee-out-32",
    "function": "TNEFSentFor",
    "phase": 1
  },
  "klee-out-33": {
    "bcfile": "/tmp/macke/2017-07-20-10-14-45/bitcode/symmains.bc",
    "folder": "/tmp/macke/2017-07-20-10-14-45/klee/klee-out-33",
    "function": "TNEFHexBreakdown",
    "phase": 1
  },
  "klee-out-34": {
    "bcfile": "/tmp/macke/2017-07-20-10-14-45/bitcode/symmains.bc",
    "folder": "/tmp/macke/2017-07-20-10-14-45/klee/klee-out-34",
    "function": "TNEFDetailedPrint",
    "phase": 1
  },
  "klee-out-35": {
    "bcfile": "/tmp/macke/2017-07-20-10-14-45/bitcode/symmains.bc",
    "folder": "/tmp/macke/2017-07-20-10-14-45/klee/klee-out-35",
    "function": "TNEFCheckForSignature",
    "phase": 1
  },
  "klee-out-36": {
    "bcfile": "/tmp/macke/2017-07-20-10-14-45/bitcode/symmains.bc",
    "folder": "/tmp/macke/2017-07-20-10-14-45/klee/klee-out-36",
    "function": "TNEFGetKey",
    "phase": 1
  },
  "klee-out-37": {
    "bcfile": "/tmp/macke/2017-07-20-10-14-45/bitcode/symmains.bc",
    "folder": "/tmp/macke/2017-07-20-10-14-45/klee/klee-out-37",
    "function": "TNEFGetHeader",
    "phase": 1
  },
  "klee-out-38": {
    "bcfile": "/tmp/macke/2017-07-20-10-14-45/bitcode/symmains.bc",
    "folder": "/tmp/macke/2017-07-20-10-14-45/klee/klee-out-38",
    "function": "TNEFRawRead",
    "phase": 1
  },
  "klee-out-39": {
    "bcfile": "/tmp/macke/2017-07-20-10-14-45/bitcode/symmains.bc",
    "folder": "/tmp/macke/2017-07-20-10-14-45/klee/klee-out-39",
    "function": "TNEFInitialize",
    "phase": 1
  },
  "klee-out-40": {
    "bcfile": "/tmp/macke/2017-07-20-10-14-45/bitcode/symmains.bc",
    "folder": "/tmp/macke/2017-07-20-10-14-45/klee/klee-out-40",
    "function": "TNEFFreeMapiProps",
    "phase": 1
  },
  "klee-out-41": {
    "bcfile": "/tmp/macke/2017-07-20-10-14-45/bitcode/symmains.bc",
    "folder": "/tmp/macke/2017-07-20-10-14-45/klee/klee-out-41",
    "function": "TNEFFreeAttachment",
    "phase": 1
  },
  "klee-out-42": {
    "bcfile": "/tmp/macke/2017-07-20-10-14-45/bitcode/symmains.bc",
    "folder": "/tmp/macke/2017-07-20-10-14-45/klee/klee-out-42",
    "function": "TNEFFree",
    "phase": 1
  },
  "klee-out-43": {
    "bcfile": "/tmp/macke/2017-07-20-10-14-45/bitcode/symmains.bc",
    "folder": "/tmp/macke/2017-07-20-10-14-45/klee/klee-out-43",
    "function": "TNEFFile_Open",
    "phase": 1
  },
  "klee-out-44": {
    "bcfile": "/tmp/macke/2017-07-20-10-14-45/bitcode/symmains.bc",
    "folder": "/tmp/macke/2017-07-20-10-14-45/klee/klee-out-44",
    "function": "TNEFFile_Read",
    "phase": 1
  },
  "klee-out-45": {
    "bcfile": "/tmp/macke/2017-07-20-10-14-45/bitcode/symmains.bc",
    "folder": "/tmp/macke/2017-07-20-10-14-45/klee/klee-out-45",
    "function": "TNEFFile_Close",
    "phase": 1
  },
  "klee-out-46": {
    "bcfile": "/tmp/macke/2017-07-20-10-14-45/bitcode/symmains.bc",
    "folder": "/tmp/macke/2017-07-20-10-14-45/klee/klee-out-46",
    "function": "TNEFParse",
    "phase": 1
  },
  "klee-out-47": {
    "bcfile": "/tmp/macke/2017-07-20-10-14-45/bitcode/symmains.bc",
    "folder": "/tmp/macke/2017-07-20-10-14-45/klee/klee-out-47",
    "function": "TNEFParseFile",
    "phase": 1
  },
  "klee-out-48": {
    "bcfile": "/tmp/macke/2017-07-20-10-14-45/bitcode/symmains.bc",
    "folder": "/tmp/macke/2017-07-20-10-14-45/klee/klee-out-48",
    "function": "TNEFMemory_Open",
    "phase": 1
  },
  "klee-out-49": {
    "bcfile": "/tmp/macke/2017-07-20-10-14-45/bitcode/symmains.bc",
    "folder": "/tmp/macke/2017-07-20-10-14-45/klee/klee-out-49",
    "function": "TNEFMemory_Read",
    "phase": 1
  },
  "klee-out-50": {
    "bcfile": "/tmp/macke/2017-07-20-10-14-45/bitcode/symmains.bc",
    "folder": "/tmp/macke/2017-07-20-10-14-45/klee/klee-out-50",
    "function": "TNEFMemory_Close",
    "phase": 1
  },
  "klee-out-51": {
    "bcfile": "/tmp/macke/2017-07-20-10-14-45/bitcode/symmains.bc",
    "folder": "/tmp/macke/2017-07-20-10-14-45/klee/klee-out-51",
    "function": "TNEFParseMemory",
    "phase": 1
  },
  "klee-out-52": {
    "bcfile": "/tmp/macke/2017-07-20-10-14-45/bitcode/symmains.bc",
    "folder": "/tmp/macke/2017-07-20-10-14-45/klee/klee-out-52",
    "function": "MAPIFindUserProp",
    "phase": 1
  },
  "klee-out-53": {
    "bcfile": "/tmp/macke/2017-07-20-10-14-45/bitcode/symmains.bc",
    "folder": "/tmp/macke/2017-07-20-10-14-45/klee/klee-out-53",
    "function": "MAPIFindProperty",
    "phase": 1
  },
  "klee-out-54": {
    "bcfile": "/tmp/macke/2017-07-20-10-14-45/bitcode/chain-TNEFFillMapi-to_utf8.bc",
    "callee": "to_utf8",
    "caller": "TNEFFillMapi",
    "folder": "/tmp/macke/2017-07-20-10-14-45/klee/klee-out-54",
    "phase": 2
  },
  "klee-out-55": {
    "bcfile": "/tmp/macke/2017-07-20-10-14-45/bitcode/chain-MAPIPrint-DecompressRTF.bc",
    "callee": "DecompressRTF",
    "caller": "MAPIPrint",
    "folder": "/tmp/macke/2017-07-20-10-14-45/klee/klee-out-55",
    "phase": 2
  },
  "klee-out-56": {
    "bcfile": "/tmp/macke/2017-07-20-10-14-45/bitcode/chain-MAPIPrint-MAPISysTimetoDTR.bc",
    "callee": "MAPISysTimetoDTR",
    "caller": "MAPIPrint",
    "folder": "/tmp/macke/2017-07-20-10-14-45/klee/klee-out-56",
    "phase": 2
  },
  "klee-out-57": {
    "bcfile": "/tmp/macke/2017-07-20-10-14-45/bitcode/chain-TNEFMapiProperties-MAPIPrint.bc",
    "callee": "MAPIPrint",
    "caller": "TNEFMapiProperties",
    "folder": "/tmp/macke/2017-07-20-10-14-45/klee/klee-out-57",
    "phase": 2
  },
  "klee-out-58": {
    "bcfile": "/tmp/macke/2017-07-20-10-14-45/bitcode/chain-TNEFFree-TNEFFreeMapiProps.bc",
    "callee": "TNEFFreeMapiProps",
    "caller": "TNEFFree",
    "folder": "/tmp/macke/2017-07-20-10-14-45/klee/klee-out-58",
    "phase": 2
  },
  "klee-out-59": {
    "bcfile": "/tmp/macke/2017-07-20-10-14-45/bitcode/chain-TNEFFreeAttachment-TNEFFreeMapiProps.bc",
    "callee": "TNEFFreeMapiProps",
    "caller": "TNEFFreeAttachment",
    "folder": "/tmp/macke/2017-07-20-10-14-45/klee/klee-out-59",
    "phase": 2
  },
  "klee-out-60": {
    "bcfile": "/tmp/macke/2017-07-20-10-14-45/bitcode/chain-TNEFFree-TNEFFreeAttachment.bc",
    "callee": "TNEFFreeAttachment",
    "caller": "TNEFFree",
    "folder": "/tmp/macke/2017-07-20-10-14-45/klee/klee-out-60",
    "phase": 2
  }
}
