{"links": [{"target": "{SwapDWord}", "type": 1, "source": "{IsCompressedRTF}"}, {"target": "{TNEFInitAttachment}", "type": 1, "source": "{TNEFRendData}"}, {"target": "{printf}", "type": 0, "source": "{TNEFRendData}"}, {"target": "{calloc}", "type": 0, "source": "{TNEFRendData}"}, {"target": "{TNEFInitAttachment}", "type": 1, "source": "{TNEFInitialize}"}, {"target": "{TNEFInitMapi}", "type": 2, "source": "{TNEFInitialize}"}, {"target": "{MAPIPrint}", "type": 0, "source": "{TNEFMapiProperties}"}, {"target": "{printf}", "type": 3, "source": "{TNEFMapiProperties}"}, {"target": "{TNEFFillMapi}", "type": 2, "source": "{TNEFMapiProperties}"}, {"target": "{free}", "type": 3, "source": "{TNEFFreeMapiProps}"}, {"target": "{free}", "type": 0, "source": "{TNEFFreeMapiProps}"}, {"target": "{free}", "type": 2, "source": "{TNEFFreeMapiProps}"}, {"target": "{free}", "type": 1, "source": "{TNEFFreeMapiProps}"}, {"target": "{free}", "type": 2, "source": "{TNEFFreeMapiProps}"}, {"target": "{printf}", "type": 2, "source": "{TNEFAttachmentFilename}"}, {"target": "{calloc}", "type": 1, "source": "{TNEFAttachmentFilename}"}, {"target": "{TNEFFillMapi}", "type": 0, "source": "{TNEFAttachmentMAPI}"}, {"target": "Node0x30acc20", "type": 1, "source": "{strlen}"}, {"target": "{printf}", "type": 3, "source": "{TNEFCodePage}"}, {"target": "{calloc}", "type": 2, "source": "{TNEFCodePage}"}, {"target": "{printf}", "type": 0, "source": "{TNEFHexBreakdown}"}, {"target": "{printf}", "type": 0, "source": "{TNEFHexBreakdown}"}, {"target": "{printf}", "type": 1, "source": "{TNEFHexBreakdown}"}, {"target": "{printf}", "type": 2, "source": "{TNEFHexBreakdown}"}, {"target": "{printf}", "type": 1, "source": "{TNEFDateHandler}"}, {"target": "{SwapWord}", "type": 1, "source": "{TNEFDateHandler}"}, {"target": "Node0x30acc20", "type": 3, "source": "{printf}"}, {"target": "{printf}", "type": 1, "source": "{TNEFRawRead}"}, {"target": "Node0x30acc20", "type": 3, "source": "{TNEFRawRead}"}, {"target": "{printf}", "type": 1, "source": "{TNEFFile_Read}"}, {"target": "{printf}", "type": 0, "source": "{TNEFFile_Read}"}, {"target": "{printf}", "type": 2, "source": "{TNEFFile_Read}"}, {"target": "{fread}", "type": 3, "source": "{TNEFFile_Read}"}, {"target": "{sprintf}", "type": 3, "source": "{TNEFPriority}"}, {"target": "{sprintf}", "type": 0, "source": "{TNEFPriority}"}, {"target": "{sprintf}", "type": 1, "source": "{TNEFPriority}"}, {"target": "{sprintf}", "type": 3, "source": "{TNEFPriority}"}, {"target": "{SwapDWord}", "type": 0, "source": "{TNEFPriority}"}, {"target": "{printf}", "type": 3, "source": "{DecompressRTF}"}, {"target": "{printf}", "type": 3, "source": "{DecompressRTF}"}, {"target": "{printf}", "type": 0, "source": "{DecompressRTF}"}, {"target": "{printf}", "type": 3, "source": "{DecompressRTF}"}, {"target": "{printf}", "type": 3, "source": "{DecompressRTF}"}, {"target": "{printf}", "type": 0, "source": "{DecompressRTF}"}, {"target": "{printf}", "type": 1, "source": "{DecompressRTF}"}, {"target": "{printf}", "type": 2, "source": "{DecompressRTF}"}, {"target": "{printf}", "type": 1, "source": "{DecompressRTF}"}, {"target": "{exit}", "type": 3, "source": "{DecompressRTF}"}, {"target": "{exit}", "type": 0, "source": "{DecompressRTF}"}, {"target": "{SwapDWord}", "type": 0, "source": "{DecompressRTF}"}, {"target": "{SwapDWord}", "type": 1, "source": "{DecompressRTF}"}, {"target": "{SwapDWord}", "type": 0, "source": "{DecompressRTF}"}, {"target": "{calloc}", "type": 3, "source": "{DecompressRTF}"}, {"target": "{calloc}", "type": 2, "source": "{DecompressRTF}"}, {"target": "{calloc}", "type": 3, "source": "{DecompressRTF}"}, {"target": "{calloc}", "type": 2, "source": "{DecompressRTF}"}, {"target": "{free}", "type": 2, "source": "{DecompressRTF}"}, {"target": "{free}", "type": 2, "source": "{DecompressRTF}"}, {"target": "{free}", "type": 1, "source": "{DecompressRTF}"}, {"target": "{free}", "type": 2, "source": "{DecompressRTF}"}, {"target": "{printf}", "type": 3, "source": "{to_utf8}"}, {"target": "{exit}", "type": 2, "source": "{to_utf8}"}, {"target": "{malloc}", "type": 2, "source": "{to_utf8}"}, {"target": "{SwapWord}", "type": 2, "source": "{to_utf8}"}, {"target": "{IsCompressedRTF}", "type": 3, "source": "{MAPIPrint}"}, {"target": "{free}", "type": 2, "source": "{MAPIPrint}"}, {"target": "{__ctype_b_loc}", "type": 0, "source": "{MAPIPrint}"}, {"target": "{__ctype_b_loc}", "type": 2, "source": "{MAPIPrint}"}, {"target": "{DecompressRTF}", "type": 1, "source": "{MAPIPrint}"}, {"target": "{MAPISysTimetoDTR}", "type": 1, "source": "{MAPIPrint}"}, {"target": "{strlen}", "type": 0, "source": "{MAPIPrint}"}, {"target": "{printf}", "type": 1, "source": "{MAPIPrint}"}, {"target": "{printf}", "type": 2, "source": "{MAPIPrint}"}, {"target": "{printf}", "type": 1, "source": "{MAPIPrint}"}, {"target": "{printf}", "type": 1, "source": "{MAPIPrint}"}, {"target": "{printf}", "type": 3, "source": "{MAPIPrint}"}, {"target": "{printf}", "type": 2, "source": "{MAPIPrint}"}, {"target": "{printf}", "type": 0, "source": "{MAPIPrint}"}, {"target": "{printf}", "type": 2, "source": "{MAPIPrint}"}, {"target": "{printf}", "type": 2, "source": "{MAPIPrint}"}, {"target": "{printf}", "type": 1, "source": "{MAPIPrint}"}, {"target": "{printf}", "type": 2, "source": "{MAPIPrint}"}, {"target": "{printf}", "type": 0, "source": "{MAPIPrint}"}, {"target": "{printf}", "type": 0, "source": "{MAPIPrint}"}, {"target": "{printf}", "type": 0, "source": "{MAPIPrint}"}, {"target": "{printf}", "type": 2, "source": "{MAPIPrint}"}, {"target": "{printf}", "type": 1, "source": "{MAPIPrint}"}, {"target": "{printf}", "type": 2, "source": "{MAPIPrint}"}, {"target": "{printf}", "type": 0, "source": "{MAPIPrint}"}, {"target": "{printf}", "type": 1, "source": "{MAPIPrint}"}, {"target": "{printf}", "type": 2, "source": "{MAPIPrint}"}, {"target": "{printf}", "type": 1, "source": "{MAPIPrint}"}, {"target": "{printf}", "type": 0, "source": "{MAPIPrint}"}, {"target": "{printf}", "type": 3, "source": "{MAPIPrint}"}, {"target": "{printf}", "type": 0, "source": "{MAPIPrint}"}, {"target": "{printf}", "type": 1, "source": "{MAPIPrint}"}, {"target": "{printf}", "type": 3, "source": "{MAPIPrint}"}, {"target": "{printf}", "type": 2, "source": "{MAPIPrint}"}, {"target": "{printf}", "type": 0, "source": "{MAPIPrint}"}, {"target": "{printf}", "type": 1, "source": "{MAPIPrint}"}, {"target": "{printf}", "type": 1, "source": "{MAPIPrint}"}, {"target": "{printf}", "type": 0, "source": "{MAPIPrint}"}, {"target": "{printf}", "type": 1, "source": "{MAPIPrint}"}, {"target": "{printf}", "type": 1, "source": "{MAPIPrint}"}, {"target": "{printf}", "type": 0, "source": "{MAPIPrint}"}, {"target": "{printf}", "type": 3, "source": "{MAPIPrint}"}, {"target": "{printf}", "type": 1, "source": "{MAPIPrint}"}, {"target": "{printf}", "type": 3, "source": "{MAPIPrint}"}, {"target": "{printf}", "type": 1, "source": "{MAPIPrint}"}, {"target": "{printf}", "type": 1, "source": "{MAPIPrint}"}, {"target": "{printf}", "type": 1, "source": "{MAPIPrint}"}, {"target": "{printf}", "type": 1, "source": "{MAPIPrint}"}, {"target": "{printf}", "type": 3, "source": "{MAPIPrint}"}, {"target": "{printf}", "type": 1, "source": "{MAPIPrint}"}, {"target": "{printf}", "type": 2, "source": "{MAPIPrint}"}, {"target": "{printf}", "type": 1, "source": "{MAPIPrint}"}, {"target": "{printf}", "type": 3, "source": "{MAPIPrint}"}, {"target": "{printf}", "type": 0, "source": "{MAPIPrint}"}, {"target": "{printf}", "type": 2, "source": "{MAPIPrint}"}, {"target": "{printf}", "type": 2, "source": "{MAPIPrint}"}, {"target": "{printf}", "type": 3, "source": "{MAPIPrint}"}, {"target": "{printf}", "type": 0, "source": "{MAPIPrint}"}, {"target": "{printf}", "type": 3, "source": "{MAPIPrint}"}, {"target": "{printf}", "type": 3, "source": "{MAPIPrint}"}, {"target": "{printf}", "type": 1, "source": "{MAPIPrint}"}, {"target": "{printf}", "type": 1, "source": "{MAPIPrint}"}, {"target": "{printf}", "type": 0, "source": "{MAPIPrint}"}, {"target": "{TNEFPrintDate}", "type": 0, "source": "{MAPIPrint}"}, {"target": "{printf}", "type": 3, "source": "{TNEFFromHandler}"}, {"target": "{calloc}", "type": 1, "source": "{TNEFFromHandler}"}, {"target": "{snprintf}", "type": 2, "source": "{TNEFVersion}"}, {"target": "{SwapWord}", "type": 3, "source": "{TNEFVersion}"}, {"target": "{SwapWord}", "type": 3, "source": "{TNEFVersion}"}, {"target": "Node0x30acc20", "type": 2, "source": "{malloc}"}, {"target": "{printf}", "type": 0, "source": "{TNEFFile_Close}"}, {"target": "{printf}", "type": 1, "source": "{TNEFFile_Close}"}, {"target": "{printf}", "type": 2, "source": "{TNEFFile_Close}"}, {"target": "{fclose}", "type": 0, "source": "{TNEFFile_Close}"}, {"target": "{free}", "type": 1, "source": "{TNEFFree}"}, {"target": "{free}", "type": 3, "source": "{TNEFFree}"}, {"target": "{free}", "type": 0, "source": "{TNEFFree}"}, {"target": "{free}", "type": 0, "source": "{TNEFFree}"}, {"target": "{free}", "type": 2, "source": "{TNEFFree}"}, {"target": "{free}", "type": 3, "source": "{TNEFFree}"}, {"target": "{free}", "type": 1, "source": "{TNEFFree}"}, {"target": "{free}", "type": 3, "source": "{TNEFFree}"}, {"target": "{free}", "type": 0, "source": "{TNEFFree}"}, {"target": "{free}", "type": 0, "source": "{TNEFFree}"}, {"target": "{TNEFFreeMapiProps}", "type": 0, "source": "{TNEFFree}"}, {"target": "{TNEFFreeAttachment}", "type": 3, "source": "{TNEFFree}"}, {"target": "{printf}", "type": 2, "source": "{TNEFFile_Open}"}, {"target": "{printf}", "type": 2, "source": "{TNEFFile_Open}"}, {"target": "{printf}", "type": 1, "source": "{TNEFFile_Open}"}, {"target": "{fopen}", "type": 1, "source": "{TNEFFile_Open}"}, {"target": "{printf}", "type": 2, "source": "{TNEFSentFor}"}, {"target": "{printf}", "type": 2, "source": "{TNEFSentFor}"}, {"target": "{printf}", "type": 2, "source": "{TNEFSentFor}"}, {"target": "{printf}", "type": 0, "source": "{TNEFSentFor}"}, {"target": "{SwapWord}", "type": 0, "source": "{TNEFSentFor}"}, {"target": "{SwapWord}", "type": 1, "source": "{TNEFSentFor}"}, {"target": "{IsCompressedRTF}", "type": 0, "source": "{external node}"}, {"target": "{TNEFRendData}", "type": 2, "source": "{external node}"}, {"target": "{TNEFRendData}", "type": 3, "source": "{external node}"}, {"target": "{TNEFInitialize}", "type": 2, "source": "{external node}"}, {"target": "{MAPISysTimetoDTR}", "type": 3, "source": "{external node}"}, {"target": "{TNEFMapiProperties}", "type": 1, "source": "{external node}"}, {"target": "{TNEFMapiProperties}", "type": 1, "source": "{external node}"}, {"target": "{TNEFFreeMapiProps}", "type": 0, "source": "{external node}"}, {"target": "{TNEFMemory_Close}", "type": 0, "source": "{external node}"}, {"target": "{TNEFMemory_Close}", "type": 0, "source": "{external node}"}, {"target": "{TNEFAttachmentFilename}", "type": 1, "source": "{external node}"}, {"target": "{TNEFAttachmentFilename}", "type": 3, "source": "{external node}"}, {"target": "{TNEFAttachmentMAPI}", "type": 2, "source": "{external node}"}, {"target": "{TNEFAttachmentMAPI}", "type": 3, "source": "{external node}"}, {"target": "{MAPIFindUserProp}", "type": 3, "source": "{external node}"}, {"target": "{strlen}", "type": 2, "source": "{external node}"}, {"target": "{TNEFCodePage}", "type": 1, "source": "{external node}"}, {"target": "{TNEFCodePage}", "type": 2, "source": "{external node}"}, {"target": "{TNEFHexBreakdown}", "type": 1, "source": "{external node}"}, {"target": "{TNEFDateHandler}", "type": 2, "source": "{external node}"}, {"target": "{TNEFDateHandler}", "type": 3, "source": "{external node}"}, {"target": "{printf}", "type": 0, "source": "{external node}"}, {"target": "{llvm.memcpy.p0i8.p0i8.i64}", "type": 2, "source": "{external node}"}, {"target": "{TNEFRawRead}", "type": 3, "source": "{external node}"}, {"target": "{TNEFFile_Read}", "type": 1, "source": "{external node}"}, {"target": "{TNEFFile_Read}", "type": 1, "source": "{external node}"}, {"target": "{MAPIFindProperty}", "type": 0, "source": "{external node}"}, {"target": "{TNEFPriority}", "type": 0, "source": "{external node}"}, {"target": "{TNEFPriority}", "type": 3, "source": "{external node}"}, {"target": "{DecompressRTF}", "type": 3, "source": "{external node}"}, {"target": "{to_utf8}", "type": 2, "source": "{external node}"}, {"target": "{MAPIPrint}", "type": 0, "source": "{external node}"}, {"target": "{TNEFFromHandler}", "type": 2, "source": "{external node}"}, {"target": "{TNEFFromHandler}", "type": 0, "source": "{external node}"}, {"target": "{llvm.dbg.declare}", "type": 0, "source": "{external node}"}, {"target": "{TNEFVersion}", "type": 3, "source": "{external node}"}, {"target": "{TNEFVersion}", "type": 3, "source": "{external node}"}, {"target": "{TNEFMemory_Open}", "type": 1, "source": "{external node}"}, {"target": "{TNEFMemory_Open}", "type": 1, "source": "{external node}"}, {"target": "{malloc}", "type": 1, "source": "{external node}"}, {"target": "{llvm.memset.p0i8.i64}", "type": 0, "source": "{external node}"}, {"target": "{TNEFFile_Close}", "type": 3, "source": "{external node}"}, {"target": "{TNEFFile_Close}", "type": 0, "source": "{external node}"}, {"target": "{TNEFFree}", "type": 0, "source": "{external node}"}, {"target": "{TNEFFile_Open}", "type": 3, "source": "{external node}"}, {"target": "{TNEFFile_Open}", "type": 0, "source": "{external node}"}, {"target": "{TNEFSentFor}", "type": 1, "source": "{external node}"}, {"target": "{TNEFSentFor}", "type": 2, "source": "{external node}"}, {"target": "{TNEFOriginalMsgClass}", "type": 3, "source": "{external node}"}, {"target": "{TNEFOriginalMsgClass}", "type": 1, "source": "{external node}"}, {"target": "{TNEFCheckForSignature}", "type": 3, "source": "{external node}"}, {"target": "{TNEFParseMemory}", "type": 1, "source": "{external node}"}, {"target": "{TNEFInitAttachment}", "type": 1, "source": "{external node}"}, {"target": "{TNEFGetHeader}", "type": 3, "source": "{external node}"}, {"target": "{snprintf}", "type": 2, "source": "{external node}"}, {"target": "{SwapDWord}", "type": 3, "source": "{external node}"}, {"target": "{__ctype_b_loc}", "type": 2, "source": "{external node}"}, {"target": "{SwapDDWord}", "type": 0, "source": "{external node}"}, {"target": "{TNEFDefaultHandler}", "type": 0, "source": "{external node}"}, {"target": "{TNEFDefaultHandler}", "type": 3, "source": "{external node}"}, {"target": "{fread}", "type": 1, "source": "{external node}"}, {"target": "{TNEFSubjectHandler}", "type": 3, "source": "{external node}"}, {"target": "{TNEFSubjectHandler}", "type": 0, "source": "{external node}"}, {"target": "{TNEFParentID}", "type": 2, "source": "{external node}"}, {"target": "{TNEFParentID}", "type": 1, "source": "{external node}"}, {"target": "{TNEFInitMapi}", "type": 0, "source": "{external node}"}, {"target": "{TNEFAttachmentSave}", "type": 2, "source": "{external node}"}, {"target": "{TNEFAttachmentSave}", "type": 3, "source": "{external node}"}, {"target": "{TNEFDetailedPrint}", "type": 2, "source": "{external node}"}, {"target": "{TNEFParse}", "type": 2, "source": "{external node}"}, {"target": "{calloc}", "type": 3, "source": "{external node}"}, {"target": "{TNEFRecipTable}", "type": 0, "source": "{external node}"}, {"target": "{TNEFRecipTable}", "type": 2, "source": "{external node}"}, {"target": "{free}", "type": 1, "source": "{external node}"}, {"target": "{exit}", "type": 1, "source": "{external node}"}, {"target": "{TNEFFillMapi}", "type": 1, "source": "{external node}"}, {"target": "{TNEFMemory_Read}", "type": 3, "source": "{external node}"}, {"target": "{TNEFMemory_Read}", "type": 0, "source": "{external node}"}, {"target": "{TNEFParseFile}", "type": 2, "source": "{external node}"}, {"target": "{TNEFIcon}", "type": 0, "source": "{external node}"}, {"target": "{TNEFIcon}", "type": 2, "source": "{external node}"}, {"target": "{fclose}", "type": 3, "source": "{external node}"}, {"target": "{TNEFMessageClass}", "type": 0, "source": "{external node}"}, {"target": "{TNEFMessageClass}", "type": 1, "source": "{external node}"}, {"target": "{TNEFGetKey}", "type": 2, "source": "{external node}"}, {"target": "{SwapWord}", "type": 0, "source": "{external node}"}, {"target": "{TNEFBody}", "type": 3, "source": "{external node}"}, {"target": "{TNEFBody}", "type": 2, "source": "{external node}"}, {"target": "{TNEFPrintDate}", "type": 2, "source": "{external node}"}, {"target": "{sprintf}", "type": 0, "source": "{external node}"}, {"target": "{fopen}", "type": 1, "source": "{external node}"}, {"target": "{TNEFMessageID}", "type": 3, "source": "{external node}"}, {"target": "{TNEFMessageID}", "type": 1, "source": "{external node}"}, {"target": "{TNEFFreeAttachment}", "type": 0, "source": "{external node}"}, {"target": "{SwapDWord}", "type": 2, "source": "{TNEFCheckForSignature}"}, {"target": "{printf}", "type": 1, "source": "{TNEFParseMemory}"}, {"target": "{TNEFParse}", "type": 0, "source": "{TNEFParseMemory}"}, {"target": "{TNEFInitMapi}", "type": 3, "source": "{TNEFInitAttachment}"}, {"target": "{printf}", "type": 1, "source": "{TNEFGetHeader}"}, {"target": "{printf}", "type": 2, "source": "{TNEFGetHeader}"}, {"target": "{printf}", "type": 0, "source": "{TNEFGetHeader}"}, {"target": "{printf}", "type": 1, "source": "{TNEFGetHeader}"}, {"target": "{printf}", "type": 2, "source": "{TNEFGetHeader}"}, {"target": "{printf}", "type": 1, "source": "{TNEFGetHeader}"}, {"target": "{printf}", "type": 0, "source": "{TNEFGetHeader}"}, {"target": "{printf}", "type": 0, "source": "{TNEFGetHeader}"}, {"target": "{printf}", "type": 3, "source": "{TNEFGetHeader}"}, {"target": "{printf}", "type": 3, "source": "{TNEFGetHeader}"}, {"target": "{printf}", "type": 1, "source": "{TNEFGetHeader}"}, {"target": "{printf}", "type": 2, "source": "{TNEFGetHeader}"}, {"target": "{printf}", "type": 0, "source": "{TNEFGetHeader}"}, {"target": "{printf}", "type": 0, "source": "{TNEFGetHeader}"}, {"target": "Node0x30acc20", "type": 1, "source": "{TNEFGetHeader}"}, {"target": "Node0x30acc20", "type": 1, "source": "{TNEFGetHeader}"}, {"target": "Node0x30acc20", "type": 3, "source": "{TNEFGetHeader}"}, {"target": "{SwapDWord}", "type": 2, "source": "{TNEFGetHeader}"}, {"target": "{SwapDWord}", "type": 2, "source": "{TNEFGetHeader}"}, {"target": "Node0x30acc20", "type": 2, "source": "{snprintf}"}, {"target": "Node0x30acc20", "type": 1, "source": "{__ctype_b_loc}"}, {"target": "{printf}", "type": 2, "source": "{TNEFDefaultHandler}"}, {"target": "Node0x30acc20", "type": 2, "source": "{fread}"}, {"target": "{printf}", "type": 3, "source": "{TNEFOriginalMsgClass}"}, {"target": "{calloc}", "type": 3, "source": "{TNEFOriginalMsgClass}"}, {"target": "{printf}", "type": 1, "source": "{TNEFAttachmentSave}"}, {"target": "{calloc}", "type": 1, "source": "{TNEFAttachmentSave}"}, {"target": "{printf}", "type": 3, "source": "{TNEFDetailedPrint}"}, {"target": "{printf}", "type": 2, "source": "{TNEFDetailedPrint}"}, {"target": "{printf}", "type": 0, "source": "{TNEFDetailedPrint}"}, {"target": "{printf}", "type": 0, "source": "{TNEFSubjectHandler}"}, {"target": "{calloc}", "type": 2, "source": "{TNEFSubjectHandler}"}, {"target": "{free}", "type": 2, "source": "{TNEFSubjectHandler}"}, {"target": "{free}", "type": 1, "source": "{TNEFParse}"}, {"target": "{free}", "type": 1, "source": "{TNEFParse}"}, {"target": "{free}", "type": 1, "source": "{TNEFParse}"}, {"target": "{free}", "type": 2, "source": "{TNEFParse}"}, {"target": "{free}", "type": 0, "source": "{TNEFParse}"}, {"target": "{TNEFGetHeader}", "type": 3, "source": "{TNEFParse}"}, {"target": "Node0x30acc20", "type": 0, "source": "{TNEFParse}"}, {"target": "Node0x30acc20", "type": 2, "source": "{TNEFParse}"}, {"target": "Node0x30acc20", "type": 3, "source": "{TNEFParse}"}, {"target": "Node0x30acc20", "type": 2, "source": "{TNEFParse}"}, {"target": "Node0x30acc20", "type": 3, "source": "{TNEFParse}"}, {"target": "Node0x30acc20", "type": 2, "source": "{TNEFParse}"}, {"target": "Node0x30acc20", "type": 2, "source": "{TNEFParse}"}, {"target": "Node0x30acc20", "type": 0, "source": "{TNEFParse}"}, {"target": "Node0x30acc20", "type": 3, "source": "{TNEFParse}"}, {"target": "Node0x30acc20", "type": 3, "source": "{TNEFParse}"}, {"target": "Node0x30acc20", "type": 2, "source": "{TNEFParse}"}, {"target": "{TNEFCheckForSignature}", "type": 3, "source": "{TNEFParse}"}, {"target": "{TNEFGetKey}", "type": 1, "source": "{TNEFParse}"}, {"target": "{SwapWord}", "type": 1, "source": "{TNEFParse}"}, {"target": "{printf}", "type": 0, "source": "{TNEFParse}"}, {"target": "{printf}", "type": 1, "source": "{TNEFParse}"}, {"target": "{printf}", "type": 2, "source": "{TNEFParse}"}, {"target": "{printf}", "type": 3, "source": "{TNEFParse}"}, {"target": "{printf}", "type": 2, "source": "{TNEFParse}"}, {"target": "{printf}", "type": 1, "source": "{TNEFParse}"}, {"target": "{printf}", "type": 0, "source": "{TNEFParse}"}, {"target": "{printf}", "type": 3, "source": "{TNEFParse}"}, {"target": "{printf}", "type": 2, "source": "{TNEFParse}"}, {"target": "{printf}", "type": 3, "source": "{TNEFParse}"}, {"target": "{printf}", "type": 0, "source": "{TNEFParse}"}, {"target": "{printf}", "type": 3, "source": "{TNEFParse}"}, {"target": "{printf}", "type": 3, "source": "{TNEFParse}"}, {"target": "{printf}", "type": 2, "source": "{TNEFParse}"}, {"target": "{printf}", "type": 1, "source": "{TNEFParse}"}, {"target": "{printf}", "type": 1, "source": "{TNEFParse}"}, {"target": "{printf}", "type": 2, "source": "{TNEFParse}"}, {"target": "{printf}", "type": 3, "source": "{TNEFParse}"}, {"target": "{printf}", "type": 0, "source": "{TNEFParse}"}, {"target": "{printf}", "type": 1, "source": "{TNEFParse}"}, {"target": "{printf}", "type": 1, "source": "{TNEFParse}"}, {"target": "{printf}", "type": 1, "source": "{TNEFParse}"}, {"target": "{printf}", "type": 0, "source": "{TNEFParse}"}, {"target": "{printf}", "type": 0, "source": "{TNEFParse}"}, {"target": "{TNEFRawRead}", "type": 2, "source": "{TNEFParse}"}, {"target": "{TNEFRawRead}", "type": 3, "source": "{TNEFParse}"}, {"target": "{calloc}", "type": 2, "source": "{TNEFParse}"}, {"target": "Node0x30acc20", "type": 1, "source": "{calloc}"}, {"target": "{SwapDWord}", "type": 1, "source": "{TNEFRecipTable}"}, {"target": "Node0x30acc20", "type": 3, "source": "{free}"}, {"target": "Node0x30acc20", "type": 3, "source": "{exit}"}, {"target": "{SwapDDWord}", "type": 3, "source": "{TNEFFillMapi}"}, {"target": "{exit}", "type": 0, "source": "{TNEFFillMapi}"}, {"target": "{SwapDWord}", "type": 3, "source": "{TNEFFillMapi}"}, {"target": "{SwapDWord}", "type": 2, "source": "{TNEFFillMapi}"}, {"target": "{SwapDWord}", "type": 1, "source": "{TNEFFillMapi}"}, {"target": "{SwapDWord}", "type": 1, "source": "{TNEFFillMapi}"}, {"target": "{SwapDWord}", "type": 0, "source": "{TNEFFillMapi}"}, {"target": "{SwapDWord}", "type": 0, "source": "{TNEFFillMapi}"}, {"target": "{SwapDWord}", "type": 0, "source": "{TNEFFillMapi}"}, {"target": "{SwapDWord}", "type": 1, "source": "{TNEFFillMapi}"}, {"target": "{SwapDWord}", "type": 2, "source": "{TNEFFillMapi}"}, {"target": "{to_utf8}", "type": 1, "source": "{TNEFFillMapi}"}, {"target": "{SwapWord}", "type": 0, "source": "{TNEFFillMapi}"}, {"target": "{printf}", "type": 1, "source": "{TNEFFillMapi}"}, {"target": "{printf}", "type": 2, "source": "{TNEFFillMapi}"}, {"target": "{printf}", "type": 3, "source": "{TNEFFillMapi}"}, {"target": "{printf}", "type": 0, "source": "{TNEFFillMapi}"}, {"target": "{printf}", "type": 2, "source": "{TNEFFillMapi}"}, {"target": "{printf}", "type": 0, "source": "{TNEFFillMapi}"}, {"target": "{printf}", "type": 2, "source": "{TNEFFillMapi}"}, {"target": "{printf}", "type": 1, "source": "{TNEFFillMapi}"}, {"target": "{printf}", "type": 1, "source": "{TNEFFillMapi}"}, {"target": "{printf}", "type": 3, "source": "{TNEFFillMapi}"}, {"target": "{printf}", "type": 2, "source": "{TNEFFillMapi}"}, {"target": "{printf}", "type": 1, "source": "{TNEFFillMapi}"}, {"target": "{printf}", "type": 0, "source": "{TNEFFillMapi}"}, {"target": "{printf}", "type": 3, "source": "{TNEFFillMapi}"}, {"target": "{printf}", "type": 0, "source": "{TNEFFillMapi}"}, {"target": "{printf}", "type": 0, "source": "{TNEFFillMapi}"}, {"target": "{printf}", "type": 2, "source": "{TNEFFillMapi}"}, {"target": "{printf}", "type": 3, "source": "{TNEFFillMapi}"}, {"target": "{printf}", "type": 0, "source": "{TNEFFillMapi}"}, {"target": "{printf}", "type": 0, "source": "{TNEFFillMapi}"}, {"target": "{printf}", "type": 1, "source": "{TNEFFillMapi}"}, {"target": "{printf}", "type": 3, "source": "{TNEFFillMapi}"}, {"target": "{printf}", "type": 2, "source": "{TNEFFillMapi}"}, {"target": "{printf}", "type": 2, "source": "{TNEFFillMapi}"}, {"target": "{printf}", "type": 2, "source": "{TNEFFillMapi}"}, {"target": "{printf}", "type": 3, "source": "{TNEFFillMapi}"}, {"target": "{printf}", "type": 0, "source": "{TNEFFillMapi}"}, {"target": "{printf}", "type": 2, "source": "{TNEFFillMapi}"}, {"target": "{printf}", "type": 2, "source": "{TNEFFillMapi}"}, {"target": "{printf}", "type": 0, "source": "{TNEFFillMapi}"}, {"target": "{printf}", "type": 1, "source": "{TNEFFillMapi}"}, {"target": "{printf}", "type": 3, "source": "{TNEFFillMapi}"}, {"target": "{printf}", "type": 2, "source": "{TNEFFillMapi}"}, {"target": "{printf}", "type": 2, "source": "{TNEFFillMapi}"}, {"target": "{printf}", "type": 2, "source": "{TNEFFillMapi}"}, {"target": "{calloc}", "type": 3, "source": "{TNEFFillMapi}"}, {"target": "{calloc}", "type": 1, "source": "{TNEFFillMapi}"}, {"target": "{calloc}", "type": 3, "source": "{TNEFFillMapi}"}, {"target": "{calloc}", "type": 2, "source": "{TNEFFillMapi}"}, {"target": "{calloc}", "type": 3, "source": "{TNEFFillMapi}"}, {"target": "{calloc}", "type": 0, "source": "{TNEFFillMapi}"}, {"target": "{calloc}", "type": 2, "source": "{TNEFFillMapi}"}, {"target": "{calloc}", "type": 2, "source": "{TNEFFillMapi}"}, {"target": "{calloc}", "type": 3, "source": "{TNEFFillMapi}"}, {"target": "{calloc}", "type": 1, "source": "{TNEFFillMapi}"}, {"target": "{printf}", "type": 1, "source": "{TNEFMemory_Read}"}, {"target": "{printf}", "type": 2, "source": "{TNEFMemory_Read}"}, {"target": "{printf}", "type": 3, "source": "{TNEFMemory_Read}"}, {"target": "{printf}", "type": 2, "source": "{TNEFParseFile}"}, {"target": "{TNEFParse}", "type": 3, "source": "{TNEFParseFile}"}, {"target": "{printf}", "type": 2, "source": "{TNEFIcon}"}, {"target": "{calloc}", "type": 2, "source": "{TNEFIcon}"}, {"target": "Node0x30acc20", "type": 3, "source": "{fclose}"}, {"target": "{printf}", "type": 1, "source": "{TNEFGetKey}"}, {"target": "{printf}", "type": 2, "source": "{TNEFGetKey}"}, {"target": "{printf}", "type": 0, "source": "{TNEFGetKey}"}, {"target": "{printf}", "type": 0, "source": "{TNEFGetKey}"}, {"target": "{printf}", "type": 2, "source": "{TNEFGetKey}"}, {"target": "{printf}", "type": 3, "source": "{TNEFGetKey}"}, {"target": "{printf}", "type": 2, "source": "{TNEFGetKey}"}, {"target": "Node0x30acc20", "type": 2, "source": "{TNEFGetKey}"}, {"target": "{SwapWord}", "type": 3, "source": "{TNEFGetKey}"}, {"target": "{printf}", "type": 0, "source": "{TNEFBody}"}, {"target": "{calloc}", "type": 2, "source": "{TNEFBody}"}, {"target": "{printf}", "type": 2, "source": "{TNEFPrintDate}"}, {"target": "{printf}", "type": 2, "source": "{TNEFPrintDate}"}, {"target": "{printf}", "type": 3, "source": "{TNEFPrintDate}"}, {"target": "{printf}", "type": 3, "source": "{TNEFPrintDate}"}, {"target": "{printf}", "type": 0, "source": "{TNEFPrintDate}"}, {"target": "{printf}", "type": 3, "source": "{TNEFPrintDate}"}, {"target": "Node0x30acc20", "type": 2, "source": "{sprintf}"}, {"target": "Node0x30acc20", "type": 3, "source": "{fopen}"}, {"target": "{free}", "type": 2, "source": "{TNEFFreeAttachment}"}, {"target": "{free}", "type": 2, "source": "{TNEFFreeAttachment}"}, {"target": "{free}", "type": 0, "source": "{TNEFFreeAttachment}"}, {"target": "{free}", "type": 2, "source": "{TNEFFreeAttachment}"}, {"target": "{free}", "type": 3, "source": "{TNEFFreeAttachment}"}, {"target": "{TNEFFreeMapiProps}", "type": 0, "source": "{TNEFFreeAttachment}"}], "nodes": [{"type": 4, "id": "{IsCompressedRTF}", "data": {"distance_to_interface": 1, "macke_vulnerabilities_found": 1, "macke_bug_chain_length": 1, "clustering_coefficient": 0.6666666666666666, "faulty": false, "node_path_length": 1.0, "node_degree": [1, 2, 3]}}, {"type": 3, "id": "{TNEFRendData}", "data": {"distance_to_interface": 1, "macke_vulnerabilities_found": 1, "macke_bug_chain_length": 1, "clustering_coefficient": 0.5, "faulty": false, "node_path_length": 2.0, "node_degree": [3, 1, 4]}}, {"type": 4, "id": "{TNEFInitialize}", "data": {"distance_to_interface": 1, "macke_vulnerabilities_found": 1, "macke_bug_chain_length": 1, "clustering_coefficient": 1.0, "faulty": false, "node_path_length": 1.0, "node_degree": [2, 1, 3]}}, {"type": 1, "id": "{MAPISysTimetoDTR}", "data": {"distance_to_interface": 1, "macke_vulnerabilities_found": 1, "macke_bug_chain_length": 1, "clustering_coefficient": 1.0, "faulty": false, "node_path_length": 0, "node_degree": [0, 2, 2]}}, {"type": 3, "id": "{TNEFMapiProperties}", "data": {"distance_to_interface": 1, "macke_vulnerabilities_found": 1, "macke_bug_chain_length": 3, "clustering_coefficient": 0.8333333333333334, "faulty": false, "node_path_length": 2.553061224489796, "node_degree": [3, 1, 4]}}, {"type": 3, "id": "{TNEFFreeMapiProps}", "data": {"distance_to_interface": 1, "macke_vulnerabilities_found": 1, "macke_bug_chain_length": 1, "clustering_coefficient": 1.0, "faulty": false, "node_path_length": 1.0, "node_degree": [1, 3, 4]}}, {"type": 4, "id": "{TNEFMemory_Close}", "data": {"distance_to_interface": 1, "macke_vulnerabilities_found": 1, "macke_bug_chain_length": 1, "clustering_coefficient": 0, "faulty": false, "node_path_length": 0, "node_degree": [0, 1, 1]}}, {"type": 5, "id": "{TNEFAttachmentFilename}", "data": {"distance_to_interface": 1, "macke_vulnerabilities_found": 1, "macke_bug_chain_length": 1, "clustering_coefficient": 0.6666666666666666, "faulty": false, "node_path_length": 1.0, "node_degree": [2, 1, 3]}}, {"type": 5, "id": "{TNEFAttachmentMAPI}", "data": {"distance_to_interface": 1, "macke_vulnerabilities_found": 1, "macke_bug_chain_length": 1, "clustering_coefficient": 1.0, "faulty": false, "node_path_length": 1.0, "node_degree": [1, 1, 2]}}, {"type": 4, "id": "{MAPIFindUserProp}", "data": {"distance_to_interface": 1, "macke_vulnerabilities_found": 1, "macke_bug_chain_length": 1, "clustering_coefficient": 0, "faulty": false, "node_path_length": 0, "node_degree": [0, 1, 1]}}, {"type": 2, "id": "{strlen}", "data": {"distance_to_interface": 1, "macke_vulnerabilities_found": 0, "macke_bug_chain_length": 0, "clustering_coefficient": 0.3333333333333333, "faulty": false, "node_path_length": 1.0, "node_degree": [1, 2, 3]}}, {"type": 4, "id": "{TNEFCodePage}", "data": {"distance_to_interface": 1, "macke_vulnerabilities_found": 1, "macke_bug_chain_length": 1, "clustering_coefficient": 0.6666666666666666, "faulty": false, "node_path_length": 1.0, "node_degree": [2, 1, 3]}}, {"type": 3, "id": "{TNEFHexBreakdown}", "data": {"distance_to_interface": 1, "macke_vulnerabilities_found": 1, "macke_bug_chain_length": 1, "clustering_coefficient": 1.0, "faulty": false, "node_path_length": 1.0, "node_degree": [1, 1, 2]}}, {"type": 0, "id": "{TNEFDateHandler}", "data": {"distance_to_interface": 1, "macke_vulnerabilities_found": 1, "macke_bug_chain_length": 1, "clustering_coefficient": 0.6666666666666666, "faulty": false, "node_path_length": 1.0, "node_degree": [2, 1, 3]}}, {"type": 0, "id": "{printf}", "data": {"distance_to_interface": 1, "macke_vulnerabilities_found": 0, "macke_bug_chain_length": 0, "clustering_coefficient": 0.08870967741935484, "faulty": false, "node_path_length": 1.0, "node_degree": [1, 31, 32]}}, {"type": 4, "id": "{llvm.memcpy.p0i8.p0i8.i64}", "data": {"distance_to_interface": 1, "macke_vulnerabilities_found": 0, "macke_bug_chain_length": 0, "clustering_coefficient": 0, "faulty": false, "node_path_length": 0, "node_degree": [0, 1, 1]}}, {"type": 5, "id": "{TNEFRawRead}", "data": {"distance_to_interface": 1, "macke_vulnerabilities_found": 1, "macke_bug_chain_length": 1, "clustering_coefficient": 0.8333333333333334, "faulty": false, "node_path_length": 1.0, "node_degree": [2, 2, 4]}}, {"type": 2, "id": "{TNEFFile_Read}", "data": {"distance_to_interface": 1, "macke_vulnerabilities_found": 1, "macke_bug_chain_length": 1, "clustering_coefficient": 0.6666666666666666, "faulty": false, "node_path_length": 1.3333333333333333, "node_degree": [2, 1, 3]}}, {"type": 1, "id": "{MAPIFindProperty}", "data": {"distance_to_interface": 1, "macke_vulnerabilities_found": 1, "macke_bug_chain_length": 1, "clustering_coefficient": 0, "faulty": false, "node_path_length": 0, "node_degree": [0, 1, 1]}}, {"type": 5, "id": "{TNEFPriority}", "data": {"distance_to_interface": 1, "macke_vulnerabilities_found": 1, "macke_bug_chain_length": 1, "clustering_coefficient": 0.6666666666666666, "faulty": false, "node_path_length": 1.5, "node_degree": [2, 1, 3]}}, {"type": 5, "id": "{DecompressRTF}", "data": {"distance_to_interface": 1, "macke_vulnerabilities_found": 1, "macke_bug_chain_length": 1, "clustering_coefficient": 0.38095238095238093, "faulty": true, "node_path_length": 1.1666666666666667, "cvss3": {"privilegesRequired": "NONE", "attackComplexity": "LOW", "scope": "UNCHANGED", "integrityImpact": "NONE", "baseSeverity": "MEDIUM", "availabilityImpact": "HIGH", "baseScore": 5.5, "vectorString": "AV:L/AC:L/PR:N/UI:R/S:U/C:N/I:N/A:H", "userInteraction": "REQUIRED", "confidentialityImpact": "NONE", "attackVector": "LOCAL"}, "node_degree": [5, 2, 7]}}, {"type": 3, "id": "{to_utf8}", "data": {"distance_to_interface": 1, "macke_vulnerabilities_found": 1, "macke_bug_chain_length": 1, "clustering_coefficient": 0.5333333333333333, "faulty": false, "node_path_length": 1.1666666666666667, "node_degree": [4, 2, 6]}}, {"type": 3, "id": "{MAPIPrint}", "data": {"distance_to_interface": 1, "macke_vulnerabilities_found": 1, "macke_bug_chain_length": 1, "clustering_coefficient": 0.28888888888888886, "faulty": false, "node_path_length": 1.5726495726495726, "node_degree": [8, 2, 10]}}, {"type": 2, "id": "{TNEFFromHandler}", "data": {"distance_to_interface": 1, "macke_vulnerabilities_found": 1, "macke_bug_chain_length": 1, "clustering_coefficient": 0.6666666666666666, "faulty": false, "node_path_length": 1.0, "node_degree": [2, 1, 3]}}, {"type": 5, "id": "{llvm.dbg.declare}", "data": {"distance_to_interface": 1, "macke_vulnerabilities_found": 0, "macke_bug_chain_length": 0, "clustering_coefficient": 0, "faulty": false, "node_path_length": 0, "node_degree": [0, 1, 1]}}, {"type": 2, "id": "{TNEFVersion}", "data": {"distance_to_interface": 1, "macke_vulnerabilities_found": 1, "macke_bug_chain_length": 1, "clustering_coefficient": 0.6666666666666666, "faulty": false, "node_path_length": 1.5, "node_degree": [2, 1, 3]}}, {"type": 2, "id": "{TNEFMemory_Open}", "data": {"distance_to_interface": 1, "macke_vulnerabilities_found": 1, "macke_bug_chain_length": 1, "clustering_coefficient": 0, "faulty": false, "node_path_length": 0, "node_degree": [0, 1, 1]}}, {"type": 1, "id": "{malloc}", "data": {"distance_to_interface": 1, "macke_vulnerabilities_found": 0, "macke_bug_chain_length": 0, "clustering_coefficient": 0.3333333333333333, "faulty": false, "node_path_length": 1.0, "node_degree": [1, 2, 3]}}, {"type": 3, "id": "{llvm.memset.p0i8.i64}", "data": {"distance_to_interface": 1, "macke_vulnerabilities_found": 0, "macke_bug_chain_length": 0, "clustering_coefficient": 0, "faulty": false, "node_path_length": 0, "node_degree": [0, 1, 1]}}, {"type": 5, "id": "{TNEFFile_Close}", "data": {"distance_to_interface": 1, "macke_vulnerabilities_found": 1, "macke_bug_chain_length": 1, "clustering_coefficient": 0.6666666666666666, "faulty": false, "node_path_length": 1.3333333333333333, "node_degree": [2, 1, 3]}}, {"type": 0, "id": "{TNEFFree}", "data": {"distance_to_interface": 1, "macke_vulnerabilities_found": 1, "macke_bug_chain_length": 2, "clustering_coefficient": 1.0, "faulty": false, "node_path_length": 1.3333333333333333, "node_degree": [3, 1, 4]}}, {"type": 2, "id": "{TNEFFile_Open}", "data": {"distance_to_interface": 1, "macke_vulnerabilities_found": 1, "macke_bug_chain_length": 1, "clustering_coefficient": 0.6666666666666666, "faulty": false, "node_path_length": 1.3333333333333333, "node_degree": [2, 1, 3]}}, {"type": 5, "id": "{TNEFSentFor}", "data": {"distance_to_interface": 1, "macke_vulnerabilities_found": 1, "macke_bug_chain_length": 1, "clustering_coefficient": 0.6666666666666666, "faulty": false, "node_path_length": 1.0, "node_degree": [2, 1, 3]}}, {"type": 1, "id": "{external node}", "data": {"distance_to_interface": 999, "macke_vulnerabilities_found": 0, "macke_bug_chain_length": 0, "clustering_coefficient": 0.04214223002633889, "faulty": false, "node_path_length": 0, "node_degree": [68, 0, 68]}}, {"type": 4, "id": "{TNEFCheckForSignature}", "data": {"distance_to_interface": 1, "macke_vulnerabilities_found": 1, "macke_bug_chain_length": 1, "clustering_coefficient": 0.6666666666666666, "faulty": false, "node_path_length": 1.0, "node_degree": [1, 2, 3]}}, {"type": 0, "id": "{TNEFParseMemory}", "data": {"distance_to_interface": 1, "macke_vulnerabilities_found": 1, "macke_bug_chain_length": 1, "clustering_coefficient": 1.0, "faulty": false, "node_path_length": 2.1538461538461537, "node_degree": [2, 1, 3]}}, {"type": 4, "id": "{TNEFInitAttachment}", "data": {"distance_to_interface": 1, "macke_vulnerabilities_found": 1, "macke_bug_chain_length": 1, "clustering_coefficient": 0.6666666666666666, "faulty": false, "node_path_length": 1.0, "node_degree": [1, 3, 4]}}, {"type": 2, "id": "{TNEFGetHeader}", "data": {"distance_to_interface": 1, "macke_vulnerabilities_found": 1, "macke_bug_chain_length": 1, "clustering_coefficient": 0.6, "faulty": false, "node_path_length": 1.0, "node_degree": [3, 2, 5]}}, {"type": 0, "id": "{snprintf}", "data": {"distance_to_interface": 1, "macke_vulnerabilities_found": 0, "macke_bug_chain_length": 0, "clustering_coefficient": 0.3333333333333333, "faulty": false, "node_path_length": 1.0, "node_degree": [1, 2, 3]}}, {"type": 4, "id": "{SwapDWord}", "data": {"distance_to_interface": 1, "macke_vulnerabilities_found": 1, "macke_bug_chain_length": 1, "clustering_coefficient": 0.25, "faulty": true, "node_path_length": 0, "cvss3": {"privilegesRequired": "NONE", "attackComplexity": "LOW", "scope": "UNCHANGED", "integrityImpact": "NONE", "baseSeverity": "MEDIUM", "availabilityImpact": "HIGH", "baseScore": 5.5, "vectorString": "AV:L/AC:L/PR:N/UI:R/S:U/C:N/I:N/A:H", "userInteraction": "REQUIRED", "confidentialityImpact": "NONE", "attackVector": "LOCAL"}, "node_degree": [0, 8, 8]}}, {"type": 4, "id": "{__ctype_b_loc}", "data": {"distance_to_interface": 1, "macke_vulnerabilities_found": 0, "macke_bug_chain_length": 0, "clustering_coefficient": 0.3333333333333333, "faulty": false, "node_path_length": 1.0, "node_degree": [1, 2, 3]}}, {"type": 1, "id": "{SwapDDWord}", "data": {"distance_to_interface": 1, "macke_vulnerabilities_found": 1, "macke_bug_chain_length": 1, "clustering_coefficient": 1.0, "faulty": false, "node_path_length": 0, "node_degree": [0, 2, 2]}}, {"type": 0, "id": "{TNEFDefaultHandler}", "data": {"distance_to_interface": 1, "macke_vulnerabilities_found": 1, "macke_bug_chain_length": 1, "clustering_coefficient": 1.0, "faulty": false, "node_path_length": 1.0, "node_degree": [1, 1, 2]}}, {"type": 5, "id": "{fread}", "data": {"distance_to_interface": 1, "macke_vulnerabilities_found": 0, "macke_bug_chain_length": 0, "clustering_coefficient": 0.3333333333333333, "faulty": false, "node_path_length": 1.0, "node_degree": [1, 2, 3]}}, {"type": 2, "id": "{TNEFOriginalMsgClass}", "data": {"distance_to_interface": 1, "macke_vulnerabilities_found": 1, "macke_bug_chain_length": 1, "clustering_coefficient": 0.6666666666666666, "faulty": false, "node_path_length": 1.0, "node_degree": [2, 1, 3]}}, {"type": 2, "id": "{TNEFParentID}", "data": {"distance_to_interface": 1, "macke_vulnerabilities_found": 1, "macke_bug_chain_length": 1, "clustering_coefficient": 0, "faulty": false, "node_path_length": 0, "node_degree": [0, 1, 1]}}, {"type": 4, "id": "{TNEFInitMapi}", "data": {"distance_to_interface": 1, "macke_vulnerabilities_found": 1, "macke_bug_chain_length": 1, "clustering_coefficient": 1.0, "faulty": false, "node_path_length": 0, "node_degree": [0, 3, 3]}}, {"type": 2, "id": "Node0x30acc20"}, {"type": 3, "id": "{TNEFAttachmentSave}", "data": {"distance_to_interface": 1, "macke_vulnerabilities_found": 1, "macke_bug_chain_length": 1, "clustering_coefficient": 0.6666666666666666, "faulty": false, "node_path_length": 1.0, "node_degree": [2, 1, 3]}}, {"type": 1, "id": "{TNEFDetailedPrint}", "data": {"distance_to_interface": 1, "macke_vulnerabilities_found": 1, "macke_bug_chain_length": 1, "clustering_coefficient": 1.0, "faulty": false, "node_path_length": 1.0, "node_degree": [1, 1, 2]}}, {"type": 4, "id": "{TNEFSubjectHandler}", "data": {"distance_to_interface": 1, "macke_vulnerabilities_found": 1, "macke_bug_chain_length": 1, "clustering_coefficient": 0.5, "faulty": false, "node_path_length": 1.0, "node_degree": [3, 1, 4]}}, {"type": 5, "id": "{TNEFParse}", "data": {"distance_to_interface": 1, "macke_vulnerabilities_found": 1, "macke_bug_chain_length": 1, "clustering_coefficient": 0.3333333333333333, "faulty": false, "node_path_length": 1.4285714285714286, "node_degree": [9, 3, 12]}}, {"type": 2, "id": "{calloc}", "data": {"distance_to_interface": 1, "macke_vulnerabilities_found": 0, "macke_bug_chain_length": 0, "clustering_coefficient": 0.14285714285714285, "faulty": false, "node_path_length": 1.0, "node_degree": [1, 13, 14]}}, {"type": 5, "id": "{TNEFRecipTable}", "data": {"distance_to_interface": 1, "macke_vulnerabilities_found": 1, "macke_bug_chain_length": 1, "clustering_coefficient": 1.0, "faulty": false, "node_path_length": 1.0, "node_degree": [1, 1, 2]}}, {"type": 1, "id": "{free}", "data": {"distance_to_interface": 1, "macke_vulnerabilities_found": 0, "macke_bug_chain_length": 0, "clustering_coefficient": 0.3333333333333333, "faulty": false, "node_path_length": 0, "node_degree": [1, 8, 9]}}, {"type": 3, "id": "{exit}", "data": {"distance_to_interface": 1, "macke_vulnerabilities_found": 0, "macke_bug_chain_length": 0, "clustering_coefficient": 0.4, "faulty": false, "node_path_length": 0, "node_degree": [1, 4, 5]}}, {"type": 0, "id": "{TNEFFillMapi}", "data": {"distance_to_interface": 1, "macke_vulnerabilities_found": 1, "macke_bug_chain_length": 1, "clustering_coefficient": 0.28888888888888886, "faulty": false, "node_path_length": 1.3888888888888888, "node_degree": [7, 3, 10]}}, {"type": 1, "id": "{TNEFMemory_Read}", "data": {"distance_to_interface": 1, "macke_vulnerabilities_found": 1, "macke_bug_chain_length": 1, "clustering_coefficient": 1.0, "faulty": false, "node_path_length": 1.0, "node_degree": [1, 1, 2]}}, {"type": 0, "id": "{TNEFParseFile}", "data": {"distance_to_interface": 1, "macke_vulnerabilities_found": 1, "macke_bug_chain_length": 1, "clustering_coefficient": 1.0, "faulty": false, "node_path_length": 1.0, "node_degree": [2, 1, 3]}}, {"type": 0, "id": "{TNEFIcon}", "data": {"distance_to_interface": 1, "macke_vulnerabilities_found": 1, "macke_bug_chain_length": 1, "clustering_coefficient": 0.6666666666666666, "faulty": false, "node_path_length": 1.0, "node_degree": [2, 1, 3]}}, {"type": 1, "id": "{fclose}", "data": {"distance_to_interface": 1, "macke_vulnerabilities_found": 0, "macke_bug_chain_length": 0, "clustering_coefficient": 0.3333333333333333, "faulty": false, "node_path_length": 1.0, "node_degree": [1, 2, 3]}}, {"type": 5, "id": "{TNEFMessageClass}", "data": {"distance_to_interface": 1, "macke_vulnerabilities_found": 1, "macke_bug_chain_length": 1, "clustering_coefficient": 0, "faulty": false, "node_path_length": 0, "node_degree": [0, 1, 1]}}, {"type": 5, "id": "{TNEFGetKey}", "data": {"distance_to_interface": 1, "macke_vulnerabilities_found": 1, "macke_bug_chain_length": 1, "clustering_coefficient": 0.7, "faulty": false, "node_path_length": 1.0, "node_degree": [3, 2, 5]}}, {"type": 1, "id": "{SwapWord}", "data": {"distance_to_interface": 1, "macke_vulnerabilities_found": 1, "macke_bug_chain_length": 1, "clustering_coefficient": 0.32142857142857145, "faulty": true, "node_path_length": 0, "cvss3": {"privilegesRequired": "NONE", "attackComplexity": "LOW", "scope": "UNCHANGED", "integrityImpact": "NONE", "baseSeverity": "MEDIUM", "availabilityImpact": "HIGH", "baseScore": 5.5, "vectorString": "AV:L/AC:L/PR:N/UI:R/S:U/C:N/I:N/A:H", "userInteraction": "REQUIRED", "confidentialityImpact": "NONE", "attackVector": "LOCAL"}, "node_degree": [0, 8, 8]}}, {"type": 0, "id": "{TNEFBody}", "data": {"distance_to_interface": 1, "macke_vulnerabilities_found": 1, "macke_bug_chain_length": 1, "clustering_coefficient": 0.6666666666666666, "faulty": false, "node_path_length": 1.0, "node_degree": [2, 1, 3]}}, {"type": 2, "id": "{TNEFPrintDate}", "data": {"distance_to_interface": 1, "macke_vulnerabilities_found": 1, "macke_bug_chain_length": 1, "clustering_coefficient": 1.0, "faulty": false, "node_path_length": 1.0, "node_degree": [1, 2, 3]}}, {"type": 0, "id": "{sprintf}", "data": {"distance_to_interface": 1, "macke_vulnerabilities_found": 0, "macke_bug_chain_length": 0, "clustering_coefficient": 0.3333333333333333, "faulty": false, "node_path_length": 1.0, "node_degree": [1, 2, 3]}}, {"type": 4, "id": "{fopen}", "data": {"distance_to_interface": 1, "macke_vulnerabilities_found": 0, "macke_bug_chain_length": 0, "clustering_coefficient": 0.3333333333333333, "faulty": false, "node_path_length": 1.0, "node_degree": [1, 2, 3]}}, {"type": 5, "id": "{TNEFMessageID}", "data": {"distance_to_interface": 1, "macke_vulnerabilities_found": 1, "macke_bug_chain_length": 1, "clustering_coefficient": 0, "faulty": false, "node_path_length": 0, "node_degree": [0, 1, 1]}}, {"type": 5, "id": "{TNEFFreeAttachment}", "data": {"distance_to_interface": 1, "macke_vulnerabilities_found": 1, "macke_bug_chain_length": 1, "clustering_coefficient": 1.0, "faulty": false, "node_path_length": 1.0, "node_degree": [2, 2, 4]}}]}