{"directed": true, "graph": {"node": {"shape": "", "label": "Call graph"}, "graph": {"label": "Call graph"}, "edge": {}, "name": "Call graph"}, "nodes": [{"shape": "record", "id": "Node0x3182c40", "label": "{IsCompressedRTF}"}, {"shape": "record", "id": "Node0x3181890", "label": "{TNEFRendData}"}, {"shape": "record", "id": "Node0x3183420", "label": "{TNEFInitialize}"}, {"shape": "record", "id": "Node0x3182b60", "label": "{MAPISysTimetoDTR}"}, {"shape": "record", "id": "Node0x3181ae0", "label": "{TNEFMapiProperties}"}, {"shape": "record", "id": "Node0x3127bd0", "label": "{TNEFFreeMapiProps}"}, {"shape": "record", "id": "Node0x3129210", "label": "{TNEFMemory_Close}"}, {"shape": "record", "id": "Node0x3181140", "label": "{TNEFAttachmentFilename}"}, {"shape": "record", "id": "Node0x3181d60", "label": "{TNEFAttachmentMAPI}"}, {"shape": "record", "id": "Node0x31293d0", "label": "{MAPIFindUserProp}"}, {"shape": "record", "id": "Node0x3182d90", "label": "{strlen}"}, {"shape": "record", "id": "Node0x3181410", "label": "{TNEFCodePage}"}, {"shape": "record", "id": "Node0x3182dc0", "label": "{TNEFHexBreakdown}"}, {"shape": "record", "id": "Node0x309a530", "label": "{TNEFDateHandler}"}, {"shape": "record", "id": "Node0x309a320", "label": "{printf}"}, {"shape": "record", "id": "Node0x3182a30", "label": "{llvm.memcpy.p0i8.p0i8.i64}"}, {"shape": "record", "id": "Node0x31832f0", "label": "{TNEFRawRead}"}, {"shape": "record", "id": "Node0x3182290", "label": "{TNEFFile_Read}"}, {"shape": "record", "id": "Node0x3129480", "label": "{MAPIFindProperty}"}, {"shape": "record", "id": "Node0x31811f0", "label": "{TNEFPriority}"}, {"shape": "record", "id": "Node0x3182cb0", "label": "{DecompressRTF}"}, {"shape": "record", "id": "Node0x3182790", "label": "{to_utf8}"}, {"shape": "record", "id": "Node0x3181b80", "label": "{MAPIPrint}"}, {"shape": "record", "id": "Node0x309a450", "label": "{TNEFFromHandler}"}, {"shape": "record", "id": "Node0x3181570", "label": "{llvm.dbg.declare}"}, {"shape": "record", "id": "Node0x3181e00", "label": "{TNEFVersion}"}, {"shape": "record", "id": "Node0x3129170", "label": "{TNEFMemory_Open}"}, {"shape": "record", "id": "Node0x31827c0", "label": "{malloc}"}, {"shape": "record", "id": "Node0x3183320", "label": "{llvm.memset.p0i8.i64}"}, {"shape": "record", "id": "Node0x3182430", "label": "{TNEFFile_Close}"}, {"shape": "record", "id": "Node0x3127b10", "label": "{TNEFFree}"}, {"shape": "record", "id": "Node0x3183660", "label": "{TNEFFile_Open}"}, {"shape": "record", "id": "Node0x31814b0", "label": "{TNEFSentFor}"}, {"shape": "record", "id": "Node0x30acbf0", "label": "{external node}"}, {"shape": "record", "id": "Node0x31831b0", "label": "{TNEFCheckForSignature}"}, {"shape": "record", "id": "Node0x31293a0", "label": "{TNEFParseMemory}"}, {"shape": "record", "id": "Node0x3181950", "label": "{TNEFInitAttachment}"}, {"shape": "record", "id": "Node0x3183280", "label": "{TNEFGetHeader}"}, {"shape": "record", "id": "Node0x3181980", "label": "{snprintf}"}, {"shape": "record", "id": "Node0x3180fe0", "label": "{SwapDWord}"}, {"shape": "record", "id": "Node0x3182d20", "label": "{__ctype_b_loc}"}, {"shape": "record", "id": "Node0x3181670", "label": "{SwapDDWord}"}, {"shape": "record", "id": "Node0x309a2f0", "label": "{TNEFDefaultHandler}"}, {"shape": "record", "id": "Node0x31822c0", "label": "{fread}"}, {"shape": "record", "id": "Node0x3181440", "label": "{TNEFOriginalMsgClass}"}, {"shape": "record", "id": "Node0x309a810", "label": "{TNEFParentID}"}, {"shape": "record", "id": "Node0x3182ad0", "label": "{TNEFInitMapi}"}, {"id": "Node0x30acc20"}, {"shape": "record", "id": "Node0x3181010", "label": "{TNEFAttachmentSave}"}, {"shape": "record", "id": "Node0x3182e80", "label": "{TNEFDetailedPrint}"}, {"shape": "record", "id": "Node0x309a600", "label": "{TNEFSubjectHandler}"}, {"shape": "record", "id": "Node0x3129140", "label": "{TNEFParse}"}, {"shape": "record", "id": "Node0x309a5d0", "label": "{calloc}"}, {"shape": "record", "id": "Node0x3181cc0", "label": "{TNEFRecipTable}"}, {"shape": "record", "id": "Node0x309a500", "label": "{free}"}, {"shape": "record", "id": "Node0x3182830", "label": "{exit}"}, {"shape": "record", "id": "Node0x3181b50", "label": "{TNEFFillMapi}"}, {"shape": "record", "id": "Node0x31291e0", "label": "{TNEFMemory_Read}"}, {"shape": "record", "id": "Node0x31825d0", "label": "{TNEFParseFile}"}, {"shape": "record", "id": "Node0x31817d0", "label": "{TNEFIcon}"}, {"shape": "record", "id": "Node0x3182460", "label": "{fclose}"}, {"shape": "record", "id": "Node0x309a560", "label": "{TNEFMessageClass}"}, {"shape": "record", "id": "Node0x3183250", "label": "{TNEFGetKey}"}, {"shape": "record", "id": "Node0x309a6c0", "label": "{SwapWord}"}, {"shape": "record", "id": "Node0x309a840", "label": "{TNEFBody}"}, {"shape": "record", "id": "Node0x3182bd0", "label": "{TNEFPrintDate}"}, {"shape": "record", "id": "Node0x3181080", "label": "{sprintf}"}, {"shape": "record", "id": "Node0x3183690", "label": "{fopen}"}, {"shape": "record", "id": "Node0x309a7a0", "label": "{TNEFMessageID}"}, {"shape": "record", "id": "Node0x3127cd0", "label": "{TNEFFreeAttachment}"}], "links": [{"source": "Node0x3182c40", "target": "Node0x3180fe0", "key": 0}, {"source": "Node0x3181890", "target": "Node0x3181950", "key": 0}, {"source": "Node0x3181890", "target": "Node0x309a320", "key": 0}, {"source": "Node0x3181890", "target": "Node0x309a5d0", "key": 0}, {"source": "Node0x3183420", "target": "Node0x3181950", "key": 0}, {"source": "Node0x3183420", "target": "Node0x3182ad0", "key": 0}, {"source": "Node0x3181ae0", "target": "Node0x3181b80", "key": 0}, {"source": "Node0x3181ae0", "target": "Node0x309a320", "key": 0}, {"source": "Node0x3181ae0", "target": "Node0x3181b50", "key": 0}, {"source": "Node0x3127bd0", "target": "Node0x309a500", "key": 0}, {"source": "Node0x3127bd0", "target": "Node0x309a500", "key": 1}, {"source": "Node0x3127bd0", "target": "Node0x309a500", "key": 2}, {"source": "Node0x3127bd0", "target": "Node0x309a500", "key": 3}, {"source": "Node0x3127bd0", "target": "Node0x309a500", "key": 4}, {"source": "Node0x3181140", "target": "Node0x309a320", "key": 0}, {"source": "Node0x3181140", "target": "Node0x309a5d0", "key": 0}, {"source": "Node0x3181d60", "target": "Node0x3181b50", "key": 0}, {"source": "Node0x3182d90", "target": "Node0x30acc20", "key": 0}, {"source": "Node0x3181410", "target": "Node0x309a320", "key": 0}, {"source": "Node0x3181410", "target": "Node0x309a5d0", "key": 0}, {"source": "Node0x3182dc0", "target": "Node0x309a320", "key": 0}, {"source": "Node0x3182dc0", "target": "Node0x309a320", "key": 1}, {"source": "Node0x3182dc0", "target": "Node0x309a320", "key": 2}, {"source": "Node0x3182dc0", "target": "Node0x309a320", "key": 3}, {"source": "Node0x309a530", "target": "Node0x309a320", "key": 0}, {"source": "Node0x309a530", "target": "Node0x309a6c0", "key": 0}, {"source": "Node0x309a320", "target": "Node0x30acc20", "key": 0}, {"source": "Node0x31832f0", "target": "Node0x309a320", "key": 0}, {"source": "Node0x31832f0", "target": "Node0x30acc20", "key": 0}, {"source": "Node0x3182290", "target": "Node0x309a320", "key": 0}, {"source": "Node0x3182290", "target": "Node0x309a320", "key": 1}, {"source": "Node0x3182290", "target": "Node0x309a320", "key": 2}, {"source": "Node0x3182290", "target": "Node0x31822c0", "key": 0}, {"source": "Node0x31811f0", "target": "Node0x3181080", "key": 0}, {"source": "Node0x31811f0", "target": "Node0x3181080", "key": 1}, {"source": "Node0x31811f0", "target": "Node0x3181080", "key": 2}, {"source": "Node0x31811f0", "target": "Node0x3181080", "key": 3}, {"source": "Node0x31811f0", "target": "Node0x3180fe0", "key": 0}, {"source": "Node0x3182cb0", "target": "Node0x309a320", "key": 0}, {"source": "Node0x3182cb0", "target": "Node0x309a320", "key": 1}, {"source": "Node0x3182cb0", "target": "Node0x309a320", "key": 2}, {"source": "Node0x3182cb0", "target": "Node0x309a320", "key": 3}, {"source": "Node0x3182cb0", "target": "Node0x309a320", "key": 4}, {"source": "Node0x3182cb0", "target": "Node0x309a320", "key": 5}, {"source": "Node0x3182cb0", "target": "Node0x309a320", "key": 6}, {"source": "Node0x3182cb0", "target": "Node0x309a320", "key": 7}, {"source": "Node0x3182cb0", "target": "Node0x309a320", "key": 8}, {"source": "Node0x3182cb0", "target": "Node0x3182830", "key": 0}, {"source": "Node0x3182cb0", "target": "Node0x3182830", "key": 1}, {"source": "Node0x3182cb0", "target": "Node0x3180fe0", "key": 0}, {"source": "Node0x3182cb0", "target": "Node0x3180fe0", "key": 1}, {"source": "Node0x3182cb0", "target": "Node0x3180fe0", "key": 2}, {"source": "Node0x3182cb0", "target": "Node0x309a5d0", "key": 0}, {"source": "Node0x3182cb0", "target": "Node0x309a5d0", "key": 1}, {"source": "Node0x3182cb0", "target": "Node0x309a5d0", "key": 2}, {"source": "Node0x3182cb0", "target": "Node0x309a5d0", "key": 3}, {"source": "Node0x3182cb0", "target": "Node0x309a500", "key": 0}, {"source": "Node0x3182cb0", "target": "Node0x309a500", "key": 1}, {"source": "Node0x3182cb0", "target": "Node0x309a500", "key": 2}, {"source": "Node0x3182cb0", "target": "Node0x309a500", "key": 3}, {"source": "Node0x3182790", "target": "Node0x309a320", "key": 0}, {"source": "Node0x3182790", "target": "Node0x3182830", "key": 0}, {"source": "Node0x3182790", "target": "Node0x31827c0", "key": 0}, {"source": "Node0x3182790", "target": "Node0x309a6c0", "key": 0}, {"source": "Node0x3181b80", "target": "Node0x3182c40", "key": 0}, {"source": "Node0x3181b80", "target": "Node0x309a500", "key": 0}, {"source": "Node0x3181b80", "target": "Node0x3182d20", "key": 0}, {"source": "Node0x3181b80", "target": "Node0x3182d20", "key": 1}, {"source": "Node0x3181b80", "target": "Node0x3182cb0", "key": 0}, {"source": "Node0x3181b80", "target": "Node0x3182b60", "key": 0}, {"source": "Node0x3181b80", "target": "Node0x3182d90", "key": 0}, {"source": "Node0x3181b80", "target": "Node0x309a320", "key": 0}, {"source": "Node0x3181b80", "target": "Node0x309a320", "key": 1}, {"source": "Node0x3181b80", "target": "Node0x309a320", "key": 2}, {"source": "Node0x3181b80", "target": "Node0x309a320", "key": 3}, {"source": "Node0x3181b80", "target": "Node0x309a320", "key": 4}, {"source": "Node0x3181b80", "target": "Node0x309a320", "key": 5}, {"source": "Node0x3181b80", "target": "Node0x309a320", "key": 6}, {"source": "Node0x3181b80", "target": "Node0x309a320", "key": 7}, {"source": "Node0x3181b80", "target": "Node0x309a320", "key": 8}, {"source": "Node0x3181b80", "target": "Node0x309a320", "key": 9}, {"source": "Node0x3181b80", "target": "Node0x309a320", "key": 10}, {"source": "Node0x3181b80", "target": "Node0x309a320", "key": 11}, {"source": "Node0x3181b80", "target": "Node0x309a320", "key": 12}, {"source": "Node0x3181b80", "target": "Node0x309a320", "key": 13}, {"source": "Node0x3181b80", "target": "Node0x309a320", "key": 14}, {"source": "Node0x3181b80", "target": "Node0x309a320", "key": 15}, {"source": "Node0x3181b80", "target": "Node0x309a320", "key": 16}, {"source": "Node0x3181b80", "target": "Node0x309a320", "key": 17}, {"source": "Node0x3181b80", "target": "Node0x309a320", "key": 18}, {"source": "Node0x3181b80", "target": "Node0x309a320", "key": 19}, {"source": "Node0x3181b80", "target": "Node0x309a320", "key": 20}, {"source": "Node0x3181b80", "target": "Node0x309a320", "key": 21}, {"source": "Node0x3181b80", "target": "Node0x309a320", "key": 22}, {"source": "Node0x3181b80", "target": "Node0x309a320", "key": 23}, {"source": "Node0x3181b80", "target": "Node0x309a320", "key": 24}, {"source": "Node0x3181b80", "target": "Node0x309a320", "key": 25}, {"source": "Node0x3181b80", "target": "Node0x309a320", "key": 26}, {"source": "Node0x3181b80", "target": "Node0x309a320", "key": 27}, {"source": "Node0x3181b80", "target": "Node0x309a320", "key": 28}, {"source": "Node0x3181b80", "target": "Node0x309a320", "key": 29}, {"source": "Node0x3181b80", "target": "Node0x309a320", "key": 30}, {"source": "Node0x3181b80", "target": "Node0x309a320", "key": 31}, {"source": "Node0x3181b80", "target": "Node0x309a320", "key": 32}, {"source": "Node0x3181b80", "target": "Node0x309a320", "key": 33}, {"source": "Node0x3181b80", "target": "Node0x309a320", "key": 34}, {"source": "Node0x3181b80", "target": "Node0x309a320", "key": 35}, {"source": "Node0x3181b80", "target": "Node0x309a320", "key": 36}, {"source": "Node0x3181b80", "target": "Node0x309a320", "key": 37}, {"source": "Node0x3181b80", "target": "Node0x309a320", "key": 38}, {"source": "Node0x3181b80", "target": "Node0x309a320", "key": 39}, {"source": "Node0x3181b80", "target": "Node0x309a320", "key": 40}, {"source": "Node0x3181b80", "target": "Node0x309a320", "key": 41}, {"source": "Node0x3181b80", "target": "Node0x309a320", "key": 42}, {"source": "Node0x3181b80", "target": "Node0x309a320", "key": 43}, {"source": "Node0x3181b80", "target": "Node0x309a320", "key": 44}, {"source": "Node0x3181b80", "target": "Node0x309a320", "key": 45}, {"source": "Node0x3181b80", "target": "Node0x309a320", "key": 46}, {"source": "Node0x3181b80", "target": "Node0x309a320", "key": 47}, {"source": "Node0x3181b80", "target": "Node0x309a320", "key": 48}, {"source": "Node0x3181b80", "target": "Node0x309a320", "key": 49}, {"source": "Node0x3181b80", "target": "Node0x309a320", "key": 50}, {"source": "Node0x3181b80", "target": "Node0x309a320", "key": 51}, {"source": "Node0x3181b80", "target": "Node0x309a320", "key": 52}, {"source": "Node0x3181b80", "target": "Node0x309a320", "key": 53}, {"source": "Node0x3181b80", "target": "Node0x309a320", "key": 54}, {"source": "Node0x3181b80", "target": "Node0x309a320", "key": 55}, {"source": "Node0x3181b80", "target": "Node0x3182bd0", "key": 0}, {"source": "Node0x309a450", "target": "Node0x309a320", "key": 0}, {"source": "Node0x309a450", "target": "Node0x309a5d0", "key": 0}, {"source": "Node0x3181e00", "target": "Node0x3181980", "key": 0}, {"source": "Node0x3181e00", "target": "Node0x309a6c0", "key": 0}, {"source": "Node0x3181e00", "target": "Node0x309a6c0", "key": 1}, {"source": "Node0x31827c0", "target": "Node0x30acc20", "key": 0}, {"source": "Node0x3182430", "target": "Node0x309a320", "key": 0}, {"source": "Node0x3182430", "target": "Node0x309a320", "key": 1}, {"source": "Node0x3182430", "target": "Node0x309a320", "key": 2}, {"source": "Node0x3182430", "target": "Node0x3182460", "key": 0}, {"source": "Node0x3127b10", "target": "Node0x309a500", "key": 0}, {"source": "Node0x3127b10", "target": "Node0x309a500", "key": 1}, {"source": "Node0x3127b10", "target": "Node0x309a500", "key": 2}, {"source": "Node0x3127b10", "target": "Node0x309a500", "key": 3}, {"source": "Node0x3127b10", "target": "Node0x309a500", "key": 4}, {"source": "Node0x3127b10", "target": "Node0x309a500", "key": 5}, {"source": "Node0x3127b10", "target": "Node0x309a500", "key": 6}, {"source": "Node0x3127b10", "target": "Node0x309a500", "key": 7}, {"source": "Node0x3127b10", "target": "Node0x309a500", "key": 8}, {"source": "Node0x3127b10", "target": "Node0x309a500", "key": 9}, {"source": "Node0x3127b10", "target": "Node0x3127bd0", "key": 0}, {"source": "Node0x3127b10", "target": "Node0x3127cd0", "key": 0}, {"source": "Node0x3183660", "target": "Node0x309a320", "key": 0}, {"source": "Node0x3183660", "target": "Node0x309a320", "key": 1}, {"source": "Node0x3183660", "target": "Node0x309a320", "key": 2}, {"source": "Node0x3183660", "target": "Node0x3183690", "key": 0}, {"source": "Node0x31814b0", "target": "Node0x309a320", "key": 0}, {"source": "Node0x31814b0", "target": "Node0x309a320", "key": 1}, {"source": "Node0x31814b0", "target": "Node0x309a320", "key": 2}, {"source": "Node0x31814b0", "target": "Node0x309a320", "key": 3}, {"source": "Node0x31814b0", "target": "Node0x309a6c0", "key": 0}, {"source": "Node0x31814b0", "target": "Node0x309a6c0", "key": 1}, {"source": "Node0x30acbf0", "target": "Node0x3182c40", "key": 0}, {"source": "Node0x30acbf0", "target": "Node0x3181890", "key": 0}, {"source": "Node0x30acbf0", "target": "Node0x3181890", "key": 1}, {"source": "Node0x30acbf0", "target": "Node0x3183420", "key": 0}, {"source": "Node0x30acbf0", "target": "Node0x3182b60", "key": 0}, {"source": "Node0x30acbf0", "target": "Node0x3181ae0", "key": 0}, {"source": "Node0x30acbf0", "target": "Node0x3181ae0", "key": 1}, {"source": "Node0x30acbf0", "target": "Node0x3127bd0", "key": 0}, {"source": "Node0x30acbf0", "target": "Node0x3129210", "key": 0}, {"source": "Node0x30acbf0", "target": "Node0x3129210", "key": 1}, {"source": "Node0x30acbf0", "target": "Node0x3181140", "key": 0}, {"source": "Node0x30acbf0", "target": "Node0x3181140", "key": 1}, {"source": "Node0x30acbf0", "target": "Node0x3181d60", "key": 0}, {"source": "Node0x30acbf0", "target": "Node0x3181d60", "key": 1}, {"source": "Node0x30acbf0", "target": "Node0x31293d0", "key": 0}, {"source": "Node0x30acbf0", "target": "Node0x3182d90", "key": 0}, {"source": "Node0x30acbf0", "target": "Node0x3181410", "key": 0}, {"source": "Node0x30acbf0", "target": "Node0x3181410", "key": 1}, {"source": "Node0x30acbf0", "target": "Node0x3182dc0", "key": 0}, {"source": "Node0x30acbf0", "target": "Node0x309a530", "key": 0}, {"source": "Node0x30acbf0", "target": "Node0x309a530", "key": 1}, {"source": "Node0x30acbf0", "target": "Node0x309a320", "key": 0}, {"source": "Node0x30acbf0", "target": "Node0x3182a30", "key": 0}, {"source": "Node0x30acbf0", "target": "Node0x31832f0", "key": 0}, {"source": "Node0x30acbf0", "target": "Node0x3182290", "key": 0}, {"source": "Node0x30acbf0", "target": "Node0x3182290", "key": 1}, {"source": "Node0x30acbf0", "target": "Node0x3129480", "key": 0}, {"source": "Node0x30acbf0", "target": "Node0x31811f0", "key": 0}, {"source": "Node0x30acbf0", "target": "Node0x31811f0", "key": 1}, {"source": "Node0x30acbf0", "target": "Node0x3182cb0", "key": 0}, {"source": "Node0x30acbf0", "target": "Node0x3182790", "key": 0}, {"source": "Node0x30acbf0", "target": "Node0x3181b80", "key": 0}, {"source": "Node0x30acbf0", "target": "Node0x309a450", "key": 0}, {"source": "Node0x30acbf0", "target": "Node0x309a450", "key": 1}, {"source": "Node0x30acbf0", "target": "Node0x3181570", "key": 0}, {"source": "Node0x30acbf0", "target": "Node0x3181e00", "key": 0}, {"source": "Node0x30acbf0", "target": "Node0x3181e00", "key": 1}, {"source": "Node0x30acbf0", "target": "Node0x3129170", "key": 0}, {"source": "Node0x30acbf0", "target": "Node0x3129170", "key": 1}, {"source": "Node0x30acbf0", "target": "Node0x31827c0", "key": 0}, {"source": "Node0x30acbf0", "target": "Node0x3183320", "key": 0}, {"source": "Node0x30acbf0", "target": "Node0x3182430", "key": 0}, {"source": "Node0x30acbf0", "target": "Node0x3182430", "key": 1}, {"source": "Node0x30acbf0", "target": "Node0x3127b10", "key": 0}, {"source": "Node0x30acbf0", "target": "Node0x3183660", "key": 0}, {"source": "Node0x30acbf0", "target": "Node0x3183660", "key": 1}, {"source": "Node0x30acbf0", "target": "Node0x31814b0", "key": 0}, {"source": "Node0x30acbf0", "target": "Node0x31814b0", "key": 1}, {"source": "Node0x30acbf0", "target": "Node0x3181440", "key": 0}, {"source": "Node0x30acbf0", "target": "Node0x3181440", "key": 1}, {"source": "Node0x30acbf0", "target": "Node0x31831b0", "key": 0}, {"source": "Node0x30acbf0", "target": "Node0x31293a0", "key": 0}, {"source": "Node0x30acbf0", "target": "Node0x3181950", "key": 0}, {"source": "Node0x30acbf0", "target": "Node0x3183280", "key": 0}, {"source": "Node0x30acbf0", "target": "Node0x3181980", "key": 0}, {"source": "Node0x30acbf0", "target": "Node0x3180fe0", "key": 0}, {"source": "Node0x30acbf0", "target": "Node0x3182d20", "key": 0}, {"source": "Node0x30acbf0", "target": "Node0x3181670", "key": 0}, {"source": "Node0x30acbf0", "target": "Node0x309a2f0", "key": 0}, {"source": "Node0x30acbf0", "target": "Node0x309a2f0", "key": 1}, {"source": "Node0x30acbf0", "target": "Node0x31822c0", "key": 0}, {"source": "Node0x30acbf0", "target": "Node0x309a600", "key": 0}, {"source": "Node0x30acbf0", "target": "Node0x309a600", "key": 1}, {"source": "Node0x30acbf0", "target": "Node0x309a810", "key": 0}, {"source": "Node0x30acbf0", "target": "Node0x309a810", "key": 1}, {"source": "Node0x30acbf0", "target": "Node0x3182ad0", "key": 0}, {"source": "Node0x30acbf0", "target": "Node0x3181010", "key": 0}, {"source": "Node0x30acbf0", "target": "Node0x3181010", "key": 1}, {"source": "Node0x30acbf0", "target": "Node0x3182e80", "key": 0}, {"source": "Node0x30acbf0", "target": "Node0x3129140", "key": 0}, {"source": "Node0x30acbf0", "target": "Node0x309a5d0", "key": 0}, {"source": "Node0x30acbf0", "target": "Node0x3181cc0", "key": 0}, {"source": "Node0x30acbf0", "target": "Node0x3181cc0", "key": 1}, {"source": "Node0x30acbf0", "target": "Node0x309a500", "key": 0}, {"source": "Node0x30acbf0", "target": "Node0x3182830", "key": 0}, {"source": "Node0x30acbf0", "target": "Node0x3181b50", "key": 0}, {"source": "Node0x30acbf0", "target": "Node0x31291e0", "key": 0}, {"source": "Node0x30acbf0", "target": "Node0x31291e0", "key": 1}, {"source": "Node0x30acbf0", "target": "Node0x31825d0", "key": 0}, {"source": "Node0x30acbf0", "target": "Node0x31817d0", "key": 0}, {"source": "Node0x30acbf0", "target": "Node0x31817d0", "key": 1}, {"source": "Node0x30acbf0", "target": "Node0x3182460", "key": 0}, {"source": "Node0x30acbf0", "target": "Node0x309a560", "key": 0}, {"source": "Node0x30acbf0", "target": "Node0x309a560", "key": 1}, {"source": "Node0x30acbf0", "target": "Node0x3183250", "key": 0}, {"source": "Node0x30acbf0", "target": "Node0x309a6c0", "key": 0}, {"source": "Node0x30acbf0", "target": "Node0x309a840", "key": 0}, {"source": "Node0x30acbf0", "target": "Node0x309a840", "key": 1}, {"source": "Node0x30acbf0", "target": "Node0x3182bd0", "key": 0}, {"source": "Node0x30acbf0", "target": "Node0x3181080", "key": 0}, {"source": "Node0x30acbf0", "target": "Node0x3183690", "key": 0}, {"source": "Node0x30acbf0", "target": "Node0x309a7a0", "key": 0}, {"source": "Node0x30acbf0", "target": "Node0x309a7a0", "key": 1}, {"source": "Node0x30acbf0", "target": "Node0x3127cd0", "key": 0}, {"source": "Node0x31831b0", "target": "Node0x3180fe0", "key": 0}, {"source": "Node0x31293a0", "target": "Node0x309a320", "key": 0}, {"source": "Node0x31293a0", "target": "Node0x3129140", "key": 0}, {"source": "Node0x3181950", "target": "Node0x3182ad0", "key": 0}, {"source": "Node0x3183280", "target": "Node0x309a320", "key": 0}, {"source": "Node0x3183280", "target": "Node0x309a320", "key": 1}, {"source": "Node0x3183280", "target": "Node0x309a320", "key": 2}, {"source": "Node0x3183280", "target": "Node0x309a320", "key": 3}, {"source": "Node0x3183280", "target": "Node0x309a320", "key": 4}, {"source": "Node0x3183280", "target": "Node0x309a320", "key": 5}, {"source": "Node0x3183280", "target": "Node0x309a320", "key": 6}, {"source": "Node0x3183280", "target": "Node0x309a320", "key": 7}, {"source": "Node0x3183280", "target": "Node0x309a320", "key": 8}, {"source": "Node0x3183280", "target": "Node0x309a320", "key": 9}, {"source": "Node0x3183280", "target": "Node0x309a320", "key": 10}, {"source": "Node0x3183280", "target": "Node0x309a320", "key": 11}, {"source": "Node0x3183280", "target": "Node0x309a320", "key": 12}, {"source": "Node0x3183280", "target": "Node0x309a320", "key": 13}, {"source": "Node0x3183280", "target": "Node0x30acc20", "key": 0}, {"source": "Node0x3183280", "target": "Node0x30acc20", "key": 1}, {"source": "Node0x3183280", "target": "Node0x30acc20", "key": 2}, {"source": "Node0x3183280", "target": "Node0x3180fe0", "key": 0}, {"source": "Node0x3183280", "target": "Node0x3180fe0", "key": 1}, {"source": "Node0x3181980", "target": "Node0x30acc20", "key": 0}, {"source": "Node0x3182d20", "target": "Node0x30acc20", "key": 0}, {"source": "Node0x309a2f0", "target": "Node0x309a320", "key": 0}, {"source": "Node0x31822c0", "target": "Node0x30acc20", "key": 0}, {"source": "Node0x3181440", "target": "Node0x309a320", "key": 0}, {"source": "Node0x3181440", "target": "Node0x309a5d0", "key": 0}, {"source": "Node0x3181010", "target": "Node0x309a320", "key": 0}, {"source": "Node0x3181010", "target": "Node0x309a5d0", "key": 0}, {"source": "Node0x3182e80", "target": "Node0x309a320", "key": 0}, {"source": "Node0x3182e80", "target": "Node0x309a320", "key": 1}, {"source": "Node0x3182e80", "target": "Node0x309a320", "key": 2}, {"source": "Node0x309a600", "target": "Node0x309a320", "key": 0}, {"source": "Node0x309a600", "target": "Node0x309a5d0", "key": 0}, {"source": "Node0x309a600", "target": "Node0x309a500", "key": 0}, {"source": "Node0x3129140", "target": "Node0x309a500", "key": 0}, {"source": "Node0x3129140", "target": "Node0x309a500", "key": 1}, {"source": "Node0x3129140", "target": "Node0x309a500", "key": 2}, {"source": "Node0x3129140", "target": "Node0x309a500", "key": 3}, {"source": "Node0x3129140", "target": "Node0x309a500", "key": 4}, {"source": "Node0x3129140", "target": "Node0x3183280", "key": 0}, {"source": "Node0x3129140", "target": "Node0x30acc20", "key": 0}, {"source": "Node0x3129140", "target": "Node0x30acc20", "key": 1}, {"source": "Node0x3129140", "target": "Node0x30acc20", "key": 2}, {"source": "Node0x3129140", "target": "Node0x30acc20", "key": 3}, {"source": "Node0x3129140", "target": "Node0x30acc20", "key": 4}, {"source": "Node0x3129140", "target": "Node0x30acc20", "key": 5}, {"source": "Node0x3129140", "target": "Node0x30acc20", "key": 6}, {"source": "Node0x3129140", "target": "Node0x30acc20", "key": 7}, {"source": "Node0x3129140", "target": "Node0x30acc20", "key": 8}, {"source": "Node0x3129140", "target": "Node0x30acc20", "key": 9}, {"source": "Node0x3129140", "target": "Node0x30acc20", "key": 10}, {"source": "Node0x3129140", "target": "Node0x31831b0", "key": 0}, {"source": "Node0x3129140", "target": "Node0x3183250", "key": 0}, {"source": "Node0x3129140", "target": "Node0x309a6c0", "key": 0}, {"source": "Node0x3129140", "target": "Node0x309a320", "key": 0}, {"source": "Node0x3129140", "target": "Node0x309a320", "key": 1}, {"source": "Node0x3129140", "target": "Node0x309a320", "key": 2}, {"source": "Node0x3129140", "target": "Node0x309a320", "key": 3}, {"source": "Node0x3129140", "target": "Node0x309a320", "key": 4}, {"source": "Node0x3129140", "target": "Node0x309a320", "key": 5}, {"source": "Node0x3129140", "target": "Node0x309a320", "key": 6}, {"source": "Node0x3129140", "target": "Node0x309a320", "key": 7}, {"source": "Node0x3129140", "target": "Node0x309a320", "key": 8}, {"source": "Node0x3129140", "target": "Node0x309a320", "key": 9}, {"source": "Node0x3129140", "target": "Node0x309a320", "key": 10}, {"source": "Node0x3129140", "target": "Node0x309a320", "key": 11}, {"source": "Node0x3129140", "target": "Node0x309a320", "key": 12}, {"source": "Node0x3129140", "target": "Node0x309a320", "key": 13}, {"source": "Node0x3129140", "target": "Node0x309a320", "key": 14}, {"source": "Node0x3129140", "target": "Node0x309a320", "key": 15}, {"source": "Node0x3129140", "target": "Node0x309a320", "key": 16}, {"source": "Node0x3129140", "target": "Node0x309a320", "key": 17}, {"source": "Node0x3129140", "target": "Node0x309a320", "key": 18}, {"source": "Node0x3129140", "target": "Node0x309a320", "key": 19}, {"source": "Node0x3129140", "target": "Node0x309a320", "key": 20}, {"source": "Node0x3129140", "target": "Node0x309a320", "key": 21}, {"source": "Node0x3129140", "target": "Node0x309a320", "key": 22}, {"source": "Node0x3129140", "target": "Node0x309a320", "key": 23}, {"source": "Node0x3129140", "target": "Node0x31832f0", "key": 0}, {"source": "Node0x3129140", "target": "Node0x31832f0", "key": 1}, {"source": "Node0x3129140", "target": "Node0x309a5d0", "key": 0}, {"source": "Node0x309a5d0", "target": "Node0x30acc20", "key": 0}, {"source": "Node0x3181cc0", "target": "Node0x3180fe0", "key": 0}, {"source": "Node0x309a500", "target": "Node0x30acc20", "key": 0}, {"source": "Node0x3182830", "target": "Node0x30acc20", "key": 0}, {"source": "Node0x3181b50", "target": "Node0x3181670", "key": 0}, {"source": "Node0x3181b50", "target": "Node0x3182830", "key": 0}, {"source": "Node0x3181b50", "target": "Node0x3180fe0", "key": 0}, {"source": "Node0x3181b50", "target": "Node0x3180fe0", "key": 1}, {"source": "Node0x3181b50", "target": "Node0x3180fe0", "key": 2}, {"source": "Node0x3181b50", "target": "Node0x3180fe0", "key": 3}, {"source": "Node0x3181b50", "target": "Node0x3180fe0", "key": 4}, {"source": "Node0x3181b50", "target": "Node0x3180fe0", "key": 5}, {"source": "Node0x3181b50", "target": "Node0x3180fe0", "key": 6}, {"source": "Node0x3181b50", "target": "Node0x3180fe0", "key": 7}, {"source": "Node0x3181b50", "target": "Node0x3180fe0", "key": 8}, {"source": "Node0x3181b50", "target": "Node0x3182790", "key": 0}, {"source": "Node0x3181b50", "target": "Node0x309a6c0", "key": 0}, {"source": "Node0x3181b50", "target": "Node0x309a320", "key": 0}, {"source": "Node0x3181b50", "target": "Node0x309a320", "key": 1}, {"source": "Node0x3181b50", "target": "Node0x309a320", "key": 2}, {"source": "Node0x3181b50", "target": "Node0x309a320", "key": 3}, {"source": "Node0x3181b50", "target": "Node0x309a320", "key": 4}, {"source": "Node0x3181b50", "target": "Node0x309a320", "key": 5}, {"source": "Node0x3181b50", "target": "Node0x309a320", "key": 6}, {"source": "Node0x3181b50", "target": "Node0x309a320", "key": 7}, {"source": "Node0x3181b50", "target": "Node0x309a320", "key": 8}, {"source": "Node0x3181b50", "target": "Node0x309a320", "key": 9}, {"source": "Node0x3181b50", "target": "Node0x309a320", "key": 10}, {"source": "Node0x3181b50", "target": "Node0x309a320", "key": 11}, {"source": "Node0x3181b50", "target": "Node0x309a320", "key": 12}, {"source": "Node0x3181b50", "target": "Node0x309a320", "key": 13}, {"source": "Node0x3181b50", "target": "Node0x309a320", "key": 14}, {"source": "Node0x3181b50", "target": "Node0x309a320", "key": 15}, {"source": "Node0x3181b50", "target": "Node0x309a320", "key": 16}, {"source": "Node0x3181b50", "target": "Node0x309a320", "key": 17}, {"source": "Node0x3181b50", "target": "Node0x309a320", "key": 18}, {"source": "Node0x3181b50", "target": "Node0x309a320", "key": 19}, {"source": "Node0x3181b50", "target": "Node0x309a320", "key": 20}, {"source": "Node0x3181b50", "target": "Node0x309a320", "key": 21}, {"source": "Node0x3181b50", "target": "Node0x309a320", "key": 22}, {"source": "Node0x3181b50", "target": "Node0x309a320", "key": 23}, {"source": "Node0x3181b50", "target": "Node0x309a320", "key": 24}, {"source": "Node0x3181b50", "target": "Node0x309a320", "key": 25}, {"source": "Node0x3181b50", "target": "Node0x309a320", "key": 26}, {"source": "Node0x3181b50", "target": "Node0x309a320", "key": 27}, {"source": "Node0x3181b50", "target": "Node0x309a320", "key": 28}, {"source": "Node0x3181b50", "target": "Node0x309a320", "key": 29}, {"source": "Node0x3181b50", "target": "Node0x309a320", "key": 30}, {"source": "Node0x3181b50", "target": "Node0x309a320", "key": 31}, {"source": "Node0x3181b50", "target": "Node0x309a320", "key": 32}, {"source": "Node0x3181b50", "target": "Node0x309a320", "key": 33}, {"source": "Node0x3181b50", "target": "Node0x309a320", "key": 34}, {"source": "Node0x3181b50", "target": "Node0x309a5d0", "key": 0}, {"source": "Node0x3181b50", "target": "Node0x309a5d0", "key": 1}, {"source": "Node0x3181b50", "target": "Node0x309a5d0", "key": 2}, {"source": "Node0x3181b50", "target": "Node0x309a5d0", "key": 3}, {"source": "Node0x3181b50", "target": "Node0x309a5d0", "key": 4}, {"source": "Node0x3181b50", "target": "Node0x309a5d0", "key": 5}, {"source": "Node0x3181b50", "target": "Node0x309a5d0", "key": 6}, {"source": "Node0x3181b50", "target": "Node0x309a5d0", "key": 7}, {"source": "Node0x3181b50", "target": "Node0x309a5d0", "key": 8}, {"source": "Node0x3181b50", "target": "Node0x309a5d0", "key": 9}, {"source": "Node0x31291e0", "target": "Node0x309a320", "key": 0}, {"source": "Node0x31291e0", "target": "Node0x309a320", "key": 1}, {"source": "Node0x31291e0", "target": "Node0x309a320", "key": 2}, {"source": "Node0x31825d0", "target": "Node0x309a320", "key": 0}, {"source": "Node0x31825d0", "target": "Node0x3129140", "key": 0}, {"source": "Node0x31817d0", "target": "Node0x309a320", "key": 0}, {"source": "Node0x31817d0", "target": "Node0x309a5d0", "key": 0}, {"source": "Node0x3182460", "target": "Node0x30acc20", "key": 0}, {"source": "Node0x3183250", "target": "Node0x309a320", "key": 0}, {"source": "Node0x3183250", "target": "Node0x309a320", "key": 1}, {"source": "Node0x3183250", "target": "Node0x309a320", "key": 2}, {"source": "Node0x3183250", "target": "Node0x309a320", "key": 3}, {"source": "Node0x3183250", "target": "Node0x309a320", "key": 4}, {"source": "Node0x3183250", "target": "Node0x309a320", "key": 5}, {"source": "Node0x3183250", "target": "Node0x309a320", "key": 6}, {"source": "Node0x3183250", "target": "Node0x30acc20", "key": 0}, {"source": "Node0x3183250", "target": "Node0x309a6c0", "key": 0}, {"source": "Node0x309a840", "target": "Node0x309a320", "key": 0}, {"source": "Node0x309a840", "target": "Node0x309a5d0", "key": 0}, {"source": "Node0x3182bd0", "target": "Node0x309a320", "key": 0}, {"source": "Node0x3182bd0", "target": "Node0x309a320", "key": 1}, {"source": "Node0x3182bd0", "target": "Node0x309a320", "key": 2}, {"source": "Node0x3182bd0", "target": "Node0x309a320", "key": 3}, {"source": "Node0x3182bd0", "target": "Node0x309a320", "key": 4}, {"source": "Node0x3182bd0", "target": "Node0x309a320", "key": 5}, {"source": "Node0x3181080", "target": "Node0x30acc20", "key": 0}, {"source": "Node0x3183690", "target": "Node0x30acc20", "key": 0}, {"source": "Node0x3127cd0", "target": "Node0x309a500", "key": 0}, {"source": "Node0x3127cd0", "target": "Node0x309a500", "key": 1}, {"source": "Node0x3127cd0", "target": "Node0x309a500", "key": 2}, {"source": "Node0x3127cd0", "target": "Node0x309a500", "key": 3}, {"source": "Node0x3127cd0", "target": "Node0x309a500", "key": 4}, {"source": "Node0x3127cd0", "target": "Node0x3127bd0", "key": 0}], "multigraph": true}
