{"directed": true, "graph": {"node": {"shape": "", "label": "Call graph"}, "graph": {"label": "Call graph"}, "edge": {}, "name": "Call graph"}, "nodes": [{"shape": "record", "id": "Node0x3334900", "label": "{png_create_read_struct}"}, {"shape": "record", "id": "Node0x3334840", "label": "{llvm.dbg.declare}"}, {"shape": "record", "id": "Node0x3334ed0", "label": "{png_get_channels}"}, {"shape": "record", "id": "Node0x3334a30", "label": "{ferror}"}, {"shape": "record", "id": "Node0x3334370", "label": "{png_create_write_struct}"}, {"shape": "record", "id": "Node0x3279fb0", "label": "{gettext}"}, {"shape": "record", "id": "Node0x3334140", "label": "{restore_message_header}"}, {"shape": "record", "id": "Node0x3279f80", "label": "{set_message_header}"}, {"shape": "record", "id": "Node0x33343e0", "label": "{png_create_info_struct}"}, {"shape": "record", "id": "Node0x3336af0", "label": "{png_error}"}, {"shape": "record", "id": "Node0x327a020", "label": "{xfread}"}, {"shape": "record", "id": "Node0x33347d0", "label": "{fclose}"}, {"shape": "record", "id": "Node0x3334cb0", "label": "{png_read_update_info}"}, {"shape": "record", "id": "Node0x3334c40", "label": "{png_read_info}"}, {"id": "Node0x3356040"}, {"shape": "record", "id": "Node0x327d310", "label": "{fseek}"}, {"shape": "record", "id": "Node0x3334990", "label": "{fread}"}, {"shape": "record", "id": "Node0x3334760", "label": "{free}"}, {"shape": "record", "id": "Node0x3334680", "label": "{png_write_end}"}, {"shape": "record", "id": "Node0x3334ce0", "label": "{png_get_image_width}"}, {"shape": "record", "id": "Node0x3334e30", "label": "{png_get_color_type}"}, {"shape": "record", "id": "Node0x3356070", "label": "{extract_icons}"}, {"shape": "record", "id": "Node0x3334d10", "label": "{png_set_read_fn}"}, {"shape": "record", "id": "Node0x3356010", "label": "{external node}"}, {"shape": "record", "id": "Node0x3334220", "label": "{fwrite}"}, {"shape": "record", "id": "Node0x3334dc0", "label": "{png_get_image_height}"}, {"shape": "record", "id": "Node0x3334ea0", "label": "{png_get_bit_depth}"}, {"shape": "record", "id": "Node0x327ab30", "label": "{_setjmp}"}, {"shape": "record", "id": "Node0x3334610", "label": "{png_write_row}"}, {"shape": "record", "id": "Node0x3334300", "label": "{abs}"}, {"shape": "record", "id": "Node0x33344c0", "label": "{png_set_IHDR}"}, {"shape": "record", "id": "Node0x33345a0", "label": "{simple_vec}"}, {"shape": "record", "id": "Node0x3334450", "label": "{png_init_io}"}, {"shape": "record", "id": "Node0x3336a50", "label": "{png_read_mem}"}, {"shape": "record", "id": "Node0x327a050", "label": "{warn}"}, {"shape": "record", "id": "Node0x3334530", "label": "{png_write_info}"}, {"shape": "record", "id": "Node0x3336ac0", "label": "{png_get_io_ptr}"}, {"shape": "record", "id": "Node0x327abe0", "label": "{png_destroy_read_struct}"}, {"shape": "record", "id": "Node0x33346f0", "label": "{png_destroy_write_struct}"}, {"shape": "record", "id": "Node0x327d240", "label": "{xmalloc}"}, {"shape": "record", "id": "Node0x33341b0", "label": "{warn_errno}"}, {"shape": "record", "id": "Node0x327d380", "label": "{read_png}"}, {"shape": "record", "id": "Node0x3334290", "label": "{fskip}"}, {"shape": "record", "id": "Node0x33340d0", "label": "{printf}"}, {"shape": "record", "id": "Node0x3336700", "label": "{llvm.memcpy.p0i8.p0i8.i64}"}], "links": [{"source": "Node0x3334900", "target": "Node0x3356040", "key": 0}, {"source": "Node0x3334ed0", "target": "Node0x3356040", "key": 0}, {"source": "Node0x3334a30", "target": "Node0x3356040", "key": 0}, {"source": "Node0x3334370", "target": "Node0x3356040", "key": 0}, {"source": "Node0x3279fb0", "target": "Node0x3356040", "key": 0}, {"source": "Node0x3334140", "target": "Node0x3356040", "key": 0}, {"source": "Node0x3279f80", "target": "Node0x3356040", "key": 0}, {"source": "Node0x33343e0", "target": "Node0x3356040", "key": 0}, {"source": "Node0x3336af0", "target": "Node0x3356040", "key": 0}, {"source": "Node0x327a020", "target": "Node0x3334a30", "key": 0}, {"source": "Node0x327a020", "target": "Node0x3334990", "key": 0}, {"source": "Node0x327a020", "target": "Node0x327a050", "key": 0}, {"source": "Node0x327a020", "target": "Node0x3279fb0", "key": 0}, {"source": "Node0x327a020", "target": "Node0x3279fb0", "key": 1}, {"source": "Node0x327a020", "target": "Node0x33341b0", "key": 0}, {"source": "Node0x33347d0", "target": "Node0x3356040", "key": 0}, {"source": "Node0x3334cb0", "target": "Node0x3356040", "key": 0}, {"source": "Node0x3334c40", "target": "Node0x3356040", "key": 0}, {"source": "Node0x327d310", "target": "Node0x3356040", "key": 0}, {"source": "Node0x3334990", "target": "Node0x3356040", "key": 0}, {"source": "Node0x3334760", "target": "Node0x3356040", "key": 0}, {"source": "Node0x3334680", "target": "Node0x3356040", "key": 0}, {"source": "Node0x3334ce0", "target": "Node0x3356040", "key": 0}, {"source": "Node0x3334e30", "target": "Node0x3356040", "key": 0}, {"source": "Node0x3356070", "target": "Node0x3334370", "key": 0}, {"source": "Node0x3356070", "target": "Node0x3279fb0", "key": 0}, {"source": "Node0x3356070", "target": "Node0x3279fb0", "key": 1}, {"source": "Node0x3356070", "target": "Node0x3279fb0", "key": 2}, {"source": "Node0x3356070", "target": "Node0x3279fb0", "key": 3}, {"source": "Node0x3356070", "target": "Node0x3279fb0", "key": 4}, {"source": "Node0x3356070", "target": "Node0x3279fb0", "key": 5}, {"source": "Node0x3356070", "target": "Node0x3279fb0", "key": 6}, {"source": "Node0x3356070", "target": "Node0x3279fb0", "key": 7}, {"source": "Node0x3356070", "target": "Node0x3279fb0", "key": 8}, {"source": "Node0x3356070", "target": "Node0x3279fb0", "key": 9}, {"source": "Node0x3356070", "target": "Node0x3279fb0", "key": 10}, {"source": "Node0x3356070", "target": "Node0x3279fb0", "key": 11}, {"source": "Node0x3356070", "target": "Node0x3279fb0", "key": 12}, {"source": "Node0x3356070", "target": "Node0x3279fb0", "key": 13}, {"source": "Node0x3356070", "target": "Node0x3279fb0", "key": 14}, {"source": "Node0x3356070", "target": "Node0x3279fb0", "key": 15}, {"source": "Node0x3356070", "target": "Node0x3279fb0", "key": 16}, {"source": "Node0x3356070", "target": "Node0x3279fb0", "key": 17}, {"source": "Node0x3356070", "target": "Node0x3279fb0", "key": 18}, {"source": "Node0x3356070", "target": "Node0x3279fb0", "key": 19}, {"source": "Node0x3356070", "target": "Node0x3279fb0", "key": 20}, {"source": "Node0x3356070", "target": "Node0x3279fb0", "key": 21}, {"source": "Node0x3356070", "target": "Node0x3279fb0", "key": 22}, {"source": "Node0x3356070", "target": "Node0x3334140", "key": 0}, {"source": "Node0x3356070", "target": "Node0x3334140", "key": 1}, {"source": "Node0x3356070", "target": "Node0x3334140", "key": 2}, {"source": "Node0x3356070", "target": "Node0x3334140", "key": 3}, {"source": "Node0x3356070", "target": "Node0x3334140", "key": 4}, {"source": "Node0x3356070", "target": "Node0x3334140", "key": 5}, {"source": "Node0x3356070", "target": "Node0x3279f80", "key": 0}, {"source": "Node0x3356070", "target": "Node0x3279f80", "key": 1}, {"source": "Node0x3356070", "target": "Node0x3279f80", "key": 2}, {"source": "Node0x3356070", "target": "Node0x3279f80", "key": 3}, {"source": "Node0x3356070", "target": "Node0x3279f80", "key": 4}, {"source": "Node0x3356070", "target": "Node0x33343e0", "key": 0}, {"source": "Node0x3356070", "target": "Node0x327a020", "key": 0}, {"source": "Node0x3356070", "target": "Node0x327a020", "key": 1}, {"source": "Node0x3356070", "target": "Node0x327a020", "key": 2}, {"source": "Node0x3356070", "target": "Node0x327a020", "key": 3}, {"source": "Node0x3356070", "target": "Node0x327a020", "key": 4}, {"source": "Node0x3356070", "target": "Node0x327a020", "key": 5}, {"source": "Node0x3356070", "target": "Node0x327a020", "key": 6}, {"source": "Node0x3356070", "target": "Node0x33347d0", "key": 0}, {"source": "Node0x3356070", "target": "Node0x33346f0", "key": 0}, {"source": "Node0x3356070", "target": "Node0x327d310", "key": 0}, {"source": "Node0x3356070", "target": "Node0x3334760", "key": 0}, {"source": "Node0x3356070", "target": "Node0x3334760", "key": 1}, {"source": "Node0x3356070", "target": "Node0x3334760", "key": 2}, {"source": "Node0x3356070", "target": "Node0x3334760", "key": 3}, {"source": "Node0x3356070", "target": "Node0x3334760", "key": 4}, {"source": "Node0x3356070", "target": "Node0x3334760", "key": 5}, {"source": "Node0x3356070", "target": "Node0x3334760", "key": 6}, {"source": "Node0x3356070", "target": "Node0x3334680", "key": 0}, {"source": "Node0x3356070", "target": "Node0x3334220", "key": 0}, {"source": "Node0x3356070", "target": "Node0x3334610", "key": 0}, {"source": "Node0x3356070", "target": "Node0x3334300", "key": 0}, {"source": "Node0x3356070", "target": "Node0x33344c0", "key": 0}, {"source": "Node0x3356070", "target": "Node0x33345a0", "key": 0}, {"source": "Node0x3356070", "target": "Node0x33345a0", "key": 1}, {"source": "Node0x3356070", "target": "Node0x3334450", "key": 0}, {"source": "Node0x3356070", "target": "Node0x327a050", "key": 0}, {"source": "Node0x3356070", "target": "Node0x327a050", "key": 1}, {"source": "Node0x3356070", "target": "Node0x327a050", "key": 2}, {"source": "Node0x3356070", "target": "Node0x327a050", "key": 3}, {"source": "Node0x3356070", "target": "Node0x327a050", "key": 4}, {"source": "Node0x3356070", "target": "Node0x327a050", "key": 5}, {"source": "Node0x3356070", "target": "Node0x327a050", "key": 6}, {"source": "Node0x3356070", "target": "Node0x327a050", "key": 7}, {"source": "Node0x3356070", "target": "Node0x327a050", "key": 8}, {"source": "Node0x3356070", "target": "Node0x327a050", "key": 9}, {"source": "Node0x3356070", "target": "Node0x327a050", "key": 10}, {"source": "Node0x3356070", "target": "Node0x327a050", "key": 11}, {"source": "Node0x3356070", "target": "Node0x327a050", "key": 12}, {"source": "Node0x3356070", "target": "Node0x327a050", "key": 13}, {"source": "Node0x3356070", "target": "Node0x327a050", "key": 14}, {"source": "Node0x3356070", "target": "Node0x327a050", "key": 15}, {"source": "Node0x3356070", "target": "Node0x327a050", "key": 16}, {"source": "Node0x3356070", "target": "Node0x3334530", "key": 0}, {"source": "Node0x3356070", "target": "Node0x3356040", "key": 0}, {"source": "Node0x3356070", "target": "Node0x3356040", "key": 1}, {"source": "Node0x3356070", "target": "Node0x3356040", "key": 2}, {"source": "Node0x3356070", "target": "Node0x3356040", "key": 3}, {"source": "Node0x3356070", "target": "Node0x327d240", "key": 0}, {"source": "Node0x3356070", "target": "Node0x327d240", "key": 1}, {"source": "Node0x3356070", "target": "Node0x327d240", "key": 2}, {"source": "Node0x3356070", "target": "Node0x327d240", "key": 3}, {"source": "Node0x3356070", "target": "Node0x327d240", "key": 4}, {"source": "Node0x3356070", "target": "Node0x327d240", "key": 5}, {"source": "Node0x3356070", "target": "Node0x33341b0", "key": 0}, {"source": "Node0x3356070", "target": "Node0x33341b0", "key": 1}, {"source": "Node0x3356070", "target": "Node0x33341b0", "key": 2}, {"source": "Node0x3356070", "target": "Node0x327d380", "key": 0}, {"source": "Node0x3356070", "target": "Node0x3334290", "key": 0}, {"source": "Node0x3356070", "target": "Node0x3334290", "key": 1}, {"source": "Node0x3356070", "target": "Node0x33340d0", "key": 0}, {"source": "Node0x3356070", "target": "Node0x33340d0", "key": 1}, {"source": "Node0x3356070", "target": "Node0x33340d0", "key": 2}, {"source": "Node0x3356070", "target": "Node0x33340d0", "key": 3}, {"source": "Node0x3356070", "target": "Node0x33340d0", "key": 4}, {"source": "Node0x3356070", "target": "Node0x33340d0", "key": 5}, {"source": "Node0x3334d10", "target": "Node0x3356040", "key": 0}, {"source": "Node0x3356010", "target": "Node0x3334900", "key": 0}, {"source": "Node0x3356010", "target": "Node0x3334840", "key": 0}, {"source": "Node0x3356010", "target": "Node0x3334ed0", "key": 0}, {"source": "Node0x3356010", "target": "Node0x3334a30", "key": 0}, {"source": "Node0x3356010", "target": "Node0x3334370", "key": 0}, {"source": "Node0x3356010", "target": "Node0x3279fb0", "key": 0}, {"source": "Node0x3356010", "target": "Node0x3334140", "key": 0}, {"source": "Node0x3356010", "target": "Node0x3279f80", "key": 0}, {"source": "Node0x3356010", "target": "Node0x33343e0", "key": 0}, {"source": "Node0x3356010", "target": "Node0x3336af0", "key": 0}, {"source": "Node0x3356010", "target": "Node0x33347d0", "key": 0}, {"source": "Node0x3356010", "target": "Node0x3334cb0", "key": 0}, {"source": "Node0x3356010", "target": "Node0x3334c40", "key": 0}, {"source": "Node0x3356010", "target": "Node0x327d310", "key": 0}, {"source": "Node0x3356010", "target": "Node0x3334990", "key": 0}, {"source": "Node0x3356010", "target": "Node0x3334760", "key": 0}, {"source": "Node0x3356010", "target": "Node0x3334680", "key": 0}, {"source": "Node0x3356010", "target": "Node0x3334ce0", "key": 0}, {"source": "Node0x3356010", "target": "Node0x3334e30", "key": 0}, {"source": "Node0x3356010", "target": "Node0x3356070", "key": 0}, {"source": "Node0x3356010", "target": "Node0x3334d10", "key": 0}, {"source": "Node0x3356010", "target": "Node0x3334220", "key": 0}, {"source": "Node0x3356010", "target": "Node0x3334dc0", "key": 0}, {"source": "Node0x3356010", "target": "Node0x3334ea0", "key": 0}, {"source": "Node0x3356010", "target": "Node0x327ab30", "key": 0}, {"source": "Node0x3356010", "target": "Node0x3334610", "key": 0}, {"source": "Node0x3356010", "target": "Node0x3334300", "key": 0}, {"source": "Node0x3356010", "target": "Node0x33344c0", "key": 0}, {"source": "Node0x3356010", "target": "Node0x3334450", "key": 0}, {"source": "Node0x3356010", "target": "Node0x3336a50", "key": 0}, {"source": "Node0x3356010", "target": "Node0x327a050", "key": 0}, {"source": "Node0x3356010", "target": "Node0x3334530", "key": 0}, {"source": "Node0x3356010", "target": "Node0x3336ac0", "key": 0}, {"source": "Node0x3356010", "target": "Node0x327abe0", "key": 0}, {"source": "Node0x3356010", "target": "Node0x33346f0", "key": 0}, {"source": "Node0x3356010", "target": "Node0x327d240", "key": 0}, {"source": "Node0x3356010", "target": "Node0x33341b0", "key": 0}, {"source": "Node0x3356010", "target": "Node0x3334290", "key": 0}, {"source": "Node0x3356010", "target": "Node0x33340d0", "key": 0}, {"source": "Node0x3356010", "target": "Node0x3336700", "key": 0}, {"source": "Node0x3334220", "target": "Node0x3356040", "key": 0}, {"source": "Node0x3334dc0", "target": "Node0x3356040", "key": 0}, {"source": "Node0x3334ea0", "target": "Node0x3356040", "key": 0}, {"source": "Node0x327ab30", "target": "Node0x3356040", "key": 0}, {"source": "Node0x3334610", "target": "Node0x3356040", "key": 0}, {"source": "Node0x3334300", "target": "Node0x3356040", "key": 0}, {"source": "Node0x33344c0", "target": "Node0x3356040", "key": 0}, {"source": "Node0x3334450", "target": "Node0x3356040", "key": 0}, {"source": "Node0x3336a50", "target": "Node0x3336af0", "key": 0}, {"source": "Node0x3336a50", "target": "Node0x3279fb0", "key": 0}, {"source": "Node0x3336a50", "target": "Node0x3336ac0", "key": 0}, {"source": "Node0x327a050", "target": "Node0x3356040", "key": 0}, {"source": "Node0x3334530", "target": "Node0x3356040", "key": 0}, {"source": "Node0x3336ac0", "target": "Node0x3356040", "key": 0}, {"source": "Node0x327abe0", "target": "Node0x3356040", "key": 0}, {"source": "Node0x33346f0", "target": "Node0x3356040", "key": 0}, {"source": "Node0x327d240", "target": "Node0x3356040", "key": 0}, {"source": "Node0x33341b0", "target": "Node0x3356040", "key": 0}, {"source": "Node0x327d380", "target": "Node0x3334900", "key": 0}, {"source": "Node0x327d380", "target": "Node0x327a050", "key": 0}, {"source": "Node0x327d380", "target": "Node0x327a050", "key": 1}, {"source": "Node0x327d380", "target": "Node0x3334ed0", "key": 0}, {"source": "Node0x327d380", "target": "Node0x3334ce0", "key": 0}, {"source": "Node0x327d380", "target": "Node0x327abe0", "key": 0}, {"source": "Node0x327d380", "target": "Node0x327abe0", "key": 1}, {"source": "Node0x327d380", "target": "Node0x3334ea0", "key": 0}, {"source": "Node0x327d380", "target": "Node0x3334ea0", "key": 1}, {"source": "Node0x327d380", "target": "Node0x327ab30", "key": 0}, {"source": "Node0x327d380", "target": "Node0x3334dc0", "key": 0}, {"source": "Node0x327d380", "target": "Node0x3279fb0", "key": 0}, {"source": "Node0x327d380", "target": "Node0x3279fb0", "key": 1}, {"source": "Node0x327d380", "target": "Node0x33343e0", "key": 0}, {"source": "Node0x327d380", "target": "Node0x3334e30", "key": 0}, {"source": "Node0x327d380", "target": "Node0x3334d10", "key": 0}, {"source": "Node0x327d380", "target": "Node0x3334cb0", "key": 0}, {"source": "Node0x327d380", "target": "Node0x3334c40", "key": 0}, {"source": "Node0x3334290", "target": "Node0x3356040", "key": 0}, {"source": "Node0x33340d0", "target": "Node0x3356040", "key": 0}], "multigraph": true}
