{"nodes": [{"data": {"macke_bug_chain_length": 0, "node_degree": [1, 2, 3], "macke_vulnerabilities_found": 0, "faulty": false, "distance_to_interface": 1, "clustering_coefficient": 0.0, "node_path_length": 1.0}, "id": "{png_create_read_struct}", "type": 4}, {"data": {"macke_bug_chain_length": 0, "node_degree": [0, 1, 1], "macke_vulnerabilities_found": 0, "faulty": false, "distance_to_interface": 1, "clustering_coefficient": 0, "node_path_length": 0}, "id": "{llvm.dbg.declare}", "type": 4}, {"data": {"macke_bug_chain_length": 0, "node_degree": [1, 2, 3], "macke_vulnerabilities_found": 0, "faulty": false, "distance_to_interface": 1, "clustering_coefficient": 0.0, "node_path_length": 1.0}, "id": "{png_get_channels}", "type": 2}, {"data": {"macke_bug_chain_length": 0, "node_degree": [1, 2, 3], "macke_vulnerabilities_found": 0, "faulty": false, "distance_to_interface": 1, "clustering_coefficient": 0.0, "node_path_length": 1.0}, "id": "{ferror}", "type": 5}, {"data": {"macke_bug_chain_length": 0, "node_degree": [1, 2, 3], "macke_vulnerabilities_found": 0, "faulty": false, "distance_to_interface": 1, "clustering_coefficient": 0.6666666666666666, "node_path_length": 1.0}, "id": "{png_create_write_struct}", "type": 0}, {"data": {"macke_bug_chain_length": 0, "node_degree": [1, 5, 6], "macke_vulnerabilities_found": 0, "faulty": false, "distance_to_interface": 1, "clustering_coefficient": 0.3333333333333333, "node_path_length": 1.0}, "id": "{gettext}", "type": 3}, {"data": {"macke_bug_chain_length": 0, "node_degree": [1, 2, 3], "macke_vulnerabilities_found": 0, "faulty": false, "distance_to_interface": 1, "clustering_coefficient": 0.6666666666666666, "node_path_length": 1.0}, "id": "{restore_message_header}", "type": 1}, {"data": {"macke_bug_chain_length": 0, "node_degree": [1, 2, 3], "macke_vulnerabilities_found": 0, "faulty": false, "distance_to_interface": 1, "clustering_coefficient": 0.6666666666666666, "node_path_length": 1.0}, "id": "{set_message_header}", "type": 1}, {"data": {"macke_bug_chain_length": 0, "node_degree": [1, 3, 4], "macke_vulnerabilities_found": 0, "faulty": false, "distance_to_interface": 1, "clustering_coefficient": 0.5, "node_path_length": 1.0}, "id": "{png_create_info_struct}", "type": 0}, {"data": {"macke_bug_chain_length": 0, "node_degree": [1, 2, 3], "macke_vulnerabilities_found": 0, "faulty": false, "distance_to_interface": 1, "clustering_coefficient": 0.3333333333333333, "node_path_length": 1.0}, "id": "{png_error}", "type": 2}, {"data": {"macke_bug_chain_length": 1, "node_degree": [5, 1, 6], "macke_vulnerabilities_found": 1, "faulty": false, "distance_to_interface": 2, "clustering_coefficient": 0.2, "node_path_length": 1.2307692307692308}, "id": "{xfread}", "type": 4}, {"data": {"macke_bug_chain_length": 0, "node_degree": [1, 2, 3], "macke_vulnerabilities_found": 0, "faulty": false, "distance_to_interface": 1, "clustering_coefficient": 0.6666666666666666, "node_path_length": 1.0}, "id": "{fclose}", "type": 1}, {"data": {"macke_bug_chain_length": 0, "node_degree": [1, 2, 3], "macke_vulnerabilities_found": 0, "faulty": false, "distance_to_interface": 1, "clustering_coefficient": 0.0, "node_path_length": 1.0}, "id": "{png_read_update_info}", "type": 1}, {"data": {"macke_bug_chain_length": 0, "node_degree": [1, 2, 3], "macke_vulnerabilities_found": 0, "faulty": false, "distance_to_interface": 1, "clustering_coefficient": 0.0, "node_path_length": 1.0}, "id": "{png_read_info}", "type": 1}, {"id": "Node0x3356040", "type": 3}, {"data": {"macke_bug_chain_length": 0, "node_degree": [1, 2, 3], "macke_vulnerabilities_found": 0, "faulty": false, "distance_to_interface": 1, "clustering_coefficient": 0.6666666666666666, "node_path_length": 1.0}, "id": "{fseek}", "type": 0}, {"data": {"macke_bug_chain_length": 0, "node_degree": [1, 2, 3], "macke_vulnerabilities_found": 0, "faulty": false, "distance_to_interface": 1, "clustering_coefficient": 0.0, "node_path_length": 1.0}, "id": "{fread}", "type": 4}, {"data": {"macke_bug_chain_length": 0, "node_degree": [1, 2, 3], "macke_vulnerabilities_found": 0, "faulty": false, "distance_to_interface": 1, "clustering_coefficient": 0.6666666666666666, "node_path_length": 1.0}, "id": "{free}", "type": 4}, {"data": {"macke_bug_chain_length": 0, "node_degree": [1, 2, 3], "macke_vulnerabilities_found": 0, "faulty": false, "distance_to_interface": 1, "clustering_coefficient": 0.6666666666666666, "node_path_length": 1.0}, "id": "{png_write_end}", "type": 4}, {"data": {"macke_bug_chain_length": 0, "node_degree": [1, 2, 3], "macke_vulnerabilities_found": 0, "faulty": false, "distance_to_interface": 1, "clustering_coefficient": 0.0, "node_path_length": 1.0}, "id": "{png_get_image_width}", "type": 5}, {"data": {"macke_bug_chain_length": 0, "node_degree": [1, 2, 3], "macke_vulnerabilities_found": 0, "faulty": false, "distance_to_interface": 1, "clustering_coefficient": 0.0, "node_path_length": 1.0}, "id": "{png_get_color_type}", "type": 1}, {"data": {"macke_bug_chain_length": 0, "node_degree": [25, 1, 26], "macke_vulnerabilities_found": 0, "faulty": true, "distance_to_interface": 1, "clustering_coefficient": 0.1476923076923077, "node_path_length": 1.4093759853995376, "cvss3": {"vectorString": "AV:L/AC:L/PR:N/UI:R/S:U/C:N/I:N/A:H", "scope": "UNCHANGED", "userInteraction": "REQUIRED", "confidentialityImpact": "NONE", "attackVector": "LOCAL", "attackComplexity": "LOW", "privilegesRequired": "NONE", "availabilityImpact": "HIGH", "baseScore": 5.5, "integrityImpact": "NONE", "baseSeverity": "MEDIUM"}}, "id": "{extract_icons}", "type": 0}, {"data": {"macke_bug_chain_length": 0, "node_degree": [1, 2, 3], "macke_vulnerabilities_found": 0, "faulty": false, "distance_to_interface": 1, "clustering_coefficient": 0.0, "node_path_length": 1.0}, "id": "{png_set_read_fn}", "type": 1}, {"data": {"macke_bug_chain_length": 0, "node_degree": [40, 0, 40], "macke_vulnerabilities_found": 0, "faulty": false, "distance_to_interface": 999, "clustering_coefficient": 0.03076923076923077, "node_path_length": 0}, "id": "{external node}", "type": 1}, {"data": {"macke_bug_chain_length": 0, "node_degree": [1, 2, 3], "macke_vulnerabilities_found": 0, "faulty": false, "distance_to_interface": 1, "clustering_coefficient": 0.6666666666666666, "node_path_length": 1.0}, "id": "{fwrite}", "type": 1}, {"data": {"macke_bug_chain_length": 0, "node_degree": [1, 2, 3], "macke_vulnerabilities_found": 0, "faulty": false, "distance_to_interface": 1, "clustering_coefficient": 0.0, "node_path_length": 1.0}, "id": "{png_get_image_height}", "type": 3}, {"data": {"macke_bug_chain_length": 0, "node_degree": [1, 2, 3], "macke_vulnerabilities_found": 0, "faulty": false, "distance_to_interface": 1, "clustering_coefficient": 0.0, "node_path_length": 1.0}, "id": "{png_get_bit_depth}", "type": 1}, {"data": {"macke_bug_chain_length": 0, "node_degree": [1, 2, 3], "macke_vulnerabilities_found": 0, "faulty": false, "distance_to_interface": 1, "clustering_coefficient": 0.0, "node_path_length": 1.0}, "id": "{_setjmp}", "type": 3}, {"data": {"macke_bug_chain_length": 0, "node_degree": [1, 2, 3], "macke_vulnerabilities_found": 0, "faulty": false, "distance_to_interface": 1, "clustering_coefficient": 0.6666666666666666, "node_path_length": 1.0}, "id": "{png_write_row}", "type": 1}, {"data": {"macke_bug_chain_length": 0, "node_degree": [1, 2, 3], "macke_vulnerabilities_found": 0, "faulty": false, "distance_to_interface": 1, "clustering_coefficient": 0.6666666666666666, "node_path_length": 1.0}, "id": "{abs}", "type": 3}, {"data": {"macke_bug_chain_length": 0, "node_degree": [1, 2, 3], "macke_vulnerabilities_found": 0, "faulty": false, "distance_to_interface": 1, "clustering_coefficient": 0.6666666666666666, "node_path_length": 1.0}, "id": "{png_set_IHDR}", "type": 5}, {"data": {"macke_bug_chain_length": 1, "node_degree": [0, 1, 1], "macke_vulnerabilities_found": 1, "faulty": false, "distance_to_interface": 2, "clustering_coefficient": 0, "node_path_length": 0}, "id": "{simple_vec}", "type": 1}, {"data": {"macke_bug_chain_length": 0, "node_degree": [1, 2, 3], "macke_vulnerabilities_found": 0, "faulty": false, "distance_to_interface": 1, "clustering_coefficient": 0.6666666666666666, "node_path_length": 1.0}, "id": "{png_init_io}", "type": 0}, {"data": {"macke_bug_chain_length": 1, "node_degree": [3, 1, 4], "macke_vulnerabilities_found": 1, "faulty": false, "distance_to_interface": 1, "clustering_coefficient": 0.5, "node_path_length": 1.2}, "id": "{png_read_mem}", "type": 0}, {"data": {"macke_bug_chain_length": 0, "node_degree": [1, 4, 5], "macke_vulnerabilities_found": 0, "faulty": false, "distance_to_interface": 1, "clustering_coefficient": 0.4, "node_path_length": 0}, "id": "{warn}", "type": 3}, {"data": {"macke_bug_chain_length": 0, "node_degree": [1, 2, 3], "macke_vulnerabilities_found": 0, "faulty": false, "distance_to_interface": 1, "clustering_coefficient": 0.6666666666666666, "node_path_length": 1.0}, "id": "{png_write_info}", "type": 0}, {"data": {"macke_bug_chain_length": 0, "node_degree": [1, 2, 3], "macke_vulnerabilities_found": 0, "faulty": false, "distance_to_interface": 1, "clustering_coefficient": 0.3333333333333333, "node_path_length": 1.0}, "id": "{png_get_io_ptr}", "type": 3}, {"data": {"macke_bug_chain_length": 0, "node_degree": [1, 2, 3], "macke_vulnerabilities_found": 0, "faulty": false, "distance_to_interface": 1, "clustering_coefficient": 0.0, "node_path_length": 1.0}, "id": "{png_destroy_read_struct}", "type": 4}, {"data": {"macke_bug_chain_length": 0, "node_degree": [1, 2, 3], "macke_vulnerabilities_found": 0, "faulty": false, "distance_to_interface": 1, "clustering_coefficient": 0.6666666666666666, "node_path_length": 1.0}, "id": "{png_destroy_write_struct}", "type": 1}, {"data": {"macke_bug_chain_length": 0, "node_degree": [1, 2, 3], "macke_vulnerabilities_found": 0, "faulty": false, "distance_to_interface": 1, "clustering_coefficient": 0.6666666666666666, "node_path_length": 1.0}, "id": "{xmalloc}", "type": 5}, {"data": {"macke_bug_chain_length": 0, "node_degree": [1, 3, 4], "macke_vulnerabilities_found": 0, "faulty": false, "distance_to_interface": 1, "clustering_coefficient": 0.5, "node_path_length": 0}, "id": "{warn_errno}", "type": 2}, {"data": {"macke_bug_chain_length": 1, "node_degree": [14, 1, 15], "macke_vulnerabilities_found": 1, "faulty": false, "distance_to_interface": 2, "clustering_coefficient": 0.02857142857142857, "node_path_length": 1.18562874251497}, "id": "{read_png}", "type": 0}, {"data": {"macke_bug_chain_length": 0, "node_degree": [1, 2, 3], "macke_vulnerabilities_found": 0, "faulty": false, "distance_to_interface": 1, "clustering_coefficient": 0.6666666666666666, "node_path_length": 1.0}, "id": "{fskip}", "type": 0}, {"data": {"macke_bug_chain_length": 0, "node_degree": [1, 2, 3], "macke_vulnerabilities_found": 0, "faulty": false, "distance_to_interface": 1, "clustering_coefficient": 0.6666666666666666, "node_path_length": 1.0}, "id": "{printf}", "type": 3}, {"data": {"macke_bug_chain_length": 0, "node_degree": [0, 1, 1], "macke_vulnerabilities_found": 0, "faulty": false, "distance_to_interface": 1, "clustering_coefficient": 0, "node_path_length": 0}, "id": "{llvm.memcpy.p0i8.p0i8.i64}", "type": 4}], "links": [{"source": "{png_create_read_struct}", "target": "Node0x3356040", "type": 0}, {"source": "{png_get_channels}", "target": "Node0x3356040", "type": 1}, {"source": "{ferror}", "target": "Node0x3356040", "type": 3}, {"source": "{png_create_write_struct}", "target": "Node0x3356040", "type": 3}, {"source": "{gettext}", "target": "Node0x3356040", "type": 0}, {"source": "{restore_message_header}", "target": "Node0x3356040", "type": 0}, {"source": "{set_message_header}", "target": "Node0x3356040", "type": 2}, {"source": "{png_create_info_struct}", "target": "Node0x3356040", "type": 0}, {"source": "{png_error}", "target": "Node0x3356040", "type": 2}, {"source": "{xfread}", "target": "{ferror}", "type": 1}, {"source": "{xfread}", "target": "{fread}", "type": 3}, {"source": "{xfread}", "target": "{warn}", "type": 3}, {"source": "{xfread}", "target": "{gettext}", "type": 3}, {"source": "{xfread}", "target": "{gettext}", "type": 0}, {"source": "{xfread}", "target": "{warn_errno}", "type": 3}, {"source": "{fclose}", "target": "Node0x3356040", "type": 0}, {"source": "{png_read_update_info}", "target": "Node0x3356040", "type": 3}, {"source": "{png_read_info}", "target": "Node0x3356040", "type": 2}, {"source": "{fseek}", "target": "Node0x3356040", "type": 0}, {"source": "{fread}", "target": "Node0x3356040", "type": 0}, {"source": "{free}", "target": "Node0x3356040", "type": 2}, {"source": "{png_write_end}", "target": "Node0x3356040", "type": 2}, {"source": "{png_get_image_width}", "target": "Node0x3356040", "type": 1}, {"source": "{png_get_color_type}", "target": "Node0x3356040", "type": 3}, {"source": "{extract_icons}", "target": "{png_create_write_struct}", "type": 2}, {"source": "{extract_icons}", "target": "{gettext}", "type": 2}, {"source": "{extract_icons}", "target": "{gettext}", "type": 1}, {"source": "{extract_icons}", "target": "{gettext}", "type": 2}, {"source": "{extract_icons}", "target": "{gettext}", "type": 0}, {"source": "{extract_icons}", "target": "{gettext}", "type": 3}, {"source": "{extract_icons}", "target": "{gettext}", "type": 0}, {"source": "{extract_icons}", "target": "{gettext}", "type": 0}, {"source": "{extract_icons}", "target": "{gettext}", "type": 2}, {"source": "{extract_icons}", "target": "{gettext}", "type": 3}, {"source": "{extract_icons}", "target": "{gettext}", "type": 3}, {"source": "{extract_icons}", "target": "{gettext}", "type": 1}, {"source": "{extract_icons}", "target": "{gettext}", "type": 1}, {"source": "{extract_icons}", "target": "{gettext}", "type": 2}, {"source": "{extract_icons}", "target": "{gettext}", "type": 1}, {"source": "{extract_icons}", "target": "{gettext}", "type": 0}, {"source": "{extract_icons}", "target": "{gettext}", "type": 1}, {"source": "{extract_icons}", "target": "{gettext}", "type": 0}, {"source": "{extract_icons}", "target": "{gettext}", "type": 2}, {"source": "{extract_icons}", "target": "{gettext}", "type": 2}, {"source": "{extract_icons}", "target": "{gettext}", "type": 0}, {"source": "{extract_icons}", "target": "{gettext}", "type": 2}, {"source": "{extract_icons}", "target": "{gettext}", "type": 0}, {"source": "{extract_icons}", "target": "{gettext}", "type": 2}, {"source": "{extract_icons}", "target": "{restore_message_header}", "type": 0}, {"source": "{extract_icons}", "target": "{restore_message_header}", "type": 3}, {"source": "{extract_icons}", "target": "{restore_message_header}", "type": 0}, {"source": "{extract_icons}", "target": "{restore_message_header}", "type": 3}, {"source": "{extract_icons}", "target": "{restore_message_header}", "type": 1}, {"source": "{extract_icons}", "target": "{restore_message_header}", "type": 2}, {"source": "{extract_icons}", "target": "{set_message_header}", "type": 3}, {"source": "{extract_icons}", "target": "{set_message_header}", "type": 2}, {"source": "{extract_icons}", "target": "{set_message_header}", "type": 2}, {"source": "{extract_icons}", "target": "{set_message_header}", "type": 2}, {"source": "{extract_icons}", "target": "{set_message_header}", "type": 1}, {"source": "{extract_icons}", "target": "{png_create_info_struct}", "type": 1}, {"source": "{extract_icons}", "target": "{xfread}", "type": 0}, {"source": "{extract_icons}", "target": "{xfread}", "type": 1}, {"source": "{extract_icons}", "target": "{xfread}", "type": 2}, {"source": "{extract_icons}", "target": "{xfread}", "type": 0}, {"source": "{extract_icons}", "target": "{xfread}", "type": 0}, {"source": "{extract_icons}", "target": "{xfread}", "type": 2}, {"source": "{extract_icons}", "target": "{xfread}", "type": 1}, {"source": "{extract_icons}", "target": "{fclose}", "type": 0}, {"source": "{extract_icons}", "target": "{png_destroy_write_struct}", "type": 1}, {"source": "{extract_icons}", "target": "{fseek}", "type": 1}, {"source": "{extract_icons}", "target": "{free}", "type": 3}, {"source": "{extract_icons}", "target": "{free}", "type": 0}, {"source": "{extract_icons}", "target": "{free}", "type": 2}, {"source": "{extract_icons}", "target": "{free}", "type": 0}, {"source": "{extract_icons}", "target": "{free}", "type": 0}, {"source": "{extract_icons}", "target": "{free}", "type": 2}, {"source": "{extract_icons}", "target": "{free}", "type": 3}, {"source": "{extract_icons}", "target": "{png_write_end}", "type": 1}, {"source": "{extract_icons}", "target": "{fwrite}", "type": 2}, {"source": "{extract_icons}", "target": "{png_write_row}", "type": 3}, {"source": "{extract_icons}", "target": "{abs}", "type": 3}, {"source": "{extract_icons}", "target": "{png_set_IHDR}", "type": 2}, {"source": "{extract_icons}", "target": "{simple_vec}", "type": 1}, {"source": "{extract_icons}", "target": "{simple_vec}", "type": 2}, {"source": "{extract_icons}", "target": "{png_init_io}", "type": 3}, {"source": "{extract_icons}", "target": "{warn}", "type": 2}, {"source": "{extract_icons}", "target": "{warn}", "type": 2}, {"source": "{extract_icons}", "target": "{warn}", "type": 0}, {"source": "{extract_icons}", "target": "{warn}", "type": 2}, {"source": "{extract_icons}", "target": "{warn}", "type": 1}, {"source": "{extract_icons}", "target": "{warn}", "type": 1}, {"source": "{extract_icons}", "target": "{warn}", "type": 0}, {"source": "{extract_icons}", "target": "{warn}", "type": 2}, {"source": "{extract_icons}", "target": "{warn}", "type": 1}, {"source": "{extract_icons}", "target": "{warn}", "type": 1}, {"source": "{extract_icons}", "target": "{warn}", "type": 2}, {"source": "{extract_icons}", "target": "{warn}", "type": 0}, {"source": "{extract_icons}", "target": "{warn}", "type": 2}, {"source": "{extract_icons}", "target": "{warn}", "type": 2}, {"source": "{extract_icons}", "target": "{warn}", "type": 2}, {"source": "{extract_icons}", "target": "{warn}", "type": 2}, {"source": "{extract_icons}", "target": "{warn}", "type": 0}, {"source": "{extract_icons}", "target": "{png_write_info}", "type": 1}, {"source": "{extract_icons}", "target": "Node0x3356040", "type": 3}, {"source": "{extract_icons}", "target": "Node0x3356040", "type": 0}, {"source": "{extract_icons}", "target": "Node0x3356040", "type": 2}, {"source": "{extract_icons}", "target": "Node0x3356040", "type": 0}, {"source": "{extract_icons}", "target": "{xmalloc}", "type": 1}, {"source": "{extract_icons}", "target": "{xmalloc}", "type": 3}, {"source": "{extract_icons}", "target": "{xmalloc}", "type": 3}, {"source": "{extract_icons}", "target": "{xmalloc}", "type": 2}, {"source": "{extract_icons}", "target": "{xmalloc}", "type": 3}, {"source": "{extract_icons}", "target": "{xmalloc}", "type": 2}, {"source": "{extract_icons}", "target": "{warn_errno}", "type": 3}, {"source": "{extract_icons}", "target": "{warn_errno}", "type": 2}, {"source": "{extract_icons}", "target": "{warn_errno}", "type": 0}, {"source": "{extract_icons}", "target": "{read_png}", "type": 2}, {"source": "{extract_icons}", "target": "{fskip}", "type": 1}, {"source": "{extract_icons}", "target": "{fskip}", "type": 2}, {"source": "{extract_icons}", "target": "{printf}", "type": 2}, {"source": "{extract_icons}", "target": "{printf}", "type": 2}, {"source": "{extract_icons}", "target": "{printf}", "type": 0}, {"source": "{extract_icons}", "target": "{printf}", "type": 2}, {"source": "{extract_icons}", "target": "{printf}", "type": 0}, {"source": "{extract_icons}", "target": "{printf}", "type": 0}, {"source": "{png_set_read_fn}", "target": "Node0x3356040", "type": 3}, {"source": "{external node}", "target": "{png_create_read_struct}", "type": 2}, {"source": "{external node}", "target": "{llvm.dbg.declare}", "type": 2}, {"source": "{external node}", "target": "{png_get_channels}", "type": 1}, {"source": "{external node}", "target": "{ferror}", "type": 2}, {"source": "{external node}", "target": "{png_create_write_struct}", "type": 1}, {"source": "{external node}", "target": "{gettext}", "type": 3}, {"source": "{external node}", "target": "{restore_message_header}", "type": 1}, {"source": "{external node}", "target": "{set_message_header}", "type": 2}, {"source": "{external node}", "target": "{png_create_info_struct}", "type": 2}, {"source": "{external node}", "target": "{png_error}", "type": 0}, {"source": "{external node}", "target": "{fclose}", "type": 2}, {"source": "{external node}", "target": "{png_read_update_info}", "type": 0}, {"source": "{external node}", "target": "{png_read_info}", "type": 2}, {"source": "{external node}", "target": "{fseek}", "type": 1}, {"source": "{external node}", "target": "{fread}", "type": 0}, {"source": "{external node}", "target": "{free}", "type": 0}, {"source": "{external node}", "target": "{png_write_end}", "type": 0}, {"source": "{external node}", "target": "{png_get_image_width}", "type": 3}, {"source": "{external node}", "target": "{png_get_color_type}", "type": 2}, {"source": "{external node}", "target": "{extract_icons}", "type": 2}, {"source": "{external node}", "target": "{png_set_read_fn}", "type": 3}, {"source": "{external node}", "target": "{fwrite}", "type": 1}, {"source": "{external node}", "target": "{png_get_image_height}", "type": 2}, {"source": "{external node}", "target": "{png_get_bit_depth}", "type": 3}, {"source": "{external node}", "target": "{_setjmp}", "type": 2}, {"source": "{external node}", "target": "{png_write_row}", "type": 0}, {"source": "{external node}", "target": "{abs}", "type": 3}, {"source": "{external node}", "target": "{png_set_IHDR}", "type": 2}, {"source": "{external node}", "target": "{png_init_io}", "type": 1}, {"source": "{external node}", "target": "{png_read_mem}", "type": 0}, {"source": "{external node}", "target": "{warn}", "type": 0}, {"source": "{external node}", "target": "{png_write_info}", "type": 0}, {"source": "{external node}", "target": "{png_get_io_ptr}", "type": 2}, {"source": "{external node}", "target": "{png_destroy_read_struct}", "type": 3}, {"source": "{external node}", "target": "{png_destroy_write_struct}", "type": 2}, {"source": "{external node}", "target": "{xmalloc}", "type": 0}, {"source": "{external node}", "target": "{warn_errno}", "type": 0}, {"source": "{external node}", "target": "{fskip}", "type": 2}, {"source": "{external node}", "target": "{printf}", "type": 1}, {"source": "{external node}", "target": "{llvm.memcpy.p0i8.p0i8.i64}", "type": 3}, {"source": "{fwrite}", "target": "Node0x3356040", "type": 2}, {"source": "{png_get_image_height}", "target": "Node0x3356040", "type": 3}, {"source": "{png_get_bit_depth}", "target": "Node0x3356040", "type": 0}, {"source": "{_setjmp}", "target": "Node0x3356040", "type": 1}, {"source": "{png_write_row}", "target": "Node0x3356040", "type": 2}, {"source": "{abs}", "target": "Node0x3356040", "type": 2}, {"source": "{png_set_IHDR}", "target": "Node0x3356040", "type": 1}, {"source": "{png_init_io}", "target": "Node0x3356040", "type": 1}, {"source": "{png_read_mem}", "target": "{png_error}", "type": 3}, {"source": "{png_read_mem}", "target": "{gettext}", "type": 1}, {"source": "{png_read_mem}", "target": "{png_get_io_ptr}", "type": 1}, {"source": "{warn}", "target": "Node0x3356040", "type": 0}, {"source": "{png_write_info}", "target": "Node0x3356040", "type": 2}, {"source": "{png_get_io_ptr}", "target": "Node0x3356040", "type": 3}, {"source": "{png_destroy_read_struct}", "target": "Node0x3356040", "type": 0}, {"source": "{png_destroy_write_struct}", "target": "Node0x3356040", "type": 0}, {"source": "{xmalloc}", "target": "Node0x3356040", "type": 1}, {"source": "{warn_errno}", "target": "Node0x3356040", "type": 3}, {"source": "{read_png}", "target": "{png_create_read_struct}", "type": 3}, {"source": "{read_png}", "target": "{warn}", "type": 0}, {"source": "{read_png}", "target": "{warn}", "type": 3}, {"source": "{read_png}", "target": "{png_get_channels}", "type": 3}, {"source": "{read_png}", "target": "{png_get_image_width}", "type": 3}, {"source": "{read_png}", "target": "{png_destroy_read_struct}", "type": 1}, {"source": "{read_png}", "target": "{png_destroy_read_struct}", "type": 2}, {"source": "{read_png}", "target": "{png_get_bit_depth}", "type": 3}, {"source": "{read_png}", "target": "{png_get_bit_depth}", "type": 3}, {"source": "{read_png}", "target": "{_setjmp}", "type": 3}, {"source": "{read_png}", "target": "{png_get_image_height}", "type": 2}, {"source": "{read_png}", "target": "{gettext}", "type": 2}, {"source": "{read_png}", "target": "{gettext}", "type": 3}, {"source": "{read_png}", "target": "{png_create_info_struct}", "type": 2}, {"source": "{read_png}", "target": "{png_get_color_type}", "type": 0}, {"source": "{read_png}", "target": "{png_set_read_fn}", "type": 3}, {"source": "{read_png}", "target": "{png_read_update_info}", "type": 3}, {"source": "{read_png}", "target": "{png_read_info}", "type": 1}, {"source": "{fskip}", "target": "Node0x3356040", "type": 3}, {"source": "{printf}", "target": "Node0x3356040", "type": 3}]}