{"klee-out-1": {"bcfile": "/tmp/macke/2017-07-19-12-21-50/bitcode/symmains.bc", "folder": "/tmp/macke/2017-07-19-12-21-50/klee/klee-out-1", "function": "xfread", "phase": 1}, "klee-out-2": {"bcfile": "/tmp/macke/2017-07-19-12-21-50/bitcode/symmains.bc", "folder": "/tmp/macke/2017-07-19-12-21-50/klee/klee-out-2", "function": "read_png", "phase": 1}, "klee-out-3": {"bcfile": "/tmp/macke/2017-07-19-12-21-50/bitcode/symmains.bc", "folder": "/tmp/macke/2017-07-19-12-21-50/klee/klee-out-3", "function": "simple_vec", "phase": 1}, "klee-out-4": {"bcfile": "/tmp/macke/2017-07-19-12-21-50/bitcode/symmains.bc", "folder": "/tmp/macke/2017-07-19-12-21-50/klee/klee-out-4", "function": "png_read_mem", "phase": 1}}