{"klee-out-1": {"bcfile": "/tmp/macke/2017-07-19-15-31-45/bitcode/symmains.bc", "folder": "/tmp/macke/2017-07-19-15-31-45/klee/klee-out-1", "function": "bsdtar_expand_char", "phase": 1}, "klee-out-2": {"bcfile": "/tmp/macke/2017-07-19-15-31-45/bitcode/symmains.bc", "folder": "/tmp/macke/2017-07-19-15-31-45/klee/klee-out-2", "function": "safe_fprintf", "phase": 1}, "klee-out-3": {"bcfile": "/tmp/macke/2017-07-19-15-31-45/bitcode/symmains.bc", "folder": "/tmp/macke/2017-07-19-15-31-45/klee/klee-out-3", "function": "yes", "phase": 1}, "klee-out-4": {"bcfile": "/tmp/macke/2017-07-19-15-31-45/bitcode/symmains.bc", "folder": "/tmp/macke/2017-07-19-15-31-45/klee/klee-out-4", "function": "set_chdir", "phase": 1}, "klee-out-5": {"bcfile": "/tmp/macke/2017-07-19-15-31-45/bitcode/symmains.bc", "folder": "/tmp/macke/2017-07-19-15-31-45/klee/klee-out-5", "function": "do_chdir", "phase": 1}, "klee-out-6": {"bcfile": "/tmp/macke/2017-07-19-15-31-45/bitcode/symmains.bc", "folder": "/tmp/macke/2017-07-19-15-31-45/klee/klee-out-6", "function": "strip_components", "phase": 1}, "klee-out-7": {"bcfile": "/tmp/macke/2017-07-19-15-31-45/bitcode/symmains.bc", "folder": "/tmp/macke/2017-07-19-15-31-45/klee/klee-out-7", "function": "warn_strip_drive_letter", "phase": 1}, "klee-out-8": {"bcfile": "/tmp/macke/2017-07-19-15-31-45/bitcode/symmains.bc", "folder": "/tmp/macke/2017-07-19-15-31-45/klee/klee-out-8", "function": "warn_strip_leading_char", "phase": 1}, "klee-out-9": {"bcfile": "/tmp/macke/2017-07-19-15-31-45/bitcode/symmains.bc", "folder": "/tmp/macke/2017-07-19-15-31-45/klee/klee-out-9", "function": "strip_absolute_path", "phase": 1}, "klee-out-10": {"bcfile": "/tmp/macke/2017-07-19-15-31-45/bitcode/symmains.bc", "folder": "/tmp/macke/2017-07-19-15-31-45/klee/klee-out-10", "function": "edit_pathname", "phase": 1}, "klee-out-11": {"bcfile": "/tmp/macke/2017-07-19-15-31-45/bitcode/symmains.bc", "folder": "/tmp/macke/2017-07-19-15-31-45/klee/klee-out-11", "function": "tar_i64toa", "phase": 1}, "klee-out-12": {"bcfile": "/tmp/macke/2017-07-19-15-31-45/bitcode/symmains.bc", "folder": "/tmp/macke/2017-07-19-15-31-45/klee/klee-out-12", "function": "pathcmp", "phase": 1}, "klee-out-13": {"bcfile": "/tmp/macke/2017-07-19-15-31-45/bitcode/symmains.bc", "folder": "/tmp/macke/2017-07-19-15-31-45/klee/klee-out-13", "function": "passphrase_callback", "phase": 1}, "klee-out-14": {"bcfile": "/tmp/macke/2017-07-19-15-31-45/bitcode/symmains.bc", "folder": "/tmp/macke/2017-07-19-15-31-45/klee/klee-out-14", "function": "passphrase_free", "phase": 1}, "klee-out-15": {"bcfile": "/tmp/macke/2017-07-19-15-31-45/bitcode/symmains.bc", "folder": "/tmp/macke/2017-07-19-15-31-45/klee/klee-out-15", "function": "list_item_verbose", "phase": 1}, "klee-out-16": {"bcfile": "/tmp/macke/2017-07-19-15-31-45/bitcode/chain-safe_fprintf-bsdtar_expand_char.bc", "callee": "bsdtar_expand_char", "caller": "safe_fprintf", "folder": "/tmp/macke/2017-07-19-15-31-45/klee/klee-out-16", "phase": 2}, "klee-out-17": {"bcfile": "/tmp/macke/2017-07-19-15-31-45/bitcode/chain-list_item_verbose-safe_fprintf.bc", "callee": "safe_fprintf", "caller": "list_item_verbose", "folder": "/tmp/macke/2017-07-19-15-31-45/klee/klee-out-17", "phase": 2}, "klee-out-18": {"bcfile": "/tmp/macke/2017-07-19-15-31-45/bitcode/chain-edit_pathname-strip_absolute_path.bc", "callee": "strip_absolute_path", "caller": "edit_pathname", "folder": "/tmp/macke/2017-07-19-15-31-45/klee/klee-out-18", "phase": 2}}