{"links": [{"source": "{archive_entry_gid}", "target": "Node0x16df6b0", "type": 1}, {"source": "{safe_fprintf}", "target": "{mbtowc}", "type": 3}, {"source": "{safe_fprintf}", "target": "{mbtowc}", "type": 3}, {"source": "{safe_fprintf}", "target": "{iswprint}", "type": 3}, {"source": "{safe_fprintf}", "target": "{vsnprintf}", "type": 0}, {"source": "{safe_fprintf}", "target": "{vsnprintf}", "type": 2}, {"source": "{safe_fprintf}", "target": "{bsdtar_expand_char}", "type": 1}, {"source": "{safe_fprintf}", "target": "{bsdtar_expand_char}", "type": 2}, {"source": "{safe_fprintf}", "target": "{malloc}", "type": 1}, {"source": "{safe_fprintf}", "target": "{fprintf}", "type": 1}, {"source": "{safe_fprintf}", "target": "{fprintf}", "type": 3}, {"source": "{safe_fprintf}", "target": "{free}", "type": 3}, {"source": "{safe_fprintf}", "target": "{free}", "type": 1}, {"source": "{safe_fprintf}", "target": "{free}", "type": 1}, {"source": "{archive_entry_copy_pathname}", "target": "Node0x16df6b0", "type": 2}, {"source": "{archive_entry_rdevminor}", "target": "Node0x16df6b0", "type": 2}, {"source": "{sprintf}", "target": "Node0x16df6b0", "type": 1}, {"source": "{bsdtar_expand_char}", "target": "{sprintf}", "type": 1}, {"source": "{bsdtar_expand_char}", "target": "{__ctype_b_loc}", "type": 2}, {"source": "{archive_entry_copy_hardlink}", "target": "Node0x16df6b0", "type": 2}, {"source": "{do_chdir}", "target": "{lafe_errc}", "type": 3}, {"source": "{do_chdir}", "target": "{chdir}", "type": 3}, {"source": "{do_chdir}", "target": "{free}", "type": 0}, {"source": "{edit_pathname}", "target": "{strip_components}", "type": 1}, {"source": "{edit_pathname}", "target": "{strip_components}", "type": 1}, {"source": "{edit_pathname}", "target": "{archive_entry_copy_symlink}", "type": 2}, {"source": "{edit_pathname}", "target": "{archive_entry_pathname}", "type": 2}, {"source": "{edit_pathname}", "target": "{archive_entry_pathname}", "type": 0}, {"source": "{edit_pathname}", "target": "{archive_entry_copy_pathname}", "type": 0}, {"source": "{edit_pathname}", "target": "{archive_entry_copy_pathname}", "type": 2}, {"source": "{edit_pathname}", "target": "{archive_entry_copy_hardlink}", "type": 2}, {"source": "{edit_pathname}", "target": "{archive_entry_copy_hardlink}", "type": 2}, {"source": "{edit_pathname}", "target": "{archive_entry_hardlink}", "type": 2}, {"source": "{edit_pathname}", "target": "{archive_entry_hardlink}", "type": 3}, {"source": "{edit_pathname}", "target": "{strip_absolute_path}", "type": 2}, {"source": "{edit_pathname}", "target": "{strip_absolute_path}", "type": 0}, {"source": "{edit_pathname}", "target": "{archive_entry_symlink}", "type": 3}, {"source": "{edit_pathname}", "target": "{archive_entry_symlink}", "type": 1}, {"source": "{edit_pathname}", "target": "{free}", "type": 2}, {"source": "{edit_pathname}", "target": "{free}", "type": 0}, {"source": "{edit_pathname}", "target": "{free}", "type": 1}, {"source": "{edit_pathname}", "target": "{free}", "type": 3}, {"source": "{edit_pathname}", "target": "{lafe_warnc}", "type": 0}, {"source": "{edit_pathname}", "target": "{lafe_warnc}", "type": 2}, {"source": "{edit_pathname}", "target": "{lafe_warnc}", "type": 2}, {"source": "{edit_pathname}", "target": "{apply_substitution}", "type": 1}, {"source": "{edit_pathname}", "target": "{apply_substitution}", "type": 0}, {"source": "{edit_pathname}", "target": "{apply_substitution}", "type": 1}, {"source": "{list_item_verbose}", "target": "{archive_entry_gid}", "type": 3}, {"source": "{list_item_verbose}", "target": "{safe_fprintf}", "type": 1}, {"source": "{list_item_verbose}", "target": "{safe_fprintf}", "type": 0}, {"source": "{list_item_verbose}", "target": "{safe_fprintf}", "type": 3}, {"source": "{list_item_verbose}", "target": "{archive_entry_gname}", "type": 2}, {"source": "{list_item_verbose}", "target": "{archive_entry_symlink}", "type": 3}, {"source": "{list_item_verbose}", "target": "{archive_entry_symlink}", "type": 0}, {"source": "{list_item_verbose}", "target": "{localtime}", "type": 1}, {"source": "{list_item_verbose}", "target": "{archive_entry_uname}", "type": 0}, {"source": "{list_item_verbose}", "target": "{archive_entry_mtime}", "type": 0}, {"source": "{list_item_verbose}", "target": "{archive_entry_pathname}", "type": 0}, {"source": "{list_item_verbose}", "target": "{archive_entry_size}", "type": 1}, {"source": "{list_item_verbose}", "target": "{time}", "type": 1}, {"source": "{list_item_verbose}", "target": "{fprintf}", "type": 1}, {"source": "{list_item_verbose}", "target": "{fprintf}", "type": 1}, {"source": "{list_item_verbose}", "target": "{fprintf}", "type": 2}, {"source": "{list_item_verbose}", "target": "{fprintf}", "type": 0}, {"source": "{list_item_verbose}", "target": "{fprintf}", "type": 0}, {"source": "{list_item_verbose}", "target": "{fprintf}", "type": 1}, {"source": "{list_item_verbose}", "target": "{sprintf}", "type": 0}, {"source": "{list_item_verbose}", "target": "{sprintf}", "type": 0}, {"source": "{list_item_verbose}", "target": "{sprintf}", "type": 2}, {"source": "{list_item_verbose}", "target": "{archive_entry_rdevmajor}", "type": 1}, {"source": "{list_item_verbose}", "target": "{tar_i64toa}", "type": 0}, {"source": "{list_item_verbose}", "target": "{strlen}", "type": 3}, {"source": "{list_item_verbose}", "target": "{strlen}", "type": 0}, {"source": "{list_item_verbose}", "target": "{strlen}", "type": 3}, {"source": "{list_item_verbose}", "target": "{strlen}", "type": 3}, {"source": "{list_item_verbose}", "target": "{strlen}", "type": 0}, {"source": "{list_item_verbose}", "target": "{archive_entry_filetype}", "type": 1}, {"source": "{list_item_verbose}", "target": "{archive_entry_filetype}", "type": 1}, {"source": "{list_item_verbose}", "target": "{archive_entry_strmode}", "type": 3}, {"source": "{list_item_verbose}", "target": "{archive_entry_rdevminor}", "type": 1}, {"source": "{list_item_verbose}", "target": "{archive_entry_nlink}", "type": 0}, {"source": "{list_item_verbose}", "target": "{archive_entry_uid}", "type": 0}, {"source": "{list_item_verbose}", "target": "{archive_entry_hardlink}", "type": 3}, {"source": "{list_item_verbose}", "target": "{archive_entry_hardlink}", "type": 2}, {"source": "{list_item_verbose}", "target": "{strftime}", "type": 3}, {"source": "{list_item_verbose}", "target": "{strcpy}", "type": 3}, {"source": "{archive_entry_gname}", "target": "Node0x16df6b0", "type": 1}, {"source": "{warn_strip_leading_char}", "target": "{lafe_warnc}", "type": 1}, {"source": "{archive_entry_uname}", "target": "Node0x16df6b0", "type": 0}, {"source": "{read}", "target": "Node0x16df6b0", "type": 2}, {"source": "{apply_substitution}", "target": "Node0x16df6b0", "type": 0}, {"source": "{mbtowc}", "target": "Node0x16df6b0", "type": 0}, {"source": "{strftime}", "target": "Node0x16df6b0", "type": 2}, {"source": "{vsnprintf}", "target": "Node0x16df6b0", "type": 2}, {"source": "{__errno_location}", "target": "Node0x16df6b0", "type": 3}, {"source": "{exit}", "target": "Node0x16df6b0", "type": 0}, {"source": "{archive_entry_size}", "target": "Node0x16df6b0", "type": 2}, {"source": "{fflush}", "target": "Node0x16df6b0", "type": 2}, {"source": "{archive_entry_nlink}", "target": "Node0x16df6b0", "type": 1}, {"source": "{passphrase_callback}", "target": "{lafe_errc}", "type": 0}, {"source": "{passphrase_callback}", "target": "{malloc}", "type": 1}, {"source": "{passphrase_callback}", "target": "{lafe_readpassphrase}", "type": 1}, {"source": "{passphrase_callback}", "target": "{__errno_location}", "type": 2}, {"source": "{time}", "target": "Node0x16df6b0", "type": 0}, {"source": "{fprintf}", "target": "Node0x16df6b0", "type": 2}, {"source": "{set_chdir}", "target": "{sprintf}", "type": 3}, {"source": "{set_chdir}", "target": "{malloc}", "type": 1}, {"source": "{set_chdir}", "target": "{strlen}", "type": 0}, {"source": "{set_chdir}", "target": "{strlen}", "type": 0}, {"source": "{set_chdir}", "target": "{__errno_location}", "type": 0}, {"source": "{set_chdir}", "target": "{lafe_errc}", "type": 0}, {"source": "{set_chdir}", "target": "{strdup}", "type": 2}, {"source": "{set_chdir}", "target": "{free}", "type": 0}, {"source": "{set_chdir}", "target": "{free}", "type": 2}, {"source": "{archive_entry_rdevmajor}", "target": "Node0x16df6b0", "type": 2}, {"source": "{malloc}", "target": "Node0x16df6b0", "type": 1}, {"source": "{iswprint}", "target": "Node0x16df6b0", "type": 2}, {"source": "{strlen}", "target": "Node0x16df6b0", "type": 2}, {"source": "{passphrase_free}", "target": "{free}", "type": 0}, {"source": "{archive_entry_filetype}", "target": "Node0x16df6b0", "type": 2}, {"source": "{strcpy}", "target": "Node0x16df6b0", "type": 3}, {"source": "{archive_entry_mtime}", "target": "Node0x16df6b0", "type": 2}, {"source": "{archive_entry_strmode}", "target": "Node0x16df6b0", "type": 3}, {"source": "{lafe_readpassphrase}", "target": "Node0x16df6b0", "type": 0}, {"source": "{archive_entry_symlink}", "target": "Node0x16df6b0", "type": 0}, {"source": "{archive_entry_copy_symlink}", "target": "Node0x16df6b0", "type": 0}, {"source": "{strip_absolute_path}", "target": "{warn_strip_leading_char}", "type": 0}, {"source": "{strip_absolute_path}", "target": "{warn_strip_drive_letter}", "type": 1}, {"source": "{strip_absolute_path}", "target": "{warn_strip_drive_letter}", "type": 1}, {"source": "{free}", "target": "Node0x16df6b0", "type": 2}, {"source": "{vfprintf}", "target": "Node0x16df6b0", "type": 3}, {"source": "{archive_entry_uid}", "target": "Node0x16df6b0", "type": 3}, {"source": "{__ctype_b_loc}", "target": "Node0x16df6b0", "type": 0}, {"source": "{localtime}", "target": "Node0x16df6b0", "type": 2}, {"source": "{archive_entry_hardlink}", "target": "Node0x16df6b0", "type": 1}, {"source": "{lafe_errc}", "target": "Node0x16df6b0", "type": 1}, {"source": "{chdir}", "target": "Node0x16df6b0", "type": 0}, {"source": "{warn_strip_drive_letter}", "target": "{lafe_warnc}", "type": 0}, {"source": "{yes}", "target": "{vfprintf}", "type": 1}, {"source": "{yes}", "target": "{__ctype_b_loc}", "type": 1}, {"source": "{yes}", "target": "{exit}", "type": 1}, {"source": "{yes}", "target": "{fflush}", "type": 0}, {"source": "{yes}", "target": "{read}", "type": 2}, {"source": "{yes}", "target": "{fprintf}", "type": 3}, {"source": "{yes}", "target": "{fprintf}", "type": 2}, {"source": "{external node}", "target": "{archive_entry_gid}", "type": 0}, {"source": "{external node}", "target": "{safe_fprintf}", "type": 1}, {"source": "{external node}", "target": "{archive_entry_copy_pathname}", "type": 2}, {"source": "{external node}", "target": "{archive_entry_rdevminor}", "type": 3}, {"source": "{external node}", "target": "{pathcmp}", "type": 2}, {"source": "{external node}", "target": "{sprintf}", "type": 3}, {"source": "{external node}", "target": "{archive_entry_copy_hardlink}", "type": 3}, {"source": "{external node}", "target": "{do_chdir}", "type": 1}, {"source": "{external node}", "target": "{edit_pathname}", "type": 0}, {"source": "{external node}", "target": "{list_item_verbose}", "type": 3}, {"source": "{external node}", "target": "{archive_entry_gname}", "type": 3}, {"source": "{external node}", "target": "{archive_entry_uname}", "type": 0}, {"source": "{external node}", "target": "{read}", "type": 2}, {"source": "{external node}", "target": "{apply_substitution}", "type": 1}, {"source": "{external node}", "target": "{mbtowc}", "type": 2}, {"source": "{external node}", "target": "{strftime}", "type": 2}, {"source": "{external node}", "target": "{vsnprintf}", "type": 0}, {"source": "{external node}", "target": "{__errno_location}", "type": 3}, {"source": "{external node}", "target": "{llvm.va_end}", "type": 3}, {"source": "{external node}", "target": "{exit}", "type": 0}, {"source": "{external node}", "target": "{archive_entry_size}", "type": 3}, {"source": "{external node}", "target": "{fflush}", "type": 0}, {"source": "{external node}", "target": "{archive_entry_nlink}", "type": 3}, {"source": "{external node}", "target": "{passphrase_callback}", "type": 1}, {"source": "{external node}", "target": "{time}", "type": 1}, {"source": "{external node}", "target": "{llvm.memset.p0i8.i64}", "type": 1}, {"source": "{external node}", "target": "{fprintf}", "type": 2}, {"source": "{external node}", "target": "{set_chdir}", "type": 1}, {"source": "{external node}", "target": "{archive_entry_rdevmajor}", "type": 0}, {"source": "{external node}", "target": "{malloc}", "type": 0}, {"source": "{external node}", "target": "{iswprint}", "type": 0}, {"source": "{external node}", "target": "{tar_i64toa}", "type": 1}, {"source": "{external node}", "target": "{strlen}", "type": 3}, {"source": "{external node}", "target": "{passphrase_free}", "type": 1}, {"source": "{external node}", "target": "{archive_entry_filetype}", "type": 1}, {"source": "{external node}", "target": "{strcpy}", "type": 1}, {"source": "{external node}", "target": "{archive_entry_mtime}", "type": 2}, {"source": "{external node}", "target": "{archive_entry_strmode}", "type": 3}, {"source": "{external node}", "target": "{lafe_readpassphrase}", "type": 1}, {"source": "{external node}", "target": "{archive_entry_symlink}", "type": 3}, {"source": "{external node}", "target": "{archive_entry_copy_symlink}", "type": 2}, {"source": "{external node}", "target": "{free}", "type": 0}, {"source": "{external node}", "target": "{vfprintf}", "type": 2}, {"source": "{external node}", "target": "{archive_entry_uid}", "type": 1}, {"source": "{external node}", "target": "{__ctype_b_loc}", "type": 0}, {"source": "{external node}", "target": "{localtime}", "type": 3}, {"source": "{external node}", "target": "{archive_entry_hardlink}", "type": 0}, {"source": "{external node}", "target": "{lafe_errc}", "type": 3}, {"source": "{external node}", "target": "{chdir}", "type": 3}, {"source": "{external node}", "target": "{llvm.dbg.declare}", "type": 3}, {"source": "{external node}", "target": "{yes}", "type": 0}, {"source": "{external node}", "target": "{llvm.va_start}", "type": 0}, {"source": "{external node}", "target": "{lafe_warnc}", "type": 3}, {"source": "{external node}", "target": "{archive_entry_pathname}", "type": 2}, {"source": "{external node}", "target": "{strdup}", "type": 1}, {"source": "{lafe_warnc}", "target": "Node0x16df6b0", "type": 1}, {"source": "{archive_entry_pathname}", "target": "Node0x16df6b0", "type": 1}, {"source": "{strdup}", "target": "Node0x16df6b0", "type": 2}], "nodes": [{"data": {"macke_vulnerabilities_found": 0, "macke_bug_chain_length": 0, "clustering_coefficient": 0.3333333333333333, "node_degree": [1, 2, 3], "faulty": false, "node_path_length": 1.0, "distance_to_interface": 1}, "id": "{archive_entry_gid}", "type": 2}, {"data": {"macke_vulnerabilities_found": 1, "macke_bug_chain_length": 1, "clustering_coefficient": 0.2222222222222222, "cvss3": {"userInteraction": "NONE", "attackVector": "NETWORK", "baseSeverity": "HIGH", "privilegesRequired": "NONE", "confidentialityImpact": "NONE", "vectorString": "AV:N/AC:L/PR:N/UI:N/S:U/C:N/I:N/A:H", "integrityImpact": "NONE", "scope": "UNCHANGED", "attackComplexity": "LOW", "availabilityImpact": "HIGH", "baseScore": 7.5}, "node_degree": [7, 2, 9], "faulty": true, "node_path_length": 2.077170418006431, "distance_to_interface": 1}, "id": "{safe_fprintf}", "type": 4}, {"data": {"macke_vulnerabilities_found": 0, "macke_bug_chain_length": 0, "clustering_coefficient": 0.3333333333333333, "node_degree": [1, 2, 3], "faulty": false, "node_path_length": 1.0, "distance_to_interface": 1}, "id": "{archive_entry_copy_pathname}", "type": 2}, {"data": {"macke_vulnerabilities_found": 0, "macke_bug_chain_length": 0, "clustering_coefficient": 0.3333333333333333, "node_degree": [1, 2, 3], "faulty": false, "node_path_length": 1.0, "distance_to_interface": 1}, "id": "{archive_entry_rdevminor}", "type": 5}, {"data": {"macke_vulnerabilities_found": 1, "macke_bug_chain_length": 1, "clustering_coefficient": 0, "node_degree": [0, 1, 1], "faulty": false, "node_path_length": 0, "distance_to_interface": 1}, "id": "{pathcmp}", "type": 2}, {"data": {"macke_vulnerabilities_found": 0, "macke_bug_chain_length": 0, "clustering_coefficient": 0.2, "node_degree": [1, 4, 5], "faulty": false, "node_path_length": 0, "distance_to_interface": 1}, "id": "{sprintf}", "type": 1}, {"data": {"macke_vulnerabilities_found": 1, "macke_bug_chain_length": 1, "clustering_coefficient": 0.0, "node_degree": [2, 1, 3], "faulty": false, "node_path_length": 2.0, "distance_to_interface": 2}, "id": "{bsdtar_expand_char}", "type": 4}, {"data": {"macke_vulnerabilities_found": 0, "macke_bug_chain_length": 0, "clustering_coefficient": 0.3333333333333333, "node_degree": [1, 2, 3], "faulty": false, "node_path_length": 1.0, "distance_to_interface": 1}, "id": "{archive_entry_copy_hardlink}", "type": 0}, {"data": {"macke_vulnerabilities_found": 1, "macke_bug_chain_length": 1, "clustering_coefficient": 0.5, "node_degree": [3, 1, 4], "faulty": false, "node_path_length": 1.75, "distance_to_interface": 1}, "id": "{do_chdir}", "type": 0}, {"data": {"macke_vulnerabilities_found": 1, "macke_bug_chain_length": 1, "clustering_coefficient": 0.13636363636363635, "node_degree": [11, 1, 12], "faulty": false, "node_path_length": 1.4192377495462796, "distance_to_interface": 1}, "id": "{edit_pathname}", "type": 5}, {"data": {"macke_vulnerabilities_found": 1, "macke_bug_chain_length": 2, "clustering_coefficient": 0.08695652173913043, "node_degree": [23, 1, 24], "faulty": false, "node_path_length": 1.277550951259593, "distance_to_interface": 1}, "id": "{list_item_verbose}", "type": 5}, {"data": {"macke_vulnerabilities_found": 0, "macke_bug_chain_length": 0, "clustering_coefficient": 0.3333333333333333, "node_degree": [1, 2, 3], "faulty": false, "node_path_length": 1.0, "distance_to_interface": 1}, "id": "{archive_entry_gname}", "type": 2}, {"data": {"macke_vulnerabilities_found": 1, "macke_bug_chain_length": 1, "clustering_coefficient": 0.0, "node_degree": [1, 1, 2], "faulty": false, "node_path_length": 2.0, "distance_to_interface": 3}, "id": "{warn_strip_leading_char}", "type": 4}, {"data": {"macke_vulnerabilities_found": 0, "macke_bug_chain_length": 0, "clustering_coefficient": 0.3333333333333333, "node_degree": [1, 2, 3], "faulty": false, "node_path_length": 1.0, "distance_to_interface": 1}, "id": "{archive_entry_uname}", "type": 0}, {"id": "Node0x16df6b0", "type": 3}, {"data": {"macke_vulnerabilities_found": 0, "macke_bug_chain_length": 0, "clustering_coefficient": 0.3333333333333333, "node_degree": [1, 2, 3], "faulty": false, "node_path_length": 1.0, "distance_to_interface": 1}, "id": "{read}", "type": 1}, {"data": {"macke_vulnerabilities_found": 0, "macke_bug_chain_length": 0, "clustering_coefficient": 0.3333333333333333, "node_degree": [1, 2, 3], "faulty": false, "node_path_length": 1.0, "distance_to_interface": 1}, "id": "{apply_substitution}", "type": 2}, {"data": {"macke_vulnerabilities_found": 0, "macke_bug_chain_length": 0, "clustering_coefficient": 0.3333333333333333, "node_degree": [1, 2, 3], "faulty": false, "node_path_length": 1.0, "distance_to_interface": 1}, "id": "{mbtowc}", "type": 1}, {"data": {"macke_vulnerabilities_found": 0, "macke_bug_chain_length": 0, "clustering_coefficient": 0.3333333333333333, "node_degree": [1, 2, 3], "faulty": false, "node_path_length": 1.0, "distance_to_interface": 1}, "id": "{strftime}", "type": 0}, {"data": {"macke_vulnerabilities_found": 0, "macke_bug_chain_length": 0, "clustering_coefficient": 0.3333333333333333, "node_degree": [1, 2, 3], "faulty": false, "node_path_length": 1.0, "distance_to_interface": 1}, "id": "{vsnprintf}", "type": 0}, {"data": {"macke_vulnerabilities_found": 0, "macke_bug_chain_length": 0, "clustering_coefficient": 0.3333333333333333, "node_degree": [1, 3, 4], "faulty": false, "node_path_length": 1.0, "distance_to_interface": 1}, "id": "{__errno_location}", "type": 5}, {"data": {"macke_vulnerabilities_found": 0, "macke_bug_chain_length": 0, "clustering_coefficient": 0, "node_degree": [0, 1, 1], "faulty": false, "node_path_length": 0, "distance_to_interface": 1}, "id": "{llvm.va_end}", "type": 0}, {"data": {"macke_vulnerabilities_found": 0, "macke_bug_chain_length": 0, "clustering_coefficient": 0.3333333333333333, "node_degree": [1, 2, 3], "faulty": false, "node_path_length": 1.0, "distance_to_interface": 1}, "id": "{exit}", "type": 5}, {"data": {"macke_vulnerabilities_found": 0, "macke_bug_chain_length": 0, "clustering_coefficient": 0.3333333333333333, "node_degree": [1, 2, 3], "faulty": false, "node_path_length": 1.0, "distance_to_interface": 1}, "id": "{archive_entry_size}", "type": 5}, {"data": {"macke_vulnerabilities_found": 0, "macke_bug_chain_length": 0, "clustering_coefficient": 0.3333333333333333, "node_degree": [1, 2, 3], "faulty": false, "node_path_length": 1.0, "distance_to_interface": 1}, "id": "{fflush}", "type": 1}, {"data": {"macke_vulnerabilities_found": 0, "macke_bug_chain_length": 0, "clustering_coefficient": 0.3333333333333333, "node_degree": [1, 2, 3], "faulty": false, "node_path_length": 1.0, "distance_to_interface": 1}, "id": "{archive_entry_nlink}", "type": 2}, {"data": {"macke_vulnerabilities_found": 1, "macke_bug_chain_length": 1, "clustering_coefficient": 0.4, "node_degree": [4, 1, 5], "faulty": false, "node_path_length": 1.1666666666666667, "distance_to_interface": 1}, "id": "{passphrase_callback}", "type": 2}, {"data": {"macke_vulnerabilities_found": 0, "macke_bug_chain_length": 0, "clustering_coefficient": 0.3333333333333333, "node_degree": [1, 2, 3], "faulty": false, "node_path_length": 1.0, "distance_to_interface": 1}, "id": "{time}", "type": 1}, {"data": {"macke_vulnerabilities_found": 0, "macke_bug_chain_length": 0, "clustering_coefficient": 0, "node_degree": [0, 1, 1], "faulty": false, "node_path_length": 0, "distance_to_interface": 1}, "id": "{llvm.memset.p0i8.i64}", "type": 1}, {"data": {"macke_vulnerabilities_found": 0, "macke_bug_chain_length": 0, "clustering_coefficient": 0.4, "node_degree": [1, 4, 5], "faulty": false, "node_path_length": 1.0, "distance_to_interface": 1}, "id": "{fprintf}", "type": 2}, {"data": {"macke_vulnerabilities_found": 1, "macke_bug_chain_length": 1, "clustering_coefficient": 0.25, "node_degree": [7, 1, 8], "faulty": false, "node_path_length": 1.0833333333333333, "distance_to_interface": 1}, "id": "{set_chdir}", "type": 5}, {"data": {"macke_vulnerabilities_found": 0, "macke_bug_chain_length": 0, "clustering_coefficient": 0.3333333333333333, "node_degree": [1, 2, 3], "faulty": false, "node_path_length": 1.0, "distance_to_interface": 1}, "id": "{archive_entry_rdevmajor}", "type": 0}, {"data": {"macke_vulnerabilities_found": 0, "macke_bug_chain_length": 0, "clustering_coefficient": 0.3, "node_degree": [1, 4, 5], "faulty": false, "node_path_length": 1.0, "distance_to_interface": 1}, "id": "{malloc}", "type": 5}, {"data": {"macke_vulnerabilities_found": 0, "macke_bug_chain_length": 0, "clustering_coefficient": 0.3333333333333333, "node_degree": [1, 2, 3], "faulty": false, "node_path_length": 1.0, "distance_to_interface": 1}, "id": "{iswprint}", "type": 0}, {"data": {"macke_vulnerabilities_found": 1, "macke_bug_chain_length": 1, "clustering_coefficient": 1.0, "node_degree": [0, 2, 2], "faulty": false, "node_path_length": 0, "distance_to_interface": 1}, "id": "{tar_i64toa}", "type": 4}, {"data": {"macke_vulnerabilities_found": 0, "macke_bug_chain_length": 0, "clustering_coefficient": 0.3333333333333333, "node_degree": [1, 3, 4], "faulty": false, "node_path_length": 1.0, "distance_to_interface": 1}, "id": "{strlen}", "type": 5}, {"data": {"macke_vulnerabilities_found": 1, "macke_bug_chain_length": 1, "clustering_coefficient": 1.0, "node_degree": [1, 1, 2], "faulty": false, "node_path_length": 1.0, "distance_to_interface": 1}, "id": "{passphrase_free}", "type": 0}, {"data": {"macke_vulnerabilities_found": 0, "macke_bug_chain_length": 0, "clustering_coefficient": 0.3333333333333333, "node_degree": [1, 2, 3], "faulty": false, "node_path_length": 1.0, "distance_to_interface": 1}, "id": "{archive_entry_filetype}", "type": 1}, {"data": {"macke_vulnerabilities_found": 0, "macke_bug_chain_length": 0, "clustering_coefficient": 0.3333333333333333, "node_degree": [1, 2, 3], "faulty": false, "node_path_length": 1.0, "distance_to_interface": 1}, "id": "{strcpy}", "type": 5}, {"data": {"macke_vulnerabilities_found": 0, "macke_bug_chain_length": 0, "clustering_coefficient": 0.3333333333333333, "node_degree": [1, 2, 3], "faulty": false, "node_path_length": 1.0, "distance_to_interface": 1}, "id": "{archive_entry_mtime}", "type": 0}, {"data": {"macke_vulnerabilities_found": 0, "macke_bug_chain_length": 0, "clustering_coefficient": 0.3333333333333333, "node_degree": [1, 2, 3], "faulty": false, "node_path_length": 1.0, "distance_to_interface": 1}, "id": "{archive_entry_strmode}", "type": 4}, {"data": {"macke_vulnerabilities_found": 0, "macke_bug_chain_length": 0, "clustering_coefficient": 0.3333333333333333, "node_degree": [1, 2, 3], "faulty": false, "node_path_length": 1.0, "distance_to_interface": 1}, "id": "{lafe_readpassphrase}", "type": 0}, {"data": {"macke_vulnerabilities_found": 0, "macke_bug_chain_length": 0, "clustering_coefficient": 0.3333333333333333, "node_degree": [1, 3, 4], "faulty": false, "node_path_length": 1.0, "distance_to_interface": 1}, "id": "{archive_entry_symlink}", "type": 5}, {"data": {"macke_vulnerabilities_found": 0, "macke_bug_chain_length": 0, "clustering_coefficient": 0.3333333333333333, "node_degree": [1, 2, 3], "faulty": false, "node_path_length": 1.0, "distance_to_interface": 1}, "id": "{archive_entry_copy_symlink}", "type": 4}, {"data": {"macke_vulnerabilities_found": 1, "macke_bug_chain_length": 1, "clustering_coefficient": 0.0, "node_degree": [2, 1, 3], "faulty": false, "node_path_length": 2.6666666666666665, "distance_to_interface": 2}, "id": "{strip_absolute_path}", "type": 1}, {"data": {"macke_vulnerabilities_found": 0, "macke_bug_chain_length": 0, "clustering_coefficient": 0.23809523809523808, "node_degree": [1, 6, 7], "faulty": false, "node_path_length": 1.0, "distance_to_interface": 1}, "id": "{free}", "type": 0}, {"data": {"macke_vulnerabilities_found": 0, "macke_bug_chain_length": 0, "clustering_coefficient": 0.3333333333333333, "node_degree": [1, 2, 3], "faulty": false, "node_path_length": 1.0, "distance_to_interface": 1}, "id": "{vfprintf}", "type": 1}, {"data": {"macke_vulnerabilities_found": 0, "macke_bug_chain_length": 0, "clustering_coefficient": 0.3333333333333333, "node_degree": [1, 2, 3], "faulty": false, "node_path_length": 1.0, "distance_to_interface": 1}, "id": "{archive_entry_uid}", "type": 4}, {"data": {"macke_vulnerabilities_found": 0, "macke_bug_chain_length": 0, "clustering_coefficient": 0.16666666666666666, "node_degree": [1, 3, 4], "faulty": false, "node_path_length": 1.0, "distance_to_interface": 1}, "id": "{__ctype_b_loc}", "type": 2}, {"data": {"macke_vulnerabilities_found": 0, "macke_bug_chain_length": 0, "clustering_coefficient": 0.3333333333333333, "node_degree": [1, 2, 3], "faulty": false, "node_path_length": 1.0, "distance_to_interface": 1}, "id": "{localtime}", "type": 4}, {"data": {"macke_vulnerabilities_found": 0, "macke_bug_chain_length": 0, "clustering_coefficient": 0.3333333333333333, "node_degree": [1, 3, 4], "faulty": false, "node_path_length": 1.0, "distance_to_interface": 1}, "id": "{archive_entry_hardlink}", "type": 3}, {"data": {"macke_vulnerabilities_found": 0, "macke_bug_chain_length": 0, "clustering_coefficient": 0.3, "node_degree": [1, 4, 5], "faulty": false, "node_path_length": 1.0, "distance_to_interface": 1}, "id": "{lafe_errc}", "type": 2}, {"data": {"macke_vulnerabilities_found": 0, "macke_bug_chain_length": 0, "clustering_coefficient": 0.3333333333333333, "node_degree": [1, 2, 3], "faulty": false, "node_path_length": 1.0, "distance_to_interface": 1}, "id": "{chdir}", "type": 1}, {"data": {"macke_vulnerabilities_found": 1, "macke_bug_chain_length": 1, "clustering_coefficient": 0.0, "node_degree": [1, 1, 2], "faulty": false, "node_path_length": 1.0, "distance_to_interface": 3}, "id": "{warn_strip_drive_letter}", "type": 1}, {"data": {"macke_vulnerabilities_found": 0, "macke_bug_chain_length": 0, "clustering_coefficient": 0, "node_degree": [0, 1, 1], "faulty": false, "node_path_length": 0, "distance_to_interface": 1}, "id": "{llvm.dbg.declare}", "type": 5}, {"data": {"macke_vulnerabilities_found": 1, "macke_bug_chain_length": 1, "clustering_coefficient": 0.2857142857142857, "node_degree": [6, 1, 7], "faulty": false, "node_path_length": 1.0, "distance_to_interface": 1}, "id": "{yes}", "type": 5}, {"data": {"macke_vulnerabilities_found": 0, "macke_bug_chain_length": 0, "clustering_coefficient": 0.03973063973063973, "node_degree": [55, 0, 55], "faulty": false, "node_path_length": 0, "distance_to_interface": 999}, "id": "{external node}", "type": 0}, {"data": {"macke_vulnerabilities_found": 0, "macke_bug_chain_length": 0, "clustering_coefficient": 0, "node_degree": [0, 1, 1], "faulty": false, "node_path_length": 0, "distance_to_interface": 1}, "id": "{llvm.va_start}", "type": 2}, {"data": {"macke_vulnerabilities_found": 0, "macke_bug_chain_length": 0, "clustering_coefficient": 0.1, "node_degree": [1, 4, 5], "faulty": false, "node_path_length": 0, "distance_to_interface": 1}, "id": "{lafe_warnc}", "type": 4}, {"data": {"macke_vulnerabilities_found": 0, "macke_bug_chain_length": 0, "clustering_coefficient": 0.3333333333333333, "node_degree": [1, 3, 4], "faulty": false, "node_path_length": 1.0, "distance_to_interface": 1}, "id": "{archive_entry_pathname}", "type": 3}, {"data": {"macke_vulnerabilities_found": 0, "macke_bug_chain_length": 0, "clustering_coefficient": 0.3333333333333333, "node_degree": [1, 2, 3], "faulty": false, "node_path_length": 1.0, "distance_to_interface": 1}, "id": "{strdup}", "type": 4}, {"data": {"macke_vulnerabilities_found": 1, "macke_bug_chain_length": 1, "clustering_coefficient": 0, "node_degree": [0, 1, 1], "faulty": false, "node_path_length": 0, "distance_to_interface": 2}, "id": "{strip_components}", "type": 5}]}