{"directed": true, "graph": {"node": {"shape": "", "label": "Call graph"}, "graph": {"label": "Call graph"}, "edge": {}, "name": "Call graph"}, "nodes": [{"shape": "record", "id": "Node0x179f640", "label": "{archive_entry_gid}"}, {"shape": "record", "id": "Node0x16f62f0", "label": "{safe_fprintf}"}, {"shape": "record", "id": "Node0x179e220", "label": "{archive_entry_copy_pathname}"}, {"shape": "record", "id": "Node0x179f710", "label": "{archive_entry_rdevminor}"}, {"shape": "record", "id": "Node0x173ff00", "label": "{pathcmp}"}, {"shape": "record", "id": "Node0x173f540", "label": "{sprintf}"}, {"shape": "record", "id": "Node0x16df900", "label": "{bsdtar_expand_char}"}, {"shape": "record", "id": "Node0x179e120", "label": "{archive_entry_copy_hardlink}"}, {"shape": "record", "id": "Node0x179ddc0", "label": "{do_chdir}"}, {"shape": "record", "id": "Node0x179df60", "label": "{edit_pathname}"}, {"shape": "record", "id": "Node0x179f310", "label": "{list_item_verbose}"}, {"shape": "record", "id": "Node0x179f5d0", "label": "{archive_entry_gname}"}, {"shape": "record", "id": "Node0x173fd00", "label": "{warn_strip_leading_char}"}, {"shape": "record", "id": "Node0x179f560", "label": "{archive_entry_uname}"}, {"id": "Node0x16df6b0"}, {"shape": "record", "id": "Node0x173f9f0", "label": "{read}"}, {"shape": "record", "id": "Node0x179e000", "label": "{apply_substitution}"}, {"shape": "record", "id": "Node0x16f6460", "label": "{mbtowc}"}, {"shape": "record", "id": "Node0x179fdb0", "label": "{strftime}"}, {"shape": "record", "id": "Node0x16f6390", "label": "{vsnprintf}"}, {"shape": "record", "id": "Node0x173f780", "label": "{__errno_location}"}, {"shape": "record", "id": "Node0x16f0fd0", "label": "{llvm.va_end}"}, {"shape": "record", "id": "Node0x173f960", "label": "{exit}"}, {"shape": "record", "id": "Node0x179f780", "label": "{archive_entry_size}"}, {"shape": "record", "id": "Node0x173f860", "label": "{fflush}"}, {"shape": "record", "id": "Node0x179f3b0", "label": "{archive_entry_nlink}"}, {"shape": "record", "id": "Node0x173ff70", "label": "{passphrase_callback}"}, {"shape": "record", "id": "Node0x179f380", "label": "{time}"}, {"shape": "record", "id": "Node0x179f2a0", "label": "{llvm.memset.p0i8.i64}"}, {"shape": "record", "id": "Node0x16df930", "label": "{fprintf}"}, {"shape": "record", "id": "Node0x173fc60", "label": "{set_chdir}"}, {"shape": "record", "id": "Node0x179f6a0", "label": "{archive_entry_rdevmajor}"}, {"shape": "record", "id": "Node0x16f63c0", "label": "{malloc}"}, {"shape": "record", "id": "Node0x16df830", "label": "{iswprint}"}, {"shape": "record", "id": "Node0x173fe90", "label": "{tar_i64toa}"}, {"shape": "record", "id": "Node0x173f890", "label": "{strlen}"}, {"shape": "record", "id": "Node0x179f200", "label": "{passphrase_free}"}, {"shape": "record", "id": "Node0x179f670", "label": "{archive_entry_filetype}"}, {"shape": "record", "id": "Node0x179f7f0", "label": "{strcpy}"}, {"shape": "record", "id": "Node0x179f860", "label": "{archive_entry_mtime}"}, {"shape": "record", "id": "Node0x179f420", "label": "{archive_entry_strmode}"}, {"shape": "record", "id": "Node0x173ffa0", "label": "{lafe_readpassphrase}"}, {"shape": "record", "id": "Node0x179e290", "label": "{archive_entry_symlink}"}, {"shape": "record", "id": "Node0x179e300", "label": "{archive_entry_copy_symlink}"}, {"shape": "record", "id": "Node0x179e3e0", "label": "{strip_absolute_path}"}, {"shape": "record", "id": "Node0x16f6430", "label": "{free}"}, {"shape": "record", "id": "Node0x173f830", "label": "{vfprintf}"}, {"shape": "record", "id": "Node0x179f4d0", "label": "{archive_entry_uid}"}, {"shape": "record", "id": "Node0x16f0f30", "label": "{__ctype_b_loc}"}, {"shape": "record", "id": "Node0x179fd40", "label": "{localtime}"}, {"shape": "record", "id": "Node0x179e070", "label": "{archive_entry_hardlink}"}, {"shape": "record", "id": "Node0x173f5e0", "label": "{lafe_errc}"}, {"shape": "record", "id": "Node0x179de30", "label": "{chdir}"}, {"shape": "record", "id": "Node0x173fcd0", "label": "{warn_strip_drive_letter}"}, {"shape": "record", "id": "Node0x16df960", "label": "{llvm.dbg.declare}"}, {"shape": "record", "id": "Node0x173f570", "label": "{yes}"}, {"shape": "record", "id": "Node0x16df680", "label": "{external node}"}, {"shape": "record", "id": "Node0x16f6320", "label": "{llvm.va_start}"}, {"shape": "record", "id": "Node0x179e1b0", "label": "{lafe_warnc}"}, {"shape": "record", "id": "Node0x179dfd0", "label": "{archive_entry_pathname}"}, {"shape": "record", "id": "Node0x17400e0", "label": "{strdup}"}, {"shape": "record", "id": "Node0x179e370", "label": "{strip_components}"}], "links": [{"source": "Node0x179f640", "target": "Node0x16df6b0", "key": 0}, {"source": "Node0x16f62f0", "target": "Node0x16f6460", "key": 0}, {"source": "Node0x16f62f0", "target": "Node0x16f6460", "key": 1}, {"source": "Node0x16f62f0", "target": "Node0x16df830", "key": 0}, {"source": "Node0x16f62f0", "target": "Node0x16f6390", "key": 0}, {"source": "Node0x16f62f0", "target": "Node0x16f6390", "key": 1}, {"source": "Node0x16f62f0", "target": "Node0x16df900", "key": 0}, {"source": "Node0x16f62f0", "target": "Node0x16df900", "key": 1}, {"source": "Node0x16f62f0", "target": "Node0x16f63c0", "key": 0}, {"source": "Node0x16f62f0", "target": "Node0x16df930", "key": 0}, {"source": "Node0x16f62f0", "target": "Node0x16df930", "key": 1}, {"source": "Node0x16f62f0", "target": "Node0x16f6430", "key": 0}, {"source": "Node0x16f62f0", "target": "Node0x16f6430", "key": 1}, {"source": "Node0x16f62f0", "target": "Node0x16f6430", "key": 2}, {"source": "Node0x179e220", "target": "Node0x16df6b0", "key": 0}, {"source": "Node0x179f710", "target": "Node0x16df6b0", "key": 0}, {"source": "Node0x173f540", "target": "Node0x16df6b0", "key": 0}, {"source": "Node0x16df900", "target": "Node0x173f540", "key": 0}, {"source": "Node0x16df900", "target": "Node0x16f0f30", "key": 0}, {"source": "Node0x179e120", "target": "Node0x16df6b0", "key": 0}, {"source": "Node0x179ddc0", "target": "Node0x173f5e0", "key": 0}, {"source": "Node0x179ddc0", "target": "Node0x179de30", "key": 0}, {"source": "Node0x179ddc0", "target": "Node0x16f6430", "key": 0}, {"source": "Node0x179df60", "target": "Node0x179e370", "key": 0}, {"source": "Node0x179df60", "target": "Node0x179e370", "key": 1}, {"source": "Node0x179df60", "target": "Node0x179e300", "key": 0}, {"source": "Node0x179df60", "target": "Node0x179dfd0", "key": 0}, {"source": "Node0x179df60", "target": "Node0x179dfd0", "key": 1}, {"source": "Node0x179df60", "target": "Node0x179e220", "key": 0}, {"source": "Node0x179df60", "target": "Node0x179e220", "key": 1}, {"source": "Node0x179df60", "target": "Node0x179e120", "key": 0}, {"source": "Node0x179df60", "target": "Node0x179e120", "key": 1}, {"source": "Node0x179df60", "target": "Node0x179e070", "key": 0}, {"source": "Node0x179df60", "target": "Node0x179e070", "key": 1}, {"source": "Node0x179df60", "target": "Node0x179e3e0", "key": 0}, {"source": "Node0x179df60", "target": "Node0x179e3e0", "key": 1}, {"source": "Node0x179df60", "target": "Node0x179e290", "key": 0}, {"source": "Node0x179df60", "target": "Node0x179e290", "key": 1}, {"source": "Node0x179df60", "target": "Node0x16f6430", "key": 0}, {"source": "Node0x179df60", "target": "Node0x16f6430", "key": 1}, {"source": "Node0x179df60", "target": "Node0x16f6430", "key": 2}, {"source": "Node0x179df60", "target": "Node0x16f6430", "key": 3}, {"source": "Node0x179df60", "target": "Node0x179e1b0", "key": 0}, {"source": "Node0x179df60", "target": "Node0x179e1b0", "key": 1}, {"source": "Node0x179df60", "target": "Node0x179e1b0", "key": 2}, {"source": "Node0x179df60", "target": "Node0x179e000", "key": 0}, {"source": "Node0x179df60", "target": "Node0x179e000", "key": 1}, {"source": "Node0x179df60", "target": "Node0x179e000", "key": 2}, {"source": "Node0x179f310", "target": "Node0x179f640", "key": 0}, {"source": "Node0x179f310", "target": "Node0x16f62f0", "key": 0}, {"source": "Node0x179f310", "target": "Node0x16f62f0", "key": 1}, {"source": "Node0x179f310", "target": "Node0x16f62f0", "key": 2}, {"source": "Node0x179f310", "target": "Node0x179f5d0", "key": 0}, {"source": "Node0x179f310", "target": "Node0x179e290", "key": 0}, {"source": "Node0x179f310", "target": "Node0x179e290", "key": 1}, {"source": "Node0x179f310", "target": "Node0x179fd40", "key": 0}, {"source": "Node0x179f310", "target": "Node0x179f560", "key": 0}, {"source": "Node0x179f310", "target": "Node0x179f860", "key": 0}, {"source": "Node0x179f310", "target": "Node0x179dfd0", "key": 0}, {"source": "Node0x179f310", "target": "Node0x179f780", "key": 0}, {"source": "Node0x179f310", "target": "Node0x179f380", "key": 0}, {"source": "Node0x179f310", "target": "Node0x16df930", "key": 0}, {"source": "Node0x179f310", "target": "Node0x16df930", "key": 1}, {"source": "Node0x179f310", "target": "Node0x16df930", "key": 2}, {"source": "Node0x179f310", "target": "Node0x16df930", "key": 3}, {"source": "Node0x179f310", "target": "Node0x16df930", "key": 4}, {"source": "Node0x179f310", "target": "Node0x16df930", "key": 5}, {"source": "Node0x179f310", "target": "Node0x173f540", "key": 0}, {"source": "Node0x179f310", "target": "Node0x173f540", "key": 1}, {"source": "Node0x179f310", "target": "Node0x173f540", "key": 2}, {"source": "Node0x179f310", "target": "Node0x179f6a0", "key": 0}, {"source": "Node0x179f310", "target": "Node0x173fe90", "key": 0}, {"source": "Node0x179f310", "target": "Node0x173f890", "key": 0}, {"source": "Node0x179f310", "target": "Node0x173f890", "key": 1}, {"source": "Node0x179f310", "target": "Node0x173f890", "key": 2}, {"source": "Node0x179f310", "target": "Node0x173f890", "key": 3}, {"source": "Node0x179f310", "target": "Node0x173f890", "key": 4}, {"source": "Node0x179f310", "target": "Node0x179f670", "key": 0}, {"source": "Node0x179f310", "target": "Node0x179f670", "key": 1}, {"source": "Node0x179f310", "target": "Node0x179f420", "key": 0}, {"source": "Node0x179f310", "target": "Node0x179f710", "key": 0}, {"source": "Node0x179f310", "target": "Node0x179f3b0", "key": 0}, {"source": "Node0x179f310", "target": "Node0x179f4d0", "key": 0}, {"source": "Node0x179f310", "target": "Node0x179e070", "key": 0}, {"source": "Node0x179f310", "target": "Node0x179e070", "key": 1}, {"source": "Node0x179f310", "target": "Node0x179fdb0", "key": 0}, {"source": "Node0x179f310", "target": "Node0x179f7f0", "key": 0}, {"source": "Node0x179f5d0", "target": "Node0x16df6b0", "key": 0}, {"source": "Node0x173fd00", "target": "Node0x179e1b0", "key": 0}, {"source": "Node0x179f560", "target": "Node0x16df6b0", "key": 0}, {"source": "Node0x173f9f0", "target": "Node0x16df6b0", "key": 0}, {"source": "Node0x179e000", "target": "Node0x16df6b0", "key": 0}, {"source": "Node0x16f6460", "target": "Node0x16df6b0", "key": 0}, {"source": "Node0x179fdb0", "target": "Node0x16df6b0", "key": 0}, {"source": "Node0x16f6390", "target": "Node0x16df6b0", "key": 0}, {"source": "Node0x173f780", "target": "Node0x16df6b0", "key": 0}, {"source": "Node0x173f960", "target": "Node0x16df6b0", "key": 0}, {"source": "Node0x179f780", "target": "Node0x16df6b0", "key": 0}, {"source": "Node0x173f860", "target": "Node0x16df6b0", "key": 0}, {"source": "Node0x179f3b0", "target": "Node0x16df6b0", "key": 0}, {"source": "Node0x173ff70", "target": "Node0x173f5e0", "key": 0}, {"source": "Node0x173ff70", "target": "Node0x16f63c0", "key": 0}, {"source": "Node0x173ff70", "target": "Node0x173ffa0", "key": 0}, {"source": "Node0x173ff70", "target": "Node0x173f780", "key": 0}, {"source": "Node0x179f380", "target": "Node0x16df6b0", "key": 0}, {"source": "Node0x16df930", "target": "Node0x16df6b0", "key": 0}, {"source": "Node0x173fc60", "target": "Node0x173f540", "key": 0}, {"source": "Node0x173fc60", "target": "Node0x16f63c0", "key": 0}, {"source": "Node0x173fc60", "target": "Node0x173f890", "key": 0}, {"source": "Node0x173fc60", "target": "Node0x173f890", "key": 1}, {"source": "Node0x173fc60", "target": "Node0x173f780", "key": 0}, {"source": "Node0x173fc60", "target": "Node0x173f5e0", "key": 0}, {"source": "Node0x173fc60", "target": "Node0x17400e0", "key": 0}, {"source": "Node0x173fc60", "target": "Node0x16f6430", "key": 0}, {"source": "Node0x173fc60", "target": "Node0x16f6430", "key": 1}, {"source": "Node0x179f6a0", "target": "Node0x16df6b0", "key": 0}, {"source": "Node0x16f63c0", "target": "Node0x16df6b0", "key": 0}, {"source": "Node0x16df830", "target": "Node0x16df6b0", "key": 0}, {"source": "Node0x173f890", "target": "Node0x16df6b0", "key": 0}, {"source": "Node0x179f200", "target": "Node0x16f6430", "key": 0}, {"source": "Node0x179f670", "target": "Node0x16df6b0", "key": 0}, {"source": "Node0x179f7f0", "target": "Node0x16df6b0", "key": 0}, {"source": "Node0x179f860", "target": "Node0x16df6b0", "key": 0}, {"source": "Node0x179f420", "target": "Node0x16df6b0", "key": 0}, {"source": "Node0x173ffa0", "target": "Node0x16df6b0", "key": 0}, {"source": "Node0x179e290", "target": "Node0x16df6b0", "key": 0}, {"source": "Node0x179e300", "target": "Node0x16df6b0", "key": 0}, {"source": "Node0x179e3e0", "target": "Node0x173fd00", "key": 0}, {"source": "Node0x179e3e0", "target": "Node0x173fcd0", "key": 0}, {"source": "Node0x179e3e0", "target": "Node0x173fcd0", "key": 1}, {"source": "Node0x16f6430", "target": "Node0x16df6b0", "key": 0}, {"source": "Node0x173f830", "target": "Node0x16df6b0", "key": 0}, {"source": "Node0x179f4d0", "target": "Node0x16df6b0", "key": 0}, {"source": "Node0x16f0f30", "target": "Node0x16df6b0", "key": 0}, {"source": "Node0x179fd40", "target": "Node0x16df6b0", "key": 0}, {"source": "Node0x179e070", "target": "Node0x16df6b0", "key": 0}, {"source": "Node0x173f5e0", "target": "Node0x16df6b0", "key": 0}, {"source": "Node0x179de30", "target": "Node0x16df6b0", "key": 0}, {"source": "Node0x173fcd0", "target": "Node0x179e1b0", "key": 0}, {"source": "Node0x173f570", "target": "Node0x173f830", "key": 0}, {"source": "Node0x173f570", "target": "Node0x16f0f30", "key": 0}, {"source": "Node0x173f570", "target": "Node0x173f960", "key": 0}, {"source": "Node0x173f570", "target": "Node0x173f860", "key": 0}, {"source": "Node0x173f570", "target": "Node0x173f9f0", "key": 0}, {"source": "Node0x173f570", "target": "Node0x16df930", "key": 0}, {"source": "Node0x173f570", "target": "Node0x16df930", "key": 1}, {"source": "Node0x16df680", "target": "Node0x179f640", "key": 0}, {"source": "Node0x16df680", "target": "Node0x16f62f0", "key": 0}, {"source": "Node0x16df680", "target": "Node0x179e220", "key": 0}, {"source": "Node0x16df680", "target": "Node0x179f710", "key": 0}, {"source": "Node0x16df680", "target": "Node0x173ff00", "key": 0}, {"source": "Node0x16df680", "target": "Node0x173f540", "key": 0}, {"source": "Node0x16df680", "target": "Node0x179e120", "key": 0}, {"source": "Node0x16df680", "target": "Node0x179ddc0", "key": 0}, {"source": "Node0x16df680", "target": "Node0x179df60", "key": 0}, {"source": "Node0x16df680", "target": "Node0x179f310", "key": 0}, {"source": "Node0x16df680", "target": "Node0x179f5d0", "key": 0}, {"source": "Node0x16df680", "target": "Node0x179f560", "key": 0}, {"source": "Node0x16df680", "target": "Node0x173f9f0", "key": 0}, {"source": "Node0x16df680", "target": "Node0x179e000", "key": 0}, {"source": "Node0x16df680", "target": "Node0x16f6460", "key": 0}, {"source": "Node0x16df680", "target": "Node0x179fdb0", "key": 0}, {"source": "Node0x16df680", "target": "Node0x16f6390", "key": 0}, {"source": "Node0x16df680", "target": "Node0x173f780", "key": 0}, {"source": "Node0x16df680", "target": "Node0x16f0fd0", "key": 0}, {"source": "Node0x16df680", "target": "Node0x173f960", "key": 0}, {"source": "Node0x16df680", "target": "Node0x179f780", "key": 0}, {"source": "Node0x16df680", "target": "Node0x173f860", "key": 0}, {"source": "Node0x16df680", "target": "Node0x179f3b0", "key": 0}, {"source": "Node0x16df680", "target": "Node0x173ff70", "key": 0}, {"source": "Node0x16df680", "target": "Node0x179f380", "key": 0}, {"source": "Node0x16df680", "target": "Node0x179f2a0", "key": 0}, {"source": "Node0x16df680", "target": "Node0x16df930", "key": 0}, {"source": "Node0x16df680", "target": "Node0x173fc60", "key": 0}, {"source": "Node0x16df680", "target": "Node0x179f6a0", "key": 0}, {"source": "Node0x16df680", "target": "Node0x16f63c0", "key": 0}, {"source": "Node0x16df680", "target": "Node0x16df830", "key": 0}, {"source": "Node0x16df680", "target": "Node0x173fe90", "key": 0}, {"source": "Node0x16df680", "target": "Node0x173f890", "key": 0}, {"source": "Node0x16df680", "target": "Node0x179f200", "key": 0}, {"source": "Node0x16df680", "target": "Node0x179f670", "key": 0}, {"source": "Node0x16df680", "target": "Node0x179f7f0", "key": 0}, {"source": "Node0x16df680", "target": "Node0x179f860", "key": 0}, {"source": "Node0x16df680", "target": "Node0x179f420", "key": 0}, {"source": "Node0x16df680", "target": "Node0x173ffa0", "key": 0}, {"source": "Node0x16df680", "target": "Node0x179e290", "key": 0}, {"source": "Node0x16df680", "target": "Node0x179e300", "key": 0}, {"source": "Node0x16df680", "target": "Node0x16f6430", "key": 0}, {"source": "Node0x16df680", "target": "Node0x173f830", "key": 0}, {"source": "Node0x16df680", "target": "Node0x179f4d0", "key": 0}, {"source": "Node0x16df680", "target": "Node0x16f0f30", "key": 0}, {"source": "Node0x16df680", "target": "Node0x179fd40", "key": 0}, {"source": "Node0x16df680", "target": "Node0x179e070", "key": 0}, {"source": "Node0x16df680", "target": "Node0x173f5e0", "key": 0}, {"source": "Node0x16df680", "target": "Node0x179de30", "key": 0}, {"source": "Node0x16df680", "target": "Node0x16df960", "key": 0}, {"source": "Node0x16df680", "target": "Node0x173f570", "key": 0}, {"source": "Node0x16df680", "target": "Node0x16f6320", "key": 0}, {"source": "Node0x16df680", "target": "Node0x179e1b0", "key": 0}, {"source": "Node0x16df680", "target": "Node0x179dfd0", "key": 0}, {"source": "Node0x16df680", "target": "Node0x17400e0", "key": 0}, {"source": "Node0x179e1b0", "target": "Node0x16df6b0", "key": 0}, {"source": "Node0x179dfd0", "target": "Node0x16df6b0", "key": 0}, {"source": "Node0x17400e0", "target": "Node0x16df6b0", "key": 0}], "multigraph": true}
