{"{strlen}": {"macke_vulnerabilities_found": 0, "macke_bug_chain_length": 0, "clustering_coefficient": 0.3333333333333333, "node_degree": [1, 3, 4], "faulty": false, "node_path_length": 1.0, "distance_to_interface": 1}, "{archive_entry_pathname}": {"macke_vulnerabilities_found": 0, "macke_bug_chain_length": 0, "clustering_coefficient": 0.3333333333333333, "node_degree": [1, 3, 4], "faulty": false, "node_path_length": 1.0, "distance_to_interface": 1}, "{vfprintf}": {"macke_vulnerabilities_found": 0, "macke_bug_chain_length": 0, "clustering_coefficient": 0.3333333333333333, "node_degree": [1, 2, 3], "faulty": false, "node_path_length": 1.0, "distance_to_interface": 1}, "{sprintf}": {"macke_vulnerabilities_found": 0, "macke_bug_chain_length": 0, "clustering_coefficient": 0.2, "node_degree": [1, 4, 5], "faulty": false, "node_path_length": 0, "distance_to_interface": 1}, "{exit}": {"macke_vulnerabilities_found": 0, "macke_bug_chain_length": 0, "clustering_coefficient": 0.3333333333333333, "node_degree": [1, 2, 3], "faulty": false, "node_path_length": 1.0, "distance_to_interface": 1}, "{safe_fprintf}": {"macke_vulnerabilities_found": 1, "macke_bug_chain_length": 1, "clustering_coefficient": 0.2222222222222222, "cvss3": {"userInteraction": "NONE", "attackVector": "NETWORK", "baseSeverity": "HIGH", "privilegesRequired": "NONE", "confidentialityImpact": "NONE", "vectorString": "AV:N/AC:L/PR:N/UI:N/S:U/C:N/I:N/A:H", "integrityImpact": "NONE", "scope": "UNCHANGED", "attackComplexity": "LOW", "availabilityImpact": "HIGH", "baseScore": 7.5}, "node_degree": [7, 2, 9], "faulty": true, "node_path_length": 2.077170418006431, "distance_to_interface": 1}, "{vsnprintf}": {"macke_vulnerabilities_found": 0, "macke_bug_chain_length": 0, "clustering_coefficient": 0.3333333333333333, "node_degree": [1, 2, 3], "faulty": false, "node_path_length": 1.0, "distance_to_interface": 1}, "{archive_entry_hardlink}": {"macke_vulnerabilities_found": 0, "macke_bug_chain_length": 0, "clustering_coefficient": 0.3333333333333333, "node_degree": [1, 3, 4], "faulty": false, "node_path_length": 1.0, "distance_to_interface": 1}, "{archive_entry_copy_pathname}": {"macke_vulnerabilities_found": 0, "macke_bug_chain_length": 0, "clustering_coefficient": 0.3333333333333333, "node_degree": [1, 2, 3], "faulty": false, "node_path_length": 1.0, "distance_to_interface": 1}, "{fflush}": {"macke_vulnerabilities_found": 0, "macke_bug_chain_length": 0, "clustering_coefficient": 0.3333333333333333, "node_degree": [1, 2, 3], "faulty": false, "node_path_length": 1.0, "distance_to_interface": 1}, "{strftime}": {"macke_vulnerabilities_found": 0, "macke_bug_chain_length": 0, "clustering_coefficient": 0.3333333333333333, "node_degree": [1, 2, 3], "faulty": false, "node_path_length": 1.0, "distance_to_interface": 1}, "{mbtowc}": {"macke_vulnerabilities_found": 0, "macke_bug_chain_length": 0, "clustering_coefficient": 0.3333333333333333, "node_degree": [1, 2, 3], "faulty": false, "node_path_length": 1.0, "distance_to_interface": 1}, "{yes}": {"macke_vulnerabilities_found": 1, "macke_bug_chain_length": 1, "clustering_coefficient": 0.2857142857142857, "node_degree": [6, 1, 7], "faulty": false, "node_path_length": 1.0, "distance_to_interface": 1}, "{archive_entry_gid}": {"macke_vulnerabilities_found": 0, "macke_bug_chain_length": 0, "clustering_coefficient": 0.3333333333333333, "node_degree": [1, 2, 3], "faulty": false, "node_path_length": 1.0, "distance_to_interface": 1}, "{llvm.va_end}": {"macke_vulnerabilities_found": 0, "macke_bug_chain_length": 0, "clustering_coefficient": 0, "node_degree": [0, 1, 1], "faulty": false, "node_path_length": 0, "distance_to_interface": 1}, "{archive_entry_gname}": {"macke_vulnerabilities_found": 0, "macke_bug_chain_length": 0, "clustering_coefficient": 0.3333333333333333, "node_degree": [1, 2, 3], "faulty": false, "node_path_length": 1.0, "distance_to_interface": 1}, "{set_chdir}": {"macke_vulnerabilities_found": 1, "macke_bug_chain_length": 1, "clustering_coefficient": 0.25, "node_degree": [7, 1, 8], "faulty": false, "node_path_length": 1.0833333333333333, "distance_to_interface": 1}, "{free}": {"macke_vulnerabilities_found": 0, "macke_bug_chain_length": 0, "clustering_coefficient": 0.23809523809523808, "node_degree": [1, 6, 7], "faulty": false, "node_path_length": 1.0, "distance_to_interface": 1}, "{lafe_readpassphrase}": {"macke_vulnerabilities_found": 0, "macke_bug_chain_length": 0, "clustering_coefficient": 0.3333333333333333, "node_degree": [1, 2, 3], "faulty": false, "node_path_length": 1.0, "distance_to_interface": 1}, "{edit_pathname}": {"macke_vulnerabilities_found": 1, "macke_bug_chain_length": 1, "clustering_coefficient": 0.13636363636363635, "node_degree": [11, 1, 12], "faulty": false, "node_path_length": 1.4192377495462796, "distance_to_interface": 1}, "{archive_entry_copy_symlink}": {"macke_vulnerabilities_found": 0, "macke_bug_chain_length": 0, "clustering_coefficient": 0.3333333333333333, "node_degree": [1, 2, 3], "faulty": false, "node_path_length": 1.0, "distance_to_interface": 1}, "{warn_strip_leading_char}": {"macke_vulnerabilities_found": 1, "macke_bug_chain_length": 1, "clustering_coefficient": 0.0, "node_degree": [1, 1, 2], "faulty": false, "node_path_length": 2.0, "distance_to_interface": 3}, "{llvm.memset.p0i8.i64}": {"macke_vulnerabilities_found": 0, "macke_bug_chain_length": 0, "clustering_coefficient": 0, "node_degree": [0, 1, 1], "faulty": false, "node_path_length": 0, "distance_to_interface": 1}, "{__errno_location}": {"macke_vulnerabilities_found": 0, "macke_bug_chain_length": 0, "clustering_coefficient": 0.3333333333333333, "node_degree": [1, 3, 4], "faulty": false, "node_path_length": 1.0, "distance_to_interface": 1}, "{pathcmp}": {"macke_vulnerabilities_found": 1, "macke_bug_chain_length": 1, "clustering_coefficient": 0, "node_degree": [0, 1, 1], "faulty": false, "node_path_length": 0, "distance_to_interface": 1}, "{tar_i64toa}": {"macke_vulnerabilities_found": 1, "macke_bug_chain_length": 1, "clustering_coefficient": 1.0, "node_degree": [0, 2, 2], "faulty": false, "node_path_length": 0, "distance_to_interface": 1}, "{malloc}": {"macke_vulnerabilities_found": 0, "macke_bug_chain_length": 0, "clustering_coefficient": 0.3, "node_degree": [1, 4, 5], "faulty": false, "node_path_length": 1.0, "distance_to_interface": 1}, "{time}": {"macke_vulnerabilities_found": 0, "macke_bug_chain_length": 0, "clustering_coefficient": 0.3333333333333333, "node_degree": [1, 2, 3], "faulty": false, "node_path_length": 1.0, "distance_to_interface": 1}, "{bsdtar_expand_char}": {"macke_vulnerabilities_found": 1, "macke_bug_chain_length": 1, "clustering_coefficient": 0.0, "node_degree": [2, 1, 3], "faulty": false, "node_path_length": 2.0, "distance_to_interface": 2}, "{strcpy}": {"macke_vulnerabilities_found": 0, "macke_bug_chain_length": 0, "clustering_coefficient": 0.3333333333333333, "node_degree": [1, 2, 3], "faulty": false, "node_path_length": 1.0, "distance_to_interface": 1}, "{passphrase_callback}": {"macke_vulnerabilities_found": 1, "macke_bug_chain_length": 1, "clustering_coefficient": 0.4, "node_degree": [4, 1, 5], "faulty": false, "node_path_length": 1.1666666666666667, "distance_to_interface": 1}, "{chdir}": {"macke_vulnerabilities_found": 0, "macke_bug_chain_length": 0, "clustering_coefficient": 0.3333333333333333, "node_degree": [1, 2, 3], "faulty": false, "node_path_length": 1.0, "distance_to_interface": 1}, "{llvm.va_start}": {"macke_vulnerabilities_found": 0, "macke_bug_chain_length": 0, "clustering_coefficient": 0, "node_degree": [0, 1, 1], "faulty": false, "node_path_length": 0, "distance_to_interface": 1}, "{external node}": {"macke_vulnerabilities_found": 0, "macke_bug_chain_length": 0, "clustering_coefficient": 0.03973063973063973, "node_degree": [55, 0, 55], "faulty": false, "node_path_length": 0, "distance_to_interface": 999}, "{archive_entry_nlink}": {"macke_vulnerabilities_found": 0, "macke_bug_chain_length": 0, "clustering_coefficient": 0.3333333333333333, "node_degree": [1, 2, 3], "faulty": false, "node_path_length": 1.0, "distance_to_interface": 1}, "{archive_entry_uid}": {"macke_vulnerabilities_found": 0, "macke_bug_chain_length": 0, "clustering_coefficient": 0.3333333333333333, "node_degree": [1, 2, 3], "faulty": false, "node_path_length": 1.0, "distance_to_interface": 1}, "{apply_substitution}": {"macke_vulnerabilities_found": 0, "macke_bug_chain_length": 0, "clustering_coefficient": 0.3333333333333333, "node_degree": [1, 2, 3], "faulty": false, "node_path_length": 1.0, "distance_to_interface": 1}, "{iswprint}": {"macke_vulnerabilities_found": 0, "macke_bug_chain_length": 0, "clustering_coefficient": 0.3333333333333333, "node_degree": [1, 2, 3], "faulty": false, "node_path_length": 1.0, "distance_to_interface": 1}, "{archive_entry_rdevmajor}": {"macke_vulnerabilities_found": 0, "macke_bug_chain_length": 0, "clustering_coefficient": 0.3333333333333333, "node_degree": [1, 2, 3], "faulty": false, "node_path_length": 1.0, "distance_to_interface": 1}, "{strip_absolute_path}": {"macke_vulnerabilities_found": 1, "macke_bug_chain_length": 1, "clustering_coefficient": 0.0, "node_degree": [2, 1, 3], "faulty": false, "node_path_length": 2.6666666666666665, "distance_to_interface": 2}, "{llvm.dbg.declare}": {"macke_vulnerabilities_found": 0, "macke_bug_chain_length": 0, "clustering_coefficient": 0, "node_degree": [0, 1, 1], "faulty": false, "node_path_length": 0, "distance_to_interface": 1}, "{lafe_warnc}": {"macke_vulnerabilities_found": 0, "macke_bug_chain_length": 0, "clustering_coefficient": 0.1, "node_degree": [1, 4, 5], "faulty": false, "node_path_length": 0, "distance_to_interface": 1}, "{archive_entry_strmode}": {"macke_vulnerabilities_found": 0, "macke_bug_chain_length": 0, "clustering_coefficient": 0.3333333333333333, "node_degree": [1, 2, 3], "faulty": false, "node_path_length": 1.0, "distance_to_interface": 1}, "{archive_entry_symlink}": {"macke_vulnerabilities_found": 0, "macke_bug_chain_length": 0, "clustering_coefficient": 0.3333333333333333, "node_degree": [1, 3, 4], "faulty": false, "node_path_length": 1.0, "distance_to_interface": 1}, "{lafe_errc}": {"macke_vulnerabilities_found": 0, "macke_bug_chain_length": 0, "clustering_coefficient": 0.3, "node_degree": [1, 4, 5], "faulty": false, "node_path_length": 1.0, "distance_to_interface": 1}, "{read}": {"macke_vulnerabilities_found": 0, "macke_bug_chain_length": 0, "clustering_coefficient": 0.3333333333333333, "node_degree": [1, 2, 3], "faulty": false, "node_path_length": 1.0, "distance_to_interface": 1}, "{passphrase_free}": {"macke_vulnerabilities_found": 1, "macke_bug_chain_length": 1, "clustering_coefficient": 1.0, "node_degree": [1, 1, 2], "faulty": false, "node_path_length": 1.0, "distance_to_interface": 1}, "{__ctype_b_loc}": {"macke_vulnerabilities_found": 0, "macke_bug_chain_length": 0, "clustering_coefficient": 0.16666666666666666, "node_degree": [1, 3, 4], "faulty": false, "node_path_length": 1.0, "distance_to_interface": 1}, "{strip_components}": {"macke_vulnerabilities_found": 1, "macke_bug_chain_length": 1, "clustering_coefficient": 0, "node_degree": [0, 1, 1], "faulty": false, "node_path_length": 0, "distance_to_interface": 2}, "{archive_entry_mtime}": {"macke_vulnerabilities_found": 0, "macke_bug_chain_length": 0, "clustering_coefficient": 0.3333333333333333, "node_degree": [1, 2, 3], "faulty": false, "node_path_length": 1.0, "distance_to_interface": 1}, "{warn_strip_drive_letter}": {"macke_vulnerabilities_found": 1, "macke_bug_chain_length": 1, "clustering_coefficient": 0.0, "node_degree": [1, 1, 2], "faulty": false, "node_path_length": 1.0, "distance_to_interface": 3}, "{list_item_verbose}": {"macke_vulnerabilities_found": 1, "macke_bug_chain_length": 2, "clustering_coefficient": 0.08695652173913043, "node_degree": [23, 1, 24], "faulty": false, "node_path_length": 1.277550951259593, "distance_to_interface": 1}, "{strdup}": {"macke_vulnerabilities_found": 0, "macke_bug_chain_length": 0, "clustering_coefficient": 0.3333333333333333, "node_degree": [1, 2, 3], "faulty": false, "node_path_length": 1.0, "distance_to_interface": 1}, "{archive_entry_uname}": {"macke_vulnerabilities_found": 0, "macke_bug_chain_length": 0, "clustering_coefficient": 0.3333333333333333, "node_degree": [1, 2, 3], "faulty": false, "node_path_length": 1.0, "distance_to_interface": 1}, "{fprintf}": {"macke_vulnerabilities_found": 0, "macke_bug_chain_length": 0, "clustering_coefficient": 0.4, "node_degree": [1, 4, 5], "faulty": false, "node_path_length": 1.0, "distance_to_interface": 1}, "{archive_entry_filetype}": {"macke_vulnerabilities_found": 0, "macke_bug_chain_length": 0, "clustering_coefficient": 0.3333333333333333, "node_degree": [1, 2, 3], "faulty": false, "node_path_length": 1.0, "distance_to_interface": 1}, "{archive_entry_size}": {"macke_vulnerabilities_found": 0, "macke_bug_chain_length": 0, "clustering_coefficient": 0.3333333333333333, "node_degree": [1, 2, 3], "faulty": false, "node_path_length": 1.0, "distance_to_interface": 1}, "{do_chdir}": {"macke_vulnerabilities_found": 1, "macke_bug_chain_length": 1, "clustering_coefficient": 0.5, "node_degree": [3, 1, 4], "faulty": false, "node_path_length": 1.75, "distance_to_interface": 1}, "{archive_entry_copy_hardlink}": {"macke_vulnerabilities_found": 0, "macke_bug_chain_length": 0, "clustering_coefficient": 0.3333333333333333, "node_degree": [1, 2, 3], "faulty": false, "node_path_length": 1.0, "distance_to_interface": 1}, "{localtime}": {"macke_vulnerabilities_found": 0, "macke_bug_chain_length": 0, "clustering_coefficient": 0.3333333333333333, "node_degree": [1, 2, 3], "faulty": false, "node_path_length": 1.0, "distance_to_interface": 1}, "{archive_entry_rdevminor}": {"macke_vulnerabilities_found": 0, "macke_bug_chain_length": 0, "clustering_coefficient": 0.3333333333333333, "node_degree": [1, 2, 3], "faulty": false, "node_path_length": 1.0, "distance_to_interface": 1}}