{"directed": true, "graph": {"node": {"shape": "", "label": "Call graph"}, "graph": {"label": "Call graph"}, "edge": {}, "name": "Call graph"}, "nodes": [{"id": "Node0x1fa0a80"}, {"shape": "record", "id": "Node0x1fa0af0", "label": "{xmlInitializeDict}"}, {"shape": "record", "id": "Node0x20395c0", "label": "{xmlStrQEqual}"}, {"shape": "record", "id": "Node0x2039a10", "label": "{xmlDictSetLimit}"}, {"shape": "record", "id": "Node0x1f573e0", "label": "{llvm.dbg.declare}"}, {"shape": "record", "id": "Node0x1f668d0", "label": "{xmlDictExists}"}, {"shape": "record", "id": "Node0x1fa2af0", "label": "{xmlDictCreateSub}"}, {"shape": "record", "id": "Node0x1fa2830", "label": "{xmlDictComputeBigKey}"}, {"shape": "record", "id": "Node0x1fa2a40", "label": "{llvm.memset.p0i8.i64}"}, {"shape": "record", "id": "Node0x2039af0", "label": "{llvm.memcpy.p0i8.p0i8.i64}"}, {"shape": "record", "id": "Node0x1f896f0", "label": "{xmlRMutexLock}"}, {"shape": "record", "id": "Node0x1f89680", "label": "{time}"}, {"shape": "record", "id": "Node0x1f669b0", "label": "{xmlDictComputeFastQKey}"}, {"shape": "record", "id": "Node0x1fa29a0", "label": "{xmlDictAddString}"}, {"shape": "record", "id": "Node0x1fa28a0", "label": "{xmlDictComputeFastKey}"}, {"shape": "record", "id": "Node0x1f89810", "label": "{__xmlRandom}"}, {"shape": "record", "id": "Node0x1f895c0", "label": "{__xmlInitializeDict}"}, {"shape": "record", "id": "Node0x1f572d0", "label": "{xmlFreeRMutex}"}, {"shape": "record", "id": "Node0x1f66730", "label": "{xmlDictLookup}"}, {"shape": "record", "id": "Node0x1f57520", "label": "{xmlDictCleanup}"}, {"shape": "record", "id": "Node0x1f66940", "label": "{xmlDictQLookup}"}, {"shape": "record", "id": "Node0x2039860", "label": "{xmlDictAddQString}"}, {"shape": "record", "id": "Node0x1f66630", "label": "{xmlDictReference}"}, {"shape": "record", "id": "Node0x1f66810", "label": "{xmlDictGrow}"}, {"shape": "record", "id": "Node0x1f55440", "label": "{rand_r}"}, {"shape": "record", "id": "Node0x1fa0a50", "label": "{external node}"}, {"shape": "record", "id": "Node0x1fa0b20", "label": "{xmlNewRMutex}"}, {"shape": "record", "id": "Node0x1f554b0", "label": "{xmlRMutexUnlock}"}, {"shape": "record", "id": "Node0x1fa2a10", "label": "{xmlDictCreate}"}, {"shape": "record", "id": "Node0x20399a0", "label": "{xmlDictSize}"}, {"shape": "record", "id": "Node0x2039a80", "label": "{xmlDictGetUsage}"}, {"shape": "record", "id": "Node0x1fa2800", "label": "{strlen}"}, {"shape": "record", "id": "Node0x1f667e0", "label": "{memcmp}"}, {"shape": "record", "id": "Node0x20398c0", "label": "{xmlDictOwns}"}, {"shape": "record", "id": "Node0x1f669e0", "label": "{xmlDictComputeBigQKey}"}, {"shape": "record", "id": "Node0x1fa2b20", "label": "{xmlDictFree}"}], "links": [{"source": "Node0x20395c0", "target": "Node0x1fa0a80", "key": 0}, {"source": "Node0x1f668d0", "target": "Node0x1fa2830", "key": 0}, {"source": "Node0x1f668d0", "target": "Node0x1fa2830", "key": 1}, {"source": "Node0x1f668d0", "target": "Node0x1fa2800", "key": 0}, {"source": "Node0x1f668d0", "target": "Node0x1fa28a0", "key": 0}, {"source": "Node0x1f668d0", "target": "Node0x1fa28a0", "key": 1}, {"source": "Node0x1f668d0", "target": "Node0x1f667e0", "key": 0}, {"source": "Node0x1f668d0", "target": "Node0x1f667e0", "key": 1}, {"source": "Node0x1f668d0", "target": "Node0x1f667e0", "key": 2}, {"source": "Node0x1f668d0", "target": "Node0x1f667e0", "key": 3}, {"source": "Node0x1fa2af0", "target": "Node0x1f66630", "key": 0}, {"source": "Node0x1fa2af0", "target": "Node0x1fa2a10", "key": 0}, {"source": "Node0x1f896f0", "target": "Node0x1fa0a80", "key": 0}, {"source": "Node0x1f89680", "target": "Node0x1fa0a80", "key": 0}, {"source": "Node0x1fa29a0", "target": "Node0x1fa0a80", "key": 0}, {"source": "Node0x1f89810", "target": "Node0x1f55440", "key": 0}, {"source": "Node0x1f89810", "target": "Node0x1f895c0", "key": 0}, {"source": "Node0x1f89810", "target": "Node0x1f554b0", "key": 0}, {"source": "Node0x1f89810", "target": "Node0x1f896f0", "key": 0}, {"source": "Node0x1f895c0", "target": "Node0x1f55440", "key": 0}, {"source": "Node0x1f895c0", "target": "Node0x1f896f0", "key": 0}, {"source": "Node0x1f895c0", "target": "Node0x1fa0b20", "key": 0}, {"source": "Node0x1f895c0", "target": "Node0x1f554b0", "key": 0}, {"source": "Node0x1f895c0", "target": "Node0x1f89680", "key": 0}, {"source": "Node0x1f572d0", "target": "Node0x1fa0a80", "key": 0}, {"source": "Node0x1f66730", "target": "Node0x1fa28a0", "key": 0}, {"source": "Node0x1f66730", "target": "Node0x1fa28a0", "key": 1}, {"source": "Node0x1f66730", "target": "Node0x1f667e0", "key": 0}, {"source": "Node0x1f66730", "target": "Node0x1f667e0", "key": 1}, {"source": "Node0x1f66730", "target": "Node0x1f667e0", "key": 2}, {"source": "Node0x1f66730", "target": "Node0x1f667e0", "key": 3}, {"source": "Node0x1f66730", "target": "Node0x1fa2830", "key": 0}, {"source": "Node0x1f66730", "target": "Node0x1fa2830", "key": 1}, {"source": "Node0x1f66730", "target": "Node0x1fa2800", "key": 0}, {"source": "Node0x1f66730", "target": "Node0x1fa0a80", "key": 0}, {"source": "Node0x1f66730", "target": "Node0x1f66810", "key": 0}, {"source": "Node0x1f66730", "target": "Node0x1fa29a0", "key": 0}, {"source": "Node0x1f57520", "target": "Node0x1f572d0", "key": 0}, {"source": "Node0x1f66940", "target": "Node0x1fa28a0", "key": 0}, {"source": "Node0x1f66940", "target": "Node0x1fa28a0", "key": 1}, {"source": "Node0x1f66940", "target": "Node0x1fa2830", "key": 0}, {"source": "Node0x1f66940", "target": "Node0x1fa2830", "key": 1}, {"source": "Node0x1f66940", "target": "Node0x20395c0", "key": 0}, {"source": "Node0x1f66940", "target": "Node0x20395c0", "key": 1}, {"source": "Node0x1f66940", "target": "Node0x20395c0", "key": 2}, {"source": "Node0x1f66940", "target": "Node0x20395c0", "key": 3}, {"source": "Node0x1f66940", "target": "Node0x1f66730", "key": 0}, {"source": "Node0x1f66940", "target": "Node0x1fa2800", "key": 0}, {"source": "Node0x1f66940", "target": "Node0x1fa2800", "key": 1}, {"source": "Node0x1f66940", "target": "Node0x2039860", "key": 0}, {"source": "Node0x1f66940", "target": "Node0x1fa0a80", "key": 0}, {"source": "Node0x1f66940", "target": "Node0x1f669b0", "key": 0}, {"source": "Node0x1f66940", "target": "Node0x1f669b0", "key": 1}, {"source": "Node0x1f66940", "target": "Node0x1f669e0", "key": 0}, {"source": "Node0x1f66940", "target": "Node0x1f669e0", "key": 1}, {"source": "Node0x1f66940", "target": "Node0x1f66810", "key": 0}, {"source": "Node0x2039860", "target": "Node0x1fa0a80", "key": 0}, {"source": "Node0x2039860", "target": "Node0x1fa29a0", "key": 0}, {"source": "Node0x1f66630", "target": "Node0x1f895c0", "key": 0}, {"source": "Node0x1f66630", "target": "Node0x1f554b0", "key": 0}, {"source": "Node0x1f66630", "target": "Node0x1f896f0", "key": 0}, {"source": "Node0x1f66810", "target": "Node0x1fa2830", "key": 0}, {"source": "Node0x1f66810", "target": "Node0x1fa2830", "key": 1}, {"source": "Node0x1f66810", "target": "Node0x1fa28a0", "key": 0}, {"source": "Node0x1f66810", "target": "Node0x1fa28a0", "key": 1}, {"source": "Node0x1f66810", "target": "Node0x1fa0a80", "key": 0}, {"source": "Node0x1f66810", "target": "Node0x1fa0a80", "key": 1}, {"source": "Node0x1f66810", "target": "Node0x1fa0a80", "key": 2}, {"source": "Node0x1f66810", "target": "Node0x1fa0a80", "key": 3}, {"source": "Node0x1f55440", "target": "Node0x1fa0a80", "key": 0}, {"source": "Node0x1fa0a50", "target": "Node0x1fa0af0", "key": 0}, {"source": "Node0x1fa0a50", "target": "Node0x20395c0", "key": 0}, {"source": "Node0x1fa0a50", "target": "Node0x2039a10", "key": 0}, {"source": "Node0x1fa0a50", "target": "Node0x1f573e0", "key": 0}, {"source": "Node0x1fa0a50", "target": "Node0x1f668d0", "key": 0}, {"source": "Node0x1fa0a50", "target": "Node0x1fa2af0", "key": 0}, {"source": "Node0x1fa0a50", "target": "Node0x1fa2a40", "key": 0}, {"source": "Node0x1fa0a50", "target": "Node0x2039af0", "key": 0}, {"source": "Node0x1fa0a50", "target": "Node0x1f896f0", "key": 0}, {"source": "Node0x1fa0a50", "target": "Node0x1f89680", "key": 0}, {"source": "Node0x1fa0a50", "target": "Node0x1f89810", "key": 0}, {"source": "Node0x1fa0a50", "target": "Node0x1f895c0", "key": 0}, {"source": "Node0x1fa0a50", "target": "Node0x1f572d0", "key": 0}, {"source": "Node0x1fa0a50", "target": "Node0x1f66730", "key": 0}, {"source": "Node0x1fa0a50", "target": "Node0x1f57520", "key": 0}, {"source": "Node0x1fa0a50", "target": "Node0x1f66940", "key": 0}, {"source": "Node0x1fa0a50", "target": "Node0x1f66630", "key": 0}, {"source": "Node0x1fa0a50", "target": "Node0x1f55440", "key": 0}, {"source": "Node0x1fa0a50", "target": "Node0x1fa0b20", "key": 0}, {"source": "Node0x1fa0a50", "target": "Node0x1f554b0", "key": 0}, {"source": "Node0x1fa0a50", "target": "Node0x1fa2a10", "key": 0}, {"source": "Node0x1fa0a50", "target": "Node0x20399a0", "key": 0}, {"source": "Node0x1fa0a50", "target": "Node0x2039a80", "key": 0}, {"source": "Node0x1fa0a50", "target": "Node0x1fa2800", "key": 0}, {"source": "Node0x1fa0a50", "target": "Node0x1f667e0", "key": 0}, {"source": "Node0x1fa0a50", "target": "Node0x20398c0", "key": 0}, {"source": "Node0x1fa0a50", "target": "Node0x1fa2b20", "key": 0}, {"source": "Node0x1fa0b20", "target": "Node0x1fa0a80", "key": 0}, {"source": "Node0x1f554b0", "target": "Node0x1fa0a80", "key": 0}, {"source": "Node0x1fa2a10", "target": "Node0x1f895c0", "key": 0}, {"source": "Node0x1fa2a10", "target": "Node0x1fa0a80", "key": 0}, {"source": "Node0x1fa2a10", "target": "Node0x1fa0a80", "key": 1}, {"source": "Node0x1fa2a10", "target": "Node0x1fa0a80", "key": 2}, {"source": "Node0x1fa2a10", "target": "Node0x1f89810", "key": 0}, {"source": "Node0x1fa2800", "target": "Node0x1fa0a80", "key": 0}, {"source": "Node0x1f667e0", "target": "Node0x1fa0a80", "key": 0}, {"source": "Node0x20398c0", "target": "Node0x20398c0", "key": 0}, {"source": "Node0x1fa2b20", "target": "Node0x1f895c0", "key": 0}, {"source": "Node0x1fa2b20", "target": "Node0x1fa0a80", "key": 0}, {"source": "Node0x1fa2b20", "target": "Node0x1fa0a80", "key": 1}, {"source": "Node0x1fa2b20", "target": "Node0x1fa0a80", "key": 2}, {"source": "Node0x1fa2b20", "target": "Node0x1fa0a80", "key": 3}, {"source": "Node0x1fa2b20", "target": "Node0x1fa2b20", "key": 0}, {"source": "Node0x1fa2b20", "target": "Node0x1f554b0", "key": 0}, {"source": "Node0x1fa2b20", "target": "Node0x1f554b0", "key": 1}, {"source": "Node0x1fa2b20", "target": "Node0x1f896f0", "key": 0}], "multigraph": true}
