{
  "klee-out-1": {
    "bcfile": "/tmp/macke/2017-07-19-09-17-03/bitcode/symmains.bc",
    "folder": "/tmp/macke/2017-07-19-09-17-03/klee/klee-out-1",
    "function": "xmlInitializeDict",
    "phase": 1
  },
  "klee-out-2": {
    "bcfile": "/tmp/macke/2017-07-19-09-17-03/bitcode/symmains.bc",
    "folder": "/tmp/macke/2017-07-19-09-17-03/klee/klee-out-2",
    "function": "__xmlInitializeDict",
    "phase": 1
  },
  "klee-out-3": {
    "bcfile": "/tmp/macke/2017-07-19-09-17-03/bitcode/symmains.bc",
    "folder": "/tmp/macke/2017-07-19-09-17-03/klee/klee-out-3",
    "function": "__xmlRandom",
    "phase": 1
  },
  "klee-out-4": {
    "bcfile": "/tmp/macke/2017-07-19-09-17-03/bitcode/symmains.bc",
    "folder": "/tmp/macke/2017-07-19-09-17-03/klee/klee-out-4",
    "function": "xmlDictCleanup",
    "phase": 1
  },
  "klee-out-5": {
    "bcfile": "/tmp/macke/2017-07-19-09-17-03/bitcode/symmains.bc",
    "folder": "/tmp/macke/2017-07-19-09-17-03/klee/klee-out-5",
    "function": "xmlDictCreate",
    "phase": 1
  },
  "klee-out-6": {
    "bcfile": "/tmp/macke/2017-07-19-09-17-03/bitcode/symmains.bc",
    "folder": "/tmp/macke/2017-07-19-09-17-03/klee/klee-out-6",
    "function": "xmlDictReference",
    "phase": 1
  },
  "klee-out-7": {
    "bcfile": "/tmp/macke/2017-07-19-09-17-03/bitcode/symmains.bc",
    "folder": "/tmp/macke/2017-07-19-09-17-03/klee/klee-out-7",
    "function": "xmlDictCreateSub",
    "phase": 1
  },
  "klee-out-8": {
    "bcfile": "/tmp/macke/2017-07-19-09-17-03/bitcode/symmains.bc",
    "folder": "/tmp/macke/2017-07-19-09-17-03/klee/klee-out-8",
    "function": "xmlDictFree",
    "phase": 1
  },
  "klee-out-9": {
    "bcfile": "/tmp/macke/2017-07-19-09-17-03/bitcode/symmains.bc",
    "folder": "/tmp/macke/2017-07-19-09-17-03/klee/klee-out-9",
    "function": "xmlDictComputeFastKey",
    "phase": 1
  },
  "klee-out-10": {
    "bcfile": "/tmp/macke/2017-07-19-09-17-03/bitcode/symmains.bc",
    "folder": "/tmp/macke/2017-07-19-09-17-03/klee/klee-out-10",
    "function": "xmlDictComputeBigKey",
    "phase": 1
  },
  "klee-out-11": {
    "bcfile": "/tmp/macke/2017-07-19-09-17-03/bitcode/symmains.bc",
    "folder": "/tmp/macke/2017-07-19-09-17-03/klee/klee-out-11",
    "function": "xmlDictAddString",
    "phase": 1
  },
  "klee-out-12": {
    "bcfile": "/tmp/macke/2017-07-19-09-17-03/bitcode/symmains.bc",
    "folder": "/tmp/macke/2017-07-19-09-17-03/klee/klee-out-12",
    "function": "xmlDictGrow",
    "phase": 1
  },
  "klee-out-13": {
    "bcfile": "/tmp/macke/2017-07-19-09-17-03/bitcode/symmains.bc",
    "folder": "/tmp/macke/2017-07-19-09-17-03/klee/klee-out-13",
    "function": "xmlDictLookup",
    "phase": 1
  },
  "klee-out-14": {
    "bcfile": "/tmp/macke/2017-07-19-09-17-03/bitcode/symmains.bc",
    "folder": "/tmp/macke/2017-07-19-09-17-03/klee/klee-out-14",
    "function": "xmlDictExists",
    "phase": 1
  },
  "klee-out-15": {
    "bcfile": "/tmp/macke/2017-07-19-09-17-03/bitcode/symmains.bc",
    "folder": "/tmp/macke/2017-07-19-09-17-03/klee/klee-out-15",
    "function": "xmlDictComputeFastQKey",
    "phase": 1
  },
  "klee-out-16": {
    "bcfile": "/tmp/macke/2017-07-19-09-17-03/bitcode/symmains.bc",
    "folder": "/tmp/macke/2017-07-19-09-17-03/klee/klee-out-16",
    "function": "xmlDictComputeBigQKey",
    "phase": 1
  },
  "klee-out-17": {
    "bcfile": "/tmp/macke/2017-07-19-09-17-03/bitcode/symmains.bc",
    "folder": "/tmp/macke/2017-07-19-09-17-03/klee/klee-out-17",
    "function": "xmlDictAddQString",
    "phase": 1
  },
  "klee-out-18": {
    "bcfile": "/tmp/macke/2017-07-19-09-17-03/bitcode/symmains.bc",
    "folder": "/tmp/macke/2017-07-19-09-17-03/klee/klee-out-18",
    "function": "xmlDictQLookup",
    "phase": 1
  },
  "klee-out-19": {
    "bcfile": "/tmp/macke/2017-07-19-09-17-03/bitcode/symmains.bc",
    "folder": "/tmp/macke/2017-07-19-09-17-03/klee/klee-out-19",
    "function": "xmlDictOwns",
    "phase": 1
  },
  "klee-out-20": {
    "bcfile": "/tmp/macke/2017-07-19-09-17-03/bitcode/symmains.bc",
    "folder": "/tmp/macke/2017-07-19-09-17-03/klee/klee-out-20",
    "function": "xmlDictSize",
    "phase": 1
  },
  "klee-out-21": {
    "bcfile": "/tmp/macke/2017-07-19-09-17-03/bitcode/symmains.bc",
    "folder": "/tmp/macke/2017-07-19-09-17-03/klee/klee-out-21",
    "function": "xmlDictSetLimit",
    "phase": 1
  },
  "klee-out-22": {
    "bcfile": "/tmp/macke/2017-07-19-09-17-03/bitcode/symmains.bc",
    "folder": "/tmp/macke/2017-07-19-09-17-03/klee/klee-out-22",
    "function": "xmlDictGetUsage",
    "phase": 1
  }
}
