{
  "klee-out-1": {
    "bcfile": "/tmp/macke/2017-07-18-15-10-27/bitcode/symmains.bc",
    "folder": "/tmp/macke/2017-07-18-15-10-27/klee/klee-out-1",
    "function": "strncasecmp",
    "phase": 1
  },
  "klee-out-2": {
    "bcfile": "/tmp/macke/2017-07-18-15-10-27/bitcode/symmains.bc",
    "folder": "/tmp/macke/2017-07-18-15-10-27/klee/klee-out-2",
    "function": "ishex",
    "phase": 1
  },
  "klee-out-3": {
    "bcfile": "/tmp/macke/2017-07-18-15-10-27/bitcode/symmains.bc",
    "folder": "/tmp/macke/2017-07-18-15-10-27/klee/klee-out-3",
    "function": "hex2bin",
    "phase": 1
  },
  "klee-out-4": {
    "bcfile": "/tmp/macke/2017-07-18-15-10-27/bitcode/symmains.bc",
    "folder": "/tmp/macke/2017-07-18-15-10-27/klee/klee-out-4",
    "function": "SLPNormalizeString",
    "phase": 1
  },
  "klee-out-5": {
    "bcfile": "/tmp/macke/2017-07-18-15-10-27/bitcode/symmains.bc",
    "folder": "/tmp/macke/2017-07-18-15-10-27/klee/klee-out-5",
    "function": "SLPUnescapeInPlace",
    "phase": 1
  },
  "klee-out-6": {
    "bcfile": "/tmp/macke/2017-07-18-15-10-27/bitcode/symmains.bc",
    "folder": "/tmp/macke/2017-07-18-15-10-27/klee/klee-out-6",
    "function": "SLPFoldWhiteSpace",
    "phase": 1
  },
  "klee-out-7": {
    "bcfile": "/tmp/macke/2017-07-18-15-10-27/bitcode/symmains.bc",
    "folder": "/tmp/macke/2017-07-18-15-10-27/klee/klee-out-7",
    "function": "SLPCompareNormalizedString",
    "phase": 1
  },
  "klee-out-8": {
    "bcfile": "/tmp/macke/2017-07-18-15-10-27/bitcode/symmains.bc",
    "folder": "/tmp/macke/2017-07-18-15-10-27/klee/klee-out-8",
    "function": "SLPCompareString",
    "phase": 1
  },
  "klee-out-9": {
    "bcfile": "/tmp/macke/2017-07-18-15-10-27/bitcode/symmains.bc",
    "folder": "/tmp/macke/2017-07-18-15-10-27/klee/klee-out-9",
    "function": "SLPCompareNamingAuth",
    "phase": 1
  },
  "klee-out-10": {
    "bcfile": "/tmp/macke/2017-07-18-15-10-27/bitcode/symmains.bc",
    "folder": "/tmp/macke/2017-07-18-15-10-27/klee/klee-out-10",
    "function": "SLPCompareSrvType",
    "phase": 1
  },
  "klee-out-11": {
    "bcfile": "/tmp/macke/2017-07-18-15-10-27/bitcode/symmains.bc",
    "folder": "/tmp/macke/2017-07-18-15-10-27/klee/klee-out-11",
    "function": "SLPContainsStringList",
    "phase": 1
  },
  "klee-out-12": {
    "bcfile": "/tmp/macke/2017-07-18-15-10-27/bitcode/symmains.bc",
    "folder": "/tmp/macke/2017-07-18-15-10-27/klee/klee-out-12",
    "function": "SLPIntersectStringList",
    "phase": 1
  },
  "klee-out-13": {
    "bcfile": "/tmp/macke/2017-07-18-15-10-27/bitcode/symmains.bc",
    "folder": "/tmp/macke/2017-07-18-15-10-27/klee/klee-out-13",
    "function": "SLPIntersectRemoveStringList",
    "phase": 1
  },
  "klee-out-14": {
    "bcfile": "/tmp/macke/2017-07-18-15-10-27/bitcode/symmains.bc",
    "folder": "/tmp/macke/2017-07-18-15-10-27/klee/klee-out-14",
    "function": "SLPUnionStringList",
    "phase": 1
  },
  "klee-out-15": {
    "bcfile": "/tmp/macke/2017-07-18-15-10-27/bitcode/symmains.bc",
    "folder": "/tmp/macke/2017-07-18-15-10-27/klee/klee-out-15",
    "function": "SLPSubsetStringList",
    "phase": 1
  },
  "klee-out-16": {
    "bcfile": "/tmp/macke/2017-07-18-15-10-27/bitcode/symmains.bc",
    "folder": "/tmp/macke/2017-07-18-15-10-27/klee/klee-out-16",
    "function": "SLPCheckServiceUrlSyntax",
    "phase": 1
  },
  "klee-out-17": {
    "bcfile": "/tmp/macke/2017-07-18-15-10-27/bitcode/symmains.bc",
    "folder": "/tmp/macke/2017-07-18-15-10-27/klee/klee-out-17",
    "function": "SLPCheckAttributeListSyntax",
    "phase": 1
  },
  "klee-out-18": {
    "bcfile": "/tmp/macke/2017-07-18-15-10-27/bitcode/chain-SLPCompareString-SLPFoldWhiteSpace.bc",
    "callee": "SLPFoldWhiteSpace",
    "caller": "SLPCompareString",
    "folder": "/tmp/macke/2017-07-18-15-10-27/klee/klee-out-18",
    "phase": 2
  },
  "klee-out-19": {
    "bcfile": "/tmp/macke/2017-07-18-15-10-27/bitcode/chain-SLPCompareString-SLPUnescapeInPlace.bc",
    "callee": "SLPUnescapeInPlace",
    "caller": "SLPCompareString",
    "folder": "/tmp/macke/2017-07-18-15-10-27/klee/klee-out-19",
    "phase": 2
  },
  "klee-out-20": {
    "bcfile": "/tmp/macke/2017-07-18-15-10-27/bitcode/chain-SLPContainsStringList-SLPCompareString.bc",
    "callee": "SLPCompareString",
    "caller": "SLPContainsStringList",
    "folder": "/tmp/macke/2017-07-18-15-10-27/klee/klee-out-20",
    "phase": 2
  },
  "klee-out-21": {
    "bcfile": "/tmp/macke/2017-07-18-15-10-27/bitcode/chain-SLPIntersectRemoveStringList-SLPContainsStringList.bc",
    "callee": "SLPContainsStringList",
    "caller": "SLPIntersectRemoveStringList",
    "folder": "/tmp/macke/2017-07-18-15-10-27/klee/klee-out-21",
    "phase": 2
  },
  "klee-out-22": {
    "bcfile": "/tmp/macke/2017-07-18-15-10-27/bitcode/chain-SLPIntersectStringList-SLPContainsStringList.bc",
    "callee": "SLPContainsStringList",
    "caller": "SLPIntersectStringList",
    "folder": "/tmp/macke/2017-07-18-15-10-27/klee/klee-out-22",
    "phase": 2
  },
  "klee-out-23": {
    "bcfile": "/tmp/macke/2017-07-18-15-10-27/bitcode/chain-SLPUnionStringList-SLPContainsStringList.bc",
    "callee": "SLPContainsStringList",
    "caller": "SLPUnionStringList",
    "folder": "/tmp/macke/2017-07-18-15-10-27/klee/klee-out-23",
    "phase": 2
  }
}
