{"{ishex}": {"faulty": false, "node_path_length": 0, "macke_bug_chain_length": 1, "node_degree": [0, 2, 2], "distance_to_interface": 2, "macke_vulnerabilities_found": 1, "clustering_coefficient": 0.0}, "{external node}": {"faulty": false, "node_path_length": 0, "macke_bug_chain_length": 0, "node_degree": [20, 0, 20], "distance_to_interface": 999, "macke_vulnerabilities_found": 0, "clustering_coefficient": 0.07368421052631578}, "{SLPCompareNamingAuth}": {"faulty": false, "node_path_length": 1.0, "macke_bug_chain_length": 1, "node_degree": [2, 1, 3], "distance_to_interface": 1, "macke_vulnerabilities_found": 1, "clustering_coefficient": 0.3333333333333333}, "{llvm.memcpy.p0i8.p0i8.i64}": {"faulty": false, "node_path_length": 0, "macke_bug_chain_length": 0, "node_degree": [0, 1, 1], "distance_to_interface": 1, "macke_vulnerabilities_found": 0, "clustering_coefficient": 0}, "{SLPSubsetStringList}": {"faulty": false, "node_path_length": 1.0, "macke_bug_chain_length": 1, "node_degree": [1, 1, 2], "distance_to_interface": 1, "macke_vulnerabilities_found": 1, "clustering_coefficient": 1.0}, "{llvm.dbg.declare}": {"faulty": false, "node_path_length": 0, "macke_bug_chain_length": 0, "node_degree": [0, 1, 1], "distance_to_interface": 1, "macke_vulnerabilities_found": 0, "clustering_coefficient": 0}, "{SLPCheckServiceUrlSyntax}": {"faulty": false, "node_path_length": 0, "macke_bug_chain_length": 1, "node_degree": [0, 1, 1], "distance_to_interface": 1, "macke_vulnerabilities_found": 1, "clustering_coefficient": 0}, "{SLPFoldWhiteSpace}": {"cvss3": {"userInteraction": "NONE", "availabilityImpact": "HIGH", "privilegesRequired": "NONE", "baseScore": 9.8, "confidentialityImpact": "HIGH", "attackComplexity": "LOW", "integrityImpact": "HIGH", "baseSeverity": "CRITICAL", "vectorString": "AV:N/AC:L/PR:N/UI:N/S:U/C:H/I:H/A:H", "attackVector": "NETWORK", "scope": "UNCHANGED"}, "faulty": true, "node_path_length": 1.0, "macke_bug_chain_length": 1, "node_degree": [1, 1, 2], "distance_to_interface": 3, "macke_vulnerabilities_found": 1, "clustering_coefficient": 1.0}, "{SLPIntersectStringList}": {"faulty": false, "node_path_length": 1.0, "macke_bug_chain_length": 4, "node_degree": [1, 2, 3], "distance_to_interface": 1, "macke_vulnerabilities_found": 1, "clustering_coefficient": 0.6666666666666666}, "{free}": {"faulty": false, "node_path_length": 1.0, "macke_bug_chain_length": 0, "node_degree": [1, 2, 3], "distance_to_interface": 1, "macke_vulnerabilities_found": 0, "clustering_coefficient": 0.3333333333333333}, "{SLPCheckAttributeListSyntax}": {"faulty": false, "node_path_length": 0, "macke_bug_chain_length": 1, "node_degree": [0, 1, 1], "distance_to_interface": 1, "macke_vulnerabilities_found": 1, "clustering_coefficient": 0}, "{SLPUnescapeInPlace}": {"faulty": false, "node_path_length": 1.0, "macke_bug_chain_length": 1, "node_degree": [2, 1, 3], "distance_to_interface": 3, "macke_vulnerabilities_found": 1, "clustering_coefficient": 0.0}, "{SLPNormalizeString}": {"faulty": false, "node_path_length": 1.0, "macke_bug_chain_length": 1, "node_degree": [4, 1, 5], "distance_to_interface": 1, "macke_vulnerabilities_found": 1, "clustering_coefficient": 0.2}, "{hex2bin}": {"faulty": false, "node_path_length": 0, "macke_bug_chain_length": 1, "node_degree": [0, 2, 2], "distance_to_interface": 2, "macke_vulnerabilities_found": 1, "clustering_coefficient": 0.0}, "{SLPUnionStringList}": {"faulty": false, "node_path_length": 1.0, "macke_bug_chain_length": 4, "node_degree": [1, 1, 2], "distance_to_interface": 1, "macke_vulnerabilities_found": 1, "clustering_coefficient": 1.0}, "{SLPContainsStringList}": {"faulty": false, "node_path_length": 3.030534351145038, "macke_bug_chain_length": 3, "node_degree": [1, 4, 5], "distance_to_interface": 1, "macke_vulnerabilities_found": 1, "clustering_coefficient": 0.4}, "{tolower}": {"faulty": false, "node_path_length": 0, "macke_bug_chain_length": 0, "node_degree": [1, 3, 4], "distance_to_interface": 1, "macke_vulnerabilities_found": 0, "clustering_coefficient": 0.3333333333333333}, "{memchr}": {"faulty": false, "node_path_length": 1.0, "macke_bug_chain_length": 0, "node_degree": [1, 3, 4], "distance_to_interface": 1, "macke_vulnerabilities_found": 0, "clustering_coefficient": 0.3333333333333333}, "{SLPCompareSrvType}": {"faulty": false, "node_path_length": 1.3333333333333333, "macke_bug_chain_length": 1, "node_degree": [3, 1, 4], "distance_to_interface": 1, "macke_vulnerabilities_found": 1, "clustering_coefficient": 0.5}, "{SLPCompareString}": {"faulty": false, "node_path_length": 2.030534351145038, "macke_bug_chain_length": 1, "node_degree": [6, 2, 8], "distance_to_interface": 1, "macke_vulnerabilities_found": 1, "clustering_coefficient": 0.17857142857142858}, "{SLPCompareNormalizedString}": {"faulty": false, "node_path_length": 3.0, "macke_bug_chain_length": 1, "node_degree": [1, 3, 4], "distance_to_interface": 2, "macke_vulnerabilities_found": 1, "clustering_coefficient": 0.16666666666666666}, "{SLPIntersectRemoveStringList}": {"faulty": false, "node_path_length": 1.0, "macke_bug_chain_length": 4, "node_degree": [1, 1, 2], "distance_to_interface": 1, "macke_vulnerabilities_found": 1, "clustering_coefficient": 1.0}, "{_xmemdup}": {"faulty": false, "node_path_length": 1.0, "macke_bug_chain_length": 0, "node_degree": [1, 2, 3], "distance_to_interface": 1, "macke_vulnerabilities_found": 0, "clustering_coefficient": 0.3333333333333333}, "{llvm.memmove.p0i8.p0i8.i64}": {"faulty": false, "node_path_length": 0, "macke_bug_chain_length": 0, "node_degree": [0, 1, 1], "distance_to_interface": 1, "macke_vulnerabilities_found": 0, "clustering_coefficient": 0}, "{__ctype_b_loc}": {"faulty": false, "node_path_length": 1.0, "macke_bug_chain_length": 0, "node_degree": [1, 4, 5], "distance_to_interface": 1, "macke_vulnerabilities_found": 0, "clustering_coefficient": 0.3}, "{strncasecmp}": {"faulty": false, "node_path_length": 2.0, "macke_bug_chain_length": 1, "node_degree": [1, 3, 4], "distance_to_interface": 1, "macke_vulnerabilities_found": 1, "clustering_coefficient": 0.5}}