{"directed": true, "graph": {"node": {"shape": "", "label": "Call graph"}, "graph": {"label": "Call graph"}, "edge": {}, "name": "Call graph"}, "nodes": [{"shape": "record", "id": "Node0x1ae7620", "label": "{SLPContainsStringList}"}, {"shape": "record", "id": "Node0x1adec20", "label": "{_xmemdup}"}, {"shape": "record", "id": "Node0x1ae7920", "label": "{SLPIntersectRemoveStringList}"}, {"shape": "record", "id": "Node0x1adecf0", "label": "{__ctype_b_loc}"}, {"shape": "record", "id": "Node0x1adebf0", "label": "{SLPCompareString}"}, {"shape": "record", "id": "Node0x1ae7370", "label": "{SLPCompareNamingAuth}"}, {"shape": "record", "id": "Node0x1ae6fd0", "label": "{free}"}, {"shape": "record", "id": "Node0x1a6f920", "label": "{hex2bin}"}, {"shape": "record", "id": "Node0x1ae7880", "label": "{SLPIntersectStringList}"}, {"shape": "record", "id": "Node0x1ae7ad0", "label": "{SLPSubsetStringList}"}, {"shape": "record", "id": "Node0x1a62fa0", "label": "{SLPFoldWhiteSpace}"}, {"shape": "record", "id": "Node0x1adec80", "label": "{SLPNormalizeString}"}, {"id": "Node0x1a51930"}, {"shape": "record", "id": "Node0x1ae75f0", "label": "{SLPCompareSrvType}"}, {"shape": "record", "id": "Node0x1a63b30", "label": "{tolower}"}, {"shape": "record", "id": "Node0x1adec50", "label": "{SLPUnescapeInPlace}"}, {"shape": "record", "id": "Node0x1ae6f60", "label": "{SLPCompareNormalizedString}"}, {"shape": "record", "id": "Node0x1ae7450", "label": "{SLPCheckAttributeListSyntax}"}, {"shape": "record", "id": "Node0x1ae74c0", "label": "{llvm.memmove.p0i8.p0i8.i64}"}, {"shape": "record", "id": "Node0x1aded20", "label": "{ishex}"}, {"shape": "record", "id": "Node0x1a51900", "label": "{external node}"}, {"shape": "record", "id": "Node0x1a62e90", "label": "{memchr}"}, {"shape": "record", "id": "Node0x1ae79c0", "label": "{SLPUnionStringList}"}, {"shape": "record", "id": "Node0x1a51960", "label": "{strncasecmp}"}, {"shape": "record", "id": "Node0x1a63b60", "label": "{llvm.dbg.declare}"}, {"shape": "record", "id": "Node0x1ae73e0", "label": "{SLPCheckServiceUrlSyntax}"}, {"shape": "record", "id": "Node0x1ae7a60", "label": "{llvm.memcpy.p0i8.p0i8.i64}"}], "links": [{"source": "Node0x1ae7620", "target": "Node0x1adebf0", "key": 0}, {"source": "Node0x1adec20", "target": "Node0x1a51930", "key": 0}, {"source": "Node0x1ae7920", "target": "Node0x1ae7620", "key": 0}, {"source": "Node0x1adecf0", "target": "Node0x1a51930", "key": 0}, {"source": "Node0x1adebf0", "target": "Node0x1adec20", "key": 0}, {"source": "Node0x1adebf0", "target": "Node0x1adec20", "key": 1}, {"source": "Node0x1adebf0", "target": "Node0x1adecf0", "key": 0}, {"source": "Node0x1adebf0", "target": "Node0x1adecf0", "key": 1}, {"source": "Node0x1adebf0", "target": "Node0x1adecf0", "key": 2}, {"source": "Node0x1adebf0", "target": "Node0x1adecf0", "key": 3}, {"source": "Node0x1adebf0", "target": "Node0x1ae6fd0", "key": 0}, {"source": "Node0x1adebf0", "target": "Node0x1ae6fd0", "key": 1}, {"source": "Node0x1adebf0", "target": "Node0x1adec50", "key": 0}, {"source": "Node0x1adebf0", "target": "Node0x1adec50", "key": 1}, {"source": "Node0x1adebf0", "target": "Node0x1ae6f60", "key": 0}, {"source": "Node0x1adebf0", "target": "Node0x1a62fa0", "key": 0}, {"source": "Node0x1adebf0", "target": "Node0x1a62fa0", "key": 1}, {"source": "Node0x1ae7370", "target": "Node0x1a62e90", "key": 0}, {"source": "Node0x1ae7370", "target": "Node0x1ae6f60", "key": 0}, {"source": "Node0x1ae6fd0", "target": "Node0x1a51930", "key": 0}, {"source": "Node0x1ae7880", "target": "Node0x1ae7620", "key": 0}, {"source": "Node0x1ae7ad0", "target": "Node0x1ae7880", "key": 0}, {"source": "Node0x1a62fa0", "target": "Node0x1adecf0", "key": 0}, {"source": "Node0x1a62fa0", "target": "Node0x1adecf0", "key": 1}, {"source": "Node0x1adec80", "target": "Node0x1a6f920", "key": 0}, {"source": "Node0x1adec80", "target": "Node0x1a6f920", "key": 1}, {"source": "Node0x1adec80", "target": "Node0x1adecf0", "key": 0}, {"source": "Node0x1adec80", "target": "Node0x1adecf0", "key": 1}, {"source": "Node0x1adec80", "target": "Node0x1aded20", "key": 0}, {"source": "Node0x1adec80", "target": "Node0x1aded20", "key": 1}, {"source": "Node0x1adec80", "target": "Node0x1a63b30", "key": 0}, {"source": "Node0x1ae75f0", "target": "Node0x1a62e90", "key": 0}, {"source": "Node0x1ae75f0", "target": "Node0x1a62e90", "key": 1}, {"source": "Node0x1ae75f0", "target": "Node0x1ae6f60", "key": 0}, {"source": "Node0x1ae75f0", "target": "Node0x1ae6f60", "key": 1}, {"source": "Node0x1ae75f0", "target": "Node0x1ae6f60", "key": 2}, {"source": "Node0x1ae75f0", "target": "Node0x1a51960", "key": 0}, {"source": "Node0x1ae75f0", "target": "Node0x1a51960", "key": 1}, {"source": "Node0x1a63b30", "target": "Node0x1a51930", "key": 0}, {"source": "Node0x1adec50", "target": "Node0x1a6f920", "key": 0}, {"source": "Node0x1adec50", "target": "Node0x1a6f920", "key": 1}, {"source": "Node0x1adec50", "target": "Node0x1aded20", "key": 0}, {"source": "Node0x1adec50", "target": "Node0x1aded20", "key": 1}, {"source": "Node0x1ae6f60", "target": "Node0x1a51960", "key": 0}, {"source": "Node0x1a51900", "target": "Node0x1ae7620", "key": 0}, {"source": "Node0x1a51900", "target": "Node0x1adec20", "key": 0}, {"source": "Node0x1a51900", "target": "Node0x1ae75f0", "key": 0}, {"source": "Node0x1a51900", "target": "Node0x1adecf0", "key": 0}, {"source": "Node0x1a51900", "target": "Node0x1ae73e0", "key": 0}, {"source": "Node0x1a51900", "target": "Node0x1adebf0", "key": 0}, {"source": "Node0x1a51900", "target": "Node0x1ae7370", "key": 0}, {"source": "Node0x1a51900", "target": "Node0x1a51960", "key": 0}, {"source": "Node0x1a51900", "target": "Node0x1a63b30", "key": 0}, {"source": "Node0x1a51900", "target": "Node0x1ae7920", "key": 0}, {"source": "Node0x1a51900", "target": "Node0x1ae7880", "key": 0}, {"source": "Node0x1a51900", "target": "Node0x1a63b60", "key": 0}, {"source": "Node0x1a51900", "target": "Node0x1ae6fd0", "key": 0}, {"source": "Node0x1a51900", "target": "Node0x1ae7ad0", "key": 0}, {"source": "Node0x1a51900", "target": "Node0x1ae7450", "key": 0}, {"source": "Node0x1a51900", "target": "Node0x1a62e90", "key": 0}, {"source": "Node0x1a51900", "target": "Node0x1adec80", "key": 0}, {"source": "Node0x1a51900", "target": "Node0x1ae7a60", "key": 0}, {"source": "Node0x1a51900", "target": "Node0x1ae74c0", "key": 0}, {"source": "Node0x1a51900", "target": "Node0x1ae79c0", "key": 0}, {"source": "Node0x1a62e90", "target": "Node0x1a51930", "key": 0}, {"source": "Node0x1ae79c0", "target": "Node0x1ae7620", "key": 0}, {"source": "Node0x1a51960", "target": "Node0x1a63b30", "key": 0}, {"source": "Node0x1a51960", "target": "Node0x1a63b30", "key": 1}], "multigraph": true}
