{"nodes": [{"id": "{SLPContainsStringList}", "type": 0, "data": {"faulty": false, "node_path_length": 3.030534351145038, "macke_bug_chain_length": 3, "node_degree": [1, 4, 5], "distance_to_interface": 1, "macke_vulnerabilities_found": 1, "clustering_coefficient": 0.4}}, {"id": "{_xmemdup}", "type": 3, "data": {"faulty": false, "node_path_length": 1.0, "macke_bug_chain_length": 0, "node_degree": [1, 2, 3], "distance_to_interface": 1, "macke_vulnerabilities_found": 0, "clustering_coefficient": 0.3333333333333333}}, {"id": "{SLPIntersectRemoveStringList}", "type": 1, "data": {"faulty": false, "node_path_length": 1.0, "macke_bug_chain_length": 4, "node_degree": [1, 1, 2], "distance_to_interface": 1, "macke_vulnerabilities_found": 1, "clustering_coefficient": 1.0}}, {"id": "{__ctype_b_loc}", "type": 3, "data": {"faulty": false, "node_path_length": 1.0, "macke_bug_chain_length": 0, "node_degree": [1, 4, 5], "distance_to_interface": 1, "macke_vulnerabilities_found": 0, "clustering_coefficient": 0.3}}, {"id": "{SLPCompareString}", "type": 5, "data": {"faulty": false, "node_path_length": 2.030534351145038, "macke_bug_chain_length": 1, "node_degree": [6, 2, 8], "distance_to_interface": 1, "macke_vulnerabilities_found": 1, "clustering_coefficient": 0.17857142857142858}}, {"id": "{SLPCompareNamingAuth}", "type": 0, "data": {"faulty": false, "node_path_length": 1.0, "macke_bug_chain_length": 1, "node_degree": [2, 1, 3], "distance_to_interface": 1, "macke_vulnerabilities_found": 1, "clustering_coefficient": 0.3333333333333333}}, {"id": "{free}", "type": 4, "data": {"faulty": false, "node_path_length": 1.0, "macke_bug_chain_length": 0, "node_degree": [1, 2, 3], "distance_to_interface": 1, "macke_vulnerabilities_found": 0, "clustering_coefficient": 0.3333333333333333}}, {"id": "{hex2bin}", "type": 2, "data": {"faulty": false, "node_path_length": 0, "macke_bug_chain_length": 1, "node_degree": [0, 2, 2], "distance_to_interface": 2, "macke_vulnerabilities_found": 1, "clustering_coefficient": 0.0}}, {"id": "{SLPIntersectStringList}", "type": 4, "data": {"faulty": false, "node_path_length": 1.0, "macke_bug_chain_length": 4, "node_degree": [1, 2, 3], "distance_to_interface": 1, "macke_vulnerabilities_found": 1, "clustering_coefficient": 0.6666666666666666}}, {"id": "{SLPSubsetStringList}", "type": 3, "data": {"faulty": false, "node_path_length": 1.0, "macke_bug_chain_length": 1, "node_degree": [1, 1, 2], "distance_to_interface": 1, "macke_vulnerabilities_found": 1, "clustering_coefficient": 1.0}}, {"id": "{SLPFoldWhiteSpace}", "type": 0, "data": {"cvss3": {"userInteraction": "NONE", "availabilityImpact": "HIGH", "privilegesRequired": "NONE", "baseScore": 9.8, "confidentialityImpact": "HIGH", "attackComplexity": "LOW", "integrityImpact": "HIGH", "baseSeverity": "CRITICAL", "vectorString": "AV:N/AC:L/PR:N/UI:N/S:U/C:H/I:H/A:H", "attackVector": "NETWORK", "scope": "UNCHANGED"}, "faulty": true, "node_path_length": 1.0, "macke_bug_chain_length": 1, "node_degree": [1, 1, 2], "distance_to_interface": 3, "macke_vulnerabilities_found": 1, "clustering_coefficient": 1.0}}, {"id": "{SLPNormalizeString}", "type": 1, "data": {"faulty": false, "node_path_length": 1.0, "macke_bug_chain_length": 1, "node_degree": [4, 1, 5], "distance_to_interface": 1, "macke_vulnerabilities_found": 1, "clustering_coefficient": 0.2}}, {"type": 4, "id": "Node0x1a51930"}, {"id": "{SLPCompareSrvType}", "type": 2, "data": {"faulty": false, "node_path_length": 1.3333333333333333, "macke_bug_chain_length": 1, "node_degree": [3, 1, 4], "distance_to_interface": 1, "macke_vulnerabilities_found": 1, "clustering_coefficient": 0.5}}, {"id": "{tolower}", "type": 5, "data": {"faulty": false, "node_path_length": 0, "macke_bug_chain_length": 0, "node_degree": [1, 3, 4], "distance_to_interface": 1, "macke_vulnerabilities_found": 0, "clustering_coefficient": 0.3333333333333333}}, {"id": "{SLPUnescapeInPlace}", "type": 5, "data": {"faulty": false, "node_path_length": 1.0, "macke_bug_chain_length": 1, "node_degree": [2, 1, 3], "distance_to_interface": 3, "macke_vulnerabilities_found": 1, "clustering_coefficient": 0.0}}, {"id": "{SLPCompareNormalizedString}", "type": 4, "data": {"faulty": false, "node_path_length": 3.0, "macke_bug_chain_length": 1, "node_degree": [1, 3, 4], "distance_to_interface": 2, "macke_vulnerabilities_found": 1, "clustering_coefficient": 0.16666666666666666}}, {"id": "{SLPCheckAttributeListSyntax}", "type": 5, "data": {"faulty": false, "node_path_length": 0, "macke_bug_chain_length": 1, "node_degree": [0, 1, 1], "distance_to_interface": 1, "macke_vulnerabilities_found": 1, "clustering_coefficient": 0}}, {"id": "{llvm.memmove.p0i8.p0i8.i64}", "type": 0, "data": {"faulty": false, "node_path_length": 0, "macke_bug_chain_length": 0, "node_degree": [0, 1, 1], "distance_to_interface": 1, "macke_vulnerabilities_found": 0, "clustering_coefficient": 0}}, {"id": "{ishex}", "type": 4, "data": {"faulty": false, "node_path_length": 0, "macke_bug_chain_length": 1, "node_degree": [0, 2, 2], "distance_to_interface": 2, "macke_vulnerabilities_found": 1, "clustering_coefficient": 0.0}}, {"id": "{external node}", "type": 5, "data": {"faulty": false, "node_path_length": 0, "macke_bug_chain_length": 0, "node_degree": [20, 0, 20], "distance_to_interface": 999, "macke_vulnerabilities_found": 0, "clustering_coefficient": 0.07368421052631578}}, {"id": "{memchr}", "type": 5, "data": {"faulty": false, "node_path_length": 1.0, "macke_bug_chain_length": 0, "node_degree": [1, 3, 4], "distance_to_interface": 1, "macke_vulnerabilities_found": 0, "clustering_coefficient": 0.3333333333333333}}, {"id": "{SLPUnionStringList}", "type": 1, "data": {"faulty": false, "node_path_length": 1.0, "macke_bug_chain_length": 4, "node_degree": [1, 1, 2], "distance_to_interface": 1, "macke_vulnerabilities_found": 1, "clustering_coefficient": 1.0}}, {"id": "{strncasecmp}", "type": 5, "data": {"faulty": false, "node_path_length": 2.0, "macke_bug_chain_length": 1, "node_degree": [1, 3, 4], "distance_to_interface": 1, "macke_vulnerabilities_found": 1, "clustering_coefficient": 0.5}}, {"id": "{llvm.dbg.declare}", "type": 3, "data": {"faulty": false, "node_path_length": 0, "macke_bug_chain_length": 0, "node_degree": [0, 1, 1], "distance_to_interface": 1, "macke_vulnerabilities_found": 0, "clustering_coefficient": 0}}, {"id": "{SLPCheckServiceUrlSyntax}", "type": 3, "data": {"faulty": false, "node_path_length": 0, "macke_bug_chain_length": 1, "node_degree": [0, 1, 1], "distance_to_interface": 1, "macke_vulnerabilities_found": 1, "clustering_coefficient": 0}}, {"id": "{llvm.memcpy.p0i8.p0i8.i64}", "type": 3, "data": {"faulty": false, "node_path_length": 0, "macke_bug_chain_length": 0, "node_degree": [0, 1, 1], "distance_to_interface": 1, "macke_vulnerabilities_found": 0, "clustering_coefficient": 0}}], "links": [{"type": 1, "target": "{SLPCompareString}", "source": "{SLPContainsStringList}"}, {"type": 2, "target": "Node0x1a51930", "source": "{_xmemdup}"}, {"type": 0, "target": "{SLPContainsStringList}", "source": "{SLPIntersectRemoveStringList}"}, {"type": 0, "target": "Node0x1a51930", "source": "{__ctype_b_loc}"}, {"type": 1, "target": "{_xmemdup}", "source": "{SLPCompareString}"}, {"type": 1, "target": "{_xmemdup}", "source": "{SLPCompareString}"}, {"type": 3, "target": "{__ctype_b_loc}", "source": "{SLPCompareString}"}, {"type": 3, "target": "{__ctype_b_loc}", "source": "{SLPCompareString}"}, {"type": 1, "target": "{__ctype_b_loc}", "source": "{SLPCompareString}"}, {"type": 3, "target": "{__ctype_b_loc}", "source": "{SLPCompareString}"}, {"type": 2, "target": "{free}", "source": "{SLPCompareString}"}, {"type": 2, "target": "{free}", "source": "{SLPCompareString}"}, {"type": 1, "target": "{SLPUnescapeInPlace}", "source": "{SLPCompareString}"}, {"type": 0, "target": "{SLPUnescapeInPlace}", "source": "{SLPCompareString}"}, {"type": 2, "target": "{SLPCompareNormalizedString}", "source": "{SLPCompareString}"}, {"type": 2, "target": "{SLPFoldWhiteSpace}", "source": "{SLPCompareString}"}, {"type": 1, "target": "{SLPFoldWhiteSpace}", "source": "{SLPCompareString}"}, {"type": 3, "target": "{memchr}", "source": "{SLPCompareNamingAuth}"}, {"type": 3, "target": "{SLPCompareNormalizedString}", "source": "{SLPCompareNamingAuth}"}, {"type": 0, "target": "Node0x1a51930", "source": "{free}"}, {"type": 1, "target": "{SLPContainsStringList}", "source": "{SLPIntersectStringList}"}, {"type": 3, "target": "{SLPIntersectStringList}", "source": "{SLPSubsetStringList}"}, {"type": 3, "target": "{__ctype_b_loc}", "source": "{SLPFoldWhiteSpace}"}, {"type": 3, "target": "{__ctype_b_loc}", "source": "{SLPFoldWhiteSpace}"}, {"type": 3, "target": "{hex2bin}", "source": "{SLPNormalizeString}"}, {"type": 1, "target": "{hex2bin}", "source": "{SLPNormalizeString}"}, {"type": 0, "target": "{__ctype_b_loc}", "source": "{SLPNormalizeString}"}, {"type": 2, "target": "{__ctype_b_loc}", "source": "{SLPNormalizeString}"}, {"type": 1, "target": "{ishex}", "source": "{SLPNormalizeString}"}, {"type": 0, "target": "{ishex}", "source": "{SLPNormalizeString}"}, {"type": 0, "target": "{tolower}", "source": "{SLPNormalizeString}"}, {"type": 1, "target": "{memchr}", "source": "{SLPCompareSrvType}"}, {"type": 2, "target": "{memchr}", "source": "{SLPCompareSrvType}"}, {"type": 2, "target": "{SLPCompareNormalizedString}", "source": "{SLPCompareSrvType}"}, {"type": 0, "target": "{SLPCompareNormalizedString}", "source": "{SLPCompareSrvType}"}, {"type": 0, "target": "{SLPCompareNormalizedString}", "source": "{SLPCompareSrvType}"}, {"type": 1, "target": "{strncasecmp}", "source": "{SLPCompareSrvType}"}, {"type": 2, "target": "{strncasecmp}", "source": "{SLPCompareSrvType}"}, {"type": 3, "target": "Node0x1a51930", "source": "{tolower}"}, {"type": 3, "target": "{hex2bin}", "source": "{SLPUnescapeInPlace}"}, {"type": 3, "target": "{hex2bin}", "source": "{SLPUnescapeInPlace}"}, {"type": 1, "target": "{ishex}", "source": "{SLPUnescapeInPlace}"}, {"type": 0, "target": "{ishex}", "source": "{SLPUnescapeInPlace}"}, {"type": 0, "target": "{strncasecmp}", "source": "{SLPCompareNormalizedString}"}, {"type": 0, "target": "{SLPContainsStringList}", "source": "{external node}"}, {"type": 1, "target": "{_xmemdup}", "source": "{external node}"}, {"type": 1, "target": "{SLPCompareSrvType}", "source": "{external node}"}, {"type": 1, "target": "{__ctype_b_loc}", "source": "{external node}"}, {"type": 3, "target": "{SLPCheckServiceUrlSyntax}", "source": "{external node}"}, {"type": 1, "target": "{SLPCompareString}", "source": "{external node}"}, {"type": 2, "target": "{SLPCompareNamingAuth}", "source": "{external node}"}, {"type": 0, "target": "{strncasecmp}", "source": "{external node}"}, {"type": 0, "target": "{tolower}", "source": "{external node}"}, {"type": 1, "target": "{SLPIntersectRemoveStringList}", "source": "{external node}"}, {"type": 0, "target": "{SLPIntersectStringList}", "source": "{external node}"}, {"type": 3, "target": "{llvm.dbg.declare}", "source": "{external node}"}, {"type": 1, "target": "{free}", "source": "{external node}"}, {"type": 1, "target": "{SLPSubsetStringList}", "source": "{external node}"}, {"type": 1, "target": "{SLPCheckAttributeListSyntax}", "source": "{external node}"}, {"type": 1, "target": "{memchr}", "source": "{external node}"}, {"type": 3, "target": "{SLPNormalizeString}", "source": "{external node}"}, {"type": 0, "target": "{llvm.memcpy.p0i8.p0i8.i64}", "source": "{external node}"}, {"type": 0, "target": "{llvm.memmove.p0i8.p0i8.i64}", "source": "{external node}"}, {"type": 0, "target": "{SLPUnionStringList}", "source": "{external node}"}, {"type": 3, "target": "Node0x1a51930", "source": "{memchr}"}, {"type": 3, "target": "{SLPContainsStringList}", "source": "{SLPUnionStringList}"}, {"type": 0, "target": "{tolower}", "source": "{strncasecmp}"}, {"type": 2, "target": "{tolower}", "source": "{strncasecmp}"}]}