{
  "klee-out-1": {
    "bcfile": "/tmp/macke/2017-07-19-17-36-42/bitcode/symmains.bc",
    "folder": "/tmp/macke/2017-07-19-17-36-42/klee/klee-out-1",
    "function": "_ZN6Object9zeroUnionEv",
    "phase": 1
  },
  "klee-out-2": {
    "bcfile": "/tmp/macke/2017-07-19-17-36-42/bitcode/symmains.bc",
    "folder": "/tmp/macke/2017-07-19-17-36-42/klee/klee-out-2",
    "function": "_ZN6Object9initArrayEP4XRef",
    "phase": 1
  },
  "klee-out-3": {
    "bcfile": "/tmp/macke/2017-07-19-17-36-42/bitcode/symmains.bc",
    "folder": "/tmp/macke/2017-07-19-17-36-42/klee/klee-out-3",
    "function": "_ZN6Object8initDictEP4XRef",
    "phase": 1
  },
  "klee-out-4": {
    "bcfile": "/tmp/macke/2017-07-19-17-36-42/bitcode/symmains.bc",
    "folder": "/tmp/macke/2017-07-19-17-36-42/klee/klee-out-4",
    "function": "_ZN6Object8initDictEP4Dict",
    "phase": 1
  },
  "klee-out-5": {
    "bcfile": "/tmp/macke/2017-07-19-17-36-42/bitcode/symmains.bc",
    "folder": "/tmp/macke/2017-07-19-17-36-42/klee/klee-out-5",
    "function": "_ZN6Object10initStreamEP6Stream",
    "phase": 1
  },
  "klee-out-6": {
    "bcfile": "/tmp/macke/2017-07-19-17-36-42/bitcode/symmains.bc",
    "folder": "/tmp/macke/2017-07-19-17-36-42/klee/klee-out-6",
    "function": "_ZNK9GooString4copyEv",
    "phase": 1
  },
  "klee-out-7": {
    "bcfile": "/tmp/macke/2017-07-19-17-36-42/bitcode/symmains.bc",
    "folder": "/tmp/macke/2017-07-19-17-36-42/klee/klee-out-7",
    "function": "_ZN6Object4copyEPS_",
    "phase": 1
  },
  "klee-out-8": {
    "bcfile": "/tmp/macke/2017-07-19-17-36-42/bitcode/symmains.bc",
    "folder": "/tmp/macke/2017-07-19-17-36-42/klee/klee-out-8",
    "function": "_ZN6Object5fetchEP4XRefPS_i",
    "phase": 1
  },
  "klee-out-9": {
    "bcfile": "/tmp/macke/2017-07-19-17-36-42/bitcode/symmains.bc",
    "folder": "/tmp/macke/2017-07-19-17-36-42/klee/klee-out-9",
    "function": "_ZN6Object4freeEv",
    "phase": 1
  },
  "klee-out-10": {
    "bcfile": "/tmp/macke/2017-07-19-17-36-42/bitcode/symmains.bc",
    "folder": "/tmp/macke/2017-07-19-17-36-42/klee/klee-out-10",
    "function": "_ZN6Object11getTypeNameEv",
    "phase": 1
  },
  "klee-out-11": {
    "bcfile": "/tmp/macke/2017-07-19-17-36-42/bitcode/symmains.bc",
    "folder": "/tmp/macke/2017-07-19-17-36-42/klee/klee-out-11",
    "function": "_ZN6ObjectC2Ev",
    "phase": 1
  },
  "klee-out-12": {
    "bcfile": "/tmp/macke/2017-07-19-17-36-42/bitcode/symmains.bc",
    "folder": "/tmp/macke/2017-07-19-17-36-42/klee/klee-out-12",
    "function": "_ZN9GooString10getCStringEv",
    "phase": 1
  },
  "klee-out-13": {
    "bcfile": "/tmp/macke/2017-07-19-17-36-42/bitcode/symmains.bc",
    "folder": "/tmp/macke/2017-07-19-17-36-42/klee/klee-out-13",
    "function": "_ZNK9GooString9getLengthEv",
    "phase": 1
  },
  "klee-out-14": {
    "bcfile": "/tmp/macke/2017-07-19-17-36-42/bitcode/symmains.bc",
    "folder": "/tmp/macke/2017-07-19-17-36-42/klee/klee-out-14",
    "function": "_ZN5Array9getLengthEv",
    "phase": 1
  },
  "klee-out-15": {
    "bcfile": "/tmp/macke/2017-07-19-17-36-42/bitcode/symmains.bc",
    "folder": "/tmp/macke/2017-07-19-17-36-42/klee/klee-out-15",
    "function": "_ZN6Object14arrayGetLengthEv",
    "phase": 1
  },
  "klee-out-16": {
    "bcfile": "/tmp/macke/2017-07-19-17-36-42/bitcode/symmains.bc",
    "folder": "/tmp/macke/2017-07-19-17-36-42/klee/klee-out-16",
    "function": "_ZN6Object10arrayGetNFEiPS_",
    "phase": 1
  },
  "klee-out-17": {
    "bcfile": "/tmp/macke/2017-07-19-17-36-42/bitcode/symmains.bc",
    "folder": "/tmp/macke/2017-07-19-17-36-42/klee/klee-out-17",
    "function": "_ZN4Dict9getLengthEv",
    "phase": 1
  },
  "klee-out-18": {
    "bcfile": "/tmp/macke/2017-07-19-17-36-42/bitcode/symmains.bc",
    "folder": "/tmp/macke/2017-07-19-17-36-42/klee/klee-out-18",
    "function": "_ZN6Object13dictGetLengthEv",
    "phase": 1
  },
  "klee-out-19": {
    "bcfile": "/tmp/macke/2017-07-19-17-36-42/bitcode/symmains.bc",
    "folder": "/tmp/macke/2017-07-19-17-36-42/klee/klee-out-19",
    "function": "_ZN6Object10dictGetKeyEi",
    "phase": 1
  },
  "klee-out-20": {
    "bcfile": "/tmp/macke/2017-07-19-17-36-42/bitcode/symmains.bc",
    "folder": "/tmp/macke/2017-07-19-17-36-42/klee/klee-out-20",
    "function": "_ZN6Object12dictGetValNFEiPS_",
    "phase": 1
  },
  "klee-out-21": {
    "bcfile": "/tmp/macke/2017-07-19-17-36-42/bitcode/symmains.bc",
    "folder": "/tmp/macke/2017-07-19-17-36-42/klee/klee-out-21",
    "function": "_ZN6Object5printEP8_IO_FILE",
    "phase": 1
  },
  "klee-out-22": {
    "bcfile": "/tmp/macke/2017-07-19-17-36-42/bitcode/symmains.bc",
    "folder": "/tmp/macke/2017-07-19-17-36-42/klee/klee-out-22",
    "function": "_ZN6Object8memCheckEP8_IO_FILE",
    "phase": 1
  }
}
