{"nodes": [{"type": 1, "data": {"distance_to_interface": 1, "macke_vulnerabilities_found": 1, "faulty": false, "clustering_coefficient": 1.0, "node_path_length": 0, "macke_bug_chain_length": 1, "node_degree": [0, 2, 2]}, "id": "{_ZN9GooString10getCStringEv}"}, {"type": 2, "data": {"distance_to_interface": 1, "macke_vulnerabilities_found": 1, "faulty": false, "clustering_coefficient": 1.0, "node_path_length": 0, "macke_bug_chain_length": 1, "node_degree": [0, 2, 2]}, "id": "{_ZN4Dict9getLengthEv}"}, {"type": 3, "data": {"distance_to_interface": 1, "macke_vulnerabilities_found": 0, "faulty": false, "clustering_coefficient": 0.3333333333333333, "node_path_length": 1.0, "macke_bug_chain_length": 0, "node_degree": [1, 2, 3]}, "id": "{copyString}"}, {"type": 5, "data": {"distance_to_interface": 1, "macke_vulnerabilities_found": 0, "faulty": false, "clustering_coefficient": 0, "node_path_length": 0, "macke_bug_chain_length": 0, "node_degree": [0, 1, 1]}, "id": "{llvm.memcpy.p0i8.p0i8.i64}"}, {"type": 2, "data": {"distance_to_interface": 1, "macke_vulnerabilities_found": 0, "faulty": false, "clustering_coefficient": 0.3, "node_path_length": 1.0, "macke_bug_chain_length": 0, "node_degree": [1, 4, 5]}, "id": "{_Znwm}"}, {"type": 2, "data": {"distance_to_interface": 1, "macke_vulnerabilities_found": 0, "faulty": false, "clustering_coefficient": 0.3333333333333333, "node_path_length": 1.0, "macke_bug_chain_length": 0, "node_degree": [1, 3, 4]}, "id": "{_ZN4Dict6incRefEv}"}, {"type": 2, "data": {"distance_to_interface": 1, "macke_vulnerabilities_found": 0, "faulty": false, "clustering_coefficient": 0.3333333333333333, "node_path_length": 1.0, "macke_bug_chain_length": 0, "node_degree": [1, 2, 3]}, "id": "{_ZN9GooStringC1EPKS_}"}, {"type": 0, "data": {"distance_to_interface": 1, "macke_vulnerabilities_found": 0, "faulty": false, "clustering_coefficient": 0.6666666666666666, "node_path_length": 1.0, "macke_bug_chain_length": 0, "node_degree": [1, 2, 3]}, "id": "{_ZN4DictD1Ev}"}, {"type": 2, "data": {"distance_to_interface": 1, "macke_vulnerabilities_found": 0, "faulty": false, "clustering_coefficient": 0.3333333333333333, "node_path_length": 1.0, "macke_bug_chain_length": 0, "node_degree": [1, 2, 3]}, "id": "{_ZN6Stream6incRefEv}"}, {"type": 0, "data": {"distance_to_interface": 1, "macke_vulnerabilities_found": 0, "faulty": false, "clustering_coefficient": 0.0, "node_path_length": 1.0, "macke_bug_chain_length": 0, "node_degree": [1, 1, 2]}, "id": "{__gxx_personality_v0}"}, {"type": 1, "data": {"distance_to_interface": 1, "macke_vulnerabilities_found": 0, "faulty": false, "clustering_coefficient": 0.6666666666666666, "node_path_length": 1.0, "macke_bug_chain_length": 0, "node_degree": [1, 2, 3]}, "id": "{_ZN6Stream6decRefEv}"}, {"type": 5, "data": {"distance_to_interface": 1, "macke_vulnerabilities_found": 1, "faulty": false, "clustering_coefficient": 0.3090909090909091, "node_path_length": 1.6116504854368932, "macke_bug_chain_length": 1, "node_degree": [9, 2, 11]}, "id": "{_ZN6Object4freeEv}"}, {"type": 2, "data": {"distance_to_interface": 1, "macke_vulnerabilities_found": 0, "faulty": false, "clustering_coefficient": 0.6666666666666666, "node_path_length": 1.0, "macke_bug_chain_length": 0, "node_degree": [1, 2, 3]}, "id": "{_ZN9GooStringD1Ev}"}, {"type": 2, "data": {"distance_to_interface": 1, "macke_vulnerabilities_found": 0, "faulty": false, "clustering_coefficient": 0.6666666666666666, "node_path_length": 1.0, "macke_bug_chain_length": 0, "node_degree": [1, 2, 3]}, "id": "{_ZN5Array6decRefEv}"}, {"type": 3, "data": {"distance_to_interface": 999, "macke_vulnerabilities_found": 0, "faulty": false, "clustering_coefficient": 0.047619047619047616, "node_path_length": 0, "macke_bug_chain_length": 0, "node_degree": [49, 0, 49]}, "id": "{external node}"}, {"type": 4, "data": {"distance_to_interface": 1, "macke_vulnerabilities_found": 0, "faulty": false, "clustering_coefficient": 0.3333333333333333, "node_path_length": 1.0, "macke_bug_chain_length": 0, "node_degree": [1, 2, 3]}, "id": "{_ZN4DictC1EP4XRef}"}, {"type": 0, "data": {"distance_to_interface": 1, "macke_vulnerabilities_found": 1, "faulty": false, "clustering_coefficient": 0.4, "node_path_length": 2.0, "macke_bug_chain_length": 1, "node_degree": [3, 2, 5]}, "id": "{_ZN6Object12dictGetValNFEiPS_}"}, {"type": 3, "data": {"distance_to_interface": 1, "macke_vulnerabilities_found": 1, "faulty": false, "clustering_coefficient": 0.4, "node_path_length": 1.0, "macke_bug_chain_length": 1, "node_degree": [3, 2, 5]}, "id": "{_ZN6Object14arrayGetLengthEv}"}, {"type": 1, "data": {"distance_to_interface": 1, "macke_vulnerabilities_found": 1, "faulty": false, "clustering_coefficient": 0.4, "node_path_length": 1.0, "macke_bug_chain_length": 1, "node_degree": [3, 2, 5]}, "id": "{_ZNK9GooString4copyEv}"}, {"type": 0, "data": {"distance_to_interface": 1, "macke_vulnerabilities_found": 1, "faulty": false, "clustering_coefficient": 0.2857142857142857, "node_path_length": 1.1666666666666667, "macke_bug_chain_length": 1, "node_degree": [5, 2, 7]}, "id": "{_ZN6Object4copyEPS_}"}, {"type": 5, "data": {"distance_to_interface": 1, "macke_vulnerabilities_found": 1, "faulty": false, "clustering_coefficient": 0.4, "node_path_length": 1.2, "macke_bug_chain_length": 1, "node_degree": [4, 1, 5]}, "id": "{_ZN6Object9initArrayEP4XRef}"}, {"type": 3, "id": "Node0x1da8910"}, {"type": 1, "data": {"distance_to_interface": 1, "macke_vulnerabilities_found": 0, "faulty": false, "clustering_coefficient": 0.3333333333333333, "node_path_length": 1.0, "macke_bug_chain_length": 0, "node_degree": [1, 2, 3]}, "id": "{fwrite}"}, {"type": 4, "data": {"distance_to_interface": 1, "macke_vulnerabilities_found": 1, "faulty": false, "clustering_coefficient": 1.0, "node_path_length": 0, "macke_bug_chain_length": 1, "node_degree": [0, 2, 2]}, "id": "{_ZNK9GooString9getLengthEv}"}, {"type": 5, "data": {"distance_to_interface": 1, "macke_vulnerabilities_found": 0, "faulty": false, "clustering_coefficient": 0.3333333333333333, "node_path_length": 1.0, "macke_bug_chain_length": 0, "node_degree": [1, 5, 6]}, "id": "{_ZdlPv}"}, {"type": 4, "data": {"distance_to_interface": 1, "macke_vulnerabilities_found": 0, "faulty": false, "clustering_coefficient": 0.3333333333333333, "node_path_length": 1.0, "macke_bug_chain_length": 0, "node_degree": [1, 2, 3]}, "id": "{_ZN5Array5getNFEiP6Object}"}, {"type": 0, "data": {"distance_to_interface": 1, "macke_vulnerabilities_found": 0, "faulty": false, "clustering_coefficient": 0.23809523809523808, "node_path_length": 1.0, "macke_bug_chain_length": 0, "node_degree": [1, 6, 7]}, "id": "{_Z5error13ErrorCategoryxPKcz}"}, {"type": 4, "data": {"distance_to_interface": 1, "macke_vulnerabilities_found": 1, "faulty": false, "clustering_coefficient": 0.4, "node_path_length": 1.0, "macke_bug_chain_length": 1, "node_degree": [3, 2, 5]}, "id": "{_ZN6Object10arrayGetNFEiPS_}"}, {"type": 0, "data": {"distance_to_interface": 1, "macke_vulnerabilities_found": 1, "faulty": false, "clustering_coefficient": 0.6666666666666666, "node_path_length": 1.3333333333333333, "macke_bug_chain_length": 1, "node_degree": [2, 1, 3]}, "id": "{_ZN6Object5fetchEP4XRefPS_i}"}, {"type": 4, "data": {"distance_to_interface": 1, "macke_vulnerabilities_found": 0, "faulty": false, "clustering_coefficient": 0.6666666666666666, "node_path_length": 1.0, "macke_bug_chain_length": 0, "node_degree": [1, 2, 3]}, "id": "{_ZN5ArrayD1Ev}"}, {"type": 4, "data": {"distance_to_interface": 1, "macke_vulnerabilities_found": 0, "faulty": false, "clustering_coefficient": 0.3333333333333333, "node_path_length": 1.0, "macke_bug_chain_length": 0, "node_degree": [1, 2, 3]}, "id": "{_ZN5ArrayC1EP4XRef}"}, {"type": 2, "data": {"distance_to_interface": 1, "macke_vulnerabilities_found": 0, "faulty": false, "clustering_coefficient": 0.6666666666666666, "node_path_length": 1.0, "macke_bug_chain_length": 0, "node_degree": [1, 2, 3]}, "id": "{_ZN4Dict6decRefEv}"}, {"type": 4, "data": {"distance_to_interface": 1, "macke_vulnerabilities_found": 0, "faulty": false, "clustering_coefficient": 0.3333333333333333, "node_path_length": 1.0, "macke_bug_chain_length": 0, "node_degree": [1, 2, 3]}, "id": "{_ZN4Dict8getValNFEiP6Object}"}, {"type": 0, "data": {"distance_to_interface": 1, "macke_vulnerabilities_found": 1, "faulty": false, "clustering_coefficient": 0.4, "node_path_length": 1.0, "macke_bug_chain_length": 1, "node_degree": [3, 2, 5]}, "id": "{_ZN6Object13dictGetLengthEv}"}, {"type": 3, "data": {"distance_to_interface": 1, "macke_vulnerabilities_found": 0, "faulty": false, "clustering_coefficient": 0.6666666666666666, "node_path_length": 1.0, "macke_bug_chain_length": 0, "node_degree": [1, 2, 3]}, "id": "{gfree}"}, {"type": 4, "data": {"distance_to_interface": 1, "macke_vulnerabilities_found": 1, "faulty": false, "clustering_coefficient": 1.0, "node_path_length": 1.0, "macke_bug_chain_length": 1, "node_degree": [1, 1, 2]}, "id": "{_ZN6Object10initStreamEP6Stream}"}, {"type": 1, "data": {"distance_to_interface": 1, "macke_vulnerabilities_found": 1, "faulty": false, "clustering_coefficient": 0.4, "node_path_length": 1.25, "macke_bug_chain_length": 1, "node_degree": [3, 2, 5]}, "id": "{_ZN6Object10dictGetKeyEi}"}, {"type": 4, "data": {"distance_to_interface": 1, "macke_vulnerabilities_found": 1, "faulty": false, "clustering_coefficient": 1.0, "node_path_length": 0, "macke_bug_chain_length": 1, "node_degree": [0, 2, 2]}, "id": "{_ZN5Array9getLengthEv}"}, {"type": 0, "data": {"distance_to_interface": 1, "macke_vulnerabilities_found": 1, "faulty": false, "clustering_coefficient": 0, "node_path_length": 0, "macke_bug_chain_length": 1, "node_degree": [0, 1, 1]}, "id": "{_ZN6Object8memCheckEP8_IO_FILE}"}, {"type": 1, "data": {"distance_to_interface": 1, "macke_vulnerabilities_found": 0, "faulty": false, "clustering_coefficient": 0.3333333333333333, "node_path_length": 1.0, "macke_bug_chain_length": 0, "node_degree": [1, 2, 3]}, "id": "{_ZN4Dict6getKeyEi}"}, {"type": 2, "data": {"distance_to_interface": 1, "macke_vulnerabilities_found": 1, "faulty": false, "clustering_coefficient": 0.4, "node_path_length": 1.0, "macke_bug_chain_length": 1, "node_degree": [4, 1, 5]}, "id": "{_ZN6Object8initDictEP4XRef}"}, {"type": 3, "data": {"distance_to_interface": 1, "macke_vulnerabilities_found": 1, "faulty": false, "clustering_coefficient": 0.3333333333333333, "node_path_length": 0, "macke_bug_chain_length": 1, "node_degree": [0, 6, 6]}, "id": "{_ZN6Object9zeroUnionEv}"}, {"type": 3, "data": {"distance_to_interface": 1, "macke_vulnerabilities_found": 0, "faulty": false, "clustering_coefficient": 0.3333333333333333, "node_path_length": 1.0, "macke_bug_chain_length": 0, "node_degree": [1, 2, 3]}, "id": "{_ZN5Array6incRefEv}"}, {"type": 1, "data": {"distance_to_interface": 1, "macke_vulnerabilities_found": 1, "faulty": false, "clustering_coefficient": 0.6666666666666666, "node_path_length": 1.0, "macke_bug_chain_length": 1, "node_degree": [2, 1, 3]}, "id": "{_ZN6Object8initDictEP4Dict}"}, {"type": 2, "data": {"distance_to_interface": 1, "macke_vulnerabilities_found": 0, "faulty": false, "clustering_coefficient": 0, "node_path_length": 0, "macke_bug_chain_length": 0, "node_degree": [0, 1, 1]}, "id": "{llvm.dbg.declare}"}, {"type": 2, "data": {"distance_to_interface": 1, "macke_vulnerabilities_found": 1, "faulty": false, "clustering_coefficient": 0, "node_path_length": 0, "macke_bug_chain_length": 1, "node_degree": [0, 1, 1]}, "id": "{_ZN6Object11getTypeNameEv}"}, {"type": 0, "data": {"distance_to_interface": 1, "macke_vulnerabilities_found": 0, "faulty": false, "clustering_coefficient": 0.3333333333333333, "node_path_length": 1.0, "macke_bug_chain_length": 0, "node_degree": [1, 2, 3]}, "id": "{_ZN4XRef5fetchEiiP6Objecti}"}, {"type": 1, "data": {"distance_to_interface": 1, "macke_vulnerabilities_found": 0, "faulty": false, "clustering_coefficient": 0.23809523809523808, "node_path_length": 1.0, "macke_bug_chain_length": 0, "node_degree": [1, 6, 7]}, "id": "{abort}"}, {"type": 2, "data": {"distance_to_interface": 1, "macke_vulnerabilities_found": 0, "faulty": false, "clustering_coefficient": 0.3333333333333333, "node_path_length": 1.0, "macke_bug_chain_length": 0, "node_degree": [1, 2, 3]}, "id": "{fprintf}"}, {"type": 3, "data": {"distance_to_interface": 1, "macke_vulnerabilities_found": 1, "faulty": false, "clustering_coefficient": 0.6666666666666666, "node_path_length": 1.0, "macke_bug_chain_length": 1, "node_degree": [1, 2, 3]}, "id": "{_ZN6ObjectC2Ev}"}, {"type": 4, "data": {"distance_to_interface": 1, "macke_vulnerabilities_found": 1, "faulty": false, "clustering_coefficient": 0.25274725274725274, "node_path_length": 1.1578947368421053, "macke_bug_chain_length": 1, "node_degree": [12, 2, 14]}, "id": "{_ZN6Object5printEP8_IO_FILE}"}], "links": [{"type": 3, "target": "Node0x1da8910", "source": "{copyString}"}, {"type": 0, "target": "Node0x1da8910", "source": "{_Znwm}"}, {"type": 1, "target": "Node0x1da8910", "source": "{_ZN4Dict6incRefEv}"}, {"type": 2, "target": "Node0x1da8910", "source": "{_ZN9GooStringC1EPKS_}"}, {"type": 3, "target": "Node0x1da8910", "source": "{_ZN4DictD1Ev}"}, {"type": 0, "target": "Node0x1da8910", "source": "{_ZN6Stream6incRefEv}"}, {"type": 2, "target": "Node0x1da8910", "source": "{__gxx_personality_v0}"}, {"type": 3, "target": "Node0x1da8910", "source": "{_ZN6Stream6decRefEv}"}, {"type": 0, "target": "{gfree}", "source": "{_ZN6Object4freeEv}"}, {"type": 1, "target": "{gfree}", "source": "{_ZN6Object4freeEv}"}, {"type": 2, "target": "Node0x1da8910", "source": "{_ZN6Object4freeEv}"}, {"type": 0, "target": "{_ZdlPv}", "source": "{_ZN6Object4freeEv}"}, {"type": 2, "target": "{_ZdlPv}", "source": "{_ZN6Object4freeEv}"}, {"type": 3, "target": "{_ZdlPv}", "source": "{_ZN6Object4freeEv}"}, {"type": 0, "target": "{_ZdlPv}", "source": "{_ZN6Object4freeEv}"}, {"type": 2, "target": "{_ZdlPv}", "source": "{_ZN6Object4freeEv}"}, {"type": 1, "target": "{_ZdlPv}", "source": "{_ZN6Object4freeEv}"}, {"type": 3, "target": "{_ZN5ArrayD1Ev}", "source": "{_ZN6Object4freeEv}"}, {"type": 2, "target": "{_ZN9GooStringD1Ev}", "source": "{_ZN6Object4freeEv}"}, {"type": 2, "target": "{_ZN4DictD1Ev}", "source": "{_ZN6Object4freeEv}"}, {"type": 2, "target": "{_ZN6Stream6decRefEv}", "source": "{_ZN6Object4freeEv}"}, {"type": 3, "target": "{_ZN5Array6decRefEv}", "source": "{_ZN6Object4freeEv}"}, {"type": 3, "target": "{_ZN4Dict6decRefEv}", "source": "{_ZN6Object4freeEv}"}, {"type": 1, "target": "Node0x1da8910", "source": "{_ZN9GooStringD1Ev}"}, {"type": 2, "target": "Node0x1da8910", "source": "{_ZN5Array6decRefEv}"}, {"type": 0, "target": "{_ZN4Dict9getLengthEv}", "source": "{external node}"}, {"type": 2, "target": "{copyString}", "source": "{external node}"}, {"type": 0, "target": "{llvm.memcpy.p0i8.p0i8.i64}", "source": "{external node}"}, {"type": 1, "target": "{_Znwm}", "source": "{external node}"}, {"type": 2, "target": "{_ZN4Dict6incRefEv}", "source": "{external node}"}, {"type": 1, "target": "{_ZN9GooStringC1EPKS_}", "source": "{external node}"}, {"type": 2, "target": "{_ZN4DictD1Ev}", "source": "{external node}"}, {"type": 2, "target": "{_ZN6Stream6incRefEv}", "source": "{external node}"}, {"type": 3, "target": "{__gxx_personality_v0}", "source": "{external node}"}, {"type": 1, "target": "{__gxx_personality_v0}", "source": "{external node}"}, {"type": 3, "target": "{_ZN6Stream6decRefEv}", "source": "{external node}"}, {"type": 1, "target": "{_ZN6Object4freeEv}", "source": "{external node}"}, {"type": 3, "target": "{_ZN9GooStringD1Ev}", "source": "{external node}"}, {"type": 1, "target": "{_ZN5Array6decRefEv}", "source": "{external node}"}, {"type": 1, "target": "{_ZN9GooString10getCStringEv}", "source": "{external node}"}, {"type": 2, "target": "{_ZN4DictC1EP4XRef}", "source": "{external node}"}, {"type": 1, "target": "{_ZN6Object12dictGetValNFEiPS_}", "source": "{external node}"}, {"type": 0, "target": "{_ZN6Object14arrayGetLengthEv}", "source": "{external node}"}, {"type": 2, "target": "{_ZNK9GooString4copyEv}", "source": "{external node}"}, {"type": 2, "target": "{_ZN6Object4copyEPS_}", "source": "{external node}"}, {"type": 0, "target": "{_ZN6Object9initArrayEP4XRef}", "source": "{external node}"}, {"type": 3, "target": "{fwrite}", "source": "{external node}"}, {"type": 0, "target": "{_ZNK9GooString9getLengthEv}", "source": "{external node}"}, {"type": 1, "target": "{_ZdlPv}", "source": "{external node}"}, {"type": 1, "target": "{_ZN5Array5getNFEiP6Object}", "source": "{external node}"}, {"type": 0, "target": "{_Z5error13ErrorCategoryxPKcz}", "source": "{external node}"}, {"type": 2, "target": "{_ZN6Object10arrayGetNFEiPS_}", "source": "{external node}"}, {"type": 0, "target": "{_ZN6Object5fetchEP4XRefPS_i}", "source": "{external node}"}, {"type": 0, "target": "{_ZN5ArrayD1Ev}", "source": "{external node}"}, {"type": 2, "target": "{_ZN5ArrayC1EP4XRef}", "source": "{external node}"}, {"type": 3, "target": "{_ZN4Dict6decRefEv}", "source": "{external node}"}, {"type": 0, "target": "{_ZN4Dict8getValNFEiP6Object}", "source": "{external node}"}, {"type": 3, "target": "{_ZN6Object13dictGetLengthEv}", "source": "{external node}"}, {"type": 1, "target": "{gfree}", "source": "{external node}"}, {"type": 3, "target": "{_ZN6Object10initStreamEP6Stream}", "source": "{external node}"}, {"type": 0, "target": "{_ZN6Object10dictGetKeyEi}", "source": "{external node}"}, {"type": 1, "target": "{_ZN5Array9getLengthEv}", "source": "{external node}"}, {"type": 1, "target": "{_ZN6Object8memCheckEP8_IO_FILE}", "source": "{external node}"}, {"type": 1, "target": "{_ZN4Dict6getKeyEi}", "source": "{external node}"}, {"type": 3, "target": "{_ZN6Object8initDictEP4XRef}", "source": "{external node}"}, {"type": 3, "target": "{_ZN6Object9zeroUnionEv}", "source": "{external node}"}, {"type": 3, "target": "{_ZN5Array6incRefEv}", "source": "{external node}"}, {"type": 2, "target": "{_ZN6Object8initDictEP4Dict}", "source": "{external node}"}, {"type": 0, "target": "{llvm.dbg.declare}", "source": "{external node}"}, {"type": 1, "target": "{_ZN6Object11getTypeNameEv}", "source": "{external node}"}, {"type": 2, "target": "{_ZN4XRef5fetchEiiP6Objecti}", "source": "{external node}"}, {"type": 3, "target": "{abort}", "source": "{external node}"}, {"type": 1, "target": "{fprintf}", "source": "{external node}"}, {"type": 0, "target": "{_ZN6ObjectC2Ev}", "source": "{external node}"}, {"type": 0, "target": "{_ZN6Object5printEP8_IO_FILE}", "source": "{external node}"}, {"type": 0, "target": "Node0x1da8910", "source": "{_ZN4DictC1EP4XRef}"}, {"type": 2, "target": "{_Z5error13ErrorCategoryxPKcz}", "source": "{_ZN6Object12dictGetValNFEiPS_}"}, {"type": 1, "target": "{abort}", "source": "{_ZN6Object12dictGetValNFEiPS_}"}, {"type": 0, "target": "{_ZN4Dict8getValNFEiP6Object}", "source": "{_ZN6Object12dictGetValNFEiPS_}"}, {"type": 1, "target": "{_ZN5Array9getLengthEv}", "source": "{_ZN6Object14arrayGetLengthEv}"}, {"type": 2, "target": "{_Z5error13ErrorCategoryxPKcz}", "source": "{_ZN6Object14arrayGetLengthEv}"}, {"type": 3, "target": "{abort}", "source": "{_ZN6Object14arrayGetLengthEv}"}, {"type": 3, "target": "{_ZN9GooStringC1EPKS_}", "source": "{_ZNK9GooString4copyEv}"}, {"type": 2, "target": "{_ZdlPv}", "source": "{_ZNK9GooString4copyEv}"}, {"type": 1, "target": "{_Znwm}", "source": "{_ZNK9GooString4copyEv}"}, {"type": 2, "target": "{_ZN4Dict6incRefEv}", "source": "{_ZN6Object4copyEPS_}"}, {"type": 0, "target": "{_ZN5Array6incRefEv}", "source": "{_ZN6Object4copyEPS_}"}, {"type": 1, "target": "{copyString}", "source": "{_ZN6Object4copyEPS_}"}, {"type": 2, "target": "{copyString}", "source": "{_ZN6Object4copyEPS_}"}, {"type": 3, "target": "{_ZNK9GooString4copyEv}", "source": "{_ZN6Object4copyEPS_}"}, {"type": 1, "target": "{_ZN6Stream6incRefEv}", "source": "{_ZN6Object4copyEPS_}"}, {"type": 1, "target": "{_ZN6Object9zeroUnionEv}", "source": "{_ZN6Object9initArrayEP4XRef}"}, {"type": 1, "target": "{_ZN5ArrayC1EP4XRef}", "source": "{_ZN6Object9initArrayEP4XRef}"}, {"type": 3, "target": "{_ZdlPv}", "source": "{_ZN6Object9initArrayEP4XRef}"}, {"type": 3, "target": "{_Znwm}", "source": "{_ZN6Object9initArrayEP4XRef}"}, {"type": 3, "target": "Node0x1da8910", "source": "{fwrite}"}, {"type": 1, "target": "Node0x1da8910", "source": "{_ZdlPv}"}, {"type": 1, "target": "Node0x1da8910", "source": "{_ZN5Array5getNFEiP6Object}"}, {"type": 2, "target": "Node0x1da8910", "source": "{_Z5error13ErrorCategoryxPKcz}"}, {"type": 0, "target": "{_ZN5Array5getNFEiP6Object}", "source": "{_ZN6Object10arrayGetNFEiPS_}"}, {"type": 3, "target": "{_Z5error13ErrorCategoryxPKcz}", "source": "{_ZN6Object10arrayGetNFEiPS_}"}, {"type": 3, "target": "{abort}", "source": "{_ZN6Object10arrayGetNFEiPS_}"}, {"type": 0, "target": "{_ZN6Object4copyEPS_}", "source": "{_ZN6Object5fetchEP4XRefPS_i}"}, {"type": 3, "target": "{_ZN4XRef5fetchEiiP6Objecti}", "source": "{_ZN6Object5fetchEP4XRefPS_i}"}, {"type": 0, "target": "Node0x1da8910", "source": "{_ZN5ArrayD1Ev}"}, {"type": 2, "target": "Node0x1da8910", "source": "{_ZN5ArrayC1EP4XRef}"}, {"type": 2, "target": "Node0x1da8910", "source": "{_ZN4Dict6decRefEv}"}, {"type": 3, "target": "Node0x1da8910", "source": "{_ZN4Dict8getValNFEiP6Object}"}, {"type": 1, "target": "{_ZN4Dict9getLengthEv}", "source": "{_ZN6Object13dictGetLengthEv}"}, {"type": 1, "target": "{_Z5error13ErrorCategoryxPKcz}", "source": "{_ZN6Object13dictGetLengthEv}"}, {"type": 0, "target": "{abort}", "source": "{_ZN6Object13dictGetLengthEv}"}, {"type": 0, "target": "Node0x1da8910", "source": "{gfree}"}, {"type": 3, "target": "{_ZN6Object9zeroUnionEv}", "source": "{_ZN6Object10initStreamEP6Stream}"}, {"type": 0, "target": "{_Z5error13ErrorCategoryxPKcz}", "source": "{_ZN6Object10dictGetKeyEi}"}, {"type": 3, "target": "{_ZN4Dict6getKeyEi}", "source": "{_ZN6Object10dictGetKeyEi}"}, {"type": 2, "target": "{abort}", "source": "{_ZN6Object10dictGetKeyEi}"}, {"type": 0, "target": "Node0x1da8910", "source": "{_ZN4Dict6getKeyEi}"}, {"type": 2, "target": "{_ZN6Object9zeroUnionEv}", "source": "{_ZN6Object8initDictEP4XRef}"}, {"type": 2, "target": "{_ZN4DictC1EP4XRef}", "source": "{_ZN6Object8initDictEP4XRef}"}, {"type": 3, "target": "{_ZdlPv}", "source": "{_ZN6Object8initDictEP4XRef}"}, {"type": 2, "target": "{_Znwm}", "source": "{_ZN6Object8initDictEP4XRef}"}, {"type": 2, "target": "Node0x1da8910", "source": "{_ZN5Array6incRefEv}"}, {"type": 1, "target": "{_ZN6Object9zeroUnionEv}", "source": "{_ZN6Object8initDictEP4Dict}"}, {"type": 2, "target": "{_ZN4Dict6incRefEv}", "source": "{_ZN6Object8initDictEP4Dict}"}, {"type": 3, "target": "Node0x1da8910", "source": "{_ZN4XRef5fetchEiiP6Objecti}"}, {"type": 1, "target": "Node0x1da8910", "source": "{abort}"}, {"type": 1, "target": "Node0x1da8910", "source": "{fprintf}"}, {"type": 0, "target": "{_ZN6Object9zeroUnionEv}", "source": "{_ZN6ObjectC2Ev}"}, {"type": 3, "target": "{_ZN6Object13dictGetLengthEv}", "source": "{_ZN6Object5printEP8_IO_FILE}"}, {"type": 0, "target": "{fwrite}", "source": "{_ZN6Object5printEP8_IO_FILE}"}, {"type": 0, "target": "{_ZN6Object10dictGetKeyEi}", "source": "{_ZN6Object5printEP8_IO_FILE}"}, {"type": 2, "target": "{_ZN6Object4freeEv}", "source": "{_ZN6Object5printEP8_IO_FILE}"}, {"type": 0, "target": "{_ZN6Object4freeEv}", "source": "{_ZN6Object5printEP8_IO_FILE}"}, {"type": 2, "target": "{_ZN6Object10arrayGetNFEiPS_}", "source": "{_ZN6Object5printEP8_IO_FILE}"}, {"type": 3, "target": "{_ZN9GooString10getCStringEv}", "source": "{_ZN6Object5printEP8_IO_FILE}"}, {"type": 0, "target": "{_ZN6Object14arrayGetLengthEv}", "source": "{_ZN6Object5printEP8_IO_FILE}"}, {"type": 0, "target": "{_ZN6Object12dictGetValNFEiPS_}", "source": "{_ZN6Object5printEP8_IO_FILE}"}, {"type": 3, "target": "{_ZN6Object5printEP8_IO_FILE}", "source": "{_ZN6Object5printEP8_IO_FILE}"}, {"type": 1, "target": "{_ZN6Object5printEP8_IO_FILE}", "source": "{_ZN6Object5printEP8_IO_FILE}"}, {"type": 0, "target": "{_ZN6ObjectC2Ev}", "source": "{_ZN6Object5printEP8_IO_FILE}"}, {"type": 0, "target": "{_ZNK9GooString9getLengthEv}", "source": "{_ZN6Object5printEP8_IO_FILE}"}, {"type": 3, "target": "{fprintf}", "source": "{_ZN6Object5printEP8_IO_FILE}"}, {"type": 2, "target": "{fprintf}", "source": "{_ZN6Object5printEP8_IO_FILE}"}, {"type": 2, "target": "{fprintf}", "source": "{_ZN6Object5printEP8_IO_FILE}"}, {"type": 0, "target": "{fprintf}", "source": "{_ZN6Object5printEP8_IO_FILE}"}, {"type": 3, "target": "{fprintf}", "source": "{_ZN6Object5printEP8_IO_FILE}"}, {"type": 1, "target": "{fprintf}", "source": "{_ZN6Object5printEP8_IO_FILE}"}, {"type": 2, "target": "{fprintf}", "source": "{_ZN6Object5printEP8_IO_FILE}"}, {"type": 3, "target": "{fprintf}", "source": "{_ZN6Object5printEP8_IO_FILE}"}, {"type": 1, "target": "{fprintf}", "source": "{_ZN6Object5printEP8_IO_FILE}"}, {"type": 1, "target": "{fprintf}", "source": "{_ZN6Object5printEP8_IO_FILE}"}, {"type": 3, "target": "{fprintf}", "source": "{_ZN6Object5printEP8_IO_FILE}"}, {"type": 1, "target": "{fprintf}", "source": "{_ZN6Object5printEP8_IO_FILE}"}, {"type": 0, "target": "{fprintf}", "source": "{_ZN6Object5printEP8_IO_FILE}"}, {"type": 3, "target": "{fprintf}", "source": "{_ZN6Object5printEP8_IO_FILE}"}, {"type": 3, "target": "{fprintf}", "source": "{_ZN6Object5printEP8_IO_FILE}"}, {"type": 3, "target": "{fprintf}", "source": "{_ZN6Object5printEP8_IO_FILE}"}, {"type": 3, "target": "{fprintf}", "source": "{_ZN6Object5printEP8_IO_FILE}"}, {"type": 3, "target": "{fprintf}", "source": "{_ZN6Object5printEP8_IO_FILE}"}, {"type": 3, "target": "{fprintf}", "source": "{_ZN6Object5printEP8_IO_FILE}"}, {"type": 2, "target": "{fprintf}", "source": "{_ZN6Object5printEP8_IO_FILE}"}]}