{"directed": true, "graph": {"node": {"shape": "", "label": "Call graph"}, "graph": {"label": "Call graph"}, "edge": {}, "name": "Call graph"}, "nodes": [{"shape": "record", "id": "Node0x1df42f0", "label": "{_ZN9GooString10getCStringEv}"}, {"shape": "record", "id": "Node0x1df3a40", "label": "{_ZN4Dict9getLengthEv}"}, {"shape": "record", "id": "Node0x1df32b0", "label": "{copyString}"}, {"shape": "record", "id": "Node0x1df33b0", "label": "{llvm.memcpy.p0i8.p0i8.i64}"}, {"shape": "record", "id": "Node0x1deae00", "label": "{_Znwm}"}, {"shape": "record", "id": "Node0x1df3090", "label": "{_ZN4Dict6incRefEv}"}, {"shape": "record", "id": "Node0x1df35f0", "label": "{_ZN9GooStringC1EPKS_}"}, {"shape": "record", "id": "Node0x1df3d30", "label": "{_ZN4DictD1Ev}"}, {"shape": "record", "id": "Node0x1df3440", "label": "{_ZN6Stream6incRefEv}"}, {"shape": "record", "id": "Node0x1dbf8e0", "label": "{__gxx_personality_v0}"}, {"shape": "record", "id": "Node0x1df3da0", "label": "{_ZN6Stream6decRefEv}"}, {"shape": "record", "id": "Node0x1dbabb0", "label": "{_ZN6Object4freeEv}"}, {"shape": "record", "id": "Node0x1df3b00", "label": "{_ZN9GooStringD1Ev}"}, {"shape": "record", "id": "Node0x1df3cc0", "label": "{_ZN5Array6decRefEv}"}, {"shape": "record", "id": "Node0x1da88e0", "label": "{external node}"}, {"shape": "record", "id": "Node0x1dbabf0", "label": "{_ZN4DictC1EP4XRef}"}, {"shape": "record", "id": "Node0x1df4680", "label": "{_ZN6Object12dictGetValNFEiPS_}"}, {"shape": "record", "id": "Node0x1df4460", "label": "{_ZN6Object14arrayGetLengthEv}"}, {"shape": "record", "id": "Node0x1df3210", "label": "{_ZNK9GooString4copyEv}"}, {"shape": "record", "id": "Node0x1df31a0", "label": "{_ZN6Object4copyEPS_}"}, {"shape": "record", "id": "Node0x1deacc0", "label": "{_ZN6Object9initArrayEP4XRef}"}, {"id": "Node0x1da8910"}, {"shape": "record", "id": "Node0x1df45a0", "label": "{fwrite}"}, {"shape": "record", "id": "Node0x1df4530", "label": "{_ZNK9GooString9getLengthEv}"}, {"shape": "record", "id": "Node0x1db9fb0", "label": "{_ZdlPv}"}, {"shape": "record", "id": "Node0x1df3940", "label": "{_ZN5Array5getNFEiP6Object}"}, {"shape": "record", "id": "Node0x1df3750", "label": "{_Z5error13ErrorCategoryxPKcz}"}, {"shape": "record", "id": "Node0x1df44d0", "label": "{_ZN6Object10arrayGetNFEiPS_}"}, {"shape": "record", "id": "Node0x1dbaa50", "label": "{_ZN6Object5fetchEP4XRefPS_i}"}, {"shape": "record", "id": "Node0x1df3bf0", "label": "{_ZN5ArrayD1Ev}"}, {"shape": "record", "id": "Node0x1dead90", "label": "{_ZN5ArrayC1EP4XRef}"}, {"shape": "record", "id": "Node0x1df3e40", "label": "{_ZN4Dict6decRefEv}"}, {"shape": "record", "id": "Node0x1df4870", "label": "{_ZN4Dict8getValNFEiP6Object}"}, {"shape": "record", "id": "Node0x1df4500", "label": "{_ZN6Object13dictGetLengthEv}"}, {"shape": "record", "id": "Node0x1df3b30", "label": "{gfree}"}, {"shape": "record", "id": "Node0x1df3100", "label": "{_ZN6Object10initStreamEP6Stream}"}, {"shape": "record", "id": "Node0x1df4610", "label": "{_ZN6Object10dictGetKeyEi}"}, {"shape": "record", "id": "Node0x1df3780", "label": "{_ZN5Array9getLengthEv}"}, {"shape": "record", "id": "Node0x1df49b0", "label": "{_ZN6Object8memCheckEP8_IO_FILE}"}, {"shape": "record", "id": "Node0x1df4770", "label": "{_ZN4Dict6getKeyEi}"}, {"shape": "record", "id": "Node0x1dba9b0", "label": "{_ZN6Object8initDictEP4XRef}"}, {"shape": "record", "id": "Node0x1dead60", "label": "{_ZN6Object9zeroUnionEv}"}, {"shape": "record", "id": "Node0x1df3240", "label": "{_ZN5Array6incRefEv}"}, {"shape": "record", "id": "Node0x1dbfa10", "label": "{_ZN6Object8initDictEP4Dict}"}, {"shape": "record", "id": "Node0x1dba020", "label": "{llvm.dbg.declare}"}, {"shape": "record", "id": "Node0x1df41e0", "label": "{_ZN6Object11getTypeNameEv}"}, {"shape": "record", "id": "Node0x1dbaac0", "label": "{_ZN4XRef5fetchEiiP6Objecti}"}, {"shape": "record", "id": "Node0x1df37f0", "label": "{abort}"}, {"shape": "record", "id": "Node0x1df4360", "label": "{fprintf}"}, {"shape": "record", "id": "Node0x1df42c0", "label": "{_ZN6ObjectC2Ev}"}, {"shape": "record", "id": "Node0x1df4250", "label": "{_ZN6Object5printEP8_IO_FILE}"}], "links": [{"source": "Node0x1df32b0", "target": "Node0x1da8910", "key": 0}, {"source": "Node0x1deae00", "target": "Node0x1da8910", "key": 0}, {"source": "Node0x1df3090", "target": "Node0x1da8910", "key": 0}, {"source": "Node0x1df35f0", "target": "Node0x1da8910", "key": 0}, {"source": "Node0x1df3d30", "target": "Node0x1da8910", "key": 0}, {"source": "Node0x1df3440", "target": "Node0x1da8910", "key": 0}, {"source": "Node0x1dbf8e0", "target": "Node0x1da8910", "key": 0}, {"source": "Node0x1df3da0", "target": "Node0x1da8910", "key": 0}, {"source": "Node0x1dbabb0", "target": "Node0x1df3b30", "key": 0}, {"source": "Node0x1dbabb0", "target": "Node0x1df3b30", "key": 1}, {"source": "Node0x1dbabb0", "target": "Node0x1da8910", "key": 0}, {"source": "Node0x1dbabb0", "target": "Node0x1db9fb0", "key": 0}, {"source": "Node0x1dbabb0", "target": "Node0x1db9fb0", "key": 1}, {"source": "Node0x1dbabb0", "target": "Node0x1db9fb0", "key": 2}, {"source": "Node0x1dbabb0", "target": "Node0x1db9fb0", "key": 3}, {"source": "Node0x1dbabb0", "target": "Node0x1db9fb0", "key": 4}, {"source": "Node0x1dbabb0", "target": "Node0x1db9fb0", "key": 5}, {"source": "Node0x1dbabb0", "target": "Node0x1df3bf0", "key": 0}, {"source": "Node0x1dbabb0", "target": "Node0x1df3b00", "key": 0}, {"source": "Node0x1dbabb0", "target": "Node0x1df3d30", "key": 0}, {"source": "Node0x1dbabb0", "target": "Node0x1df3da0", "key": 0}, {"source": "Node0x1dbabb0", "target": "Node0x1df3cc0", "key": 0}, {"source": "Node0x1dbabb0", "target": "Node0x1df3e40", "key": 0}, {"source": "Node0x1df3b00", "target": "Node0x1da8910", "key": 0}, {"source": "Node0x1df3cc0", "target": "Node0x1da8910", "key": 0}, {"source": "Node0x1da88e0", "target": "Node0x1df3a40", "key": 0}, {"source": "Node0x1da88e0", "target": "Node0x1df32b0", "key": 0}, {"source": "Node0x1da88e0", "target": "Node0x1df33b0", "key": 0}, {"source": "Node0x1da88e0", "target": "Node0x1deae00", "key": 0}, {"source": "Node0x1da88e0", "target": "Node0x1df3090", "key": 0}, {"source": "Node0x1da88e0", "target": "Node0x1df35f0", "key": 0}, {"source": "Node0x1da88e0", "target": "Node0x1df3d30", "key": 0}, {"source": "Node0x1da88e0", "target": "Node0x1df3440", "key": 0}, {"source": "Node0x1da88e0", "target": "Node0x1dbf8e0", "key": 0}, {"source": "Node0x1da88e0", "target": "Node0x1dbf8e0", "key": 1}, {"source": "Node0x1da88e0", "target": "Node0x1df3da0", "key": 0}, {"source": "Node0x1da88e0", "target": "Node0x1dbabb0", "key": 0}, {"source": "Node0x1da88e0", "target": "Node0x1df3b00", "key": 0}, {"source": "Node0x1da88e0", "target": "Node0x1df3cc0", "key": 0}, {"source": "Node0x1da88e0", "target": "Node0x1df42f0", "key": 0}, {"source": "Node0x1da88e0", "target": "Node0x1dbabf0", "key": 0}, {"source": "Node0x1da88e0", "target": "Node0x1df4680", "key": 0}, {"source": "Node0x1da88e0", "target": "Node0x1df4460", "key": 0}, {"source": "Node0x1da88e0", "target": "Node0x1df3210", "key": 0}, {"source": "Node0x1da88e0", "target": "Node0x1df31a0", "key": 0}, {"source": "Node0x1da88e0", "target": "Node0x1deacc0", "key": 0}, {"source": "Node0x1da88e0", "target": "Node0x1df45a0", "key": 0}, {"source": "Node0x1da88e0", "target": "Node0x1df4530", "key": 0}, {"source": "Node0x1da88e0", "target": "Node0x1db9fb0", "key": 0}, {"source": "Node0x1da88e0", "target": "Node0x1df3940", "key": 0}, {"source": "Node0x1da88e0", "target": "Node0x1df3750", "key": 0}, {"source": "Node0x1da88e0", "target": "Node0x1df44d0", "key": 0}, {"source": "Node0x1da88e0", "target": "Node0x1dbaa50", "key": 0}, {"source": "Node0x1da88e0", "target": "Node0x1df3bf0", "key": 0}, {"source": "Node0x1da88e0", "target": "Node0x1dead90", "key": 0}, {"source": "Node0x1da88e0", "target": "Node0x1df3e40", "key": 0}, {"source": "Node0x1da88e0", "target": "Node0x1df4870", "key": 0}, {"source": "Node0x1da88e0", "target": "Node0x1df4500", "key": 0}, {"source": "Node0x1da88e0", "target": "Node0x1df3b30", "key": 0}, {"source": "Node0x1da88e0", "target": "Node0x1df3100", "key": 0}, {"source": "Node0x1da88e0", "target": "Node0x1df4610", "key": 0}, {"source": "Node0x1da88e0", "target": "Node0x1df3780", "key": 0}, {"source": "Node0x1da88e0", "target": "Node0x1df49b0", "key": 0}, {"source": "Node0x1da88e0", "target": "Node0x1df4770", "key": 0}, {"source": "Node0x1da88e0", "target": "Node0x1dba9b0", "key": 0}, {"source": "Node0x1da88e0", "target": "Node0x1dead60", "key": 0}, {"source": "Node0x1da88e0", "target": "Node0x1df3240", "key": 0}, {"source": "Node0x1da88e0", "target": "Node0x1dbfa10", "key": 0}, {"source": "Node0x1da88e0", "target": "Node0x1dba020", "key": 0}, {"source": "Node0x1da88e0", "target": "Node0x1df41e0", "key": 0}, {"source": "Node0x1da88e0", "target": "Node0x1dbaac0", "key": 0}, {"source": "Node0x1da88e0", "target": "Node0x1df37f0", "key": 0}, {"source": "Node0x1da88e0", "target": "Node0x1df4360", "key": 0}, {"source": "Node0x1da88e0", "target": "Node0x1df42c0", "key": 0}, {"source": "Node0x1da88e0", "target": "Node0x1df4250", "key": 0}, {"source": "Node0x1dbabf0", "target": "Node0x1da8910", "key": 0}, {"source": "Node0x1df4680", "target": "Node0x1df3750", "key": 0}, {"source": "Node0x1df4680", "target": "Node0x1df37f0", "key": 0}, {"source": "Node0x1df4680", "target": "Node0x1df4870", "key": 0}, {"source": "Node0x1df4460", "target": "Node0x1df3780", "key": 0}, {"source": "Node0x1df4460", "target": "Node0x1df3750", "key": 0}, {"source": "Node0x1df4460", "target": "Node0x1df37f0", "key": 0}, {"source": "Node0x1df3210", "target": "Node0x1df35f0", "key": 0}, {"source": "Node0x1df3210", "target": "Node0x1db9fb0", "key": 0}, {"source": "Node0x1df3210", "target": "Node0x1deae00", "key": 0}, {"source": "Node0x1df31a0", "target": "Node0x1df3090", "key": 0}, {"source": "Node0x1df31a0", "target": "Node0x1df3240", "key": 0}, {"source": "Node0x1df31a0", "target": "Node0x1df32b0", "key": 0}, {"source": "Node0x1df31a0", "target": "Node0x1df32b0", "key": 1}, {"source": "Node0x1df31a0", "target": "Node0x1df3210", "key": 0}, {"source": "Node0x1df31a0", "target": "Node0x1df3440", "key": 0}, {"source": "Node0x1deacc0", "target": "Node0x1dead60", "key": 0}, {"source": "Node0x1deacc0", "target": "Node0x1dead90", "key": 0}, {"source": "Node0x1deacc0", "target": "Node0x1db9fb0", "key": 0}, {"source": "Node0x1deacc0", "target": "Node0x1deae00", "key": 0}, {"source": "Node0x1df45a0", "target": "Node0x1da8910", "key": 0}, {"source": "Node0x1db9fb0", "target": "Node0x1da8910", "key": 0}, {"source": "Node0x1df3940", "target": "Node0x1da8910", "key": 0}, {"source": "Node0x1df3750", "target": "Node0x1da8910", "key": 0}, {"source": "Node0x1df44d0", "target": "Node0x1df3940", "key": 0}, {"source": "Node0x1df44d0", "target": "Node0x1df3750", "key": 0}, {"source": "Node0x1df44d0", "target": "Node0x1df37f0", "key": 0}, {"source": "Node0x1dbaa50", "target": "Node0x1df31a0", "key": 0}, {"source": "Node0x1dbaa50", "target": "Node0x1dbaac0", "key": 0}, {"source": "Node0x1df3bf0", "target": "Node0x1da8910", "key": 0}, {"source": "Node0x1dead90", "target": "Node0x1da8910", "key": 0}, {"source": "Node0x1df3e40", "target": "Node0x1da8910", "key": 0}, {"source": "Node0x1df4870", "target": "Node0x1da8910", "key": 0}, {"source": "Node0x1df4500", "target": "Node0x1df3a40", "key": 0}, {"source": "Node0x1df4500", "target": "Node0x1df3750", "key": 0}, {"source": "Node0x1df4500", "target": "Node0x1df37f0", "key": 0}, {"source": "Node0x1df3b30", "target": "Node0x1da8910", "key": 0}, {"source": "Node0x1df3100", "target": "Node0x1dead60", "key": 0}, {"source": "Node0x1df4610", "target": "Node0x1df3750", "key": 0}, {"source": "Node0x1df4610", "target": "Node0x1df4770", "key": 0}, {"source": "Node0x1df4610", "target": "Node0x1df37f0", "key": 0}, {"source": "Node0x1df4770", "target": "Node0x1da8910", "key": 0}, {"source": "Node0x1dba9b0", "target": "Node0x1dead60", "key": 0}, {"source": "Node0x1dba9b0", "target": "Node0x1dbabf0", "key": 0}, {"source": "Node0x1dba9b0", "target": "Node0x1db9fb0", "key": 0}, {"source": "Node0x1dba9b0", "target": "Node0x1deae00", "key": 0}, {"source": "Node0x1df3240", "target": "Node0x1da8910", "key": 0}, {"source": "Node0x1dbfa10", "target": "Node0x1dead60", "key": 0}, {"source": "Node0x1dbfa10", "target": "Node0x1df3090", "key": 0}, {"source": "Node0x1dbaac0", "target": "Node0x1da8910", "key": 0}, {"source": "Node0x1df37f0", "target": "Node0x1da8910", "key": 0}, {"source": "Node0x1df4360", "target": "Node0x1da8910", "key": 0}, {"source": "Node0x1df42c0", "target": "Node0x1dead60", "key": 0}, {"source": "Node0x1df4250", "target": "Node0x1df4500", "key": 0}, {"source": "Node0x1df4250", "target": "Node0x1df45a0", "key": 0}, {"source": "Node0x1df4250", "target": "Node0x1df4610", "key": 0}, {"source": "Node0x1df4250", "target": "Node0x1dbabb0", "key": 0}, {"source": "Node0x1df4250", "target": "Node0x1dbabb0", "key": 1}, {"source": "Node0x1df4250", "target": "Node0x1df44d0", "key": 0}, {"source": "Node0x1df4250", "target": "Node0x1df42f0", "key": 0}, {"source": "Node0x1df4250", "target": "Node0x1df4460", "key": 0}, {"source": "Node0x1df4250", "target": "Node0x1df4680", "key": 0}, {"source": "Node0x1df4250", "target": "Node0x1df4250", "key": 0}, {"source": "Node0x1df4250", "target": "Node0x1df4250", "key": 1}, {"source": "Node0x1df4250", "target": "Node0x1df42c0", "key": 0}, {"source": "Node0x1df4250", "target": "Node0x1df4530", "key": 0}, {"source": "Node0x1df4250", "target": "Node0x1df4360", "key": 0}, {"source": "Node0x1df4250", "target": "Node0x1df4360", "key": 1}, {"source": "Node0x1df4250", "target": "Node0x1df4360", "key": 2}, {"source": "Node0x1df4250", "target": "Node0x1df4360", "key": 3}, {"source": "Node0x1df4250", "target": "Node0x1df4360", "key": 4}, {"source": "Node0x1df4250", "target": "Node0x1df4360", "key": 5}, {"source": "Node0x1df4250", "target": "Node0x1df4360", "key": 6}, {"source": "Node0x1df4250", "target": "Node0x1df4360", "key": 7}, {"source": "Node0x1df4250", "target": "Node0x1df4360", "key": 8}, {"source": "Node0x1df4250", "target": "Node0x1df4360", "key": 9}, {"source": "Node0x1df4250", "target": "Node0x1df4360", "key": 10}, {"source": "Node0x1df4250", "target": "Node0x1df4360", "key": 11}, {"source": "Node0x1df4250", "target": "Node0x1df4360", "key": 12}, {"source": "Node0x1df4250", "target": "Node0x1df4360", "key": 13}, {"source": "Node0x1df4250", "target": "Node0x1df4360", "key": 14}, {"source": "Node0x1df4250", "target": "Node0x1df4360", "key": 15}, {"source": "Node0x1df4250", "target": "Node0x1df4360", "key": 16}, {"source": "Node0x1df4250", "target": "Node0x1df4360", "key": 17}, {"source": "Node0x1df4250", "target": "Node0x1df4360", "key": 18}, {"source": "Node0x1df4250", "target": "Node0x1df4360", "key": 19}], "multigraph": true}
