{"{_ZN5Array5getNFEiP6Object}": {"distance_to_interface": 1, "macke_vulnerabilities_found": 0, "faulty": false, "clustering_coefficient": 0.3333333333333333, "node_path_length": 1.0, "macke_bug_chain_length": 0, "node_degree": [1, 2, 3]}, "{_ZN6Stream6decRefEv}": {"distance_to_interface": 1, "macke_vulnerabilities_found": 0, "faulty": false, "clustering_coefficient": 0.6666666666666666, "node_path_length": 1.0, "macke_bug_chain_length": 0, "node_degree": [1, 2, 3]}, "{_ZN6Object5fetchEP4XRefPS_i}": {"distance_to_interface": 1, "macke_vulnerabilities_found": 1, "faulty": false, "clustering_coefficient": 0.6666666666666666, "node_path_length": 1.3333333333333333, "macke_bug_chain_length": 1, "node_degree": [2, 1, 3]}, "{_ZN6Object8memCheckEP8_IO_FILE}": {"distance_to_interface": 1, "macke_vulnerabilities_found": 1, "faulty": false, "clustering_coefficient": 0, "node_path_length": 0, "macke_bug_chain_length": 1, "node_degree": [0, 1, 1]}, "{_ZN6Object11getTypeNameEv}": {"distance_to_interface": 1, "macke_vulnerabilities_found": 1, "faulty": false, "clustering_coefficient": 0, "node_path_length": 0, "macke_bug_chain_length": 1, "node_degree": [0, 1, 1]}, "{_ZN5ArrayD1Ev}": {"distance_to_interface": 1, "macke_vulnerabilities_found": 0, "faulty": false, "clustering_coefficient": 0.6666666666666666, "node_path_length": 1.0, "macke_bug_chain_length": 0, "node_degree": [1, 2, 3]}, "{_ZN5Array9getLengthEv}": {"distance_to_interface": 1, "macke_vulnerabilities_found": 1, "faulty": false, "clustering_coefficient": 1.0, "node_path_length": 0, "macke_bug_chain_length": 1, "node_degree": [0, 2, 2]}, "{_ZN6Stream6incRefEv}": {"distance_to_interface": 1, "macke_vulnerabilities_found": 0, "faulty": false, "clustering_coefficient": 0.3333333333333333, "node_path_length": 1.0, "macke_bug_chain_length": 0, "node_degree": [1, 2, 3]}, "{llvm.memcpy.p0i8.p0i8.i64}": {"distance_to_interface": 1, "macke_vulnerabilities_found": 0, "faulty": false, "clustering_coefficient": 0, "node_path_length": 0, "macke_bug_chain_length": 0, "node_degree": [0, 1, 1]}, "{_ZN6Object12dictGetValNFEiPS_}": {"distance_to_interface": 1, "macke_vulnerabilities_found": 1, "faulty": false, "clustering_coefficient": 0.4, "node_path_length": 2.0, "macke_bug_chain_length": 1, "node_degree": [3, 2, 5]}, "{_ZN6Object13dictGetLengthEv}": {"distance_to_interface": 1, "macke_vulnerabilities_found": 1, "faulty": false, "clustering_coefficient": 0.4, "node_path_length": 1.0, "macke_bug_chain_length": 1, "node_degree": [3, 2, 5]}, "{llvm.dbg.declare}": {"distance_to_interface": 1, "macke_vulnerabilities_found": 0, "faulty": false, "clustering_coefficient": 0, "node_path_length": 0, "macke_bug_chain_length": 0, "node_degree": [0, 1, 1]}, "{fwrite}": {"distance_to_interface": 1, "macke_vulnerabilities_found": 0, "faulty": false, "clustering_coefficient": 0.3333333333333333, "node_path_length": 1.0, "macke_bug_chain_length": 0, "node_degree": [1, 2, 3]}, "{__gxx_personality_v0}": {"distance_to_interface": 1, "macke_vulnerabilities_found": 0, "faulty": false, "clustering_coefficient": 0.0, "node_path_length": 1.0, "macke_bug_chain_length": 0, "node_degree": [1, 1, 2]}, "{fprintf}": {"distance_to_interface": 1, "macke_vulnerabilities_found": 0, "faulty": false, "clustering_coefficient": 0.3333333333333333, "node_path_length": 1.0, "macke_bug_chain_length": 0, "node_degree": [1, 2, 3]}, "{_ZN6Object14arrayGetLengthEv}": {"distance_to_interface": 1, "macke_vulnerabilities_found": 1, "faulty": false, "clustering_coefficient": 0.4, "node_path_length": 1.0, "macke_bug_chain_length": 1, "node_degree": [3, 2, 5]}, "{copyString}": {"distance_to_interface": 1, "macke_vulnerabilities_found": 0, "faulty": false, "clustering_coefficient": 0.3333333333333333, "node_path_length": 1.0, "macke_bug_chain_length": 0, "node_degree": [1, 2, 3]}, "{_ZN4Dict8getValNFEiP6Object}": {"distance_to_interface": 1, "macke_vulnerabilities_found": 0, "faulty": false, "clustering_coefficient": 0.3333333333333333, "node_path_length": 1.0, "macke_bug_chain_length": 0, "node_degree": [1, 2, 3]}, "{external node}": {"distance_to_interface": 999, "macke_vulnerabilities_found": 0, "faulty": false, "clustering_coefficient": 0.047619047619047616, "node_path_length": 0, "macke_bug_chain_length": 0, "node_degree": [49, 0, 49]}, "{_ZN5Array6decRefEv}": {"distance_to_interface": 1, "macke_vulnerabilities_found": 0, "faulty": false, "clustering_coefficient": 0.6666666666666666, "node_path_length": 1.0, "macke_bug_chain_length": 0, "node_degree": [1, 2, 3]}, "{gfree}": {"distance_to_interface": 1, "macke_vulnerabilities_found": 0, "faulty": false, "clustering_coefficient": 0.6666666666666666, "node_path_length": 1.0, "macke_bug_chain_length": 0, "node_degree": [1, 2, 3]}, "{_ZN4DictD1Ev}": {"distance_to_interface": 1, "macke_vulnerabilities_found": 0, "faulty": false, "clustering_coefficient": 0.6666666666666666, "node_path_length": 1.0, "macke_bug_chain_length": 0, "node_degree": [1, 2, 3]}, "{_ZN6Object8initDictEP4Dict}": {"distance_to_interface": 1, "macke_vulnerabilities_found": 1, "faulty": false, "clustering_coefficient": 0.6666666666666666, "node_path_length": 1.0, "macke_bug_chain_length": 1, "node_degree": [2, 1, 3]}, "{_ZN6Object10initStreamEP6Stream}": {"distance_to_interface": 1, "macke_vulnerabilities_found": 1, "faulty": false, "clustering_coefficient": 1.0, "node_path_length": 1.0, "macke_bug_chain_length": 1, "node_degree": [1, 1, 2]}, "{_ZN6Object4copyEPS_}": {"distance_to_interface": 1, "macke_vulnerabilities_found": 1, "faulty": false, "clustering_coefficient": 0.2857142857142857, "node_path_length": 1.1666666666666667, "macke_bug_chain_length": 1, "node_degree": [5, 2, 7]}, "{_ZN6Object4freeEv}": {"distance_to_interface": 1, "macke_vulnerabilities_found": 1, "faulty": false, "clustering_coefficient": 0.3090909090909091, "node_path_length": 1.6116504854368932, "macke_bug_chain_length": 1, "node_degree": [9, 2, 11]}, "{_ZN5Array6incRefEv}": {"distance_to_interface": 1, "macke_vulnerabilities_found": 0, "faulty": false, "clustering_coefficient": 0.3333333333333333, "node_path_length": 1.0, "macke_bug_chain_length": 0, "node_degree": [1, 2, 3]}, "{_ZN6Object10dictGetKeyEi}": {"distance_to_interface": 1, "macke_vulnerabilities_found": 1, "faulty": false, "clustering_coefficient": 0.4, "node_path_length": 1.25, "macke_bug_chain_length": 1, "node_degree": [3, 2, 5]}, "{_ZN4Dict6getKeyEi}": {"distance_to_interface": 1, "macke_vulnerabilities_found": 0, "faulty": false, "clustering_coefficient": 0.3333333333333333, "node_path_length": 1.0, "macke_bug_chain_length": 0, "node_degree": [1, 2, 3]}, "{_Znwm}": {"distance_to_interface": 1, "macke_vulnerabilities_found": 0, "faulty": false, "clustering_coefficient": 0.3, "node_path_length": 1.0, "macke_bug_chain_length": 0, "node_degree": [1, 4, 5]}, "{_ZN9GooStringC1EPKS_}": {"distance_to_interface": 1, "macke_vulnerabilities_found": 0, "faulty": false, "clustering_coefficient": 0.3333333333333333, "node_path_length": 1.0, "macke_bug_chain_length": 0, "node_degree": [1, 2, 3]}, "{_ZN9GooString10getCStringEv}": {"distance_to_interface": 1, "macke_vulnerabilities_found": 1, "faulty": false, "clustering_coefficient": 1.0, "node_path_length": 0, "macke_bug_chain_length": 1, "node_degree": [0, 2, 2]}, "{_ZN6Object5printEP8_IO_FILE}": {"distance_to_interface": 1, "macke_vulnerabilities_found": 1, "faulty": false, "clustering_coefficient": 0.25274725274725274, "node_path_length": 1.1578947368421053, "macke_bug_chain_length": 1, "node_degree": [12, 2, 14]}, "{_ZN6Object8initDictEP4XRef}": {"distance_to_interface": 1, "macke_vulnerabilities_found": 1, "faulty": false, "clustering_coefficient": 0.4, "node_path_length": 1.0, "macke_bug_chain_length": 1, "node_degree": [4, 1, 5]}, "{abort}": {"distance_to_interface": 1, "macke_vulnerabilities_found": 0, "faulty": false, "clustering_coefficient": 0.23809523809523808, "node_path_length": 1.0, "macke_bug_chain_length": 0, "node_degree": [1, 6, 7]}, "{_ZN4Dict6incRefEv}": {"distance_to_interface": 1, "macke_vulnerabilities_found": 0, "faulty": false, "clustering_coefficient": 0.3333333333333333, "node_path_length": 1.0, "macke_bug_chain_length": 0, "node_degree": [1, 3, 4]}, "{_ZN9GooStringD1Ev}": {"distance_to_interface": 1, "macke_vulnerabilities_found": 0, "faulty": false, "clustering_coefficient": 0.6666666666666666, "node_path_length": 1.0, "macke_bug_chain_length": 0, "node_degree": [1, 2, 3]}, "{_ZN6Object10arrayGetNFEiPS_}": {"distance_to_interface": 1, "macke_vulnerabilities_found": 1, "faulty": false, "clustering_coefficient": 0.4, "node_path_length": 1.0, "macke_bug_chain_length": 1, "node_degree": [3, 2, 5]}, "{_ZN6Object9initArrayEP4XRef}": {"distance_to_interface": 1, "macke_vulnerabilities_found": 1, "faulty": false, "clustering_coefficient": 0.4, "node_path_length": 1.2, "macke_bug_chain_length": 1, "node_degree": [4, 1, 5]}, "{_ZN4DictC1EP4XRef}": {"distance_to_interface": 1, "macke_vulnerabilities_found": 0, "faulty": false, "clustering_coefficient": 0.3333333333333333, "node_path_length": 1.0, "macke_bug_chain_length": 0, "node_degree": [1, 2, 3]}, "{_Z5error13ErrorCategoryxPKcz}": {"distance_to_interface": 1, "macke_vulnerabilities_found": 0, "faulty": false, "clustering_coefficient": 0.23809523809523808, "node_path_length": 1.0, "macke_bug_chain_length": 0, "node_degree": [1, 6, 7]}, "{_ZN6ObjectC2Ev}": {"distance_to_interface": 1, "macke_vulnerabilities_found": 1, "faulty": false, "clustering_coefficient": 0.6666666666666666, "node_path_length": 1.0, "macke_bug_chain_length": 1, "node_degree": [1, 2, 3]}, "{_ZN5ArrayC1EP4XRef}": {"distance_to_interface": 1, "macke_vulnerabilities_found": 0, "faulty": false, "clustering_coefficient": 0.3333333333333333, "node_path_length": 1.0, "macke_bug_chain_length": 0, "node_degree": [1, 2, 3]}, "{_ZN6Object9zeroUnionEv}": {"distance_to_interface": 1, "macke_vulnerabilities_found": 1, "faulty": false, "clustering_coefficient": 0.3333333333333333, "node_path_length": 0, "macke_bug_chain_length": 1, "node_degree": [0, 6, 6]}, "{_ZNK9GooString9getLengthEv}": {"distance_to_interface": 1, "macke_vulnerabilities_found": 1, "faulty": false, "clustering_coefficient": 1.0, "node_path_length": 0, "macke_bug_chain_length": 1, "node_degree": [0, 2, 2]}, "{_ZN4XRef5fetchEiiP6Objecti}": {"distance_to_interface": 1, "macke_vulnerabilities_found": 0, "faulty": false, "clustering_coefficient": 0.3333333333333333, "node_path_length": 1.0, "macke_bug_chain_length": 0, "node_degree": [1, 2, 3]}, "{_ZNK9GooString4copyEv}": {"distance_to_interface": 1, "macke_vulnerabilities_found": 1, "faulty": false, "clustering_coefficient": 0.4, "node_path_length": 1.0, "macke_bug_chain_length": 1, "node_degree": [3, 2, 5]}, "{_ZdlPv}": {"distance_to_interface": 1, "macke_vulnerabilities_found": 0, "faulty": false, "clustering_coefficient": 0.3333333333333333, "node_path_length": 1.0, "macke_bug_chain_length": 0, "node_degree": [1, 5, 6]}, "{_ZN4Dict6decRefEv}": {"distance_to_interface": 1, "macke_vulnerabilities_found": 0, "faulty": false, "clustering_coefficient": 0.6666666666666666, "node_path_length": 1.0, "macke_bug_chain_length": 0, "node_degree": [1, 2, 3]}, "{_ZN4Dict9getLengthEv}": {"distance_to_interface": 1, "macke_vulnerabilities_found": 1, "faulty": false, "clustering_coefficient": 1.0, "node_path_length": 0, "macke_bug_chain_length": 1, "node_degree": [0, 2, 2]}}