{"klee-out-1": {"bcfile": "/tmp/macke/2017-07-19-15-43-34/bitcode/symmains.bc", "folder": "/tmp/macke/2017-07-19-15-43-34/klee/klee-out-1", "function": "MagickArraySize", "phase": 1}, "klee-out-2": {"bcfile": "/tmp/macke/2017-07-19-15-43-34/bitcode/symmains.bc", "folder": "/tmp/macke/2017-07-19-15-43-34/klee/klee-out-2", "function": "MagickMalloc", "phase": 1}, "klee-out-3": {"bcfile": "/tmp/macke/2017-07-19-15-43-34/bitcode/symmains.bc", "folder": "/tmp/macke/2017-07-19-15-43-34/klee/klee-out-3", "function": "MagickMallocAligned", "phase": 1}, "klee-out-4": {"bcfile": "/tmp/macke/2017-07-19-15-43-34/bitcode/symmains.bc", "folder": "/tmp/macke/2017-07-19-15-43-34/klee/klee-out-4", "function": "MagickMallocAlignedArray", "phase": 1}, "klee-out-5": {"bcfile": "/tmp/macke/2017-07-19-15-43-34/bitcode/symmains.bc", "folder": "/tmp/macke/2017-07-19-15-43-34/klee/klee-out-5", "function": "MagickMallocArray", "phase": 1}, "klee-out-6": {"bcfile": "/tmp/macke/2017-07-19-15-43-34/bitcode/symmains.bc", "folder": "/tmp/macke/2017-07-19-15-43-34/klee/klee-out-6", "function": "MagickMallocCleared", "phase": 1}, "klee-out-7": {"bcfile": "/tmp/macke/2017-07-19-15-43-34/bitcode/symmains.bc", "folder": "/tmp/macke/2017-07-19-15-43-34/klee/klee-out-7", "function": "MagickCloneMemory", "phase": 1}, "klee-out-8": {"bcfile": "/tmp/macke/2017-07-19-15-43-34/bitcode/symmains.bc", "folder": "/tmp/macke/2017-07-19-15-43-34/klee/klee-out-8", "function": "MagickFree", "phase": 1}, "klee-out-9": {"bcfile": "/tmp/macke/2017-07-19-15-43-34/bitcode/symmains.bc", "folder": "/tmp/macke/2017-07-19-15-43-34/klee/klee-out-9", "function": "MagickRealloc", "phase": 1}, "klee-out-10": {"bcfile": "/tmp/macke/2017-07-19-15-43-34/bitcode/symmains.bc", "folder": "/tmp/macke/2017-07-19-15-43-34/klee/klee-out-10", "function": "MagickFreeAligned", "phase": 1}}