{"directed": true, "graph": {"node": {"shape": "", "label": "Call graph"}, "graph": {"label": "Call graph"}, "edge": {}, "name": "Call graph"}, "nodes": [{"shape": "record", "id": "Node0x17fe110", "label": "{MagickMallocArray}"}, {"shape": "record", "id": "Node0x17fef80", "label": "{llvm.dbg.declare}"}, {"shape": "record", "id": "Node0x17ff020", "label": "{MagickMalloc}"}, {"shape": "record", "id": "Node0x17ed760", "label": "{external node}"}, {"shape": "record", "id": "Node0x17fee50", "label": "{MagickAllocFunctions}"}, {"shape": "record", "id": "Node0x1801ef0", "label": "{llvm.memset.p0i8.i64}"}, {"shape": "record", "id": "Node0x1815070", "label": "{MagickFree}"}, {"shape": "record", "id": "Node0x1814fd0", "label": "{llvm.memmove.p0i8.p0i8.i64}"}, {"shape": "record", "id": "Node0x17feff0", "label": "{MagickArraySize}"}, {"shape": "record", "id": "Node0x1801f60", "label": "{MagickCloneMemory}"}, {"shape": "record", "id": "Node0x17fdfa0", "label": "{MagickMallocAligned}"}, {"shape": "record", "id": "Node0x1814f60", "label": "{llvm.memcpy.p0i8.p0i8.i64}"}, {"shape": "record", "id": "Node0x1801fd0", "label": "{__assert_fail}"}, {"shape": "record", "id": "Node0x17ed8f0", "label": "{malloc}"}, {"shape": "record", "id": "Node0x17ed800", "label": "{free}"}, {"shape": "record", "id": "Node0x183cb50", "label": "{MagickFreeAligned}"}, {"shape": "record", "id": "Node0x17fef50", "label": "{realloc}"}, {"shape": "record", "id": "Node0x1815040", "label": "{MagickRealloc}"}, {"shape": "record", "id": "Node0x1801dc0", "label": "{MagickMallocCleared}"}, {"id": "Node0x17ed790"}, {"shape": "record", "id": "Node0x17fe0e0", "label": "{MagickMallocAlignedArray}"}, {"shape": "record", "id": "Node0x17fe010", "label": "{posix_memalign}"}], "links": [{"source": "Node0x17fe110", "target": "Node0x17feff0", "key": 0}, {"source": "Node0x17fe110", "target": "Node0x17ff020", "key": 0}, {"source": "Node0x17ff020", "target": "Node0x17ed790", "key": 0}, {"source": "Node0x17ed760", "target": "Node0x17fdfa0", "key": 0}, {"source": "Node0x17ed760", "target": "Node0x1801f60", "key": 0}, {"source": "Node0x17ed760", "target": "Node0x17ed800", "key": 0}, {"source": "Node0x17ed760", "target": "Node0x17ed800", "key": 1}, {"source": "Node0x17ed760", "target": "Node0x17fef80", "key": 0}, {"source": "Node0x17ed760", "target": "Node0x17ff020", "key": 0}, {"source": "Node0x17ed760", "target": "Node0x1815070", "key": 0}, {"source": "Node0x17ed760", "target": "Node0x1814f60", "key": 0}, {"source": "Node0x17ed760", "target": "Node0x17fee50", "key": 0}, {"source": "Node0x17ed760", "target": "Node0x1801ef0", "key": 0}, {"source": "Node0x17ed760", "target": "Node0x17fe110", "key": 0}, {"source": "Node0x17ed760", "target": "Node0x1801fd0", "key": 0}, {"source": "Node0x17ed760", "target": "Node0x1815040", "key": 0}, {"source": "Node0x17ed760", "target": "Node0x17fef50", "key": 0}, {"source": "Node0x17ed760", "target": "Node0x17fef50", "key": 1}, {"source": "Node0x17ed760", "target": "Node0x17ed8f0", "key": 0}, {"source": "Node0x17ed760", "target": "Node0x17ed8f0", "key": 1}, {"source": "Node0x17ed760", "target": "Node0x1801dc0", "key": 0}, {"source": "Node0x17ed760", "target": "Node0x1814fd0", "key": 0}, {"source": "Node0x17ed760", "target": "Node0x17feff0", "key": 0}, {"source": "Node0x17ed760", "target": "Node0x17fe0e0", "key": 0}, {"source": "Node0x17ed760", "target": "Node0x183cb50", "key": 0}, {"source": "Node0x17ed760", "target": "Node0x17fe010", "key": 0}, {"source": "Node0x1815070", "target": "Node0x17ed790", "key": 0}, {"source": "Node0x1801f60", "target": "Node0x1801fd0", "key": 0}, {"source": "Node0x1801f60", "target": "Node0x1801fd0", "key": 1}, {"source": "Node0x17fdfa0", "target": "Node0x17fe010", "key": 0}, {"source": "Node0x1801fd0", "target": "Node0x17ed790", "key": 0}, {"source": "Node0x17ed8f0", "target": "Node0x17ed790", "key": 0}, {"source": "Node0x17ed800", "target": "Node0x17ed790", "key": 0}, {"source": "Node0x183cb50", "target": "Node0x1815070", "key": 0}, {"source": "Node0x17fef50", "target": "Node0x17ed790", "key": 0}, {"source": "Node0x1815040", "target": "Node0x17ed790", "key": 0}, {"source": "Node0x1815040", "target": "Node0x17ed790", "key": 1}, {"source": "Node0x1815040", "target": "Node0x1815070", "key": 0}, {"source": "Node0x1801dc0", "target": "Node0x17ff020", "key": 0}, {"source": "Node0x17fe0e0", "target": "Node0x17feff0", "key": 0}, {"source": "Node0x17fe0e0", "target": "Node0x17fdfa0", "key": 0}, {"source": "Node0x17fe010", "target": "Node0x17ed790", "key": 0}], "multigraph": true}
