{"{MagickArraySize}": {"node_path_length": 0, "clustering_coefficient": 0.6666666666666666, "macke_vulnerabilities_found": 1, "distance_to_interface": 1, "faulty": false, "node_degree": [0, 3, 3], "macke_bug_chain_length": 1}, "{MagickMallocCleared}": {"node_path_length": 1.0, "clustering_coefficient": 1.0, "macke_vulnerabilities_found": 1, "distance_to_interface": 1, "faulty": false, "node_degree": [1, 1, 2], "macke_bug_chain_length": 1}, "{realloc}": {"node_path_length": 1.0, "clustering_coefficient": 0.0, "macke_vulnerabilities_found": 0, "distance_to_interface": 1, "faulty": false, "node_degree": [1, 1, 2], "macke_bug_chain_length": 0}, "{external node}": {"node_path_length": 0, "clustering_coefficient": 0.04736842105263158, "macke_vulnerabilities_found": 0, "distance_to_interface": 999, "faulty": false, "node_degree": [20, 0, 20], "macke_bug_chain_length": 0}, "{MagickCloneMemory}": {"node_path_length": 2.0, "clustering_coefficient": 1.0, "macke_vulnerabilities_found": 1, "distance_to_interface": 1, "faulty": false, "node_degree": [1, 1, 2], "macke_bug_chain_length": 1}, "{MagickFreeAligned}": {"node_path_length": 1.0, "clustering_coefficient": 1.0, "macke_vulnerabilities_found": 1, "distance_to_interface": 1, "faulty": false, "node_degree": [1, 1, 2], "macke_bug_chain_length": 1}, "{MagickAllocFunctions}": {"node_path_length": 0, "clustering_coefficient": 0, "macke_vulnerabilities_found": 0, "distance_to_interface": 1, "faulty": false, "node_degree": [0, 1, 1], "macke_bug_chain_length": 0}, "{llvm.memmove.p0i8.p0i8.i64}": {"node_path_length": 0, "clustering_coefficient": 0, "macke_vulnerabilities_found": 0, "distance_to_interface": 1, "faulty": false, "node_degree": [0, 1, 1], "macke_bug_chain_length": 0}, "{llvm.memset.p0i8.i64}": {"node_path_length": 0, "clustering_coefficient": 0, "macke_vulnerabilities_found": 0, "distance_to_interface": 1, "faulty": false, "node_degree": [0, 1, 1], "macke_bug_chain_length": 0}, "{malloc}": {"node_path_length": 1.0, "clustering_coefficient": 0.0, "macke_vulnerabilities_found": 0, "distance_to_interface": 1, "faulty": false, "node_degree": [1, 1, 2], "macke_bug_chain_length": 0}, "{free}": {"node_path_length": 1.0, "clustering_coefficient": 0.0, "macke_vulnerabilities_found": 0, "distance_to_interface": 1, "faulty": false, "node_degree": [1, 1, 2], "macke_bug_chain_length": 0}, "{MagickMalloc}": {"node_path_length": 1.0, "clustering_coefficient": 0.3333333333333333, "macke_vulnerabilities_found": 1, "cvss3": {"baseScore": 9.8, "integrityImpact": "HIGH", "attackComplexity": "LOW", "attackVector": "NETWORK", "availabilityImpact": "HIGH", "vectorString": "AV:N/AC:L/PR:N/UI:N/S:U/C:H/I:H/A:H", "privilegesRequired": "NONE", "baseSeverity": "CRITICAL", "userInteraction": "NONE", "confidentialityImpact": "HIGH", "scope": "UNCHANGED"}, "distance_to_interface": 1, "faulty": true, "node_degree": [1, 3, 4], "macke_bug_chain_length": 1}, "{posix_memalign}": {"node_path_length": 1.0, "clustering_coefficient": 0.3333333333333333, "macke_vulnerabilities_found": 0, "distance_to_interface": 1, "faulty": false, "node_degree": [1, 2, 3], "macke_bug_chain_length": 0}, "{llvm.dbg.declare}": {"node_path_length": 0, "clustering_coefficient": 0, "macke_vulnerabilities_found": 0, "distance_to_interface": 1, "faulty": false, "node_degree": [0, 1, 1], "macke_bug_chain_length": 0}, "{llvm.memcpy.p0i8.p0i8.i64}": {"node_path_length": 0, "clustering_coefficient": 0, "macke_vulnerabilities_found": 0, "distance_to_interface": 1, "faulty": false, "node_degree": [0, 1, 1], "macke_bug_chain_length": 0}, "{MagickMallocAligned}": {"node_path_length": 2.0, "clustering_coefficient": 0.6666666666666666, "macke_vulnerabilities_found": 1, "distance_to_interface": 1, "faulty": false, "node_degree": [1, 2, 3], "macke_bug_chain_length": 1}, "{MagickMallocAlignedArray}": {"node_path_length": 1.0, "clustering_coefficient": 0.6666666666666666, "macke_vulnerabilities_found": 1, "distance_to_interface": 1, "faulty": false, "node_degree": [2, 1, 3], "macke_bug_chain_length": 1}, "{MagickRealloc}": {"node_path_length": 1.0, "clustering_coefficient": 0.6666666666666666, "macke_vulnerabilities_found": 1, "distance_to_interface": 1, "faulty": false, "node_degree": [2, 1, 3], "macke_bug_chain_length": 1}, "{__assert_fail}": {"node_path_length": 1.0, "clustering_coefficient": 0.3333333333333333, "macke_vulnerabilities_found": 0, "distance_to_interface": 1, "faulty": false, "node_degree": [1, 2, 3], "macke_bug_chain_length": 0}, "{MagickMallocArray}": {"node_path_length": 1.0, "clustering_coefficient": 0.6666666666666666, "macke_vulnerabilities_found": 1, "distance_to_interface": 1, "faulty": false, "node_degree": [2, 1, 3], "macke_bug_chain_length": 1}, "{MagickFree}": {"node_path_length": 1.0, "clustering_coefficient": 0.5, "macke_vulnerabilities_found": 1, "distance_to_interface": 1, "faulty": false, "node_degree": [1, 3, 4], "macke_bug_chain_length": 1}}