{"links": [{"source": "{MagickMallocArray}", "type": 0, "target": "{MagickArraySize}"}, {"source": "{MagickMallocArray}", "type": 2, "target": "{MagickMalloc}"}, {"source": "{MagickMalloc}", "type": 0, "target": "Node0x17ed790"}, {"source": "{external node}", "type": 2, "target": "{MagickMallocAligned}"}, {"source": "{external node}", "type": 2, "target": "{MagickCloneMemory}"}, {"source": "{external node}", "type": 0, "target": "{free}"}, {"source": "{external node}", "type": 2, "target": "{free}"}, {"source": "{external node}", "type": 2, "target": "{llvm.dbg.declare}"}, {"source": "{external node}", "type": 1, "target": "{MagickMalloc}"}, {"source": "{external node}", "type": 0, "target": "{MagickFree}"}, {"source": "{external node}", "type": 1, "target": "{llvm.memcpy.p0i8.p0i8.i64}"}, {"source": "{external node}", "type": 0, "target": "{MagickAllocFunctions}"}, {"source": "{external node}", "type": 3, "target": "{llvm.memset.p0i8.i64}"}, {"source": "{external node}", "type": 1, "target": "{MagickMallocArray}"}, {"source": "{external node}", "type": 2, "target": "{__assert_fail}"}, {"source": "{external node}", "type": 3, "target": "{MagickRealloc}"}, {"source": "{external node}", "type": 2, "target": "{realloc}"}, {"source": "{external node}", "type": 0, "target": "{realloc}"}, {"source": "{external node}", "type": 2, "target": "{malloc}"}, {"source": "{external node}", "type": 3, "target": "{malloc}"}, {"source": "{external node}", "type": 3, "target": "{MagickMallocCleared}"}, {"source": "{external node}", "type": 1, "target": "{llvm.memmove.p0i8.p0i8.i64}"}, {"source": "{external node}", "type": 3, "target": "{MagickArraySize}"}, {"source": "{external node}", "type": 3, "target": "{MagickMallocAlignedArray}"}, {"source": "{external node}", "type": 1, "target": "{MagickFreeAligned}"}, {"source": "{external node}", "type": 3, "target": "{posix_memalign}"}, {"source": "{MagickFree}", "type": 1, "target": "Node0x17ed790"}, {"source": "{MagickCloneMemory}", "type": 0, "target": "{__assert_fail}"}, {"source": "{MagickCloneMemory}", "type": 0, "target": "{__assert_fail}"}, {"source": "{MagickMallocAligned}", "type": 3, "target": "{posix_memalign}"}, {"source": "{__assert_fail}", "type": 0, "target": "Node0x17ed790"}, {"source": "{malloc}", "type": 0, "target": "Node0x17ed790"}, {"source": "{free}", "type": 0, "target": "Node0x17ed790"}, {"source": "{MagickFreeAligned}", "type": 3, "target": "{MagickFree}"}, {"source": "{realloc}", "type": 0, "target": "Node0x17ed790"}, {"source": "{MagickRealloc}", "type": 2, "target": "Node0x17ed790"}, {"source": "{MagickRealloc}", "type": 1, "target": "Node0x17ed790"}, {"source": "{MagickRealloc}", "type": 2, "target": "{MagickFree}"}, {"source": "{MagickMallocCleared}", "type": 2, "target": "{MagickMalloc}"}, {"source": "{MagickMallocAlignedArray}", "type": 3, "target": "{MagickArraySize}"}, {"source": "{MagickMallocAlignedArray}", "type": 3, "target": "{MagickMallocAligned}"}, {"source": "{posix_memalign}", "type": 2, "target": "Node0x17ed790"}], "nodes": [{"type": 4, "id": "{MagickMallocArray}", "data": {"node_path_length": 1.0, "clustering_coefficient": 0.6666666666666666, "macke_vulnerabilities_found": 1, "distance_to_interface": 1, "faulty": false, "node_degree": [2, 1, 3], "macke_bug_chain_length": 1}}, {"type": 4, "id": "{llvm.dbg.declare}", "data": {"node_path_length": 0, "clustering_coefficient": 0, "macke_vulnerabilities_found": 0, "distance_to_interface": 1, "faulty": false, "node_degree": [0, 1, 1], "macke_bug_chain_length": 0}}, {"type": 2, "id": "{MagickMalloc}", "data": {"node_path_length": 1.0, "clustering_coefficient": 0.3333333333333333, "macke_vulnerabilities_found": 1, "cvss3": {"baseScore": 9.8, "integrityImpact": "HIGH", "attackComplexity": "LOW", "attackVector": "NETWORK", "availabilityImpact": "HIGH", "vectorString": "AV:N/AC:L/PR:N/UI:N/S:U/C:H/I:H/A:H", "privilegesRequired": "NONE", "baseSeverity": "CRITICAL", "userInteraction": "NONE", "confidentialityImpact": "HIGH", "scope": "UNCHANGED"}, "distance_to_interface": 1, "faulty": true, "node_degree": [1, 3, 4], "macke_bug_chain_length": 1}}, {"type": 5, "id": "{external node}", "data": {"node_path_length": 0, "clustering_coefficient": 0.04736842105263158, "macke_vulnerabilities_found": 0, "distance_to_interface": 999, "faulty": false, "node_degree": [20, 0, 20], "macke_bug_chain_length": 0}}, {"type": 4, "id": "{MagickAllocFunctions}", "data": {"node_path_length": 0, "clustering_coefficient": 0, "macke_vulnerabilities_found": 0, "distance_to_interface": 1, "faulty": false, "node_degree": [0, 1, 1], "macke_bug_chain_length": 0}}, {"type": 3, "id": "{llvm.memset.p0i8.i64}", "data": {"node_path_length": 0, "clustering_coefficient": 0, "macke_vulnerabilities_found": 0, "distance_to_interface": 1, "faulty": false, "node_degree": [0, 1, 1], "macke_bug_chain_length": 0}}, {"type": 3, "id": "{MagickFree}", "data": {"node_path_length": 1.0, "clustering_coefficient": 0.5, "macke_vulnerabilities_found": 1, "distance_to_interface": 1, "faulty": false, "node_degree": [1, 3, 4], "macke_bug_chain_length": 1}}, {"type": 2, "id": "{llvm.memmove.p0i8.p0i8.i64}", "data": {"node_path_length": 0, "clustering_coefficient": 0, "macke_vulnerabilities_found": 0, "distance_to_interface": 1, "faulty": false, "node_degree": [0, 1, 1], "macke_bug_chain_length": 0}}, {"type": 0, "id": "{MagickArraySize}", "data": {"node_path_length": 0, "clustering_coefficient": 0.6666666666666666, "macke_vulnerabilities_found": 1, "distance_to_interface": 1, "faulty": false, "node_degree": [0, 3, 3], "macke_bug_chain_length": 1}}, {"type": 5, "id": "{MagickCloneMemory}", "data": {"node_path_length": 2.0, "clustering_coefficient": 1.0, "macke_vulnerabilities_found": 1, "distance_to_interface": 1, "faulty": false, "node_degree": [1, 1, 2], "macke_bug_chain_length": 1}}, {"type": 4, "id": "{MagickMallocAligned}", "data": {"node_path_length": 2.0, "clustering_coefficient": 0.6666666666666666, "macke_vulnerabilities_found": 1, "distance_to_interface": 1, "faulty": false, "node_degree": [1, 2, 3], "macke_bug_chain_length": 1}}, {"type": 5, "id": "{llvm.memcpy.p0i8.p0i8.i64}", "data": {"node_path_length": 0, "clustering_coefficient": 0, "macke_vulnerabilities_found": 0, "distance_to_interface": 1, "faulty": false, "node_degree": [0, 1, 1], "macke_bug_chain_length": 0}}, {"type": 2, "id": "{__assert_fail}", "data": {"node_path_length": 1.0, "clustering_coefficient": 0.3333333333333333, "macke_vulnerabilities_found": 0, "distance_to_interface": 1, "faulty": false, "node_degree": [1, 2, 3], "macke_bug_chain_length": 0}}, {"type": 1, "id": "{malloc}", "data": {"node_path_length": 1.0, "clustering_coefficient": 0.0, "macke_vulnerabilities_found": 0, "distance_to_interface": 1, "faulty": false, "node_degree": [1, 1, 2], "macke_bug_chain_length": 0}}, {"type": 4, "id": "{free}", "data": {"node_path_length": 1.0, "clustering_coefficient": 0.0, "macke_vulnerabilities_found": 0, "distance_to_interface": 1, "faulty": false, "node_degree": [1, 1, 2], "macke_bug_chain_length": 0}}, {"type": 0, "id": "{MagickFreeAligned}", "data": {"node_path_length": 1.0, "clustering_coefficient": 1.0, "macke_vulnerabilities_found": 1, "distance_to_interface": 1, "faulty": false, "node_degree": [1, 1, 2], "macke_bug_chain_length": 1}}, {"type": 1, "id": "{realloc}", "data": {"node_path_length": 1.0, "clustering_coefficient": 0.0, "macke_vulnerabilities_found": 0, "distance_to_interface": 1, "faulty": false, "node_degree": [1, 1, 2], "macke_bug_chain_length": 0}}, {"type": 1, "id": "{MagickRealloc}", "data": {"node_path_length": 1.0, "clustering_coefficient": 0.6666666666666666, "macke_vulnerabilities_found": 1, "distance_to_interface": 1, "faulty": false, "node_degree": [2, 1, 3], "macke_bug_chain_length": 1}}, {"type": 5, "id": "{MagickMallocCleared}", "data": {"node_path_length": 1.0, "clustering_coefficient": 1.0, "macke_vulnerabilities_found": 1, "distance_to_interface": 1, "faulty": false, "node_degree": [1, 1, 2], "macke_bug_chain_length": 1}}, {"type": 1, "id": "Node0x17ed790"}, {"type": 0, "id": "{MagickMallocAlignedArray}", "data": {"node_path_length": 1.0, "clustering_coefficient": 0.6666666666666666, "macke_vulnerabilities_found": 1, "distance_to_interface": 1, "faulty": false, "node_degree": [2, 1, 3], "macke_bug_chain_length": 1}}, {"type": 3, "id": "{posix_memalign}", "data": {"node_path_length": 1.0, "clustering_coefficient": 0.3333333333333333, "macke_vulnerabilities_found": 0, "distance_to_interface": 1, "faulty": false, "node_degree": [1, 2, 3], "macke_bug_chain_length": 0}}]}