{"links": [{"source": "{jas_matrix_copy}", "target": "{jas_matrix_create}", "type": 2}, {"source": "{jas_matrix_divpow2}", "target": "{__assert_fail}", "type": 3}, {"source": "{jas_seq2d_output}", "target": "{sprintf}", "type": 1}, {"source": "{jas_seq2d_output}", "target": "{fputs}", "type": 2}, {"source": "{jas_seq2d_output}", "target": "{fputs}", "type": 2}, {"source": "{jas_seq2d_output}", "target": "{fputs}", "type": 3}, {"source": "{jas_seq2d_output}", "target": "{fputs}", "type": 1}, {"source": "{jas_seq2d_output}", "target": "{fputs}", "type": 1}, {"source": "{jas_seq2d_output}", "target": "{strcat}", "type": 3}, {"source": "{jas_seq2d_output}", "target": "{strlen}", "type": 1}, {"source": "{jas_seq2d_output}", "target": "{strlen}", "type": 3}, {"source": "{jas_seq2d_output}", "target": "{strlen}", "type": 2}, {"source": "{jas_seq2d_output}", "target": "{fprintf}", "type": 2}, {"source": "{jas_seq2d_output}", "target": "{fprintf}", "type": 0}, {"source": "{jas_fast32_asr}", "target": "{__assert_fail}", "type": 3}, {"source": "{jas_seq2d_input}", "target": "{__isoc99_fscanf}", "type": 1}, {"source": "{jas_seq2d_input}", "target": "{__isoc99_fscanf}", "type": 3}, {"source": "{jas_seq2d_input}", "target": "{__isoc99_fscanf}", "type": 2}, {"source": "{jas_seq2d_input}", "target": "{jas_matrix_destroy}", "type": 2}, {"source": "{jas_seq2d_input}", "target": "{jas_seq2d_create}", "type": 3}, {"source": "{jas_seq2d_input}", "target": "{abort}", "type": 3}, {"source": "{strcat}", "target": "Node0x3208cf0", "type": 3}, {"source": "{external node}", "target": "{jas_matrix_copy}", "type": 3}, {"source": "{external node}", "target": "{jas_matrix_divpow2}", "type": 3}, {"source": "{external node}", "target": "{jas_seq2d_output}", "type": 0}, {"source": "{external node}", "target": "{jas_seq2d_input}", "type": 2}, {"source": "{external node}", "target": "{llvm.dbg.declare}", "type": 3}, {"source": "{external node}", "target": "{strcat}", "type": 3}, {"source": "{external node}", "target": "{strlen}", "type": 2}, {"source": "{external node}", "target": "{jas_alloc2}", "type": 3}, {"source": "{external node}", "target": "{jas_seq2d_create}", "type": 1}, {"source": "{external node}", "target": "{jas_matrix_setall}", "type": 2}, {"source": "{external node}", "target": "{jas_free}", "type": 3}, {"source": "{external node}", "target": "{fputs}", "type": 1}, {"source": "{external node}", "target": "{jas_seq2d_bindsub}", "type": 3}, {"source": "{external node}", "target": "{jas_matrix_clip}", "type": 3}, {"source": "{external node}", "target": "{jas_matrix_destroy}", "type": 2}, {"source": "{external node}", "target": "{fprintf}", "type": 3}, {"source": "{external node}", "target": "{sprintf}", "type": 0}, {"source": "{external node}", "target": "{jas_seq2d_copy}", "type": 0}, {"source": "{external node}", "target": "{jas_matrix_create}", "type": 0}, {"source": "{external node}", "target": "{jas_malloc}", "type": 0}, {"source": "{external node}", "target": "{jas_matrix_bindsub}", "type": 3}, {"source": "{external node}", "target": "{jas_matrix_asl}", "type": 3}, {"source": "{external node}", "target": "{jas_matrix_resize}", "type": 3}, {"source": "{external node}", "target": "{abort}", "type": 1}, {"source": "{external node}", "target": "{jas_matrix_cmp}", "type": 2}, {"source": "{external node}", "target": "{__assert_fail}", "type": 2}, {"source": "{external node}", "target": "{__isoc99_fscanf}", "type": 1}, {"source": "{external node}", "target": "{jas_matrix_asr}", "type": 1}, {"source": "{jas_alloc2}", "target": "Node0x3208cf0", "type": 1}, {"source": "{jas_fast32_asl}", "target": "{__assert_fail}", "type": 3}, {"source": "{jas_seq2d_create}", "target": "{jas_matrix_create}", "type": 1}, {"source": "{jas_seq2d_create}", "target": "{__assert_fail}", "type": 1}, {"source": "{jas_matrix_setall}", "target": "{__assert_fail}", "type": 0}, {"source": "{jas_free}", "target": "Node0x3208cf0", "type": 3}, {"source": "{fputs}", "target": "Node0x3208cf0", "type": 0}, {"source": "{jas_seq2d_bindsub}", "target": "{jas_matrix_bindsub}", "type": 2}, {"source": "{jas_matrix_clip}", "target": "{__assert_fail}", "type": 2}, {"source": "{strlen}", "target": "Node0x3208cf0", "type": 3}, {"source": "{jas_matrix_destroy}", "target": "{__assert_fail}", "type": 0}, {"source": "{jas_matrix_destroy}", "target": "{jas_free}", "type": 0}, {"source": "{jas_matrix_destroy}", "target": "{jas_free}", "type": 0}, {"source": "{jas_matrix_destroy}", "target": "{jas_free}", "type": 0}, {"source": "{fprintf}", "target": "Node0x3208cf0", "type": 3}, {"source": "{sprintf}", "target": "Node0x3208cf0", "type": 2}, {"source": "{jas_seq2d_copy}", "target": "{__assert_fail}", "type": 2}, {"source": "{jas_seq2d_copy}", "target": "{jas_seq2d_create}", "type": 3}, {"source": "{jas_matrix_create}", "target": "{jas_safe_size_mul}", "type": 2}, {"source": "{jas_matrix_create}", "target": "{jas_malloc}", "type": 2}, {"source": "{jas_matrix_create}", "target": "{jas_matrix_destroy}", "type": 3}, {"source": "{jas_matrix_create}", "target": "{jas_alloc2}", "type": 0}, {"source": "{jas_matrix_create}", "target": "{jas_alloc2}", "type": 3}, {"source": "{jas_malloc}", "target": "Node0x3208cf0", "type": 0}, {"source": "{jas_matrix_bindsub}", "target": "{abort}", "type": 0}, {"source": "{jas_matrix_bindsub}", "target": "{jas_free}", "type": 1}, {"source": "{jas_matrix_bindsub}", "target": "{jas_free}", "type": 0}, {"source": "{jas_matrix_bindsub}", "target": "{jas_alloc2}", "type": 2}, {"source": "{jas_matrix_asl}", "target": "{__assert_fail}", "type": 0}, {"source": "{jas_matrix_asl}", "target": "{jas_fast32_asl}", "type": 2}, {"source": "{abort}", "target": "Node0x3208cf0", "type": 2}, {"source": "{__assert_fail}", "target": "Node0x3208cf0", "type": 1}, {"source": "{__isoc99_fscanf}", "target": "Node0x3208cf0", "type": 0}, {"source": "{jas_matrix_asr}", "target": "{jas_fast32_asr}", "type": 2}, {"source": "{jas_matrix_asr}", "target": "{__assert_fail}", "type": 0}, {"source": "{jas_matrix_asr}", "target": "{__assert_fail}", "type": 0}], "nodes": [{"data": {"distance_to_interface": 1, "faulty": false, "node_degree": [1, 1, 2], "node_path_length": 2.6216216216216215, "clustering_coefficient": 1.0, "macke_vulnerabilities_found": 1, "macke_bug_chain_length": 1}, "type": 4, "id": "{jas_matrix_copy}"}, {"data": {"distance_to_interface": 1, "faulty": false, "node_degree": [1, 1, 2], "node_path_length": 1.0, "clustering_coefficient": 1.0, "macke_vulnerabilities_found": 1, "macke_bug_chain_length": 1}, "type": 1, "id": "{jas_matrix_divpow2}"}, {"data": {"distance_to_interface": 1, "faulty": false, "node_degree": [5, 1, 6], "node_path_length": 2.0, "clustering_coefficient": 0.3333333333333333, "macke_vulnerabilities_found": 1, "macke_bug_chain_length": 1}, "type": 3, "id": "{jas_seq2d_output}"}, {"data": {"distance_to_interface": 2, "faulty": false, "node_degree": [1, 1, 2], "node_path_length": 1.0, "clustering_coefficient": 1.0, "macke_vulnerabilities_found": 1, "macke_bug_chain_length": 1}, "type": 1, "id": "{jas_fast32_asr}"}, {"data": {"distance_to_interface": 1, "faulty": false, "node_degree": [4, 1, 5], "node_path_length": 1.6923076923076923, "clustering_coefficient": 0.4, "macke_vulnerabilities_found": 1, "macke_bug_chain_length": 1}, "type": 3, "id": "{jas_seq2d_input}"}, {"data": {"distance_to_interface": 3, "faulty": false, "node_degree": [0, 1, 1], "node_path_length": 0, "clustering_coefficient": 0, "macke_vulnerabilities_found": 1, "macke_bug_chain_length": 1}, "type": 3, "id": "{jas_safe_size_mul}"}, {"data": {"distance_to_interface": 1, "faulty": false, "node_degree": [0, 1, 1], "node_path_length": 0, "clustering_coefficient": 0, "macke_vulnerabilities_found": 0, "macke_bug_chain_length": 0}, "type": 2, "id": "{llvm.dbg.declare}"}, {"data": {"distance_to_interface": 1, "faulty": false, "node_degree": [1, 2, 3], "node_path_length": 1.0, "clustering_coefficient": 0.3333333333333333, "macke_vulnerabilities_found": 0, "macke_bug_chain_length": 0}, "type": 2, "id": "{strcat}"}, {"data": {"distance_to_interface": 999, "faulty": false, "node_degree": [28, 0, 28], "node_path_length": 0, "clustering_coefficient": 0.07407407407407407, "macke_vulnerabilities_found": 0, "macke_bug_chain_length": 0}, "type": 0, "id": "{external node}"}, {"data": {"distance_to_interface": 1, "faulty": false, "node_degree": [1, 3, 4], "node_path_length": 1.0, "clustering_coefficient": 0.3333333333333333, "macke_vulnerabilities_found": 0, "macke_bug_chain_length": 0}, "type": 0, "id": "{jas_alloc2}"}, {"data": {"distance_to_interface": 2, "faulty": false, "node_degree": [1, 1, 2], "node_path_length": 1.0, "clustering_coefficient": 1.0, "macke_vulnerabilities_found": 1, "macke_bug_chain_length": 1}, "type": 5, "id": "{jas_fast32_asl}"}, {"data": {"distance_to_interface": 1, "faulty": false, "node_degree": [2, 3, 5], "node_path_length": 1.0, "clustering_coefficient": 0.5, "macke_vulnerabilities_found": 1, "macke_bug_chain_length": 1}, "type": 4, "id": "{jas_seq2d_create}"}, {"data": {"distance_to_interface": 1, "faulty": false, "node_degree": [1, 1, 2], "node_path_length": 1.0, "clustering_coefficient": 1.0, "macke_vulnerabilities_found": 1, "macke_bug_chain_length": 1}, "type": 5, "id": "{jas_matrix_setall}"}, {"data": {"distance_to_interface": 1, "faulty": false, "node_degree": [1, 3, 4], "node_path_length": 0, "clustering_coefficient": 0.3333333333333333, "macke_vulnerabilities_found": 0, "macke_bug_chain_length": 0}, "type": 4, "id": "{jas_free}"}, {"data": {"distance_to_interface": 1, "faulty": false, "node_degree": [1, 2, 3], "node_path_length": 1.0, "clustering_coefficient": 0.3333333333333333, "macke_vulnerabilities_found": 0, "macke_bug_chain_length": 0}, "type": 1, "id": "{fputs}"}, {"data": {"distance_to_interface": 1, "faulty": false, "node_degree": [1, 1, 2], "node_path_length": 2.0, "clustering_coefficient": 1.0, "macke_vulnerabilities_found": 1, "macke_bug_chain_length": 1}, "type": 5, "id": "{jas_seq2d_bindsub}"}, {"data": {"distance_to_interface": 1, "faulty": false, "node_degree": [1, 1, 2], "node_path_length": 1.0, "clustering_coefficient": 1.0, "macke_vulnerabilities_found": 1, "macke_bug_chain_length": 1}, "type": 4, "id": "{jas_matrix_clip}"}, {"data": {"distance_to_interface": 1, "faulty": false, "node_degree": [1, 2, 3], "node_path_length": 1.0, "clustering_coefficient": 0.3333333333333333, "macke_vulnerabilities_found": 0, "macke_bug_chain_length": 0}, "type": 3, "id": "{strlen}"}, {"data": {"distance_to_interface": 1, "faulty": false, "node_degree": [2, 3, 5], "node_path_length": 2.0, "clustering_coefficient": 0.4, "macke_vulnerabilities_found": 1, "macke_bug_chain_length": 1}, "type": 1, "id": "{jas_matrix_destroy}"}, {"data": {"distance_to_interface": 1, "faulty": false, "node_degree": [1, 2, 3], "node_path_length": 1.0, "clustering_coefficient": 0.3333333333333333, "macke_vulnerabilities_found": 0, "macke_bug_chain_length": 0}, "type": 3, "id": "{fprintf}"}, {"data": {"distance_to_interface": 1, "faulty": false, "node_degree": [1, 2, 3], "node_path_length": 1.0, "clustering_coefficient": 0.3333333333333333, "macke_vulnerabilities_found": 0, "macke_bug_chain_length": 0}, "type": 4, "id": "{sprintf}"}, {"data": {"distance_to_interface": 1, "faulty": false, "node_degree": [2, 1, 3], "node_path_length": 1.0, "clustering_coefficient": 1.0, "macke_vulnerabilities_found": 1, "macke_bug_chain_length": 1}, "type": 0, "id": "{jas_seq2d_copy}"}, {"data": {"distance_to_interface": 1, "faulty": false, "node_degree": [4, 3, 7], "node_path_length": 1.6216216216216217, "clustering_coefficient": 0.23809523809523808, "macke_vulnerabilities_found": 1, "macke_bug_chain_length": 1}, "type": 0, "id": "{jas_matrix_create}"}, {"data": {"distance_to_interface": 1, "faulty": false, "node_degree": [1, 2, 3], "node_path_length": 1.0, "clustering_coefficient": 0.3333333333333333, "macke_vulnerabilities_found": 0, "macke_bug_chain_length": 0}, "type": 5, "id": "{jas_malloc}"}, {"data": {"distance_to_interface": 1, "faulty": false, "node_degree": [3, 2, 5], "node_path_length": 1.0, "clustering_coefficient": 0.4, "macke_vulnerabilities_found": 1, "macke_bug_chain_length": 1}, "type": 5, "id": "{jas_matrix_bindsub}"}, {"data": {"cvss3": {"integrityImpact": "NONE", "attackVector": "LOCAL", "scope": "UNCHANGED", "vectorString": "AV:L/AC:L/PR:N/UI:R/S:U/C:N/I:N/A:H", "availabilityImpact": "HIGH", "userInteraction": "REQUIRED", "privilegesRequired": "NONE", "baseScore": 5.5, "attackComplexity": "LOW", "baseSeverity": "MEDIUM", "confidentialityImpact": "NONE"}, "distance_to_interface": 1, "faulty": true, "node_degree": [2, 1, 3], "node_path_length": 1.3333333333333333, "clustering_coefficient": 0.6666666666666666, "macke_vulnerabilities_found": 1, "macke_bug_chain_length": 1}, "type": 3, "id": "{jas_matrix_asl}"}, {"type": 5, "id": "Node0x3208cf0"}, {"data": {"distance_to_interface": 1, "faulty": false, "node_degree": [0, 1, 1], "node_path_length": 0, "clustering_coefficient": 0, "macke_vulnerabilities_found": 1, "macke_bug_chain_length": 1}, "type": 5, "id": "{jas_matrix_resize}"}, {"data": {"distance_to_interface": 1, "faulty": false, "node_degree": [1, 3, 4], "node_path_length": 1.0, "clustering_coefficient": 0.3333333333333333, "macke_vulnerabilities_found": 0, "macke_bug_chain_length": 0}, "type": 2, "id": "{abort}"}, {"data": {"distance_to_interface": 1, "faulty": false, "node_degree": [0, 1, 1], "node_path_length": 0, "clustering_coefficient": 0, "macke_vulnerabilities_found": 1, "macke_bug_chain_length": 1}, "type": 1, "id": "{jas_matrix_cmp}"}, {"data": {"distance_to_interface": 1, "faulty": false, "node_degree": [1, 11, 12], "node_path_length": 0, "clustering_coefficient": 0.16666666666666666, "macke_vulnerabilities_found": 0, "macke_bug_chain_length": 0}, "type": 1, "id": "{__assert_fail}"}, {"data": {"distance_to_interface": 1, "faulty": false, "node_degree": [1, 2, 3], "node_path_length": 1.0, "clustering_coefficient": 0.3333333333333333, "macke_vulnerabilities_found": 0, "macke_bug_chain_length": 0}, "type": 4, "id": "{__isoc99_fscanf}"}, {"data": {"distance_to_interface": 1, "faulty": false, "node_degree": [2, 1, 3], "node_path_length": 1.5, "clustering_coefficient": 0.6666666666666666, "macke_vulnerabilities_found": 1, "macke_bug_chain_length": 1}, "type": 4, "id": "{jas_matrix_asr}"}]}