{"{__isoc99_fscanf}": {"distance_to_interface": 1, "faulty": false, "node_degree": [1, 2, 3], "node_path_length": 1.0, "clustering_coefficient": 0.3333333333333333, "macke_vulnerabilities_found": 0, "macke_bug_chain_length": 0}, "{strlen}": {"distance_to_interface": 1, "faulty": false, "node_degree": [1, 2, 3], "node_path_length": 1.0, "clustering_coefficient": 0.3333333333333333, "macke_vulnerabilities_found": 0, "macke_bug_chain_length": 0}, "{__assert_fail}": {"distance_to_interface": 1, "faulty": false, "node_degree": [1, 11, 12], "node_path_length": 0, "clustering_coefficient": 0.16666666666666666, "macke_vulnerabilities_found": 0, "macke_bug_chain_length": 0}, "{jas_matrix_destroy}": {"distance_to_interface": 1, "faulty": false, "node_degree": [2, 3, 5], "node_path_length": 2.0, "clustering_coefficient": 0.4, "macke_vulnerabilities_found": 1, "macke_bug_chain_length": 1}, "{jas_safe_size_mul}": {"distance_to_interface": 3, "faulty": false, "node_degree": [0, 1, 1], "node_path_length": 0, "clustering_coefficient": 0, "macke_vulnerabilities_found": 1, "macke_bug_chain_length": 1}, "{jas_fast32_asl}": {"distance_to_interface": 2, "faulty": false, "node_degree": [1, 1, 2], "node_path_length": 1.0, "clustering_coefficient": 1.0, "macke_vulnerabilities_found": 1, "macke_bug_chain_length": 1}, "{jas_seq2d_output}": {"distance_to_interface": 1, "faulty": false, "node_degree": [5, 1, 6], "node_path_length": 2.0, "clustering_coefficient": 0.3333333333333333, "macke_vulnerabilities_found": 1, "macke_bug_chain_length": 1}, "{jas_matrix_bindsub}": {"distance_to_interface": 1, "faulty": false, "node_degree": [3, 2, 5], "node_path_length": 1.0, "clustering_coefficient": 0.4, "macke_vulnerabilities_found": 1, "macke_bug_chain_length": 1}, "{llvm.dbg.declare}": {"distance_to_interface": 1, "faulty": false, "node_degree": [0, 1, 1], "node_path_length": 0, "clustering_coefficient": 0, "macke_vulnerabilities_found": 0, "macke_bug_chain_length": 0}, "{jas_matrix_cmp}": {"distance_to_interface": 1, "faulty": false, "node_degree": [0, 1, 1], "node_path_length": 0, "clustering_coefficient": 0, "macke_vulnerabilities_found": 1, "macke_bug_chain_length": 1}, "{abort}": {"distance_to_interface": 1, "faulty": false, "node_degree": [1, 3, 4], "node_path_length": 1.0, "clustering_coefficient": 0.3333333333333333, "macke_vulnerabilities_found": 0, "macke_bug_chain_length": 0}, "{jas_matrix_asr}": {"distance_to_interface": 1, "faulty": false, "node_degree": [2, 1, 3], "node_path_length": 1.5, "clustering_coefficient": 0.6666666666666666, "macke_vulnerabilities_found": 1, "macke_bug_chain_length": 1}, "{jas_matrix_copy}": {"distance_to_interface": 1, "faulty": false, "node_degree": [1, 1, 2], "node_path_length": 2.6216216216216215, "clustering_coefficient": 1.0, "macke_vulnerabilities_found": 1, "macke_bug_chain_length": 1}, "{jas_matrix_create}": {"distance_to_interface": 1, "faulty": false, "node_degree": [4, 3, 7], "node_path_length": 1.6216216216216217, "clustering_coefficient": 0.23809523809523808, "macke_vulnerabilities_found": 1, "macke_bug_chain_length": 1}, "{sprintf}": {"distance_to_interface": 1, "faulty": false, "node_degree": [1, 2, 3], "node_path_length": 1.0, "clustering_coefficient": 0.3333333333333333, "macke_vulnerabilities_found": 0, "macke_bug_chain_length": 0}, "{jas_seq2d_input}": {"distance_to_interface": 1, "faulty": false, "node_degree": [4, 1, 5], "node_path_length": 1.6923076923076923, "clustering_coefficient": 0.4, "macke_vulnerabilities_found": 1, "macke_bug_chain_length": 1}, "{jas_seq2d_copy}": {"distance_to_interface": 1, "faulty": false, "node_degree": [2, 1, 3], "node_path_length": 1.0, "clustering_coefficient": 1.0, "macke_vulnerabilities_found": 1, "macke_bug_chain_length": 1}, "{jas_matrix_clip}": {"distance_to_interface": 1, "faulty": false, "node_degree": [1, 1, 2], "node_path_length": 1.0, "clustering_coefficient": 1.0, "macke_vulnerabilities_found": 1, "macke_bug_chain_length": 1}, "{jas_free}": {"distance_to_interface": 1, "faulty": false, "node_degree": [1, 3, 4], "node_path_length": 0, "clustering_coefficient": 0.3333333333333333, "macke_vulnerabilities_found": 0, "macke_bug_chain_length": 0}, "{jas_matrix_divpow2}": {"distance_to_interface": 1, "faulty": false, "node_degree": [1, 1, 2], "node_path_length": 1.0, "clustering_coefficient": 1.0, "macke_vulnerabilities_found": 1, "macke_bug_chain_length": 1}, "{jas_matrix_asl}": {"cvss3": {"integrityImpact": "NONE", "attackVector": "LOCAL", "scope": "UNCHANGED", "vectorString": "AV:L/AC:L/PR:N/UI:R/S:U/C:N/I:N/A:H", "availabilityImpact": "HIGH", "userInteraction": "REQUIRED", "privilegesRequired": "NONE", "baseScore": 5.5, "attackComplexity": "LOW", "baseSeverity": "MEDIUM", "confidentialityImpact": "NONE"}, "distance_to_interface": 1, "faulty": true, "node_degree": [2, 1, 3], "node_path_length": 1.3333333333333333, "clustering_coefficient": 0.6666666666666666, "macke_vulnerabilities_found": 1, "macke_bug_chain_length": 1}, "{fputs}": {"distance_to_interface": 1, "faulty": false, "node_degree": [1, 2, 3], "node_path_length": 1.0, "clustering_coefficient": 0.3333333333333333, "macke_vulnerabilities_found": 0, "macke_bug_chain_length": 0}, "{jas_seq2d_bindsub}": {"distance_to_interface": 1, "faulty": false, "node_degree": [1, 1, 2], "node_path_length": 2.0, "clustering_coefficient": 1.0, "macke_vulnerabilities_found": 1, "macke_bug_chain_length": 1}, "{fprintf}": {"distance_to_interface": 1, "faulty": false, "node_degree": [1, 2, 3], "node_path_length": 1.0, "clustering_coefficient": 0.3333333333333333, "macke_vulnerabilities_found": 0, "macke_bug_chain_length": 0}, "{strcat}": {"distance_to_interface": 1, "faulty": false, "node_degree": [1, 2, 3], "node_path_length": 1.0, "clustering_coefficient": 0.3333333333333333, "macke_vulnerabilities_found": 0, "macke_bug_chain_length": 0}, "{jas_matrix_resize}": {"distance_to_interface": 1, "faulty": false, "node_degree": [0, 1, 1], "node_path_length": 0, "clustering_coefficient": 0, "macke_vulnerabilities_found": 1, "macke_bug_chain_length": 1}, "{jas_matrix_setall}": {"distance_to_interface": 1, "faulty": false, "node_degree": [1, 1, 2], "node_path_length": 1.0, "clustering_coefficient": 1.0, "macke_vulnerabilities_found": 1, "macke_bug_chain_length": 1}, "{jas_alloc2}": {"distance_to_interface": 1, "faulty": false, "node_degree": [1, 3, 4], "node_path_length": 1.0, "clustering_coefficient": 0.3333333333333333, "macke_vulnerabilities_found": 0, "macke_bug_chain_length": 0}, "{jas_malloc}": {"distance_to_interface": 1, "faulty": false, "node_degree": [1, 2, 3], "node_path_length": 1.0, "clustering_coefficient": 0.3333333333333333, "macke_vulnerabilities_found": 0, "macke_bug_chain_length": 0}, "{external node}": {"distance_to_interface": 999, "faulty": false, "node_degree": [28, 0, 28], "node_path_length": 0, "clustering_coefficient": 0.07407407407407407, "macke_vulnerabilities_found": 0, "macke_bug_chain_length": 0}, "{jas_fast32_asr}": {"distance_to_interface": 2, "faulty": false, "node_degree": [1, 1, 2], "node_path_length": 1.0, "clustering_coefficient": 1.0, "macke_vulnerabilities_found": 1, "macke_bug_chain_length": 1}, "{jas_seq2d_create}": {"distance_to_interface": 1, "faulty": false, "node_degree": [2, 3, 5], "node_path_length": 1.0, "clustering_coefficient": 0.5, "macke_vulnerabilities_found": 1, "macke_bug_chain_length": 1}}