{"directed": true, "graph": {"node": {"shape": "", "label": "Call graph"}, "graph": {"label": "Call graph"}, "edge": {}, "name": "Call graph"}, "nodes": [{"shape": "record", "id": "Node0x31c65c0", "label": "{jas_matrix_copy}"}, {"shape": "record", "id": "Node0x31c6c20", "label": "{jas_matrix_divpow2}"}, {"shape": "record", "id": "Node0x31c74c0", "label": "{jas_seq2d_output}"}, {"shape": "record", "id": "Node0x31c6a20", "label": "{jas_fast32_asr}"}, {"shape": "record", "id": "Node0x31c7360", "label": "{jas_seq2d_input}"}, {"shape": "record", "id": "Node0x3205d10", "label": "{jas_safe_size_mul}"}, {"shape": "record", "id": "Node0x31baf20", "label": "{llvm.dbg.declare}"}, {"shape": "record", "id": "Node0x31c7950", "label": "{strcat}"}, {"shape": "record", "id": "Node0x3208cc0", "label": "{external node}"}, {"shape": "record", "id": "Node0x3205ca0", "label": "{jas_alloc2}"}, {"shape": "record", "id": "Node0x31c71e0", "label": "{jas_fast32_asl}"}, {"shape": "record", "id": "Node0x31bae50", "label": "{jas_seq2d_create}"}, {"shape": "record", "id": "Node0x31c72c0", "label": "{jas_matrix_setall}"}, {"shape": "record", "id": "Node0x31bbea0", "label": "{jas_free}"}, {"shape": "record", "id": "Node0x31c7740", "label": "{fputs}"}, {"shape": "record", "id": "Node0x31c66a0", "label": "{jas_seq2d_bindsub}"}, {"shape": "record", "id": "Node0x31c6cc0", "label": "{jas_matrix_clip}"}, {"shape": "record", "id": "Node0x31c7690", "label": "{strlen}"}, {"shape": "record", "id": "Node0x31bbf30", "label": "{jas_matrix_destroy}"}, {"shape": "record", "id": "Node0x31c7660", "label": "{fprintf}"}, {"shape": "record", "id": "Node0x31c77d0", "label": "{sprintf}"}, {"shape": "record", "id": "Node0x31c6710", "label": "{jas_seq2d_copy}"}, {"shape": "record", "id": "Node0x31baf90", "label": "{jas_matrix_create}"}, {"shape": "record", "id": "Node0x31bb050", "label": "{jas_malloc}"}, {"shape": "record", "id": "Node0x31c6990", "label": "{jas_matrix_bindsub}"}, {"shape": "record", "id": "Node0x31c68d0", "label": "{jas_matrix_asl}"}, {"id": "Node0x3208cf0"}, {"shape": "record", "id": "Node0x31c7250", "label": "{jas_matrix_resize}"}, {"shape": "record", "id": "Node0x31c69f0", "label": "{abort}"}, {"shape": "record", "id": "Node0x31c6bb0", "label": "{jas_matrix_cmp}"}, {"shape": "record", "id": "Node0x31baef0", "label": "{__assert_fail}"}, {"shape": "record", "id": "Node0x31c73d0", "label": "{__isoc99_fscanf}"}, {"shape": "record", "id": "Node0x31c6d60", "label": "{jas_matrix_asr}"}], "links": [{"source": "Node0x31c65c0", "target": "Node0x31baf90", "key": 0}, {"source": "Node0x31c6c20", "target": "Node0x31baef0", "key": 0}, {"source": "Node0x31c74c0", "target": "Node0x31c77d0", "key": 0}, {"source": "Node0x31c74c0", "target": "Node0x31c7740", "key": 0}, {"source": "Node0x31c74c0", "target": "Node0x31c7740", "key": 1}, {"source": "Node0x31c74c0", "target": "Node0x31c7740", "key": 2}, {"source": "Node0x31c74c0", "target": "Node0x31c7740", "key": 3}, {"source": "Node0x31c74c0", "target": "Node0x31c7740", "key": 4}, {"source": "Node0x31c74c0", "target": "Node0x31c7950", "key": 0}, {"source": "Node0x31c74c0", "target": "Node0x31c7690", "key": 0}, {"source": "Node0x31c74c0", "target": "Node0x31c7690", "key": 1}, {"source": "Node0x31c74c0", "target": "Node0x31c7690", "key": 2}, {"source": "Node0x31c74c0", "target": "Node0x31c7660", "key": 0}, {"source": "Node0x31c74c0", "target": "Node0x31c7660", "key": 1}, {"source": "Node0x31c6a20", "target": "Node0x31baef0", "key": 0}, {"source": "Node0x31c7360", "target": "Node0x31c73d0", "key": 0}, {"source": "Node0x31c7360", "target": "Node0x31c73d0", "key": 1}, {"source": "Node0x31c7360", "target": "Node0x31c73d0", "key": 2}, {"source": "Node0x31c7360", "target": "Node0x31bbf30", "key": 0}, {"source": "Node0x31c7360", "target": "Node0x31bae50", "key": 0}, {"source": "Node0x31c7360", "target": "Node0x31c69f0", "key": 0}, {"source": "Node0x31c7950", "target": "Node0x3208cf0", "key": 0}, {"source": "Node0x3208cc0", "target": "Node0x31c65c0", "key": 0}, {"source": "Node0x3208cc0", "target": "Node0x31c6c20", "key": 0}, {"source": "Node0x3208cc0", "target": "Node0x31c74c0", "key": 0}, {"source": "Node0x3208cc0", "target": "Node0x31c7360", "key": 0}, {"source": "Node0x3208cc0", "target": "Node0x31baf20", "key": 0}, {"source": "Node0x3208cc0", "target": "Node0x31c7950", "key": 0}, {"source": "Node0x3208cc0", "target": "Node0x31c7690", "key": 0}, {"source": "Node0x3208cc0", "target": "Node0x3205ca0", "key": 0}, {"source": "Node0x3208cc0", "target": "Node0x31bae50", "key": 0}, {"source": "Node0x3208cc0", "target": "Node0x31c72c0", "key": 0}, {"source": "Node0x3208cc0", "target": "Node0x31bbea0", "key": 0}, {"source": "Node0x3208cc0", "target": "Node0x31c7740", "key": 0}, {"source": "Node0x3208cc0", "target": "Node0x31c66a0", "key": 0}, {"source": "Node0x3208cc0", "target": "Node0x31c6cc0", "key": 0}, {"source": "Node0x3208cc0", "target": "Node0x31bbf30", "key": 0}, {"source": "Node0x3208cc0", "target": "Node0x31c7660", "key": 0}, {"source": "Node0x3208cc0", "target": "Node0x31c77d0", "key": 0}, {"source": "Node0x3208cc0", "target": "Node0x31c6710", "key": 0}, {"source": "Node0x3208cc0", "target": "Node0x31baf90", "key": 0}, {"source": "Node0x3208cc0", "target": "Node0x31bb050", "key": 0}, {"source": "Node0x3208cc0", "target": "Node0x31c6990", "key": 0}, {"source": "Node0x3208cc0", "target": "Node0x31c68d0", "key": 0}, {"source": "Node0x3208cc0", "target": "Node0x31c7250", "key": 0}, {"source": "Node0x3208cc0", "target": "Node0x31c69f0", "key": 0}, {"source": "Node0x3208cc0", "target": "Node0x31c6bb0", "key": 0}, {"source": "Node0x3208cc0", "target": "Node0x31baef0", "key": 0}, {"source": "Node0x3208cc0", "target": "Node0x31c73d0", "key": 0}, {"source": "Node0x3208cc0", "target": "Node0x31c6d60", "key": 0}, {"source": "Node0x3205ca0", "target": "Node0x3208cf0", "key": 0}, {"source": "Node0x31c71e0", "target": "Node0x31baef0", "key": 0}, {"source": "Node0x31bae50", "target": "Node0x31baf90", "key": 0}, {"source": "Node0x31bae50", "target": "Node0x31baef0", "key": 0}, {"source": "Node0x31c72c0", "target": "Node0x31baef0", "key": 0}, {"source": "Node0x31bbea0", "target": "Node0x3208cf0", "key": 0}, {"source": "Node0x31c7740", "target": "Node0x3208cf0", "key": 0}, {"source": "Node0x31c66a0", "target": "Node0x31c6990", "key": 0}, {"source": "Node0x31c6cc0", "target": "Node0x31baef0", "key": 0}, {"source": "Node0x31c7690", "target": "Node0x3208cf0", "key": 0}, {"source": "Node0x31bbf30", "target": "Node0x31baef0", "key": 0}, {"source": "Node0x31bbf30", "target": "Node0x31bbea0", "key": 0}, {"source": "Node0x31bbf30", "target": "Node0x31bbea0", "key": 1}, {"source": "Node0x31bbf30", "target": "Node0x31bbea0", "key": 2}, {"source": "Node0x31c7660", "target": "Node0x3208cf0", "key": 0}, {"source": "Node0x31c77d0", "target": "Node0x3208cf0", "key": 0}, {"source": "Node0x31c6710", "target": "Node0x31baef0", "key": 0}, {"source": "Node0x31c6710", "target": "Node0x31bae50", "key": 0}, {"source": "Node0x31baf90", "target": "Node0x3205d10", "key": 0}, {"source": "Node0x31baf90", "target": "Node0x31bb050", "key": 0}, {"source": "Node0x31baf90", "target": "Node0x31bbf30", "key": 0}, {"source": "Node0x31baf90", "target": "Node0x3205ca0", "key": 0}, {"source": "Node0x31baf90", "target": "Node0x3205ca0", "key": 1}, {"source": "Node0x31bb050", "target": "Node0x3208cf0", "key": 0}, {"source": "Node0x31c6990", "target": "Node0x31c69f0", "key": 0}, {"source": "Node0x31c6990", "target": "Node0x31bbea0", "key": 0}, {"source": "Node0x31c6990", "target": "Node0x31bbea0", "key": 1}, {"source": "Node0x31c6990", "target": "Node0x3205ca0", "key": 0}, {"source": "Node0x31c68d0", "target": "Node0x31baef0", "key": 0}, {"source": "Node0x31c68d0", "target": "Node0x31c71e0", "key": 0}, {"source": "Node0x31c69f0", "target": "Node0x3208cf0", "key": 0}, {"source": "Node0x31baef0", "target": "Node0x3208cf0", "key": 0}, {"source": "Node0x31c73d0", "target": "Node0x3208cf0", "key": 0}, {"source": "Node0x31c6d60", "target": "Node0x31c6a20", "key": 0}, {"source": "Node0x31c6d60", "target": "Node0x31baef0", "key": 0}, {"source": "Node0x31c6d60", "target": "Node0x31baef0", "key": 1}], "multigraph": true}
