{"klee-out-1": {"bcfile": "/tmp/macke/2017-07-19-08-03-03/bitcode/symmains.bc", "folder": "/tmp/macke/2017-07-19-08-03-03/klee/klee-out-1", "function": "jas_safe_size_mul", "phase": 1}, "klee-out-2": {"bcfile": "/tmp/macke/2017-07-19-08-03-03/bitcode/symmains.bc", "folder": "/tmp/macke/2017-07-19-08-03-03/klee/klee-out-2", "function": "jas_matrix_destroy", "phase": 1}, "klee-out-3": {"bcfile": "/tmp/macke/2017-07-19-08-03-03/bitcode/symmains.bc", "folder": "/tmp/macke/2017-07-19-08-03-03/klee/klee-out-3", "function": "jas_matrix_create", "phase": 1}, "klee-out-4": {"bcfile": "/tmp/macke/2017-07-19-08-03-03/bitcode/symmains.bc", "folder": "/tmp/macke/2017-07-19-08-03-03/klee/klee-out-4", "function": "jas_seq2d_create", "phase": 1}, "klee-out-5": {"bcfile": "/tmp/macke/2017-07-19-08-03-03/bitcode/symmains.bc", "folder": "/tmp/macke/2017-07-19-08-03-03/klee/klee-out-5", "function": "jas_seq2d_copy", "phase": 1}, "klee-out-6": {"bcfile": "/tmp/macke/2017-07-19-08-03-03/bitcode/symmains.bc", "folder": "/tmp/macke/2017-07-19-08-03-03/klee/klee-out-6", "function": "jas_matrix_copy", "phase": 1}, "klee-out-7": {"bcfile": "/tmp/macke/2017-07-19-08-03-03/bitcode/symmains.bc", "folder": "/tmp/macke/2017-07-19-08-03-03/klee/klee-out-7", "function": "jas_matrix_bindsub", "phase": 1}, "klee-out-8": {"bcfile": "/tmp/macke/2017-07-19-08-03-03/bitcode/symmains.bc", "folder": "/tmp/macke/2017-07-19-08-03-03/klee/klee-out-8", "function": "jas_seq2d_bindsub", "phase": 1}, "klee-out-9": {"bcfile": "/tmp/macke/2017-07-19-08-03-03/bitcode/symmains.bc", "folder": "/tmp/macke/2017-07-19-08-03-03/klee/klee-out-9", "function": "jas_matrix_cmp", "phase": 1}, "klee-out-10": {"bcfile": "/tmp/macke/2017-07-19-08-03-03/bitcode/symmains.bc", "folder": "/tmp/macke/2017-07-19-08-03-03/klee/klee-out-10", "function": "jas_matrix_divpow2", "phase": 1}, "klee-out-11": {"bcfile": "/tmp/macke/2017-07-19-08-03-03/bitcode/symmains.bc", "folder": "/tmp/macke/2017-07-19-08-03-03/klee/klee-out-11", "function": "jas_matrix_clip", "phase": 1}, "klee-out-12": {"bcfile": "/tmp/macke/2017-07-19-08-03-03/bitcode/symmains.bc", "folder": "/tmp/macke/2017-07-19-08-03-03/klee/klee-out-12", "function": "jas_fast32_asr", "phase": 1}, "klee-out-13": {"bcfile": "/tmp/macke/2017-07-19-08-03-03/bitcode/symmains.bc", "folder": "/tmp/macke/2017-07-19-08-03-03/klee/klee-out-13", "function": "jas_matrix_asr", "phase": 1}, "klee-out-14": {"bcfile": "/tmp/macke/2017-07-19-08-03-03/bitcode/symmains.bc", "folder": "/tmp/macke/2017-07-19-08-03-03/klee/klee-out-14", "function": "jas_fast32_asl", "phase": 1}, "klee-out-15": {"bcfile": "/tmp/macke/2017-07-19-08-03-03/bitcode/symmains.bc", "folder": "/tmp/macke/2017-07-19-08-03-03/klee/klee-out-15", "function": "jas_matrix_asl", "phase": 1}, "klee-out-16": {"bcfile": "/tmp/macke/2017-07-19-08-03-03/bitcode/symmains.bc", "folder": "/tmp/macke/2017-07-19-08-03-03/klee/klee-out-16", "function": "jas_matrix_resize", "phase": 1}, "klee-out-17": {"bcfile": "/tmp/macke/2017-07-19-08-03-03/bitcode/symmains.bc", "folder": "/tmp/macke/2017-07-19-08-03-03/klee/klee-out-17", "function": "jas_matrix_setall", "phase": 1}, "klee-out-18": {"bcfile": "/tmp/macke/2017-07-19-08-03-03/bitcode/symmains.bc", "folder": "/tmp/macke/2017-07-19-08-03-03/klee/klee-out-18", "function": "jas_seq2d_input", "phase": 1}, "klee-out-19": {"bcfile": "/tmp/macke/2017-07-19-08-03-03/bitcode/symmains.bc", "folder": "/tmp/macke/2017-07-19-08-03-03/klee/klee-out-19", "function": "jas_seq2d_output", "phase": 1}, "klee-out-20": {"bcfile": "/tmp/macke/2017-07-19-08-03-03/bitcode/chain-jas_matrix_create-jas_matrix_destroy.bc", "callee": "jas_matrix_destroy", "caller": "jas_matrix_create", "folder": "/tmp/macke/2017-07-19-08-03-03/klee/klee-out-20", "phase": 2}, "klee-out-21": {"bcfile": "/tmp/macke/2017-07-19-08-03-03/bitcode/chain-jas_seq2d_input-jas_matrix_destroy.bc", "callee": "jas_matrix_destroy", "caller": "jas_seq2d_input", "folder": "/tmp/macke/2017-07-19-08-03-03/klee/klee-out-21", "phase": 2}, "klee-out-22": {"bcfile": "/tmp/macke/2017-07-19-08-03-03/bitcode/chain-jas_seq2d_input-jas_seq2d_create.bc", "callee": "jas_seq2d_create", "caller": "jas_seq2d_input", "folder": "/tmp/macke/2017-07-19-08-03-03/klee/klee-out-22", "phase": 2}, "klee-out-23": {"bcfile": "/tmp/macke/2017-07-19-08-03-03/bitcode/chain-jas_matrix_asr-jas_fast32_asr.bc", "callee": "jas_fast32_asr", "caller": "jas_matrix_asr", "folder": "/tmp/macke/2017-07-19-08-03-03/klee/klee-out-23", "phase": 2}}