{"klee-out-1": {"bcfile": "/tmp/macke/2017-07-16-16-23-09/bitcode/symmains.bc", "folder": "/tmp/macke/2017-07-16-16-23-09/klee/klee-out-1", "function": "pcm_init", "phase": 1}, "klee-out-2": {"bcfile": "/tmp/macke/2017-07-16-16-23-09/bitcode/symmains.bc", "folder": "/tmp/macke/2017-07-16-16-23-09/klee/klee-out-2", "function": "sc2s_array", "phase": 1}, "klee-out-3": {"bcfile": "/tmp/macke/2017-07-16-16-23-09/bitcode/symmains.bc", "folder": "/tmp/macke/2017-07-16-16-23-09/klee/klee-out-3", "function": "pcm_read_sc2s", "phase": 1}, "klee-out-4": {"bcfile": "/tmp/macke/2017-07-16-16-23-09/bitcode/symmains.bc", "folder": "/tmp/macke/2017-07-16-16-23-09/klee/klee-out-4", "function": "sc2i_array", "phase": 1}, "klee-out-5": {"bcfile": "/tmp/macke/2017-07-16-16-23-09/bitcode/symmains.bc", "folder": "/tmp/macke/2017-07-16-16-23-09/klee/klee-out-5", "function": "pcm_read_sc2i", "phase": 1}, "klee-out-6": {"bcfile": "/tmp/macke/2017-07-16-16-23-09/bitcode/symmains.bc", "folder": "/tmp/macke/2017-07-16-16-23-09/klee/klee-out-6", "function": "sc2f_array", "phase": 1}, "klee-out-7": {"bcfile": "/tmp/macke/2017-07-16-16-23-09/bitcode/symmains.bc", "folder": "/tmp/macke/2017-07-16-16-23-09/klee/klee-out-7", "function": "pcm_read_sc2f", "phase": 1}, "klee-out-8": {"bcfile": "/tmp/macke/2017-07-16-16-23-09/bitcode/symmains.bc", "folder": "/tmp/macke/2017-07-16-16-23-09/klee/klee-out-8", "function": "sc2d_array", "phase": 1}, "klee-out-9": {"bcfile": "/tmp/macke/2017-07-16-16-23-09/bitcode/symmains.bc", "folder": "/tmp/macke/2017-07-16-16-23-09/klee/klee-out-9", "function": "pcm_read_sc2d", "phase": 1}, "klee-out-10": {"bcfile": "/tmp/macke/2017-07-16-16-23-09/bitcode/symmains.bc", "folder": "/tmp/macke/2017-07-16-16-23-09/klee/klee-out-10", "function": "uc2s_array", "phase": 1}, "klee-out-11": {"bcfile": "/tmp/macke/2017-07-16-16-23-09/bitcode/symmains.bc", "folder": "/tmp/macke/2017-07-16-16-23-09/klee/klee-out-11", "function": "pcm_read_uc2s", "phase": 1}, "klee-out-12": {"bcfile": "/tmp/macke/2017-07-16-16-23-09/bitcode/symmains.bc", "folder": "/tmp/macke/2017-07-16-16-23-09/klee/klee-out-12", "function": "uc2i_array", "phase": 1}, "klee-out-13": {"bcfile": "/tmp/macke/2017-07-16-16-23-09/bitcode/symmains.bc", "folder": "/tmp/macke/2017-07-16-16-23-09/klee/klee-out-13", "function": "pcm_read_uc2i", "phase": 1}, "klee-out-14": {"bcfile": "/tmp/macke/2017-07-16-16-23-09/bitcode/symmains.bc", "folder": "/tmp/macke/2017-07-16-16-23-09/klee/klee-out-14", "function": "uc2f_array", "phase": 1}, "klee-out-15": {"bcfile": "/tmp/macke/2017-07-16-16-23-09/bitcode/symmains.bc", "folder": "/tmp/macke/2017-07-16-16-23-09/klee/klee-out-15", "function": "pcm_read_uc2f", "phase": 1}, "klee-out-16": {"bcfile": "/tmp/macke/2017-07-16-16-23-09/bitcode/symmains.bc", "folder": "/tmp/macke/2017-07-16-16-23-09/klee/klee-out-16", "function": "uc2d_array", "phase": 1}, "klee-out-17": {"bcfile": "/tmp/macke/2017-07-16-16-23-09/bitcode/symmains.bc", "folder": "/tmp/macke/2017-07-16-16-23-09/klee/klee-out-17", "function": "pcm_read_uc2d", "phase": 1}, "klee-out-18": {"bcfile": "/tmp/macke/2017-07-16-16-23-09/bitcode/symmains.bc", "folder": "/tmp/macke/2017-07-16-16-23-09/klee/klee-out-18", "function": "ENDSWAP_16", "phase": 1}, "klee-out-19": {"bcfile": "/tmp/macke/2017-07-16-16-23-09/bitcode/symmains.bc", "folder": "/tmp/macke/2017-07-16-16-23-09/klee/klee-out-19", "function": "endswap_short_array", "phase": 1}, "klee-out-20": {"bcfile": "/tmp/macke/2017-07-16-16-23-09/bitcode/symmains.bc", "folder": "/tmp/macke/2017-07-16-16-23-09/klee/klee-out-20", "function": "pcm_read_bes2s", "phase": 1}, "klee-out-21": {"bcfile": "/tmp/macke/2017-07-16-16-23-09/bitcode/symmains.bc", "folder": "/tmp/macke/2017-07-16-16-23-09/klee/klee-out-21", "function": "bes2i_array", "phase": 1}, "klee-out-22": {"bcfile": "/tmp/macke/2017-07-16-16-23-09/bitcode/symmains.bc", "folder": "/tmp/macke/2017-07-16-16-23-09/klee/klee-out-22", "function": "pcm_read_bes2i", "phase": 1}, "klee-out-23": {"bcfile": "/tmp/macke/2017-07-16-16-23-09/bitcode/symmains.bc", "folder": "/tmp/macke/2017-07-16-16-23-09/klee/klee-out-23", "function": "bes2f_array", "phase": 1}, "klee-out-24": {"bcfile": "/tmp/macke/2017-07-16-16-23-09/bitcode/symmains.bc", "folder": "/tmp/macke/2017-07-16-16-23-09/klee/klee-out-24", "function": "pcm_read_bes2f", "phase": 1}, "klee-out-25": {"bcfile": "/tmp/macke/2017-07-16-16-23-09/bitcode/symmains.bc", "folder": "/tmp/macke/2017-07-16-16-23-09/klee/klee-out-25", "function": "bes2d_array", "phase": 1}, "klee-out-26": {"bcfile": "/tmp/macke/2017-07-16-16-23-09/bitcode/symmains.bc", "folder": "/tmp/macke/2017-07-16-16-23-09/klee/klee-out-26", "function": "pcm_read_bes2d", "phase": 1}, "klee-out-27": {"bcfile": "/tmp/macke/2017-07-16-16-23-09/bitcode/symmains.bc", "folder": "/tmp/macke/2017-07-16-16-23-09/klee/klee-out-27", "function": "bet2s_array", "phase": 1}, "klee-out-28": {"bcfile": "/tmp/macke/2017-07-16-16-23-09/bitcode/symmains.bc", "folder": "/tmp/macke/2017-07-16-16-23-09/klee/klee-out-28", "function": "pcm_read_bet2s", "phase": 1}, "klee-out-29": {"bcfile": "/tmp/macke/2017-07-16-16-23-09/bitcode/symmains.bc", "folder": "/tmp/macke/2017-07-16-16-23-09/klee/klee-out-29", "function": "psf_get_be24", "phase": 1}, "klee-out-30": {"bcfile": "/tmp/macke/2017-07-16-16-23-09/bitcode/symmains.bc", "folder": "/tmp/macke/2017-07-16-16-23-09/klee/klee-out-30", "function": "bet2i_array", "phase": 1}, "klee-out-31": {"bcfile": "/tmp/macke/2017-07-16-16-23-09/bitcode/symmains.bc", "folder": "/tmp/macke/2017-07-16-16-23-09/klee/klee-out-31", "function": "pcm_read_bet2i", "phase": 1}, "klee-out-32": {"bcfile": "/tmp/macke/2017-07-16-16-23-09/bitcode/symmains.bc", "folder": "/tmp/macke/2017-07-16-16-23-09/klee/klee-out-32", "function": "bet2f_array", "phase": 1}, "klee-out-33": {"bcfile": "/tmp/macke/2017-07-16-16-23-09/bitcode/symmains.bc", "folder": "/tmp/macke/2017-07-16-16-23-09/klee/klee-out-33", "function": "pcm_read_bet2f", "phase": 1}, "klee-out-34": {"bcfile": "/tmp/macke/2017-07-16-16-23-09/bitcode/symmains.bc", "folder": "/tmp/macke/2017-07-16-16-23-09/klee/klee-out-34", "function": "bet2d_array", "phase": 1}, "klee-out-35": {"bcfile": "/tmp/macke/2017-07-16-16-23-09/bitcode/symmains.bc", "folder": "/tmp/macke/2017-07-16-16-23-09/klee/klee-out-35", "function": "pcm_read_bet2d", "phase": 1}, "klee-out-36": {"bcfile": "/tmp/macke/2017-07-16-16-23-09/bitcode/symmains.bc", "folder": "/tmp/macke/2017-07-16-16-23-09/klee/klee-out-36", "function": "ENDSWAP_32", "phase": 1}, "klee-out-37": {"bcfile": "/tmp/macke/2017-07-16-16-23-09/bitcode/symmains.bc", "folder": "/tmp/macke/2017-07-16-16-23-09/klee/klee-out-37", "function": "bei2s_array", "phase": 1}, "klee-out-38": {"bcfile": "/tmp/macke/2017-07-16-16-23-09/bitcode/symmains.bc", "folder": "/tmp/macke/2017-07-16-16-23-09/klee/klee-out-38", "function": "pcm_read_bei2s", "phase": 1}, "klee-out-39": {"bcfile": "/tmp/macke/2017-07-16-16-23-09/bitcode/symmains.bc", "folder": "/tmp/macke/2017-07-16-16-23-09/klee/klee-out-39", "function": "endswap_int_array", "phase": 1}, "klee-out-40": {"bcfile": "/tmp/macke/2017-07-16-16-23-09/bitcode/symmains.bc", "folder": "/tmp/macke/2017-07-16-16-23-09/klee/klee-out-40", "function": "pcm_read_bei2i", "phase": 1}, "klee-out-41": {"bcfile": "/tmp/macke/2017-07-16-16-23-09/bitcode/symmains.bc", "folder": "/tmp/macke/2017-07-16-16-23-09/klee/klee-out-41", "function": "bei2f_array", "phase": 1}, "klee-out-42": {"bcfile": "/tmp/macke/2017-07-16-16-23-09/bitcode/symmains.bc", "folder": "/tmp/macke/2017-07-16-16-23-09/klee/klee-out-42", "function": "pcm_read_bei2f", "phase": 1}, "klee-out-43": {"bcfile": "/tmp/macke/2017-07-16-16-23-09/bitcode/symmains.bc", "folder": "/tmp/macke/2017-07-16-16-23-09/klee/klee-out-43", "function": "bei2d_array", "phase": 1}, "klee-out-44": {"bcfile": "/tmp/macke/2017-07-16-16-23-09/bitcode/symmains.bc", "folder": "/tmp/macke/2017-07-16-16-23-09/klee/klee-out-44", "function": "pcm_read_bei2d", "phase": 1}, "klee-out-45": {"bcfile": "/tmp/macke/2017-07-16-16-23-09/bitcode/symmains.bc", "folder": "/tmp/macke/2017-07-16-16-23-09/klee/klee-out-45", "function": "pcm_read_les2s", "phase": 1}, "klee-out-46": {"bcfile": "/tmp/macke/2017-07-16-16-23-09/bitcode/symmains.bc", "folder": "/tmp/macke/2017-07-16-16-23-09/klee/klee-out-46", "function": "les2i_array", "phase": 1}, "klee-out-47": {"bcfile": "/tmp/macke/2017-07-16-16-23-09/bitcode/symmains.bc", "folder": "/tmp/macke/2017-07-16-16-23-09/klee/klee-out-47", "function": "pcm_read_les2i", "phase": 1}, "klee-out-48": {"bcfile": "/tmp/macke/2017-07-16-16-23-09/bitcode/symmains.bc", "folder": "/tmp/macke/2017-07-16-16-23-09/klee/klee-out-48", "function": "les2f_array", "phase": 1}, "klee-out-49": {"bcfile": "/tmp/macke/2017-07-16-16-23-09/bitcode/symmains.bc", "folder": "/tmp/macke/2017-07-16-16-23-09/klee/klee-out-49", "function": "pcm_read_les2f", "phase": 1}, "klee-out-50": {"bcfile": "/tmp/macke/2017-07-16-16-23-09/bitcode/symmains.bc", "folder": "/tmp/macke/2017-07-16-16-23-09/klee/klee-out-50", "function": "les2d_array", "phase": 1}, "klee-out-51": {"bcfile": "/tmp/macke/2017-07-16-16-23-09/bitcode/symmains.bc", "folder": "/tmp/macke/2017-07-16-16-23-09/klee/klee-out-51", "function": "pcm_read_les2d", "phase": 1}, "klee-out-52": {"bcfile": "/tmp/macke/2017-07-16-16-23-09/bitcode/symmains.bc", "folder": "/tmp/macke/2017-07-16-16-23-09/klee/klee-out-52", "function": "let2s_array", "phase": 1}, "klee-out-53": {"bcfile": "/tmp/macke/2017-07-16-16-23-09/bitcode/symmains.bc", "folder": "/tmp/macke/2017-07-16-16-23-09/klee/klee-out-53", "function": "pcm_read_let2s", "phase": 1}, "klee-out-54": {"bcfile": "/tmp/macke/2017-07-16-16-23-09/bitcode/symmains.bc", "folder": "/tmp/macke/2017-07-16-16-23-09/klee/klee-out-54", "function": "psf_get_le24", "phase": 1}, "klee-out-55": {"bcfile": "/tmp/macke/2017-07-16-16-23-09/bitcode/symmains.bc", "folder": "/tmp/macke/2017-07-16-16-23-09/klee/klee-out-55", "function": "let2i_array", "phase": 1}, "klee-out-56": {"bcfile": "/tmp/macke/2017-07-16-16-23-09/bitcode/symmains.bc", "folder": "/tmp/macke/2017-07-16-16-23-09/klee/klee-out-56", "function": "pcm_read_let2i", "phase": 1}, "klee-out-57": {"bcfile": "/tmp/macke/2017-07-16-16-23-09/bitcode/symmains.bc", "folder": "/tmp/macke/2017-07-16-16-23-09/klee/klee-out-57", "function": "let2f_array", "phase": 1}, "klee-out-58": {"bcfile": "/tmp/macke/2017-07-16-16-23-09/bitcode/symmains.bc", "folder": "/tmp/macke/2017-07-16-16-23-09/klee/klee-out-58", "function": "pcm_read_let2f", "phase": 1}, "klee-out-59": {"bcfile": "/tmp/macke/2017-07-16-16-23-09/bitcode/symmains.bc", "folder": "/tmp/macke/2017-07-16-16-23-09/klee/klee-out-59", "function": "let2d_array", "phase": 1}, "klee-out-60": {"bcfile": "/tmp/macke/2017-07-16-16-23-09/bitcode/symmains.bc", "folder": "/tmp/macke/2017-07-16-16-23-09/klee/klee-out-60", "function": "pcm_read_let2d", "phase": 1}, "klee-out-61": {"bcfile": "/tmp/macke/2017-07-16-16-23-09/bitcode/symmains.bc", "folder": "/tmp/macke/2017-07-16-16-23-09/klee/klee-out-61", "function": "lei2s_array", "phase": 1}, "klee-out-62": {"bcfile": "/tmp/macke/2017-07-16-16-23-09/bitcode/symmains.bc", "folder": "/tmp/macke/2017-07-16-16-23-09/klee/klee-out-62", "function": "pcm_read_lei2s", "phase": 1}, "klee-out-63": {"bcfile": "/tmp/macke/2017-07-16-16-23-09/bitcode/symmains.bc", "folder": "/tmp/macke/2017-07-16-16-23-09/klee/klee-out-63", "function": "pcm_read_lei2i", "phase": 1}, "klee-out-64": {"bcfile": "/tmp/macke/2017-07-16-16-23-09/bitcode/symmains.bc", "folder": "/tmp/macke/2017-07-16-16-23-09/klee/klee-out-64", "function": "lei2f_array", "phase": 1}, "klee-out-65": {"bcfile": "/tmp/macke/2017-07-16-16-23-09/bitcode/symmains.bc", "folder": "/tmp/macke/2017-07-16-16-23-09/klee/klee-out-65", "function": "pcm_read_lei2f", "phase": 1}, "klee-out-66": {"bcfile": "/tmp/macke/2017-07-16-16-23-09/bitcode/symmains.bc", "folder": "/tmp/macke/2017-07-16-16-23-09/klee/klee-out-66", "function": "lei2d_array", "phase": 1}, "klee-out-67": {"bcfile": "/tmp/macke/2017-07-16-16-23-09/bitcode/symmains.bc", "folder": "/tmp/macke/2017-07-16-16-23-09/klee/klee-out-67", "function": "pcm_read_lei2d", "phase": 1}, "klee-out-68": {"bcfile": "/tmp/macke/2017-07-16-16-23-09/bitcode/symmains.bc", "folder": "/tmp/macke/2017-07-16-16-23-09/klee/klee-out-68", "function": "s2sc_array", "phase": 1}, "klee-out-69": {"bcfile": "/tmp/macke/2017-07-16-16-23-09/bitcode/symmains.bc", "folder": "/tmp/macke/2017-07-16-16-23-09/klee/klee-out-69", "function": "pcm_write_s2sc", "phase": 1}, "klee-out-70": {"bcfile": "/tmp/macke/2017-07-16-16-23-09/bitcode/symmains.bc", "folder": "/tmp/macke/2017-07-16-16-23-09/klee/klee-out-70", "function": "i2sc_array", "phase": 1}, "klee-out-71": {"bcfile": "/tmp/macke/2017-07-16-16-23-09/bitcode/symmains.bc", "folder": "/tmp/macke/2017-07-16-16-23-09/klee/klee-out-71", "function": "pcm_write_i2sc", "phase": 1}, "klee-out-72": {"bcfile": "/tmp/macke/2017-07-16-16-23-09/bitcode/symmains.bc", "folder": "/tmp/macke/2017-07-16-16-23-09/klee/klee-out-72", "function": "pcm_write_f2sc", "phase": 1}, "klee-out-73": {"bcfile": "/tmp/macke/2017-07-16-16-23-09/bitcode/symmains.bc", "folder": "/tmp/macke/2017-07-16-16-23-09/klee/klee-out-73", "function": "pcm_write_d2sc", "phase": 1}, "klee-out-74": {"bcfile": "/tmp/macke/2017-07-16-16-23-09/bitcode/symmains.bc", "folder": "/tmp/macke/2017-07-16-16-23-09/klee/klee-out-74", "function": "s2uc_array", "phase": 1}, "klee-out-75": {"bcfile": "/tmp/macke/2017-07-16-16-23-09/bitcode/symmains.bc", "folder": "/tmp/macke/2017-07-16-16-23-09/klee/klee-out-75", "function": "pcm_write_s2uc", "phase": 1}, "klee-out-76": {"bcfile": "/tmp/macke/2017-07-16-16-23-09/bitcode/symmains.bc", "folder": "/tmp/macke/2017-07-16-16-23-09/klee/klee-out-76", "function": "i2uc_array", "phase": 1}, "klee-out-77": {"bcfile": "/tmp/macke/2017-07-16-16-23-09/bitcode/symmains.bc", "folder": "/tmp/macke/2017-07-16-16-23-09/klee/klee-out-77", "function": "pcm_write_i2uc", "phase": 1}, "klee-out-78": {"bcfile": "/tmp/macke/2017-07-16-16-23-09/bitcode/symmains.bc", "folder": "/tmp/macke/2017-07-16-16-23-09/klee/klee-out-78", "function": "pcm_write_f2uc", "phase": 1}, "klee-out-79": {"bcfile": "/tmp/macke/2017-07-16-16-23-09/bitcode/symmains.bc", "folder": "/tmp/macke/2017-07-16-16-23-09/klee/klee-out-79", "function": "pcm_write_d2uc", "phase": 1}, "klee-out-80": {"bcfile": "/tmp/macke/2017-07-16-16-23-09/bitcode/symmains.bc", "folder": "/tmp/macke/2017-07-16-16-23-09/klee/klee-out-80", "function": "endswap_short_copy", "phase": 1}, "klee-out-81": {"bcfile": "/tmp/macke/2017-07-16-16-23-09/bitcode/symmains.bc", "folder": "/tmp/macke/2017-07-16-16-23-09/klee/klee-out-81", "function": "pcm_write_s2bes", "phase": 1}, "klee-out-82": {"bcfile": "/tmp/macke/2017-07-16-16-23-09/bitcode/symmains.bc", "folder": "/tmp/macke/2017-07-16-16-23-09/klee/klee-out-82", "function": "i2bes_array", "phase": 1}, "klee-out-83": {"bcfile": "/tmp/macke/2017-07-16-16-23-09/bitcode/symmains.bc", "folder": "/tmp/macke/2017-07-16-16-23-09/klee/klee-out-83", "function": "pcm_write_i2bes", "phase": 1}, "klee-out-84": {"bcfile": "/tmp/macke/2017-07-16-16-23-09/bitcode/symmains.bc", "folder": "/tmp/macke/2017-07-16-16-23-09/klee/klee-out-84", "function": "pcm_write_f2bes", "phase": 1}, "klee-out-85": {"bcfile": "/tmp/macke/2017-07-16-16-23-09/bitcode/symmains.bc", "folder": "/tmp/macke/2017-07-16-16-23-09/klee/klee-out-85", "function": "pcm_write_d2bes", "phase": 1}, "klee-out-86": {"bcfile": "/tmp/macke/2017-07-16-16-23-09/bitcode/symmains.bc", "folder": "/tmp/macke/2017-07-16-16-23-09/klee/klee-out-86", "function": "s2bet_array", "phase": 1}, "klee-out-87": {"bcfile": "/tmp/macke/2017-07-16-16-23-09/bitcode/symmains.bc", "folder": "/tmp/macke/2017-07-16-16-23-09/klee/klee-out-87", "function": "pcm_write_s2bet", "phase": 1}, "klee-out-88": {"bcfile": "/tmp/macke/2017-07-16-16-23-09/bitcode/symmains.bc", "folder": "/tmp/macke/2017-07-16-16-23-09/klee/klee-out-88", "function": "i2bet_array", "phase": 1}, "klee-out-89": {"bcfile": "/tmp/macke/2017-07-16-16-23-09/bitcode/symmains.bc", "folder": "/tmp/macke/2017-07-16-16-23-09/klee/klee-out-89", "function": "pcm_write_i2bet", "phase": 1}, "klee-out-90": {"bcfile": "/tmp/macke/2017-07-16-16-23-09/bitcode/symmains.bc", "folder": "/tmp/macke/2017-07-16-16-23-09/klee/klee-out-90", "function": "pcm_write_f2bet", "phase": 1}, "klee-out-91": {"bcfile": "/tmp/macke/2017-07-16-16-23-09/bitcode/symmains.bc", "folder": "/tmp/macke/2017-07-16-16-23-09/klee/klee-out-91", "function": "pcm_write_d2bet", "phase": 1}, "klee-out-92": {"bcfile": "/tmp/macke/2017-07-16-16-23-09/bitcode/symmains.bc", "folder": "/tmp/macke/2017-07-16-16-23-09/klee/klee-out-92", "function": "s2bei_array", "phase": 1}, "klee-out-93": {"bcfile": "/tmp/macke/2017-07-16-16-23-09/bitcode/symmains.bc", "folder": "/tmp/macke/2017-07-16-16-23-09/klee/klee-out-93", "function": "pcm_write_s2bei", "phase": 1}, "klee-out-94": {"bcfile": "/tmp/macke/2017-07-16-16-23-09/bitcode/symmains.bc", "folder": "/tmp/macke/2017-07-16-16-23-09/klee/klee-out-94", "function": "endswap_int_copy", "phase": 1}, "klee-out-95": {"bcfile": "/tmp/macke/2017-07-16-16-23-09/bitcode/symmains.bc", "folder": "/tmp/macke/2017-07-16-16-23-09/klee/klee-out-95", "function": "pcm_write_i2bei", "phase": 1}, "klee-out-96": {"bcfile": "/tmp/macke/2017-07-16-16-23-09/bitcode/symmains.bc", "folder": "/tmp/macke/2017-07-16-16-23-09/klee/klee-out-96", "function": "pcm_write_f2bei", "phase": 1}, "klee-out-97": {"bcfile": "/tmp/macke/2017-07-16-16-23-09/bitcode/symmains.bc", "folder": "/tmp/macke/2017-07-16-16-23-09/klee/klee-out-97", "function": "pcm_write_d2bei", "phase": 1}, "klee-out-98": {"bcfile": "/tmp/macke/2017-07-16-16-23-09/bitcode/symmains.bc", "folder": "/tmp/macke/2017-07-16-16-23-09/klee/klee-out-98", "function": "pcm_write_s2les", "phase": 1}, "klee-out-99": {"bcfile": "/tmp/macke/2017-07-16-16-23-09/bitcode/symmains.bc", "folder": "/tmp/macke/2017-07-16-16-23-09/klee/klee-out-99", "function": "i2les_array", "phase": 1}, "klee-out-100": {"bcfile": "/tmp/macke/2017-07-16-16-23-09/bitcode/symmains.bc", "folder": "/tmp/macke/2017-07-16-16-23-09/klee/klee-out-100", "function": "pcm_write_i2les", "phase": 1}, "klee-out-101": {"bcfile": "/tmp/macke/2017-07-16-16-23-09/bitcode/symmains.bc", "folder": "/tmp/macke/2017-07-16-16-23-09/klee/klee-out-101", "function": "pcm_write_f2les", "phase": 1}, "klee-out-102": {"bcfile": "/tmp/macke/2017-07-16-16-23-09/bitcode/symmains.bc", "folder": "/tmp/macke/2017-07-16-16-23-09/klee/klee-out-102", "function": "pcm_write_d2les", "phase": 1}, "klee-out-103": {"bcfile": "/tmp/macke/2017-07-16-16-23-09/bitcode/symmains.bc", "folder": "/tmp/macke/2017-07-16-16-23-09/klee/klee-out-103", "function": "s2let_array", "phase": 1}, "klee-out-104": {"bcfile": "/tmp/macke/2017-07-16-16-23-09/bitcode/symmains.bc", "folder": "/tmp/macke/2017-07-16-16-23-09/klee/klee-out-104", "function": "pcm_write_s2let", "phase": 1}, "klee-out-105": {"bcfile": "/tmp/macke/2017-07-16-16-23-09/bitcode/symmains.bc", "folder": "/tmp/macke/2017-07-16-16-23-09/klee/klee-out-105", "function": "i2let_array", "phase": 1}, "klee-out-106": {"bcfile": "/tmp/macke/2017-07-16-16-23-09/bitcode/symmains.bc", "folder": "/tmp/macke/2017-07-16-16-23-09/klee/klee-out-106", "function": "pcm_write_i2let", "phase": 1}, "klee-out-107": {"bcfile": "/tmp/macke/2017-07-16-16-23-09/bitcode/symmains.bc", "folder": "/tmp/macke/2017-07-16-16-23-09/klee/klee-out-107", "function": "pcm_write_f2let", "phase": 1}, "klee-out-108": {"bcfile": "/tmp/macke/2017-07-16-16-23-09/bitcode/symmains.bc", "folder": "/tmp/macke/2017-07-16-16-23-09/klee/klee-out-108", "function": "pcm_write_d2let", "phase": 1}, "klee-out-109": {"bcfile": "/tmp/macke/2017-07-16-16-23-09/bitcode/symmains.bc", "folder": "/tmp/macke/2017-07-16-16-23-09/klee/klee-out-109", "function": "s2lei_array", "phase": 1}, "klee-out-110": {"bcfile": "/tmp/macke/2017-07-16-16-23-09/bitcode/symmains.bc", "folder": "/tmp/macke/2017-07-16-16-23-09/klee/klee-out-110", "function": "pcm_write_s2lei", "phase": 1}, "klee-out-111": {"bcfile": "/tmp/macke/2017-07-16-16-23-09/bitcode/symmains.bc", "folder": "/tmp/macke/2017-07-16-16-23-09/klee/klee-out-111", "function": "pcm_write_i2lei", "phase": 1}, "klee-out-112": {"bcfile": "/tmp/macke/2017-07-16-16-23-09/bitcode/symmains.bc", "folder": "/tmp/macke/2017-07-16-16-23-09/klee/klee-out-112", "function": "pcm_write_f2lei", "phase": 1}, "klee-out-113": {"bcfile": "/tmp/macke/2017-07-16-16-23-09/bitcode/symmains.bc", "folder": "/tmp/macke/2017-07-16-16-23-09/klee/klee-out-113", "function": "pcm_write_d2lei", "phase": 1}, "klee-out-114": {"bcfile": "/tmp/macke/2017-07-16-16-23-09/bitcode/symmains.bc", "folder": "/tmp/macke/2017-07-16-16-23-09/klee/klee-out-114", "function": "d2lei_clip_array", "phase": 1}, "klee-out-115": {"bcfile": "/tmp/macke/2017-07-16-16-23-09/bitcode/symmains.bc", "folder": "/tmp/macke/2017-07-16-16-23-09/klee/klee-out-115", "function": "d2lei_array", "phase": 1}, "klee-out-116": {"bcfile": "/tmp/macke/2017-07-16-16-23-09/bitcode/symmains.bc", "folder": "/tmp/macke/2017-07-16-16-23-09/klee/klee-out-116", "function": "d2bei_clip_array", "phase": 1}, "klee-out-117": {"bcfile": "/tmp/macke/2017-07-16-16-23-09/bitcode/symmains.bc", "folder": "/tmp/macke/2017-07-16-16-23-09/klee/klee-out-117", "function": "d2bei_array", "phase": 1}, "klee-out-118": {"bcfile": "/tmp/macke/2017-07-16-16-23-09/bitcode/symmains.bc", "folder": "/tmp/macke/2017-07-16-16-23-09/klee/klee-out-118", "function": "d2bet_clip_array", "phase": 1}, "klee-out-119": {"bcfile": "/tmp/macke/2017-07-16-16-23-09/bitcode/symmains.bc", "folder": "/tmp/macke/2017-07-16-16-23-09/klee/klee-out-119", "function": "d2bet_array", "phase": 1}, "klee-out-120": {"bcfile": "/tmp/macke/2017-07-16-16-23-09/bitcode/symmains.bc", "folder": "/tmp/macke/2017-07-16-16-23-09/klee/klee-out-120", "function": "d2let_clip_array", "phase": 1}, "klee-out-121": {"bcfile": "/tmp/macke/2017-07-16-16-23-09/bitcode/symmains.bc", "folder": "/tmp/macke/2017-07-16-16-23-09/klee/klee-out-121", "function": "d2let_array", "phase": 1}, "klee-out-122": {"bcfile": "/tmp/macke/2017-07-16-16-23-09/bitcode/symmains.bc", "folder": "/tmp/macke/2017-07-16-16-23-09/klee/klee-out-122", "function": "d2les_clip_array", "phase": 1}, "klee-out-123": {"bcfile": "/tmp/macke/2017-07-16-16-23-09/bitcode/symmains.bc", "folder": "/tmp/macke/2017-07-16-16-23-09/klee/klee-out-123", "function": "d2les_array", "phase": 1}, "klee-out-124": {"bcfile": "/tmp/macke/2017-07-16-16-23-09/bitcode/symmains.bc", "folder": "/tmp/macke/2017-07-16-16-23-09/klee/klee-out-124", "function": "d2bes_clip_array", "phase": 1}, "klee-out-125": {"bcfile": "/tmp/macke/2017-07-16-16-23-09/bitcode/symmains.bc", "folder": "/tmp/macke/2017-07-16-16-23-09/klee/klee-out-125", "function": "d2bes_array", "phase": 1}, "klee-out-126": {"bcfile": "/tmp/macke/2017-07-16-16-23-09/bitcode/symmains.bc", "folder": "/tmp/macke/2017-07-16-16-23-09/klee/klee-out-126", "function": "d2uc_clip_array", "phase": 1}, "klee-out-127": {"bcfile": "/tmp/macke/2017-07-16-16-23-09/bitcode/symmains.bc", "folder": "/tmp/macke/2017-07-16-16-23-09/klee/klee-out-127", "function": "d2uc_array", "phase": 1}, "klee-out-128": {"bcfile": "/tmp/macke/2017-07-16-16-23-09/bitcode/symmains.bc", "folder": "/tmp/macke/2017-07-16-16-23-09/klee/klee-out-128", "function": "d2sc_clip_array", "phase": 1}, "klee-out-129": {"bcfile": "/tmp/macke/2017-07-16-16-23-09/bitcode/symmains.bc", "folder": "/tmp/macke/2017-07-16-16-23-09/klee/klee-out-129", "function": "d2sc_array", "phase": 1}, "klee-out-130": {"bcfile": "/tmp/macke/2017-07-16-16-23-09/bitcode/symmains.bc", "folder": "/tmp/macke/2017-07-16-16-23-09/klee/klee-out-130", "function": "f2lei_clip_array", "phase": 1}, "klee-out-131": {"bcfile": "/tmp/macke/2017-07-16-16-23-09/bitcode/symmains.bc", "folder": "/tmp/macke/2017-07-16-16-23-09/klee/klee-out-131", "function": "f2lei_array", "phase": 1}, "klee-out-132": {"bcfile": "/tmp/macke/2017-07-16-16-23-09/bitcode/symmains.bc", "folder": "/tmp/macke/2017-07-16-16-23-09/klee/klee-out-132", "function": "f2bei_clip_array", "phase": 1}, "klee-out-133": {"bcfile": "/tmp/macke/2017-07-16-16-23-09/bitcode/symmains.bc", "folder": "/tmp/macke/2017-07-16-16-23-09/klee/klee-out-133", "function": "f2bei_array", "phase": 1}, "klee-out-134": {"bcfile": "/tmp/macke/2017-07-16-16-23-09/bitcode/symmains.bc", "folder": "/tmp/macke/2017-07-16-16-23-09/klee/klee-out-134", "function": "f2bet_clip_array", "phase": 1}, "klee-out-135": {"bcfile": "/tmp/macke/2017-07-16-16-23-09/bitcode/symmains.bc", "folder": "/tmp/macke/2017-07-16-16-23-09/klee/klee-out-135", "function": "f2bet_array", "phase": 1}, "klee-out-136": {"bcfile": "/tmp/macke/2017-07-16-16-23-09/bitcode/symmains.bc", "folder": "/tmp/macke/2017-07-16-16-23-09/klee/klee-out-136", "function": "f2let_clip_array", "phase": 1}, "klee-out-137": {"bcfile": "/tmp/macke/2017-07-16-16-23-09/bitcode/symmains.bc", "folder": "/tmp/macke/2017-07-16-16-23-09/klee/klee-out-137", "function": "f2let_array", "phase": 1}, "klee-out-138": {"bcfile": "/tmp/macke/2017-07-16-16-23-09/bitcode/symmains.bc", "folder": "/tmp/macke/2017-07-16-16-23-09/klee/klee-out-138", "function": "f2les_clip_array", "phase": 1}, "klee-out-139": {"bcfile": "/tmp/macke/2017-07-16-16-23-09/bitcode/symmains.bc", "folder": "/tmp/macke/2017-07-16-16-23-09/klee/klee-out-139", "function": "f2les_array", "phase": 1}, "klee-out-140": {"bcfile": "/tmp/macke/2017-07-16-16-23-09/bitcode/symmains.bc", "folder": "/tmp/macke/2017-07-16-16-23-09/klee/klee-out-140", "function": "f2bes_clip_array", "phase": 1}, "klee-out-141": {"bcfile": "/tmp/macke/2017-07-16-16-23-09/bitcode/symmains.bc", "folder": "/tmp/macke/2017-07-16-16-23-09/klee/klee-out-141", "function": "f2bes_array", "phase": 1}, "klee-out-142": {"bcfile": "/tmp/macke/2017-07-16-16-23-09/bitcode/symmains.bc", "folder": "/tmp/macke/2017-07-16-16-23-09/klee/klee-out-142", "function": "f2uc_clip_array", "phase": 1}, "klee-out-143": {"bcfile": "/tmp/macke/2017-07-16-16-23-09/bitcode/symmains.bc", "folder": "/tmp/macke/2017-07-16-16-23-09/klee/klee-out-143", "function": "f2uc_array", "phase": 1}, "klee-out-144": {"bcfile": "/tmp/macke/2017-07-16-16-23-09/bitcode/symmains.bc", "folder": "/tmp/macke/2017-07-16-16-23-09/klee/klee-out-144", "function": "f2sc_clip_array", "phase": 1}, "klee-out-145": {"bcfile": "/tmp/macke/2017-07-16-16-23-09/bitcode/symmains.bc", "folder": "/tmp/macke/2017-07-16-16-23-09/klee/klee-out-145", "function": "f2sc_array", "phase": 1}, "klee-out-146": {"bcfile": "/tmp/macke/2017-07-16-16-23-09/bitcode/chain-pcm_read_sc2s-sc2s_array.bc", "callee": "sc2s_array", "caller": "pcm_read_sc2s", "folder": "/tmp/macke/2017-07-16-16-23-09/klee/klee-out-146", "phase": 2}, "klee-out-147": {"bcfile": "/tmp/macke/2017-07-16-16-23-09/bitcode/chain-pcm_read_sc2i-sc2i_array.bc", "callee": "sc2i_array", "caller": "pcm_read_sc2i", "folder": "/tmp/macke/2017-07-16-16-23-09/klee/klee-out-147", "phase": 2}, "klee-out-148": {"bcfile": "/tmp/macke/2017-07-16-16-23-09/bitcode/chain-pcm_read_sc2f-sc2f_array.bc", "callee": "sc2f_array", "caller": "pcm_read_sc2f", "folder": "/tmp/macke/2017-07-16-16-23-09/klee/klee-out-148", "phase": 2}, "klee-out-149": {"bcfile": "/tmp/macke/2017-07-16-16-23-09/bitcode/chain-pcm_read_sc2d-sc2d_array.bc", "callee": "sc2d_array", "caller": "pcm_read_sc2d", "folder": "/tmp/macke/2017-07-16-16-23-09/klee/klee-out-149", "phase": 2}, "klee-out-150": {"bcfile": "/tmp/macke/2017-07-16-16-23-09/bitcode/chain-pcm_read_uc2s-uc2s_array.bc", "callee": "uc2s_array", "caller": "pcm_read_uc2s", "folder": "/tmp/macke/2017-07-16-16-23-09/klee/klee-out-150", "phase": 2}, "klee-out-151": {"bcfile": "/tmp/macke/2017-07-16-16-23-09/bitcode/chain-pcm_read_uc2i-uc2i_array.bc", "callee": "uc2i_array", "caller": "pcm_read_uc2i", "folder": "/tmp/macke/2017-07-16-16-23-09/klee/klee-out-151", "phase": 2}, "klee-out-152": {"bcfile": "/tmp/macke/2017-07-16-16-23-09/bitcode/chain-pcm_read_uc2f-uc2f_array.bc", "callee": "uc2f_array", "caller": "pcm_read_uc2f", "folder": "/tmp/macke/2017-07-16-16-23-09/klee/klee-out-152", "phase": 2}, "klee-out-153": {"bcfile": "/tmp/macke/2017-07-16-16-23-09/bitcode/chain-pcm_read_uc2d-uc2d_array.bc", "callee": "uc2d_array", "caller": "pcm_read_uc2d", "folder": "/tmp/macke/2017-07-16-16-23-09/klee/klee-out-153", "phase": 2}, "klee-out-154": {"bcfile": "/tmp/macke/2017-07-16-16-23-09/bitcode/chain-pcm_read_bes2s-endswap_short_array.bc", "callee": "endswap_short_array", "caller": "pcm_read_bes2s", "folder": "/tmp/macke/2017-07-16-16-23-09/klee/klee-out-154", "phase": 2}, "klee-out-155": {"bcfile": "/tmp/macke/2017-07-16-16-23-09/bitcode/chain-pcm_read_bes2i-bes2i_array.bc", "callee": "bes2i_array", "caller": "pcm_read_bes2i", "folder": "/tmp/macke/2017-07-16-16-23-09/klee/klee-out-155", "phase": 2}, "klee-out-156": {"bcfile": "/tmp/macke/2017-07-16-16-23-09/bitcode/chain-pcm_read_bes2f-bes2f_array.bc", "callee": "bes2f_array", "caller": "pcm_read_bes2f", "folder": "/tmp/macke/2017-07-16-16-23-09/klee/klee-out-156", "phase": 2}, "klee-out-157": {"bcfile": "/tmp/macke/2017-07-16-16-23-09/bitcode/chain-pcm_read_bes2d-bes2d_array.bc", "callee": "bes2d_array", "caller": "pcm_read_bes2d", "folder": "/tmp/macke/2017-07-16-16-23-09/klee/klee-out-157", "phase": 2}, "klee-out-158": {"bcfile": "/tmp/macke/2017-07-16-16-23-09/bitcode/chain-pcm_read_bet2s-bet2s_array.bc", "callee": "bet2s_array", "caller": "pcm_read_bet2s", "folder": "/tmp/macke/2017-07-16-16-23-09/klee/klee-out-158", "phase": 2}, "klee-out-159": {"bcfile": "/tmp/macke/2017-07-16-16-23-09/bitcode/chain-pcm_read_bet2i-bet2i_array.bc", "callee": "bet2i_array", "caller": "pcm_read_bet2i", "folder": "/tmp/macke/2017-07-16-16-23-09/klee/klee-out-159", "phase": 2}, "klee-out-160": {"bcfile": "/tmp/macke/2017-07-16-16-23-09/bitcode/chain-pcm_read_bet2f-bet2f_array.bc", "callee": "bet2f_array", "caller": "pcm_read_bet2f", "folder": "/tmp/macke/2017-07-16-16-23-09/klee/klee-out-160", "phase": 2}, "klee-out-161": {"bcfile": "/tmp/macke/2017-07-16-16-23-09/bitcode/chain-pcm_read_bet2d-bet2d_array.bc", "callee": "bet2d_array", "caller": "pcm_read_bet2d", "folder": "/tmp/macke/2017-07-16-16-23-09/klee/klee-out-161", "phase": 2}, "klee-out-162": {"bcfile": "/tmp/macke/2017-07-16-16-23-09/bitcode/chain-pcm_read_bei2s-bei2s_array.bc", "callee": "bei2s_array", "caller": "pcm_read_bei2s", "folder": "/tmp/macke/2017-07-16-16-23-09/klee/klee-out-162", "phase": 2}, "klee-out-163": {"bcfile": "/tmp/macke/2017-07-16-16-23-09/bitcode/chain-pcm_read_bei2i-endswap_int_array.bc", "callee": "endswap_int_array", "caller": "pcm_read_bei2i", "folder": "/tmp/macke/2017-07-16-16-23-09/klee/klee-out-163", "phase": 2}, "klee-out-164": {"bcfile": "/tmp/macke/2017-07-16-16-23-09/bitcode/chain-pcm_read_bei2f-bei2f_array.bc", "callee": "bei2f_array", "caller": "pcm_read_bei2f", "folder": "/tmp/macke/2017-07-16-16-23-09/klee/klee-out-164", "phase": 2}, "klee-out-165": {"bcfile": "/tmp/macke/2017-07-16-16-23-09/bitcode/chain-pcm_read_bei2d-bei2d_array.bc", "callee": "bei2d_array", "caller": "pcm_read_bei2d", "folder": "/tmp/macke/2017-07-16-16-23-09/klee/klee-out-165", "phase": 2}, "klee-out-166": {"bcfile": "/tmp/macke/2017-07-16-16-23-09/bitcode/chain-pcm_read_les2i-les2i_array.bc", "callee": "les2i_array", "caller": "pcm_read_les2i", "folder": "/tmp/macke/2017-07-16-16-23-09/klee/klee-out-166", "phase": 2}, "klee-out-167": {"bcfile": "/tmp/macke/2017-07-16-16-23-09/bitcode/chain-pcm_read_les2f-les2f_array.bc", "callee": "les2f_array", "caller": "pcm_read_les2f", "folder": "/tmp/macke/2017-07-16-16-23-09/klee/klee-out-167", "phase": 2}, "klee-out-168": {"bcfile": "/tmp/macke/2017-07-16-16-23-09/bitcode/chain-pcm_read_les2d-les2d_array.bc", "callee": "les2d_array", "caller": "pcm_read_les2d", "folder": "/tmp/macke/2017-07-16-16-23-09/klee/klee-out-168", "phase": 2}, "klee-out-169": {"bcfile": "/tmp/macke/2017-07-16-16-23-09/bitcode/chain-pcm_read_let2s-let2s_array.bc", "callee": "let2s_array", "caller": "pcm_read_let2s", "folder": "/tmp/macke/2017-07-16-16-23-09/klee/klee-out-169", "phase": 2}, "klee-out-170": {"bcfile": "/tmp/macke/2017-07-16-16-23-09/bitcode/chain-pcm_read_let2i-let2i_array.bc", "callee": "let2i_array", "caller": "pcm_read_let2i", "folder": "/tmp/macke/2017-07-16-16-23-09/klee/klee-out-170", "phase": 2}, "klee-out-171": {"bcfile": "/tmp/macke/2017-07-16-16-23-09/bitcode/chain-pcm_read_let2f-let2f_array.bc", "callee": "let2f_array", "caller": "pcm_read_let2f", "folder": "/tmp/macke/2017-07-16-16-23-09/klee/klee-out-171", "phase": 2}, "klee-out-172": {"bcfile": "/tmp/macke/2017-07-16-16-23-09/bitcode/chain-pcm_read_let2d-let2d_array.bc", "callee": "let2d_array", "caller": "pcm_read_let2d", "folder": "/tmp/macke/2017-07-16-16-23-09/klee/klee-out-172", "phase": 2}, "klee-out-173": {"bcfile": "/tmp/macke/2017-07-16-16-23-09/bitcode/chain-pcm_read_lei2s-lei2s_array.bc", "callee": "lei2s_array", "caller": "pcm_read_lei2s", "folder": "/tmp/macke/2017-07-16-16-23-09/klee/klee-out-173", "phase": 2}, "klee-out-174": {"bcfile": "/tmp/macke/2017-07-16-16-23-09/bitcode/chain-pcm_read_lei2f-lei2f_array.bc", "callee": "lei2f_array", "caller": "pcm_read_lei2f", "folder": "/tmp/macke/2017-07-16-16-23-09/klee/klee-out-174", "phase": 2}, "klee-out-175": {"bcfile": "/tmp/macke/2017-07-16-16-23-09/bitcode/chain-pcm_read_lei2d-lei2d_array.bc", "callee": "lei2d_array", "caller": "pcm_read_lei2d", "folder": "/tmp/macke/2017-07-16-16-23-09/klee/klee-out-175", "phase": 2}, "klee-out-176": {"bcfile": "/tmp/macke/2017-07-16-16-23-09/bitcode/chain-pcm_write_s2bet-s2bet_array.bc", "callee": "s2bet_array", "caller": "pcm_write_s2bet", "folder": "/tmp/macke/2017-07-16-16-23-09/klee/klee-out-176", "phase": 2}, "klee-out-177": {"bcfile": "/tmp/macke/2017-07-16-16-23-09/bitcode/chain-pcm_write_i2bet-i2bet_array.bc", "callee": "i2bet_array", "caller": "pcm_write_i2bet", "folder": "/tmp/macke/2017-07-16-16-23-09/klee/klee-out-177", "phase": 2}, "klee-out-178": {"bcfile": "/tmp/macke/2017-07-16-16-23-09/bitcode/chain-pcm_write_s2let-s2let_array.bc", "callee": "s2let_array", "caller": "pcm_write_s2let", "folder": "/tmp/macke/2017-07-16-16-23-09/klee/klee-out-178", "phase": 2}, "klee-out-179": {"bcfile": "/tmp/macke/2017-07-16-16-23-09/bitcode/chain-pcm_write_i2let-i2let_array.bc", "callee": "i2let_array", "caller": "pcm_write_i2let", "folder": "/tmp/macke/2017-07-16-16-23-09/klee/klee-out-179", "phase": 2}, "klee-out-180": {"bcfile": "/tmp/macke/2017-07-16-16-23-09/bitcode/chain-pcm_write_s2lei-s2lei_array.bc", "callee": "s2lei_array", "caller": "pcm_write_s2lei", "folder": "/tmp/macke/2017-07-16-16-23-09/klee/klee-out-180", "phase": 2}}