{"{pcm_write_i2les}": {"node_degree": [2, 1, 3], "distance_to_interface": 1, "macke_vulnerabilities_found": 1, "node_path_length": 1.0, "macke_bug_chain_length": 1, "clustering_coefficient": 0.3333333333333333, "faulty": false}, "{bes2i_array}": {"node_degree": [1, 1, 2], "distance_to_interface": 2, "macke_vulnerabilities_found": 1, "node_path_length": 1.0, "macke_bug_chain_length": 1, "clustering_coefficient": 0.0, "faulty": false}, "{s2lei_array}": {"node_degree": [0, 1, 1], "distance_to_interface": 2, "macke_vulnerabilities_found": 1, "node_path_length": 0, "macke_bug_chain_length": 1, "clustering_coefficient": 0, "faulty": false}, "{let2i_array}": {"node_degree": [1, 1, 2], "distance_to_interface": 2, "macke_vulnerabilities_found": 1, "node_path_length": 1.0, "macke_bug_chain_length": 1, "clustering_coefficient": 0.0, "faulty": false}, "{f2lei_clip_array}": {"node_degree": [1, 1, 2], "distance_to_interface": 1, "macke_vulnerabilities_found": 1, "node_path_length": 1.0, "macke_bug_chain_length": 1, "clustering_coefficient": 1.0, "faulty": false}, "{pcm_write_f2lei}": {"node_degree": [2, 1, 3], "distance_to_interface": 1, "macke_vulnerabilities_found": 1, "node_path_length": 1.0, "macke_bug_chain_length": 1, "clustering_coefficient": 0.6666666666666666, "faulty": false}, "{uc2d_array}": {"node_degree": [0, 1, 1], "distance_to_interface": 2, "macke_vulnerabilities_found": 1, "node_path_length": 0, "macke_bug_chain_length": 1, "clustering_coefficient": 0, "faulty": false}, "{endswap_int_copy}": {"node_degree": [1, 1, 2], "distance_to_interface": 2, "macke_vulnerabilities_found": 1, "node_path_length": 1.0, "macke_bug_chain_length": 1, "clustering_coefficient": 0.0, "faulty": false}, "{d2let_clip_array}": {"node_degree": [1, 1, 2], "distance_to_interface": 1, "macke_vulnerabilities_found": 1, "node_path_length": 1.0, "macke_bug_chain_length": 1, "clustering_coefficient": 1.0, "faulty": false}, "{pcm_read_bei2f}": {"node_degree": [2, 1, 3], "distance_to_interface": 1, "macke_vulnerabilities_found": 1, "node_path_length": 1.5, "macke_bug_chain_length": 1, "clustering_coefficient": 0.3333333333333333, "faulty": false}, "{pcm_read_bes2d}": {"node_degree": [2, 1, 3], "distance_to_interface": 1, "macke_vulnerabilities_found": 1, "node_path_length": 1.5, "macke_bug_chain_length": 1, "clustering_coefficient": 0.3333333333333333, "faulty": false}, "{d2uc_clip_array}": {"node_degree": [1, 1, 2], "distance_to_interface": 1, "macke_vulnerabilities_found": 1, "node_path_length": 1.0, "macke_bug_chain_length": 1, "clustering_coefficient": 1.0, "faulty": false}, "{f2uc_array}": {"node_degree": [1, 1, 2], "distance_to_interface": 1, "macke_vulnerabilities_found": 1, "node_path_length": 1.0, "macke_bug_chain_length": 1, "clustering_coefficient": 1.0, "faulty": false}, "{pcm_read_les2d}": {"node_degree": [2, 1, 3], "distance_to_interface": 1, "macke_vulnerabilities_found": 1, "node_path_length": 1.0, "macke_bug_chain_length": 1, "clustering_coefficient": 0.3333333333333333, "faulty": false}, "{sc2d_array}": {"node_degree": [0, 1, 1], "distance_to_interface": 2, "macke_vulnerabilities_found": 1, "node_path_length": 0, "macke_bug_chain_length": 1, "clustering_coefficient": 0, "faulty": false}, "{endswap_short_copy}": {"node_degree": [1, 1, 2], "distance_to_interface": 2, "macke_vulnerabilities_found": 1, "node_path_length": 1.0, "macke_bug_chain_length": 1, "clustering_coefficient": 0.0, "faulty": false}, "{pcm_read_sc2i}": {"node_degree": [2, 1, 3], "distance_to_interface": 1, "macke_vulnerabilities_found": 1, "node_path_length": 1.0, "macke_bug_chain_length": 1, "clustering_coefficient": 0.3333333333333333, "faulty": false}, "{pcm_write_f2let}": {"node_degree": [2, 1, 3], "distance_to_interface": 1, "macke_vulnerabilities_found": 1, "node_path_length": 1.0, "macke_bug_chain_length": 1, "clustering_coefficient": 0.6666666666666666, "faulty": false}, "{f2bei_array}": {"node_degree": [1, 1, 2], "distance_to_interface": 1, "macke_vulnerabilities_found": 1, "node_path_length": 1.0, "macke_bug_chain_length": 1, "clustering_coefficient": 1.0, "faulty": false}, "{sc2s_array}": {"node_degree": [0, 1, 1], "distance_to_interface": 2, "macke_vulnerabilities_found": 1, "node_path_length": 0, "macke_bug_chain_length": 1, "clustering_coefficient": 0, "faulty": false}, "{pcm_read_uc2i}": {"node_degree": [2, 1, 3], "distance_to_interface": 1, "macke_vulnerabilities_found": 1, "node_path_length": 1.0, "macke_bug_chain_length": 1, "clustering_coefficient": 0.3333333333333333, "faulty": false}, "{pcm_write_s2bet}": {"node_degree": [2, 1, 3], "distance_to_interface": 1, "macke_vulnerabilities_found": 1, "node_path_length": 1.0, "macke_bug_chain_length": 1, "clustering_coefficient": 0.3333333333333333, "faulty": false}, "{pcm_read_les2f}": {"node_degree": [2, 1, 3], "distance_to_interface": 1, "macke_vulnerabilities_found": 1, "node_path_length": 1.0, "macke_bug_chain_length": 1, "clustering_coefficient": 0.3333333333333333, "faulty": false}, "{d2lei_array}": {"node_degree": [1, 1, 2], "distance_to_interface": 1, "macke_vulnerabilities_found": 1, "node_path_length": 1.0, "macke_bug_chain_length": 1, "clustering_coefficient": 1.0, "faulty": false}, "{external node}": {"node_degree": [103, 0, 103], "distance_to_interface": 999, "macke_vulnerabilities_found": 0, "node_path_length": 0, "macke_bug_chain_length": 0, "clustering_coefficient": 0.01846563868265753, "faulty": false}, "{psf_fwrite}": {"node_degree": [1, 33, 34], "distance_to_interface": 1, "macke_vulnerabilities_found": 0, "node_path_length": 1.0, "macke_bug_chain_length": 0, "clustering_coefficient": 0.0855614973262032, "faulty": false}, "{lrint}": {"node_degree": [1, 17, 18], "distance_to_interface": 1, "macke_vulnerabilities_found": 0, "node_path_length": 1.0, "macke_bug_chain_length": 0, "clustering_coefficient": 0.10457516339869281, "faulty": false}, "{uc2i_array}": {"node_degree": [0, 1, 1], "distance_to_interface": 2, "macke_vulnerabilities_found": 1, "node_path_length": 0, "macke_bug_chain_length": 1, "clustering_coefficient": 0, "faulty": false}, "{pcm_write_d2les}": {"node_degree": [2, 1, 3], "distance_to_interface": 1, "macke_vulnerabilities_found": 1, "node_path_length": 1.0, "macke_bug_chain_length": 1, "clustering_coefficient": 0.6666666666666666, "faulty": false}, "{d2lei_clip_array}": {"node_degree": [1, 1, 2], "distance_to_interface": 1, "macke_vulnerabilities_found": 1, "node_path_length": 1.0, "macke_bug_chain_length": 1, "clustering_coefficient": 1.0, "faulty": false}, "{f2sc_array}": {"node_degree": [1, 1, 2], "distance_to_interface": 1, "macke_vulnerabilities_found": 1, "node_path_length": 1.0, "macke_bug_chain_length": 1, "clustering_coefficient": 1.0, "faulty": false}, "{d2bei_clip_array}": {"node_degree": [1, 1, 2], "distance_to_interface": 1, "macke_vulnerabilities_found": 1, "node_path_length": 1.0, "macke_bug_chain_length": 1, "clustering_coefficient": 1.0, "faulty": false}, "{i2uc_array}": {"node_degree": [0, 1, 1], "distance_to_interface": 2, "macke_vulnerabilities_found": 1, "node_path_length": 0, "macke_bug_chain_length": 1, "clustering_coefficient": 0, "faulty": false}, "{psf_get_le24}": {"node_degree": [0, 3, 3], "distance_to_interface": 3, "macke_vulnerabilities_found": 1, "node_path_length": 0, "macke_bug_chain_length": 1, "clustering_coefficient": 0.0, "faulty": false}, "{pcm_write_s2sc}": {"node_degree": [2, 1, 3], "distance_to_interface": 1, "macke_vulnerabilities_found": 1, "node_path_length": 1.0, "macke_bug_chain_length": 1, "clustering_coefficient": 0.3333333333333333, "faulty": false}, "{bei2d_array}": {"node_degree": [1, 1, 2], "distance_to_interface": 2, "macke_vulnerabilities_found": 1, "node_path_length": 1.0, "macke_bug_chain_length": 1, "clustering_coefficient": 0.0, "faulty": false}, "{d2bet_clip_array}": {"node_degree": [1, 1, 2], "distance_to_interface": 1, "macke_vulnerabilities_found": 1, "node_path_length": 1.0, "macke_bug_chain_length": 1, "clustering_coefficient": 1.0, "faulty": false}, "{lei2f_array}": {"node_degree": [0, 1, 1], "distance_to_interface": 2, "macke_vulnerabilities_found": 1, "node_path_length": 0, "macke_bug_chain_length": 1, "clustering_coefficient": 0, "faulty": false}, "{pcm_write_d2bei}": {"node_degree": [2, 1, 3], "distance_to_interface": 1, "macke_vulnerabilities_found": 1, "node_path_length": 1.0, "macke_bug_chain_length": 1, "clustering_coefficient": 0.6666666666666666, "faulty": false}, "{bet2s_array}": {"node_degree": [0, 1, 1], "distance_to_interface": 2, "macke_vulnerabilities_found": 1, "node_path_length": 0, "macke_bug_chain_length": 1, "clustering_coefficient": 0, "faulty": false}, "{pcm_write_f2sc}": {"node_degree": [2, 1, 3], "distance_to_interface": 1, "macke_vulnerabilities_found": 1, "node_path_length": 1.0, "macke_bug_chain_length": 1, "clustering_coefficient": 0.6666666666666666, "faulty": false}, "{pcm_write_d2bes}": {"node_degree": [2, 1, 3], "distance_to_interface": 1, "macke_vulnerabilities_found": 1, "node_path_length": 1.0, "macke_bug_chain_length": 1, "clustering_coefficient": 0.6666666666666666, "faulty": false}, "{d2bes_array}": {"node_degree": [1, 1, 2], "distance_to_interface": 1, "macke_vulnerabilities_found": 1, "node_path_length": 1.0, "macke_bug_chain_length": 1, "clustering_coefficient": 1.0, "faulty": false}, "{endswap_int_array}": {"node_degree": [1, 1, 2], "distance_to_interface": 2, "macke_vulnerabilities_found": 1, "node_path_length": 1.0, "macke_bug_chain_length": 1, "clustering_coefficient": 0.0, "faulty": false}, "{i2les_array}": {"node_degree": [0, 1, 1], "distance_to_interface": 2, "macke_vulnerabilities_found": 1, "node_path_length": 0, "macke_bug_chain_length": 1, "clustering_coefficient": 0, "cvss3": {"baseSeverity": "MEDIUM", "attackVector": "LOCAL", "scope": "UNCHANGED", "integrityImpact": "NONE", "vectorString": "AV:L/AC:L/PR:N/UI:R/S:U/C:N/I:N/A:H", "confidentialityImpact": "NONE", "baseScore": 5.5, "privilegesRequired": "NONE", "userInteraction": "REQUIRED", "availabilityImpact": "HIGH", "attackComplexity": "LOW"}, "faulty": true}, "{psf_get_be24}": {"node_degree": [0, 3, 3], "distance_to_interface": 3, "macke_vulnerabilities_found": 1, "node_path_length": 0, "macke_bug_chain_length": 1, "clustering_coefficient": 0.0, "faulty": false}, "{pcm_read_sc2s}": {"node_degree": [2, 1, 3], "distance_to_interface": 1, "macke_vulnerabilities_found": 1, "node_path_length": 1.0, "macke_bug_chain_length": 1, "clustering_coefficient": 0.3333333333333333, "faulty": false}, "{pcm_write_d2uc}": {"node_degree": [2, 1, 3], "distance_to_interface": 1, "macke_vulnerabilities_found": 1, "node_path_length": 1.0, "macke_bug_chain_length": 1, "clustering_coefficient": 0.6666666666666666, "faulty": false}, "{pcm_read_bes2f}": {"node_degree": [2, 1, 3], "distance_to_interface": 1, "macke_vulnerabilities_found": 1, "node_path_length": 1.5, "macke_bug_chain_length": 1, "clustering_coefficient": 0.3333333333333333, "faulty": false}, "{pcm_write_f2bei}": {"node_degree": [2, 1, 3], "distance_to_interface": 1, "macke_vulnerabilities_found": 1, "node_path_length": 1.0, "macke_bug_chain_length": 1, "clustering_coefficient": 0.6666666666666666, "faulty": false}, "{pcm_write_d2bet}": {"node_degree": [2, 1, 3], "distance_to_interface": 1, "macke_vulnerabilities_found": 1, "node_path_length": 1.0, "macke_bug_chain_length": 1, "clustering_coefficient": 0.6666666666666666, "faulty": false}, "{psf_fread}": {"node_degree": [1, 33, 34], "distance_to_interface": 1, "macke_vulnerabilities_found": 0, "node_path_length": 1.0, "macke_bug_chain_length": 0, "clustering_coefficient": 0.0570409982174688, "faulty": false}, "{pcm_read_bei2s}": {"node_degree": [2, 1, 3], "distance_to_interface": 1, "macke_vulnerabilities_found": 1, "node_path_length": 2.0, "macke_bug_chain_length": 1, "clustering_coefficient": 0.3333333333333333, "faulty": false}, "{f2les_clip_array}": {"node_degree": [1, 1, 2], "distance_to_interface": 1, "macke_vulnerabilities_found": 1, "node_path_length": 2.0, "macke_bug_chain_length": 1, "clustering_coefficient": 1.0, "faulty": false}, "{pcm_read_bet2i}": {"node_degree": [2, 1, 3], "distance_to_interface": 1, "macke_vulnerabilities_found": 1, "node_path_length": 1.5, "macke_bug_chain_length": 1, "clustering_coefficient": 0.3333333333333333, "faulty": false}, "{pcm_read_uc2f}": {"node_degree": [2, 1, 3], "distance_to_interface": 1, "macke_vulnerabilities_found": 1, "node_path_length": 1.0, "macke_bug_chain_length": 1, "clustering_coefficient": 0.3333333333333333, "faulty": false}, "{pcm_read_lei2d}": {"node_degree": [2, 1, 3], "distance_to_interface": 1, "macke_vulnerabilities_found": 1, "node_path_length": 1.0, "macke_bug_chain_length": 1, "clustering_coefficient": 0.3333333333333333, "faulty": false}, "{f2sc_clip_array}": {"node_degree": [1, 1, 2], "distance_to_interface": 1, "macke_vulnerabilities_found": 1, "node_path_length": 1.0, "macke_bug_chain_length": 1, "clustering_coefficient": 1.0, "faulty": false}, "{pcm_write_d2sc}": {"node_degree": [2, 1, 3], "distance_to_interface": 1, "macke_vulnerabilities_found": 1, "node_path_length": 1.0, "macke_bug_chain_length": 1, "clustering_coefficient": 0.6666666666666666, "faulty": false}, "{pcm_read_sc2d}": {"node_degree": [2, 1, 3], "distance_to_interface": 1, "macke_vulnerabilities_found": 1, "node_path_length": 1.0, "macke_bug_chain_length": 1, "clustering_coefficient": 0.3333333333333333, "faulty": false}, "{d2bei_array}": {"node_degree": [1, 1, 2], "distance_to_interface": 1, "macke_vulnerabilities_found": 1, "node_path_length": 1.0, "macke_bug_chain_length": 1, "clustering_coefficient": 1.0, "faulty": false}, "{pcm_read_let2s}": {"node_degree": [2, 1, 3], "distance_to_interface": 1, "macke_vulnerabilities_found": 1, "node_path_length": 1.0, "macke_bug_chain_length": 1, "clustering_coefficient": 0.3333333333333333, "faulty": false}, "{d2bes_clip_array}": {"node_degree": [1, 1, 2], "distance_to_interface": 1, "macke_vulnerabilities_found": 1, "node_path_length": 1.0, "macke_bug_chain_length": 1, "clustering_coefficient": 1.0, "faulty": false}, "{pcm_read_bet2f}": {"node_degree": [2, 1, 3], "distance_to_interface": 1, "macke_vulnerabilities_found": 1, "node_path_length": 1.5, "macke_bug_chain_length": 1, "clustering_coefficient": 0.3333333333333333, "faulty": false}, "{f2lei_array}": {"node_degree": [1, 1, 2], "distance_to_interface": 1, "macke_vulnerabilities_found": 1, "node_path_length": 1.0, "macke_bug_chain_length": 1, "clustering_coefficient": 1.0, "faulty": false}, "{pcm_read_bet2d}": {"node_degree": [2, 1, 3], "distance_to_interface": 1, "macke_vulnerabilities_found": 1, "node_path_length": 1.5, "macke_bug_chain_length": 1, "clustering_coefficient": 0.3333333333333333, "faulty": false}, "{i2let_array}": {"node_degree": [0, 1, 1], "distance_to_interface": 2, "macke_vulnerabilities_found": 1, "node_path_length": 0, "macke_bug_chain_length": 1, "clustering_coefficient": 0, "faulty": false}, "{pcm_read_lei2f}": {"node_degree": [2, 1, 3], "distance_to_interface": 1, "macke_vulnerabilities_found": 1, "node_path_length": 1.0, "macke_bug_chain_length": 1, "clustering_coefficient": 0.3333333333333333, "faulty": false}, "{let2f_array}": {"node_degree": [1, 1, 2], "distance_to_interface": 2, "macke_vulnerabilities_found": 1, "node_path_length": 1.0, "macke_bug_chain_length": 1, "clustering_coefficient": 0.0, "faulty": false}, "{pcm_write_s2bei}": {"node_degree": [2, 1, 3], "distance_to_interface": 1, "macke_vulnerabilities_found": 1, "node_path_length": 1.5, "macke_bug_chain_length": 1, "clustering_coefficient": 0.3333333333333333, "faulty": false}, "{f2les_array}": {"node_degree": [1, 1, 2], "distance_to_interface": 1, "macke_vulnerabilities_found": 1, "node_path_length": 1.0, "macke_bug_chain_length": 1, "clustering_coefficient": 1.0, "faulty": false}, "{llvm.dbg.declare}": {"node_degree": [0, 1, 1], "distance_to_interface": 1, "macke_vulnerabilities_found": 0, "node_path_length": 0, "macke_bug_chain_length": 0, "clustering_coefficient": 0, "faulty": false}, "{s2let_array}": {"node_degree": [0, 1, 1], "distance_to_interface": 2, "macke_vulnerabilities_found": 1, "node_path_length": 0, "macke_bug_chain_length": 1, "clustering_coefficient": 0, "faulty": false}, "{lrintf}": {"node_degree": [1, 17, 18], "distance_to_interface": 1, "macke_vulnerabilities_found": 0, "node_path_length": 1.0, "macke_bug_chain_length": 0, "clustering_coefficient": 0.10457516339869281, "faulty": false}, "{pcm_write_f2bes}": {"node_degree": [2, 1, 3], "distance_to_interface": 1, "macke_vulnerabilities_found": 1, "node_path_length": 1.0, "macke_bug_chain_length": 1, "clustering_coefficient": 0.6666666666666666, "faulty": false}, "{f2bes_clip_array}": {"node_degree": [1, 1, 2], "distance_to_interface": 1, "macke_vulnerabilities_found": 1, "node_path_length": 1.0, "macke_bug_chain_length": 1, "clustering_coefficient": 1.0, "faulty": false}, "{pcm_write_f2bet}": {"node_degree": [2, 1, 3], "distance_to_interface": 1, "macke_vulnerabilities_found": 1, "node_path_length": 1.0, "macke_bug_chain_length": 1, "clustering_coefficient": 0.6666666666666666, "faulty": false}, "{d2bet_array}": {"node_degree": [1, 1, 2], "distance_to_interface": 1, "macke_vulnerabilities_found": 1, "node_path_length": 2.0, "macke_bug_chain_length": 1, "clustering_coefficient": 1.0, "faulty": false}, "{pcm_write_d2let}": {"node_degree": [2, 1, 3], "distance_to_interface": 1, "macke_vulnerabilities_found": 1, "node_path_length": 1.0, "macke_bug_chain_length": 1, "clustering_coefficient": 0.6666666666666666, "faulty": false}, "{pcm_read_bet2s}": {"node_degree": [2, 1, 3], "distance_to_interface": 1, "macke_vulnerabilities_found": 1, "node_path_length": 1.0, "macke_bug_chain_length": 1, "clustering_coefficient": 0.3333333333333333, "faulty": false}, "{pcm_read_bei2i}": {"node_degree": [2, 1, 3], "distance_to_interface": 1, "macke_vulnerabilities_found": 1, "node_path_length": 1.5, "macke_bug_chain_length": 1, "clustering_coefficient": 0.3333333333333333, "faulty": false}, "{f2uc_clip_array}": {"node_degree": [1, 1, 2], "distance_to_interface": 1, "macke_vulnerabilities_found": 1, "node_path_length": 1.0, "macke_bug_chain_length": 1, "clustering_coefficient": 1.0, "faulty": false}, "{f2let_clip_array}": {"node_degree": [1, 1, 2], "distance_to_interface": 1, "macke_vulnerabilities_found": 1, "node_path_length": 1.0, "macke_bug_chain_length": 1, "clustering_coefficient": 1.0, "faulty": false}, "{uc2s_array}": {"node_degree": [0, 1, 1], "distance_to_interface": 2, "macke_vulnerabilities_found": 1, "node_path_length": 0, "macke_bug_chain_length": 1, "clustering_coefficient": 0, "faulty": false}, "{s2uc_array}": {"node_degree": [0, 1, 1], "distance_to_interface": 2, "macke_vulnerabilities_found": 1, "node_path_length": 0, "macke_bug_chain_length": 1, "clustering_coefficient": 0, "faulty": false}, "{bet2f_array}": {"node_degree": [1, 1, 2], "distance_to_interface": 2, "macke_vulnerabilities_found": 1, "node_path_length": 1.0, "macke_bug_chain_length": 1, "clustering_coefficient": 0.0, "faulty": false}, "{i2bet_array}": {"node_degree": [0, 1, 1], "distance_to_interface": 2, "macke_vulnerabilities_found": 1, "node_path_length": 0, "macke_bug_chain_length": 1, "clustering_coefficient": 0, "faulty": false}, "{pcm_write_i2uc}": {"node_degree": [2, 1, 3], "distance_to_interface": 1, "macke_vulnerabilities_found": 1, "node_path_length": 1.0, "macke_bug_chain_length": 1, "clustering_coefficient": 0.3333333333333333, "faulty": false}, "{sc2f_array}": {"node_degree": [0, 1, 1], "distance_to_interface": 2, "macke_vulnerabilities_found": 1, "node_path_length": 0, "macke_bug_chain_length": 1, "clustering_coefficient": 0, "faulty": false}, "{endswap_short_array}": {"node_degree": [1, 1, 2], "distance_to_interface": 2, "macke_vulnerabilities_found": 1, "node_path_length": 2.0, "macke_bug_chain_length": 1, "clustering_coefficient": 0.0, "faulty": false}, "{pcm_write_s2let}": {"node_degree": [2, 1, 3], "distance_to_interface": 1, "macke_vulnerabilities_found": 1, "node_path_length": 1.0, "macke_bug_chain_length": 1, "clustering_coefficient": 0.3333333333333333, "faulty": false}, "{bei2f_array}": {"node_degree": [1, 1, 2], "distance_to_interface": 2, "macke_vulnerabilities_found": 1, "node_path_length": 1.0, "macke_bug_chain_length": 1, "clustering_coefficient": 0.0, "faulty": false}, "{bet2i_array}": {"node_degree": [1, 1, 2], "distance_to_interface": 2, "macke_vulnerabilities_found": 1, "node_path_length": 1.0, "macke_bug_chain_length": 1, "clustering_coefficient": 0.0, "faulty": false}, "{bei2s_array}": {"node_degree": [1, 1, 2], "distance_to_interface": 2, "macke_vulnerabilities_found": 1, "node_path_length": 2.0, "macke_bug_chain_length": 1, "clustering_coefficient": 0.0, "faulty": false}, "{pcm_read_bei2d}": {"node_degree": [2, 1, 3], "distance_to_interface": 1, "macke_vulnerabilities_found": 1, "node_path_length": 1.5, "macke_bug_chain_length": 1, "clustering_coefficient": 0.3333333333333333, "faulty": false}, "{pcm_write_i2bes}": {"node_degree": [2, 1, 3], "distance_to_interface": 1, "macke_vulnerabilities_found": 1, "node_path_length": 1.0, "macke_bug_chain_length": 1, "clustering_coefficient": 0.3333333333333333, "faulty": false}, "{pcm_write_s2uc}": {"node_degree": [2, 1, 3], "distance_to_interface": 1, "macke_vulnerabilities_found": 1, "node_path_length": 1.0, "macke_bug_chain_length": 1, "clustering_coefficient": 0.3333333333333333, "faulty": false}, "{pcm_read_uc2d}": {"node_degree": [2, 1, 3], "distance_to_interface": 1, "macke_vulnerabilities_found": 1, "node_path_length": 1.0, "macke_bug_chain_length": 1, "clustering_coefficient": 0.3333333333333333, "faulty": false}, "{pcm_write_f2les}": {"node_degree": [2, 1, 3], "distance_to_interface": 1, "macke_vulnerabilities_found": 1, "node_path_length": 1.0, "macke_bug_chain_length": 1, "clustering_coefficient": 0.6666666666666666, "faulty": false}, "{pcm_read_les2s}": {"node_degree": [1, 1, 2], "distance_to_interface": 1, "macke_vulnerabilities_found": 1, "node_path_length": 1.0, "macke_bug_chain_length": 1, "clustering_coefficient": 1.0, "faulty": false}, "{s2bei_array}": {"node_degree": [0, 1, 1], "distance_to_interface": 2, "macke_vulnerabilities_found": 1, "node_path_length": 0, "macke_bug_chain_length": 1, "clustering_coefficient": 0, "faulty": false}, "{d2sc_clip_array}": {"node_degree": [1, 1, 2], "distance_to_interface": 1, "macke_vulnerabilities_found": 1, "node_path_length": 1.0, "macke_bug_chain_length": 1, "clustering_coefficient": 1.0, "faulty": false}, "{pcm_read_let2d}": {"node_degree": [2, 1, 3], "distance_to_interface": 1, "macke_vulnerabilities_found": 1, "node_path_length": 1.3333333333333333, "macke_bug_chain_length": 1, "clustering_coefficient": 0.3333333333333333, "faulty": false}, "{pcm_read_sc2f}": {"node_degree": [2, 1, 3], "distance_to_interface": 1, "macke_vulnerabilities_found": 1, "node_path_length": 1.0, "macke_bug_chain_length": 1, "clustering_coefficient": 0.3333333333333333, "faulty": false}, "{les2d_array}": {"node_degree": [0, 1, 1], "distance_to_interface": 2, "macke_vulnerabilities_found": 1, "node_path_length": 0, "macke_bug_chain_length": 1, "clustering_coefficient": 0, "faulty": false}, "{pcm_write_i2let}": {"node_degree": [2, 1, 3], "distance_to_interface": 1, "macke_vulnerabilities_found": 1, "node_path_length": 1.0, "macke_bug_chain_length": 1, "clustering_coefficient": 0.3333333333333333, "faulty": false}, "{pcm_read_lei2i}": {"node_degree": [1, 1, 2], "distance_to_interface": 1, "macke_vulnerabilities_found": 1, "node_path_length": 1.0, "macke_bug_chain_length": 1, "clustering_coefficient": 1.0, "faulty": false}, "{pcm_read_lei2s}": {"node_degree": [2, 1, 3], "distance_to_interface": 1, "macke_vulnerabilities_found": 1, "node_path_length": 1.0, "macke_bug_chain_length": 1, "clustering_coefficient": 0.3333333333333333, "faulty": false}, "{d2sc_array}": {"node_degree": [1, 1, 2], "distance_to_interface": 1, "macke_vulnerabilities_found": 1, "node_path_length": 1.0, "macke_bug_chain_length": 1, "clustering_coefficient": 1.0, "faulty": false}, "{pcm_init}": {"node_degree": [1, 1, 2], "distance_to_interface": 1, "macke_vulnerabilities_found": 1, "node_path_length": 2.0, "macke_bug_chain_length": 1, "clustering_coefficient": 1.0, "faulty": false}, "{pcm_read_bes2i}": {"node_degree": [2, 1, 3], "distance_to_interface": 1, "macke_vulnerabilities_found": 1, "node_path_length": 1.5, "macke_bug_chain_length": 1, "clustering_coefficient": 0.3333333333333333, "faulty": false}, "{les2f_array}": {"node_degree": [0, 1, 1], "distance_to_interface": 2, "macke_vulnerabilities_found": 1, "node_path_length": 0, "macke_bug_chain_length": 1, "clustering_coefficient": 0, "faulty": false}, "{f2let_array}": {"node_degree": [1, 1, 2], "distance_to_interface": 1, "macke_vulnerabilities_found": 1, "node_path_length": 1.0, "macke_bug_chain_length": 1, "clustering_coefficient": 1.0, "faulty": false}, "{pcm_read_uc2s}": {"node_degree": [2, 1, 3], "distance_to_interface": 1, "macke_vulnerabilities_found": 1, "node_path_length": 1.0, "macke_bug_chain_length": 1, "clustering_coefficient": 0.3333333333333333, "faulty": false}, "{uc2f_array}": {"node_degree": [0, 1, 1], "distance_to_interface": 2, "macke_vulnerabilities_found": 1, "node_path_length": 0, "macke_bug_chain_length": 1, "clustering_coefficient": 0, "faulty": false}, "{s2sc_array}": {"node_degree": [0, 1, 1], "distance_to_interface": 2, "macke_vulnerabilities_found": 1, "node_path_length": 0, "macke_bug_chain_length": 1, "clustering_coefficient": 0, "faulty": false}, "{ENDSWAP_32}": {"node_degree": [1, 5, 6], "distance_to_interface": 3, "macke_vulnerabilities_found": 1, "node_path_length": 1.0, "macke_bug_chain_length": 1, "clustering_coefficient": 0.0, "faulty": false}, "{ENDSWAP_16}": {"node_degree": [1, 5, 6], "distance_to_interface": 3, "macke_vulnerabilities_found": 1, "node_path_length": 1.0, "macke_bug_chain_length": 1, "clustering_coefficient": 0.0, "faulty": false}, "{sc2i_array}": {"node_degree": [0, 1, 1], "distance_to_interface": 2, "macke_vulnerabilities_found": 1, "node_path_length": 0, "macke_bug_chain_length": 1, "clustering_coefficient": 0, "faulty": false}, "{d2les_clip_array}": {"node_degree": [1, 1, 2], "distance_to_interface": 1, "macke_vulnerabilities_found": 1, "node_path_length": 1.0, "macke_bug_chain_length": 1, "clustering_coefficient": 1.0, "faulty": false}, "{d2les_array}": {"node_degree": [1, 1, 2], "distance_to_interface": 1, "macke_vulnerabilities_found": 1, "node_path_length": 1.0, "macke_bug_chain_length": 1, "clustering_coefficient": 1.0, "faulty": false}, "{d2let_array}": {"node_degree": [1, 1, 2], "distance_to_interface": 1, "macke_vulnerabilities_found": 1, "node_path_length": 1.0, "macke_bug_chain_length": 1, "clustering_coefficient": 1.0, "faulty": false}, "{psf_log_printf}": {"node_degree": [1, 2, 3], "distance_to_interface": 1, "macke_vulnerabilities_found": 0, "node_path_length": 1.0, "macke_bug_chain_length": 0, "clustering_coefficient": 0.3333333333333333, "faulty": false}, "{pcm_write_s2bes}": {"node_degree": [2, 1, 3], "distance_to_interface": 1, "macke_vulnerabilities_found": 1, "node_path_length": 1.3333333333333333, "macke_bug_chain_length": 1, "clustering_coefficient": 0.3333333333333333, "faulty": false}, "{lei2d_array}": {"node_degree": [0, 1, 1], "distance_to_interface": 2, "macke_vulnerabilities_found": 1, "node_path_length": 0, "macke_bug_chain_length": 1, "clustering_coefficient": 0, "faulty": false}, "{les2i_array}": {"node_degree": [0, 1, 1], "distance_to_interface": 2, "macke_vulnerabilities_found": 1, "node_path_length": 0, "macke_bug_chain_length": 1, "clustering_coefficient": 0, "faulty": false}, "{pcm_write_d2lei}": {"node_degree": [2, 1, 3], "distance_to_interface": 1, "macke_vulnerabilities_found": 1, "node_path_length": 1.0, "macke_bug_chain_length": 1, "clustering_coefficient": 0.6666666666666666, "faulty": false}, "{pcm_write_i2bei}": {"node_degree": [2, 1, 3], "distance_to_interface": 1, "macke_vulnerabilities_found": 1, "node_path_length": 1.3333333333333333, "macke_bug_chain_length": 1, "clustering_coefficient": 0.3333333333333333, "faulty": false}, "{f2bes_array}": {"node_degree": [1, 1, 2], "distance_to_interface": 1, "macke_vulnerabilities_found": 1, "node_path_length": 1.0, "macke_bug_chain_length": 1, "clustering_coefficient": 1.0, "faulty": false}, "{pcm_read_let2i}": {"node_degree": [2, 1, 3], "distance_to_interface": 1, "macke_vulnerabilities_found": 1, "node_path_length": 1.3333333333333333, "macke_bug_chain_length": 1, "clustering_coefficient": 0.3333333333333333, "faulty": false}, "{pcm_read_les2i}": {"node_degree": [2, 1, 3], "distance_to_interface": 1, "macke_vulnerabilities_found": 1, "node_path_length": 1.5, "macke_bug_chain_length": 1, "clustering_coefficient": 0.3333333333333333, "faulty": false}, "{pcm_write_i2sc}": {"node_degree": [2, 1, 3], "distance_to_interface": 1, "macke_vulnerabilities_found": 1, "node_path_length": 1.0, "macke_bug_chain_length": 1, "clustering_coefficient": 0.3333333333333333, "faulty": false}, "{pcm_write_s2les}": {"node_degree": [1, 1, 2], "distance_to_interface": 1, "macke_vulnerabilities_found": 1, "node_path_length": 1.0, "macke_bug_chain_length": 1, "clustering_coefficient": 1.0, "faulty": false}, "{pcm_read_bes2s}": {"node_degree": [2, 1, 3], "distance_to_interface": 1, "macke_vulnerabilities_found": 1, "node_path_length": 2.0, "macke_bug_chain_length": 1, "clustering_coefficient": 0.3333333333333333, "faulty": false}, "{pcm_write_i2bet}": {"node_degree": [2, 1, 3], "distance_to_interface": 1, "macke_vulnerabilities_found": 1, "node_path_length": 1.0, "macke_bug_chain_length": 1, "clustering_coefficient": 0.3333333333333333, "faulty": false}, "{let2s_array}": {"node_degree": [0, 1, 1], "distance_to_interface": 2, "macke_vulnerabilities_found": 1, "node_path_length": 0, "macke_bug_chain_length": 1, "clustering_coefficient": 0, "faulty": false}, "{pcm_write_s2lei}": {"node_degree": [2, 1, 3], "distance_to_interface": 1, "macke_vulnerabilities_found": 1, "node_path_length": 1.0, "macke_bug_chain_length": 1, "clustering_coefficient": 0.3333333333333333, "faulty": false}, "{lei2s_array}": {"node_degree": [0, 1, 1], "distance_to_interface": 2, "macke_vulnerabilities_found": 1, "node_path_length": 0, "macke_bug_chain_length": 1, "clustering_coefficient": 0, "faulty": false}, "{f2bet_array}": {"node_degree": [1, 1, 2], "distance_to_interface": 1, "macke_vulnerabilities_found": 1, "node_path_length": 1.0, "macke_bug_chain_length": 1, "clustering_coefficient": 1.0, "faulty": false}, "{s2bet_array}": {"node_degree": [0, 1, 1], "distance_to_interface": 2, "macke_vulnerabilities_found": 1, "node_path_length": 0, "macke_bug_chain_length": 1, "clustering_coefficient": 0, "faulty": false}, "{i2sc_array}": {"node_degree": [0, 1, 1], "distance_to_interface": 2, "macke_vulnerabilities_found": 1, "node_path_length": 0, "macke_bug_chain_length": 1, "clustering_coefficient": 0, "faulty": false}, "{d2uc_array}": {"node_degree": [1, 1, 2], "distance_to_interface": 1, "macke_vulnerabilities_found": 1, "node_path_length": 1.0, "macke_bug_chain_length": 1, "clustering_coefficient": 1.0, "faulty": false}, "{f2bet_clip_array}": {"node_degree": [1, 1, 2], "distance_to_interface": 1, "macke_vulnerabilities_found": 1, "node_path_length": 1.0, "macke_bug_chain_length": 1, "clustering_coefficient": 1.0, "faulty": false}, "{bes2d_array}": {"node_degree": [1, 1, 2], "distance_to_interface": 2, "macke_vulnerabilities_found": 1, "node_path_length": 1.0, "macke_bug_chain_length": 1, "clustering_coefficient": 0.0, "faulty": false}, "{pcm_write_f2uc}": {"node_degree": [2, 1, 3], "distance_to_interface": 1, "macke_vulnerabilities_found": 1, "node_path_length": 1.0, "macke_bug_chain_length": 1, "clustering_coefficient": 0.6666666666666666, "faulty": false}, "{i2bes_array}": {"node_degree": [0, 1, 1], "distance_to_interface": 2, "macke_vulnerabilities_found": 1, "node_path_length": 0, "macke_bug_chain_length": 1, "clustering_coefficient": 0, "faulty": false}, "{pcm_write_i2lei}": {"node_degree": [1, 1, 2], "distance_to_interface": 1, "macke_vulnerabilities_found": 1, "node_path_length": 1.0, "macke_bug_chain_length": 1, "clustering_coefficient": 1.0, "faulty": false}, "{bet2d_array}": {"node_degree": [1, 1, 2], "distance_to_interface": 2, "macke_vulnerabilities_found": 1, "node_path_length": 1.0, "macke_bug_chain_length": 1, "clustering_coefficient": 0.0, "faulty": false}, "{let2d_array}": {"node_degree": [1, 1, 2], "distance_to_interface": 2, "macke_vulnerabilities_found": 1, "node_path_length": 1.0, "macke_bug_chain_length": 1, "clustering_coefficient": 0.0, "faulty": false}, "{f2bei_clip_array}": {"node_degree": [1, 1, 2], "distance_to_interface": 1, "macke_vulnerabilities_found": 1, "node_path_length": 1.0, "macke_bug_chain_length": 1, "clustering_coefficient": 1.0, "faulty": false}, "{bes2f_array}": {"node_degree": [1, 1, 2], "distance_to_interface": 2, "macke_vulnerabilities_found": 1, "node_path_length": 1.0, "macke_bug_chain_length": 1, "clustering_coefficient": 0.0, "faulty": false}, "{pcm_read_let2f}": {"node_degree": [2, 1, 3], "distance_to_interface": 1, "macke_vulnerabilities_found": 1, "node_path_length": 1.5, "macke_bug_chain_length": 1, "clustering_coefficient": 0.3333333333333333, "faulty": false}}