{"nodes": [{"data": {"node_degree": [1, 1, 2], "distance_to_interface": 2, "macke_vulnerabilities_found": 1, "node_path_length": 1.0, "macke_bug_chain_length": 1, "clustering_coefficient": 0.0, "faulty": false}, "id": "{bet2i_array}", "type": 0}, {"data": {"node_degree": [1, 1, 2], "distance_to_interface": 1, "macke_vulnerabilities_found": 1, "node_path_length": 2.0, "macke_bug_chain_length": 1, "clustering_coefficient": 1.0, "faulty": false}, "id": "{f2les_clip_array}", "type": 4}, {"data": {"node_degree": [0, 1, 1], "distance_to_interface": 2, "macke_vulnerabilities_found": 1, "node_path_length": 0, "macke_bug_chain_length": 1, "clustering_coefficient": 0, "faulty": false}, "id": "{s2sc_array}", "type": 5}, {"data": {"node_degree": [2, 1, 3], "distance_to_interface": 1, "macke_vulnerabilities_found": 1, "node_path_length": 1.5, "macke_bug_chain_length": 1, "clustering_coefficient": 0.3333333333333333, "faulty": false}, "id": "{pcm_write_s2bei}", "type": 1}, {"data": {"node_degree": [1, 1, 2], "distance_to_interface": 1, "macke_vulnerabilities_found": 1, "node_path_length": 2.0, "macke_bug_chain_length": 1, "clustering_coefficient": 1.0, "faulty": false}, "id": "{d2bet_array}", "type": 1}, {"data": {"node_degree": [2, 1, 3], "distance_to_interface": 1, "macke_vulnerabilities_found": 1, "node_path_length": 1.5, "macke_bug_chain_length": 1, "clustering_coefficient": 0.3333333333333333, "faulty": false}, "id": "{pcm_read_les2i}", "type": 0}, {"data": {"node_degree": [2, 1, 3], "distance_to_interface": 1, "macke_vulnerabilities_found": 1, "node_path_length": 1.0, "macke_bug_chain_length": 1, "clustering_coefficient": 0.3333333333333333, "faulty": false}, "id": "{pcm_write_i2bes}", "type": 4}, {"data": {"node_degree": [1, 1, 2], "distance_to_interface": 1, "macke_vulnerabilities_found": 1, "node_path_length": 1.0, "macke_bug_chain_length": 1, "clustering_coefficient": 1.0, "faulty": false}, "id": "{d2bei_array}", "type": 1}, {"data": {"node_degree": [1, 1, 2], "distance_to_interface": 1, "macke_vulnerabilities_found": 1, "node_path_length": 1.0, "macke_bug_chain_length": 1, "clustering_coefficient": 1.0, "faulty": false}, "id": "{f2let_clip_array}", "type": 1}, {"data": {"node_degree": [1, 1, 2], "distance_to_interface": 1, "macke_vulnerabilities_found": 1, "node_path_length": 1.0, "macke_bug_chain_length": 1, "clustering_coefficient": 1.0, "faulty": false}, "id": "{d2sc_array}", "type": 5}, {"data": {"node_degree": [1, 1, 2], "distance_to_interface": 1, "macke_vulnerabilities_found": 1, "node_path_length": 1.0, "macke_bug_chain_length": 1, "clustering_coefficient": 1.0, "faulty": false}, "id": "{f2bes_array}", "type": 3}, {"data": {"node_degree": [1, 5, 6], "distance_to_interface": 3, "macke_vulnerabilities_found": 1, "node_path_length": 1.0, "macke_bug_chain_length": 1, "clustering_coefficient": 0.0, "faulty": false}, "id": "{ENDSWAP_16}", "type": 0}, {"data": {"node_degree": [2, 1, 3], "distance_to_interface": 1, "macke_vulnerabilities_found": 1, "node_path_length": 1.0, "macke_bug_chain_length": 1, "clustering_coefficient": 0.3333333333333333, "faulty": false}, "id": "{pcm_read_sc2f}", "type": 3}, {"data": {"node_degree": [1, 1, 2], "distance_to_interface": 1, "macke_vulnerabilities_found": 1, "node_path_length": 1.0, "macke_bug_chain_length": 1, "clustering_coefficient": 1.0, "faulty": false}, "id": "{d2lei_clip_array}", "type": 4}, {"data": {"node_degree": [1, 33, 34], "distance_to_interface": 1, "macke_vulnerabilities_found": 0, "node_path_length": 1.0, "macke_bug_chain_length": 0, "clustering_coefficient": 0.0570409982174688, "faulty": false}, "id": "{psf_fread}", "type": 2}, {"data": {"node_degree": [0, 1, 1], "distance_to_interface": 2, "macke_vulnerabilities_found": 1, "node_path_length": 0, "macke_bug_chain_length": 1, "clustering_coefficient": 0, "faulty": false}, "id": "{sc2d_array}", "type": 3}, {"data": {"node_degree": [2, 1, 3], "distance_to_interface": 1, "macke_vulnerabilities_found": 1, "node_path_length": 2.0, "macke_bug_chain_length": 1, "clustering_coefficient": 0.3333333333333333, "faulty": false}, "id": "{pcm_read_bei2s}", "type": 3}, {"id": "Node0x23a9230", "type": 1}, {"data": {"node_degree": [2, 1, 3], "distance_to_interface": 1, "macke_vulnerabilities_found": 1, "node_path_length": 1.0, "macke_bug_chain_length": 1, "clustering_coefficient": 0.6666666666666666, "faulty": false}, "id": "{pcm_write_f2let}", "type": 0}, {"data": {"node_degree": [0, 1, 1], "distance_to_interface": 2, "macke_vulnerabilities_found": 1, "node_path_length": 0, "macke_bug_chain_length": 1, "clustering_coefficient": 0, "faulty": false}, "id": "{s2bet_array}", "type": 0}, {"data": {"node_degree": [1, 1, 2], "distance_to_interface": 2, "macke_vulnerabilities_found": 1, "node_path_length": 1.0, "macke_bug_chain_length": 1, "clustering_coefficient": 0.0, "faulty": false}, "id": "{bei2f_array}", "type": 1}, {"data": {"node_degree": [1, 1, 2], "distance_to_interface": 1, "macke_vulnerabilities_found": 1, "node_path_length": 1.0, "macke_bug_chain_length": 1, "clustering_coefficient": 1.0, "faulty": false}, "id": "{d2lei_array}", "type": 4}, {"data": {"node_degree": [1, 1, 2], "distance_to_interface": 1, "macke_vulnerabilities_found": 1, "node_path_length": 1.0, "macke_bug_chain_length": 1, "clustering_coefficient": 1.0, "faulty": false}, "id": "{d2bet_clip_array}", "type": 4}, {"data": {"node_degree": [1, 1, 2], "distance_to_interface": 1, "macke_vulnerabilities_found": 1, "node_path_length": 2.0, "macke_bug_chain_length": 1, "clustering_coefficient": 1.0, "faulty": false}, "id": "{pcm_init}", "type": 1}, {"data": {"node_degree": [2, 1, 3], "distance_to_interface": 1, "macke_vulnerabilities_found": 1, "node_path_length": 1.5, "macke_bug_chain_length": 1, "clustering_coefficient": 0.3333333333333333, "faulty": false}, "id": "{pcm_read_bei2d}", "type": 2}, {"data": {"node_degree": [1, 1, 2], "distance_to_interface": 2, "macke_vulnerabilities_found": 1, "node_path_length": 1.0, "macke_bug_chain_length": 1, "clustering_coefficient": 0.0, "faulty": false}, "id": "{bes2f_array}", "type": 2}, {"data": {"node_degree": [1, 1, 2], "distance_to_interface": 1, "macke_vulnerabilities_found": 1, "node_path_length": 1.0, "macke_bug_chain_length": 1, "clustering_coefficient": 1.0, "faulty": false}, "id": "{f2lei_clip_array}", "type": 1}, {"data": {"node_degree": [1, 1, 2], "distance_to_interface": 2, "macke_vulnerabilities_found": 1, "node_path_length": 1.0, "macke_bug_chain_length": 1, "clustering_coefficient": 0.0, "faulty": false}, "id": "{bei2d_array}", "type": 5}, {"data": {"node_degree": [2, 1, 3], "distance_to_interface": 1, "macke_vulnerabilities_found": 1, "node_path_length": 1.0, "macke_bug_chain_length": 1, "clustering_coefficient": 0.3333333333333333, "faulty": false}, "id": "{pcm_read_sc2d}", "type": 5}, {"data": {"node_degree": [1, 1, 2], "distance_to_interface": 1, "macke_vulnerabilities_found": 1, "node_path_length": 1.0, "macke_bug_chain_length": 1, "clustering_coefficient": 1.0, "faulty": false}, "id": "{f2les_array}", "type": 3}, {"data": {"node_degree": [2, 1, 3], "distance_to_interface": 1, "macke_vulnerabilities_found": 1, "node_path_length": 2.0, "macke_bug_chain_length": 1, "clustering_coefficient": 0.3333333333333333, "faulty": false}, "id": "{pcm_read_bes2s}", "type": 3}, {"data": {"node_degree": [1, 1, 2], "distance_to_interface": 1, "macke_vulnerabilities_found": 1, "node_path_length": 1.0, "macke_bug_chain_length": 1, "clustering_coefficient": 1.0, "faulty": false}, "id": "{pcm_read_lei2i}", "type": 3}, {"data": {"node_degree": [1, 1, 2], "distance_to_interface": 2, "macke_vulnerabilities_found": 1, "node_path_length": 1.0, "macke_bug_chain_length": 1, "clustering_coefficient": 0.0, "faulty": false}, "id": "{endswap_int_copy}", "type": 3}, {"data": {"node_degree": [2, 1, 3], "distance_to_interface": 1, "macke_vulnerabilities_found": 1, "node_path_length": 1.5, "macke_bug_chain_length": 1, "clustering_coefficient": 0.3333333333333333, "faulty": false}, "id": "{pcm_read_bei2f}", "type": 1}, {"data": {"node_degree": [2, 1, 3], "distance_to_interface": 1, "macke_vulnerabilities_found": 1, "node_path_length": 1.3333333333333333, "macke_bug_chain_length": 1, "clustering_coefficient": 0.3333333333333333, "faulty": false}, "id": "{pcm_write_i2bei}", "type": 4}, {"data": {"node_degree": [2, 1, 3], "distance_to_interface": 1, "macke_vulnerabilities_found": 1, "node_path_length": 1.0, "macke_bug_chain_length": 1, "clustering_coefficient": 0.3333333333333333, "faulty": false}, "id": "{pcm_read_sc2s}", "type": 0}, {"data": {"node_degree": [1, 1, 2], "distance_to_interface": 1, "macke_vulnerabilities_found": 1, "node_path_length": 1.0, "macke_bug_chain_length": 1, "clustering_coefficient": 1.0, "faulty": false}, "id": "{d2bes_array}", "type": 2}, {"data": {"node_degree": [1, 1, 2], "distance_to_interface": 1, "macke_vulnerabilities_found": 1, "node_path_length": 1.0, "macke_bug_chain_length": 1, "clustering_coefficient": 1.0, "faulty": false}, "id": "{d2uc_clip_array}", "type": 0}, {"data": {"node_degree": [1, 1, 2], "distance_to_interface": 1, "macke_vulnerabilities_found": 1, "node_path_length": 1.0, "macke_bug_chain_length": 1, "clustering_coefficient": 1.0, "faulty": false}, "id": "{f2sc_clip_array}", "type": 4}, {"data": {"node_degree": [1, 1, 2], "distance_to_interface": 1, "macke_vulnerabilities_found": 1, "node_path_length": 1.0, "macke_bug_chain_length": 1, "clustering_coefficient": 1.0, "faulty": false}, "id": "{f2bei_array}", "type": 1}, {"data": {"node_degree": [1, 17, 18], "distance_to_interface": 1, "macke_vulnerabilities_found": 0, "node_path_length": 1.0, "macke_bug_chain_length": 0, "clustering_coefficient": 0.10457516339869281, "faulty": false}, "id": "{lrintf}", "type": 3}, {"data": {"node_degree": [2, 1, 3], "distance_to_interface": 1, "macke_vulnerabilities_found": 1, "node_path_length": 1.0, "macke_bug_chain_length": 1, "clustering_coefficient": 0.6666666666666666, "faulty": false}, "id": "{pcm_write_d2les}", "type": 4}, {"data": {"node_degree": [2, 1, 3], "distance_to_interface": 1, "macke_vulnerabilities_found": 1, "node_path_length": 1.0, "macke_bug_chain_length": 1, "clustering_coefficient": 0.6666666666666666, "faulty": false}, "id": "{pcm_write_f2bes}", "type": 5}, {"data": {"node_degree": [2, 1, 3], "distance_to_interface": 1, "macke_vulnerabilities_found": 1, "node_path_length": 1.0, "macke_bug_chain_length": 1, "clustering_coefficient": 0.3333333333333333, "faulty": false}, "id": "{pcm_read_lei2f}", "type": 2}, {"data": {"node_degree": [1, 1, 2], "distance_to_interface": 2, "macke_vulnerabilities_found": 1, "node_path_length": 2.0, "macke_bug_chain_length": 1, "clustering_coefficient": 0.0, "faulty": false}, "id": "{bei2s_array}", "type": 5}, {"data": {"node_degree": [2, 1, 3], "distance_to_interface": 1, "macke_vulnerabilities_found": 1, "node_path_length": 1.0, "macke_bug_chain_length": 1, "clustering_coefficient": 0.6666666666666666, "faulty": false}, "id": "{pcm_write_f2bei}", "type": 1}, {"data": {"node_degree": [2, 1, 3], "distance_to_interface": 1, "macke_vulnerabilities_found": 1, "node_path_length": 1.0, "macke_bug_chain_length": 1, "clustering_coefficient": 0.6666666666666666, "faulty": false}, "id": "{pcm_write_f2bet}", "type": 0}, {"data": {"node_degree": [2, 1, 3], "distance_to_interface": 1, "macke_vulnerabilities_found": 1, "node_path_length": 1.0, "macke_bug_chain_length": 1, "clustering_coefficient": 0.6666666666666666, "faulty": false}, "id": "{pcm_write_d2sc}", "type": 3}, {"data": {"node_degree": [0, 1, 1], "distance_to_interface": 2, "macke_vulnerabilities_found": 1, "node_path_length": 0, "macke_bug_chain_length": 1, "clustering_coefficient": 0, "faulty": false}, "id": "{s2uc_array}", "type": 3}, {"data": {"node_degree": [2, 1, 3], "distance_to_interface": 1, "macke_vulnerabilities_found": 1, "node_path_length": 1.0, "macke_bug_chain_length": 1, "clustering_coefficient": 0.3333333333333333, "faulty": false}, "id": "{pcm_write_s2bet}", "type": 3}, {"data": {"node_degree": [1, 1, 2], "distance_to_interface": 2, "macke_vulnerabilities_found": 1, "node_path_length": 1.0, "macke_bug_chain_length": 1, "clustering_coefficient": 0.0, "faulty": false}, "id": "{let2d_array}", "type": 1}, {"data": {"node_degree": [2, 1, 3], "distance_to_interface": 1, "macke_vulnerabilities_found": 1, "node_path_length": 1.5, "macke_bug_chain_length": 1, "clustering_coefficient": 0.3333333333333333, "faulty": false}, "id": "{pcm_read_let2f}", "type": 4}, {"data": {"node_degree": [0, 1, 1], "distance_to_interface": 2, "macke_vulnerabilities_found": 1, "node_path_length": 0, "macke_bug_chain_length": 1, "clustering_coefficient": 0, "faulty": false}, "id": "{uc2f_array}", "type": 0}, {"data": {"node_degree": [2, 1, 3], "distance_to_interface": 1, "macke_vulnerabilities_found": 1, "node_path_length": 1.0, "macke_bug_chain_length": 1, "clustering_coefficient": 0.3333333333333333, "faulty": false}, "id": "{pcm_read_let2s}", "type": 4}, {"data": {"node_degree": [2, 1, 3], "distance_to_interface": 1, "macke_vulnerabilities_found": 1, "node_path_length": 1.5, "macke_bug_chain_length": 1, "clustering_coefficient": 0.3333333333333333, "faulty": false}, "id": "{pcm_read_bei2i}", "type": 3}, {"data": {"node_degree": [1, 1, 2], "distance_to_interface": 1, "macke_vulnerabilities_found": 1, "node_path_length": 1.0, "macke_bug_chain_length": 1, "clustering_coefficient": 1.0, "faulty": false}, "id": "{d2bei_clip_array}", "type": 2}, {"data": {"node_degree": [1, 1, 2], "distance_to_interface": 1, "macke_vulnerabilities_found": 1, "node_path_length": 1.0, "macke_bug_chain_length": 1, "clustering_coefficient": 1.0, "faulty": false}, "id": "{d2let_array}", "type": 0}, {"data": {"node_degree": [1, 1, 2], "distance_to_interface": 1, "macke_vulnerabilities_found": 1, "node_path_length": 1.0, "macke_bug_chain_length": 1, "clustering_coefficient": 1.0, "faulty": false}, "id": "{f2uc_clip_array}", "type": 3}, {"data": {"node_degree": [1, 1, 2], "distance_to_interface": 2, "macke_vulnerabilities_found": 1, "node_path_length": 1.0, "macke_bug_chain_length": 1, "clustering_coefficient": 0.0, "faulty": false}, "id": "{endswap_short_copy}", "type": 1}, {"data": {"node_degree": [1, 1, 2], "distance_to_interface": 1, "macke_vulnerabilities_found": 1, "node_path_length": 1.0, "macke_bug_chain_length": 1, "clustering_coefficient": 1.0, "faulty": false}, "id": "{d2uc_array}", "type": 2}, {"data": {"node_degree": [1, 1, 2], "distance_to_interface": 1, "macke_vulnerabilities_found": 1, "node_path_length": 1.0, "macke_bug_chain_length": 1, "clustering_coefficient": 1.0, "faulty": false}, "id": "{f2bet_array}", "type": 1}, {"data": {"node_degree": [2, 1, 3], "distance_to_interface": 1, "macke_vulnerabilities_found": 1, "node_path_length": 1.0, "macke_bug_chain_length": 1, "clustering_coefficient": 0.3333333333333333, "faulty": false}, "id": "{pcm_read_lei2s}", "type": 0}, {"data": {"node_degree": [1, 1, 2], "distance_to_interface": 1, "macke_vulnerabilities_found": 1, "node_path_length": 1.0, "macke_bug_chain_length": 1, "clustering_coefficient": 1.0, "faulty": false}, "id": "{d2bes_clip_array}", "type": 5}, {"data": {"node_degree": [2, 1, 3], "distance_to_interface": 1, "macke_vulnerabilities_found": 1, "node_path_length": 1.0, "macke_bug_chain_length": 1, "clustering_coefficient": 0.6666666666666666, "faulty": false}, "id": "{pcm_write_d2bes}", "type": 3}, {"data": {"node_degree": [0, 1, 1], "distance_to_interface": 2, "macke_vulnerabilities_found": 1, "node_path_length": 0, "macke_bug_chain_length": 1, "clustering_coefficient": 0, "faulty": false}, "id": "{bet2s_array}", "type": 3}, {"data": {"node_degree": [2, 1, 3], "distance_to_interface": 1, "macke_vulnerabilities_found": 1, "node_path_length": 1.0, "macke_bug_chain_length": 1, "clustering_coefficient": 0.3333333333333333, "faulty": false}, "id": "{pcm_write_i2uc}", "type": 3}, {"data": {"node_degree": [1, 1, 2], "distance_to_interface": 2, "macke_vulnerabilities_found": 1, "node_path_length": 1.0, "macke_bug_chain_length": 1, "clustering_coefficient": 0.0, "faulty": false}, "id": "{endswap_int_array}", "type": 1}, {"data": {"node_degree": [1, 1, 2], "distance_to_interface": 1, "macke_vulnerabilities_found": 1, "node_path_length": 1.0, "macke_bug_chain_length": 1, "clustering_coefficient": 1.0, "faulty": false}, "id": "{pcm_read_les2s}", "type": 0}, {"data": {"node_degree": [2, 1, 3], "distance_to_interface": 1, "macke_vulnerabilities_found": 1, "node_path_length": 1.3333333333333333, "macke_bug_chain_length": 1, "clustering_coefficient": 0.3333333333333333, "faulty": false}, "id": "{pcm_read_let2i}", "type": 0}, {"data": {"node_degree": [2, 1, 3], "distance_to_interface": 1, "macke_vulnerabilities_found": 1, "node_path_length": 1.5, "macke_bug_chain_length": 1, "clustering_coefficient": 0.3333333333333333, "faulty": false}, "id": "{pcm_read_bes2f}", "type": 0}, {"data": {"node_degree": [0, 1, 1], "distance_to_interface": 2, "macke_vulnerabilities_found": 1, "node_path_length": 0, "macke_bug_chain_length": 1, "clustering_coefficient": 0, "faulty": false}, "id": "{i2uc_array}", "type": 1}, {"data": {"node_degree": [2, 1, 3], "distance_to_interface": 1, "macke_vulnerabilities_found": 1, "node_path_length": 1.0, "macke_bug_chain_length": 1, "clustering_coefficient": 0.3333333333333333, "faulty": false}, "id": "{pcm_write_i2bet}", "type": 0}, {"data": {"node_degree": [2, 1, 3], "distance_to_interface": 1, "macke_vulnerabilities_found": 1, "node_path_length": 1.0, "macke_bug_chain_length": 1, "clustering_coefficient": 0.6666666666666666, "faulty": false}, "id": "{pcm_write_f2les}", "type": 0}, {"data": {"node_degree": [1, 1, 2], "distance_to_interface": 1, "macke_vulnerabilities_found": 1, "node_path_length": 1.0, "macke_bug_chain_length": 1, "clustering_coefficient": 1.0, "faulty": false}, "id": "{d2sc_clip_array}", "type": 2}, {"data": {"node_degree": [0, 1, 1], "distance_to_interface": 2, "macke_vulnerabilities_found": 1, "node_path_length": 0, "macke_bug_chain_length": 1, "clustering_coefficient": 0, "faulty": false}, "id": "{uc2s_array}", "type": 3}, {"data": {"node_degree": [0, 1, 1], "distance_to_interface": 2, "macke_vulnerabilities_found": 1, "node_path_length": 0, "macke_bug_chain_length": 1, "clustering_coefficient": 0, "faulty": false}, "id": "{i2let_array}", "type": 1}, {"data": {"node_degree": [2, 1, 3], "distance_to_interface": 1, "macke_vulnerabilities_found": 1, "node_path_length": 1.0, "macke_bug_chain_length": 1, "clustering_coefficient": 0.6666666666666666, "faulty": false}, "id": "{pcm_write_d2uc}", "type": 5}, {"data": {"node_degree": [2, 1, 3], "distance_to_interface": 1, "macke_vulnerabilities_found": 1, "node_path_length": 1.0, "macke_bug_chain_length": 1, "clustering_coefficient": 0.3333333333333333, "faulty": false}, "id": "{pcm_read_uc2i}", "type": 2}, {"data": {"node_degree": [1, 1, 2], "distance_to_interface": 1, "macke_vulnerabilities_found": 1, "node_path_length": 1.0, "macke_bug_chain_length": 1, "clustering_coefficient": 1.0, "faulty": false}, "id": "{d2les_array}", "type": 4}, {"data": {"node_degree": [2, 1, 3], "distance_to_interface": 1, "macke_vulnerabilities_found": 1, "node_path_length": 1.5, "macke_bug_chain_length": 1, "clustering_coefficient": 0.3333333333333333, "faulty": false}, "id": "{pcm_read_bes2i}", "type": 0}, {"data": {"node_degree": [2, 1, 3], "distance_to_interface": 1, "macke_vulnerabilities_found": 1, "node_path_length": 1.3333333333333333, "macke_bug_chain_length": 1, "clustering_coefficient": 0.3333333333333333, "faulty": false}, "id": "{pcm_read_let2d}", "type": 1}, {"data": {"node_degree": [1, 1, 2], "distance_to_interface": 1, "macke_vulnerabilities_found": 1, "node_path_length": 1.0, "macke_bug_chain_length": 1, "clustering_coefficient": 1.0, "faulty": false}, "id": "{f2bes_clip_array}", "type": 4}, {"data": {"node_degree": [0, 1, 1], "distance_to_interface": 2, "macke_vulnerabilities_found": 1, "node_path_length": 0, "macke_bug_chain_length": 1, "clustering_coefficient": 0, "faulty": false}, "id": "{uc2d_array}", "type": 2}, {"data": {"node_degree": [0, 1, 1], "distance_to_interface": 2, "macke_vulnerabilities_found": 1, "node_path_length": 0, "macke_bug_chain_length": 1, "clustering_coefficient": 0, "faulty": false}, "id": "{lei2f_array}", "type": 2}, {"data": {"node_degree": [2, 1, 3], "distance_to_interface": 1, "macke_vulnerabilities_found": 1, "node_path_length": 1.0, "macke_bug_chain_length": 1, "clustering_coefficient": 0.6666666666666666, "faulty": false}, "id": "{pcm_write_f2sc}", "type": 5}, {"data": {"node_degree": [1, 1, 2], "distance_to_interface": 2, "macke_vulnerabilities_found": 1, "node_path_length": 1.0, "macke_bug_chain_length": 1, "clustering_coefficient": 0.0, "faulty": false}, "id": "{let2f_array}", "type": 3}, {"data": {"node_degree": [1, 17, 18], "distance_to_interface": 1, "macke_vulnerabilities_found": 0, "node_path_length": 1.0, "macke_bug_chain_length": 0, "clustering_coefficient": 0.10457516339869281, "faulty": false}, "id": "{lrint}", "type": 5}, {"data": {"node_degree": [0, 1, 1], "distance_to_interface": 2, "macke_vulnerabilities_found": 1, "node_path_length": 0, "macke_bug_chain_length": 1, "clustering_coefficient": 0, "faulty": false}, "id": "{s2lei_array}", "type": 1}, {"data": {"node_degree": [1, 33, 34], "distance_to_interface": 1, "macke_vulnerabilities_found": 0, "node_path_length": 1.0, "macke_bug_chain_length": 0, "clustering_coefficient": 0.0855614973262032, "faulty": false}, "id": "{psf_fwrite}", "type": 4}, {"data": {"node_degree": [0, 1, 1], "distance_to_interface": 2, "macke_vulnerabilities_found": 1, "node_path_length": 0, "macke_bug_chain_length": 1, "clustering_coefficient": 0, "faulty": false}, "id": "{sc2i_array}", "type": 3}, {"data": {"node_degree": [2, 1, 3], "distance_to_interface": 1, "macke_vulnerabilities_found": 1, "node_path_length": 1.0, "macke_bug_chain_length": 1, "clustering_coefficient": 0.3333333333333333, "faulty": false}, "id": "{pcm_read_lei2d}", "type": 3}, {"data": {"node_degree": [1, 2, 3], "distance_to_interface": 1, "macke_vulnerabilities_found": 0, "node_path_length": 1.0, "macke_bug_chain_length": 0, "clustering_coefficient": 0.3333333333333333, "faulty": false}, "id": "{psf_log_printf}", "type": 1}, {"data": {"node_degree": [2, 1, 3], "distance_to_interface": 1, "macke_vulnerabilities_found": 1, "node_path_length": 1.0, "macke_bug_chain_length": 1, "clustering_coefficient": 0.3333333333333333, "faulty": false}, "id": "{pcm_write_s2let}", "type": 5}, {"data": {"node_degree": [2, 1, 3], "distance_to_interface": 1, "macke_vulnerabilities_found": 1, "node_path_length": 1.0, "macke_bug_chain_length": 1, "clustering_coefficient": 0.6666666666666666, "faulty": false}, "id": "{pcm_write_d2bei}", "type": 3}, {"data": {"node_degree": [2, 1, 3], "distance_to_interface": 1, "macke_vulnerabilities_found": 1, "node_path_length": 1.3333333333333333, "macke_bug_chain_length": 1, "clustering_coefficient": 0.3333333333333333, "faulty": false}, "id": "{pcm_write_s2bes}", "type": 0}, {"data": {"node_degree": [1, 1, 2], "distance_to_interface": 2, "macke_vulnerabilities_found": 1, "node_path_length": 1.0, "macke_bug_chain_length": 1, "clustering_coefficient": 0.0, "faulty": false}, "id": "{bes2d_array}", "type": 1}, {"data": {"node_degree": [0, 1, 1], "distance_to_interface": 2, "macke_vulnerabilities_found": 1, "node_path_length": 0, "macke_bug_chain_length": 1, "clustering_coefficient": 0, "faulty": false}, "id": "{les2f_array}", "type": 4}, {"data": {"node_degree": [0, 1, 1], "distance_to_interface": 2, "macke_vulnerabilities_found": 1, "node_path_length": 0, "macke_bug_chain_length": 1, "clustering_coefficient": 0, "faulty": false}, "id": "{i2sc_array}", "type": 5}, {"data": {"node_degree": [2, 1, 3], "distance_to_interface": 1, "macke_vulnerabilities_found": 1, "node_path_length": 1.0, "macke_bug_chain_length": 1, "clustering_coefficient": 0.3333333333333333, "faulty": false}, "id": "{pcm_read_bet2s}", "type": 3}, {"data": {"node_degree": [2, 1, 3], "distance_to_interface": 1, "macke_vulnerabilities_found": 1, "node_path_length": 1.0, "macke_bug_chain_length": 1, "clustering_coefficient": 0.3333333333333333, "faulty": false}, "id": "{pcm_read_sc2i}", "type": 2}, {"data": {"node_degree": [0, 1, 1], "distance_to_interface": 1, "macke_vulnerabilities_found": 0, "node_path_length": 0, "macke_bug_chain_length": 0, "clustering_coefficient": 0, "faulty": false}, "id": "{llvm.dbg.declare}", "type": 3}, {"data": {"node_degree": [1, 1, 2], "distance_to_interface": 2, "macke_vulnerabilities_found": 1, "node_path_length": 1.0, "macke_bug_chain_length": 1, "clustering_coefficient": 0.0, "faulty": false}, "id": "{let2i_array}", "type": 4}, {"data": {"node_degree": [0, 1, 1], "distance_to_interface": 2, "macke_vulnerabilities_found": 1, "node_path_length": 0, "macke_bug_chain_length": 1, "clustering_coefficient": 0, "faulty": false}, "id": "{uc2i_array}", "type": 2}, {"data": {"node_degree": [2, 1, 3], "distance_to_interface": 1, "macke_vulnerabilities_found": 1, "node_path_length": 1.0, "macke_bug_chain_length": 1, "clustering_coefficient": 0.3333333333333333, "faulty": false}, "id": "{pcm_write_s2sc}", "type": 2}, {"data": {"node_degree": [0, 1, 1], "distance_to_interface": 2, "macke_vulnerabilities_found": 1, "node_path_length": 0, "macke_bug_chain_length": 1, "clustering_coefficient": 0, "faulty": false}, "id": "{sc2f_array}", "type": 3}, {"data": {"node_degree": [2, 1, 3], "distance_to_interface": 1, "macke_vulnerabilities_found": 1, "node_path_length": 1.0, "macke_bug_chain_length": 1, "clustering_coefficient": 0.3333333333333333, "faulty": false}, "id": "{pcm_write_i2les}", "type": 5}, {"data": {"node_degree": [0, 1, 1], "distance_to_interface": 2, "macke_vulnerabilities_found": 1, "node_path_length": 0, "macke_bug_chain_length": 1, "clustering_coefficient": 0, "faulty": false}, "id": "{sc2s_array}", "type": 3}, {"data": {"node_degree": [2, 1, 3], "distance_to_interface": 1, "macke_vulnerabilities_found": 1, "node_path_length": 1.0, "macke_bug_chain_length": 1, "clustering_coefficient": 0.3333333333333333, "faulty": false}, "id": "{pcm_read_les2d}", "type": 0}, {"data": {"node_degree": [0, 3, 3], "distance_to_interface": 3, "macke_vulnerabilities_found": 1, "node_path_length": 0, "macke_bug_chain_length": 1, "clustering_coefficient": 0.0, "faulty": false}, "id": "{psf_get_be24}", "type": 0}, {"data": {"node_degree": [2, 1, 3], "distance_to_interface": 1, "macke_vulnerabilities_found": 1, "node_path_length": 1.5, "macke_bug_chain_length": 1, "clustering_coefficient": 0.3333333333333333, "faulty": false}, "id": "{pcm_read_bet2d}", "type": 0}, {"data": {"node_degree": [2, 1, 3], "distance_to_interface": 1, "macke_vulnerabilities_found": 1, "node_path_length": 1.0, "macke_bug_chain_length": 1, "clustering_coefficient": 0.6666666666666666, "faulty": false}, "id": "{pcm_write_d2let}", "type": 2}, {"data": {"node_degree": [2, 1, 3], "distance_to_interface": 1, "macke_vulnerabilities_found": 1, "node_path_length": 1.0, "macke_bug_chain_length": 1, "clustering_coefficient": 0.3333333333333333, "faulty": false}, "id": "{pcm_write_i2let}", "type": 3}, {"data": {"node_degree": [2, 1, 3], "distance_to_interface": 1, "macke_vulnerabilities_found": 1, "node_path_length": 1.0, "macke_bug_chain_length": 1, "clustering_coefficient": 0.6666666666666666, "faulty": false}, "id": "{pcm_write_d2bet}", "type": 2}, {"data": {"node_degree": [1, 1, 2], "distance_to_interface": 2, "macke_vulnerabilities_found": 1, "node_path_length": 1.0, "macke_bug_chain_length": 1, "clustering_coefficient": 0.0, "faulty": false}, "id": "{bes2i_array}", "type": 0}, {"data": {"node_degree": [1, 1, 2], "distance_to_interface": 1, "macke_vulnerabilities_found": 1, "node_path_length": 1.0, "macke_bug_chain_length": 1, "clustering_coefficient": 1.0, "faulty": false}, "id": "{pcm_write_i2lei}", "type": 2}, {"data": {"node_degree": [1, 1, 2], "distance_to_interface": 1, "macke_vulnerabilities_found": 1, "node_path_length": 1.0, "macke_bug_chain_length": 1, "clustering_coefficient": 1.0, "faulty": false}, "id": "{d2les_clip_array}", "type": 5}, {"data": {"node_degree": [1, 1, 2], "distance_to_interface": 2, "macke_vulnerabilities_found": 1, "node_path_length": 1.0, "macke_bug_chain_length": 1, "clustering_coefficient": 0.0, "faulty": false}, "id": "{bet2d_array}", "type": 0}, {"data": {"node_degree": [0, 1, 1], "distance_to_interface": 2, "macke_vulnerabilities_found": 1, "node_path_length": 0, "macke_bug_chain_length": 1, "clustering_coefficient": 0, "faulty": false}, "id": "{lei2d_array}", "type": 5}, {"data": {"node_degree": [1, 1, 2], "distance_to_interface": 1, "macke_vulnerabilities_found": 1, "node_path_length": 1.0, "macke_bug_chain_length": 1, "clustering_coefficient": 1.0, "faulty": false}, "id": "{f2lei_array}", "type": 2}, {"data": {"node_degree": [0, 3, 3], "distance_to_interface": 3, "macke_vulnerabilities_found": 1, "node_path_length": 0, "macke_bug_chain_length": 1, "clustering_coefficient": 0.0, "faulty": false}, "id": "{psf_get_le24}", "type": 0}, {"data": {"node_degree": [1, 5, 6], "distance_to_interface": 3, "macke_vulnerabilities_found": 1, "node_path_length": 1.0, "macke_bug_chain_length": 1, "clustering_coefficient": 0.0, "faulty": false}, "id": "{ENDSWAP_32}", "type": 4}, {"data": {"node_degree": [0, 1, 1], "distance_to_interface": 2, "macke_vulnerabilities_found": 1, "node_path_length": 0, "macke_bug_chain_length": 1, "clustering_coefficient": 0, "faulty": false}, "id": "{s2bei_array}", "type": 2}, {"data": {"node_degree": [2, 1, 3], "distance_to_interface": 1, "macke_vulnerabilities_found": 1, "node_path_length": 1.0, "macke_bug_chain_length": 1, "clustering_coefficient": 0.3333333333333333, "faulty": false}, "id": "{pcm_read_uc2d}", "type": 4}, {"data": {"node_degree": [2, 1, 3], "distance_to_interface": 1, "macke_vulnerabilities_found": 1, "node_path_length": 1.0, "macke_bug_chain_length": 1, "clustering_coefficient": 0.6666666666666666, "faulty": false}, "id": "{pcm_write_f2uc}", "type": 0}, {"data": {"node_degree": [2, 1, 3], "distance_to_interface": 1, "macke_vulnerabilities_found": 1, "node_path_length": 1.5, "macke_bug_chain_length": 1, "clustering_coefficient": 0.3333333333333333, "faulty": false}, "id": "{pcm_read_bet2i}", "type": 1}, {"data": {"node_degree": [1, 1, 2], "distance_to_interface": 2, "macke_vulnerabilities_found": 1, "node_path_length": 1.0, "macke_bug_chain_length": 1, "clustering_coefficient": 0.0, "faulty": false}, "id": "{bet2f_array}", "type": 0}, {"data": {"node_degree": [2, 1, 3], "distance_to_interface": 1, "macke_vulnerabilities_found": 1, "node_path_length": 1.5, "macke_bug_chain_length": 1, "clustering_coefficient": 0.3333333333333333, "faulty": false}, "id": "{pcm_read_bes2d}", "type": 3}, {"data": {"node_degree": [1, 1, 2], "distance_to_interface": 1, "macke_vulnerabilities_found": 1, "node_path_length": 1.0, "macke_bug_chain_length": 1, "clustering_coefficient": 1.0, "faulty": false}, "id": "{d2let_clip_array}", "type": 0}, {"data": {"node_degree": [2, 1, 3], "distance_to_interface": 1, "macke_vulnerabilities_found": 1, "node_path_length": 1.0, "macke_bug_chain_length": 1, "clustering_coefficient": 0.3333333333333333, "faulty": false}, "id": "{pcm_read_les2f}", "type": 3}, {"data": {"node_degree": [1, 1, 2], "distance_to_interface": 1, "macke_vulnerabilities_found": 1, "node_path_length": 1.0, "macke_bug_chain_length": 1, "clustering_coefficient": 1.0, "faulty": false}, "id": "{f2let_array}", "type": 2}, {"data": {"node_degree": [0, 1, 1], "distance_to_interface": 2, "macke_vulnerabilities_found": 1, "node_path_length": 0, "macke_bug_chain_length": 1, "clustering_coefficient": 0, "faulty": false}, "id": "{les2d_array}", "type": 4}, {"data": {"node_degree": [1, 1, 2], "distance_to_interface": 1, "macke_vulnerabilities_found": 1, "node_path_length": 1.0, "macke_bug_chain_length": 1, "clustering_coefficient": 1.0, "faulty": false}, "id": "{f2uc_array}", "type": 3}, {"data": {"node_degree": [0, 1, 1], "distance_to_interface": 2, "macke_vulnerabilities_found": 1, "node_path_length": 0, "macke_bug_chain_length": 1, "clustering_coefficient": 0, "faulty": false}, "id": "{i2bes_array}", "type": 0}, {"data": {"node_degree": [2, 1, 3], "distance_to_interface": 1, "macke_vulnerabilities_found": 1, "node_path_length": 1.0, "macke_bug_chain_length": 1, "clustering_coefficient": 0.3333333333333333, "faulty": false}, "id": "{pcm_write_s2uc}", "type": 1}, {"data": {"node_degree": [0, 1, 1], "distance_to_interface": 2, "macke_vulnerabilities_found": 1, "node_path_length": 0, "macke_bug_chain_length": 1, "clustering_coefficient": 0, "cvss3": {"baseSeverity": "MEDIUM", "attackVector": "LOCAL", "scope": "UNCHANGED", "integrityImpact": "NONE", "vectorString": "AV:L/AC:L/PR:N/UI:R/S:U/C:N/I:N/A:H", "confidentialityImpact": "NONE", "baseScore": 5.5, "privilegesRequired": "NONE", "userInteraction": "REQUIRED", "availabilityImpact": "HIGH", "attackComplexity": "LOW"}, "faulty": true}, "id": "{i2les_array}", "type": 1}, {"data": {"node_degree": [2, 1, 3], "distance_to_interface": 1, "macke_vulnerabilities_found": 1, "node_path_length": 1.0, "macke_bug_chain_length": 1, "clustering_coefficient": 0.3333333333333333, "faulty": false}, "id": "{pcm_write_s2lei}", "type": 2}, {"data": {"node_degree": [0, 1, 1], "distance_to_interface": 2, "macke_vulnerabilities_found": 1, "node_path_length": 0, "macke_bug_chain_length": 1, "clustering_coefficient": 0, "faulty": false}, "id": "{let2s_array}", "type": 2}, {"data": {"node_degree": [2, 1, 3], "distance_to_interface": 1, "macke_vulnerabilities_found": 1, "node_path_length": 1.0, "macke_bug_chain_length": 1, "clustering_coefficient": 0.3333333333333333, "faulty": false}, "id": "{pcm_write_i2sc}", "type": 5}, {"data": {"node_degree": [2, 1, 3], "distance_to_interface": 1, "macke_vulnerabilities_found": 1, "node_path_length": 1.0, "macke_bug_chain_length": 1, "clustering_coefficient": 0.6666666666666666, "faulty": false}, "id": "{pcm_write_d2lei}", "type": 4}, {"data": {"node_degree": [0, 1, 1], "distance_to_interface": 2, "macke_vulnerabilities_found": 1, "node_path_length": 0, "macke_bug_chain_length": 1, "clustering_coefficient": 0, "faulty": false}, "id": "{s2let_array}", "type": 4}, {"data": {"node_degree": [2, 1, 3], "distance_to_interface": 1, "macke_vulnerabilities_found": 1, "node_path_length": 1.0, "macke_bug_chain_length": 1, "clustering_coefficient": 0.3333333333333333, "faulty": false}, "id": "{pcm_read_uc2s}", "type": 3}, {"data": {"node_degree": [2, 1, 3], "distance_to_interface": 1, "macke_vulnerabilities_found": 1, "node_path_length": 1.0, "macke_bug_chain_length": 1, "clustering_coefficient": 0.3333333333333333, "faulty": false}, "id": "{pcm_read_uc2f}", "type": 0}, {"data": {"node_degree": [0, 1, 1], "distance_to_interface": 2, "macke_vulnerabilities_found": 1, "node_path_length": 0, "macke_bug_chain_length": 1, "clustering_coefficient": 0, "faulty": false}, "id": "{i2bet_array}", "type": 1}, {"data": {"node_degree": [1, 1, 2], "distance_to_interface": 1, "macke_vulnerabilities_found": 1, "node_path_length": 1.0, "macke_bug_chain_length": 1, "clustering_coefficient": 1.0, "faulty": false}, "id": "{f2bei_clip_array}", "type": 4}, {"data": {"node_degree": [1, 1, 2], "distance_to_interface": 1, "macke_vulnerabilities_found": 1, "node_path_length": 1.0, "macke_bug_chain_length": 1, "clustering_coefficient": 1.0, "faulty": false}, "id": "{f2sc_array}", "type": 4}, {"data": {"node_degree": [1, 1, 2], "distance_to_interface": 2, "macke_vulnerabilities_found": 1, "node_path_length": 2.0, "macke_bug_chain_length": 1, "clustering_coefficient": 0.0, "faulty": false}, "id": "{endswap_short_array}", "type": 4}, {"data": {"node_degree": [1, 1, 2], "distance_to_interface": 1, "macke_vulnerabilities_found": 1, "node_path_length": 1.0, "macke_bug_chain_length": 1, "clustering_coefficient": 1.0, "faulty": false}, "id": "{f2bet_clip_array}", "type": 4}, {"data": {"node_degree": [0, 1, 1], "distance_to_interface": 2, "macke_vulnerabilities_found": 1, "node_path_length": 0, "macke_bug_chain_length": 1, "clustering_coefficient": 0, "faulty": false}, "id": "{les2i_array}", "type": 1}, {"data": {"node_degree": [2, 1, 3], "distance_to_interface": 1, "macke_vulnerabilities_found": 1, "node_path_length": 1.5, "macke_bug_chain_length": 1, "clustering_coefficient": 0.3333333333333333, "faulty": false}, "id": "{pcm_read_bet2f}", "type": 2}, {"data": {"node_degree": [2, 1, 3], "distance_to_interface": 1, "macke_vulnerabilities_found": 1, "node_path_length": 1.0, "macke_bug_chain_length": 1, "clustering_coefficient": 0.6666666666666666, "faulty": false}, "id": "{pcm_write_f2lei}", "type": 0}, {"data": {"node_degree": [0, 1, 1], "distance_to_interface": 2, "macke_vulnerabilities_found": 1, "node_path_length": 0, "macke_bug_chain_length": 1, "clustering_coefficient": 0, "faulty": false}, "id": "{lei2s_array}", "type": 3}, {"data": {"node_degree": [103, 0, 103], "distance_to_interface": 999, "macke_vulnerabilities_found": 0, "node_path_length": 0, "macke_bug_chain_length": 0, "clustering_coefficient": 0.01846563868265753, "faulty": false}, "id": "{external node}", "type": 1}, {"data": {"node_degree": [1, 1, 2], "distance_to_interface": 1, "macke_vulnerabilities_found": 1, "node_path_length": 1.0, "macke_bug_chain_length": 1, "clustering_coefficient": 1.0, "faulty": false}, "id": "{pcm_write_s2les}", "type": 3}], "links": [{"type": 0, "target": "{psf_get_be24}", "source": "{bet2i_array}"}, {"type": 2, "target": "{lrintf}", "source": "{f2les_clip_array}"}, {"type": 2, "target": "{psf_fwrite}", "source": "{pcm_write_s2bei}"}, {"type": 1, "target": "{s2bei_array}", "source": "{pcm_write_s2bei}"}, {"type": 3, "target": "{lrint}", "source": "{d2bet_array}"}, {"type": 1, "target": "{psf_fread}", "source": "{pcm_read_les2i}"}, {"type": 3, "target": "{les2i_array}", "source": "{pcm_read_les2i}"}, {"type": 0, "target": "{psf_fwrite}", "source": "{pcm_write_i2bes}"}, {"type": 2, "target": "{i2bes_array}", "source": "{pcm_write_i2bes}"}, {"type": 2, "target": "{lrint}", "source": "{d2bei_array}"}, {"type": 2, "target": "{lrintf}", "source": "{f2let_clip_array}"}, {"type": 0, "target": "{lrint}", "source": "{d2sc_array}"}, {"type": 0, "target": "{lrintf}", "source": "{f2bes_array}"}, {"type": 2, "target": "Node0x23a9230", "source": "{ENDSWAP_16}"}, {"type": 2, "target": "{sc2f_array}", "source": "{pcm_read_sc2f}"}, {"type": 3, "target": "{psf_fread}", "source": "{pcm_read_sc2f}"}, {"type": 1, "target": "{lrint}", "source": "{d2lei_clip_array}"}, {"type": 0, "target": "Node0x23a9230", "source": "{psf_fread}"}, {"type": 0, "target": "{bei2s_array}", "source": "{pcm_read_bei2s}"}, {"type": 0, "target": "{psf_fread}", "source": "{pcm_read_bei2s}"}, {"type": 1, "target": "{psf_fwrite}", "source": "{pcm_write_f2let}"}, {"type": 1, "target": "Node0x23a9230", "source": "{pcm_write_f2let}"}, {"type": 1, "target": "{ENDSWAP_32}", "source": "{bei2f_array}"}, {"type": 0, "target": "{lrint}", "source": "{d2lei_array}"}, {"type": 2, "target": "{lrint}", "source": "{d2bet_clip_array}"}, {"type": 3, "target": "{psf_log_printf}", "source": "{pcm_init}"}, {"type": 1, "target": "{psf_log_printf}", "source": "{pcm_init}"}, {"type": 2, "target": "{psf_log_printf}", "source": "{pcm_init}"}, {"type": 1, "target": "{bei2d_array}", "source": "{pcm_read_bei2d}"}, {"type": 1, "target": "{psf_fread}", "source": "{pcm_read_bei2d}"}, {"type": 3, "target": "{ENDSWAP_16}", "source": "{bes2f_array}"}, {"type": 2, "target": "{lrintf}", "source": "{f2lei_clip_array}"}, {"type": 0, "target": "{ENDSWAP_32}", "source": "{bei2d_array}"}, {"type": 2, "target": "{sc2d_array}", "source": "{pcm_read_sc2d}"}, {"type": 0, "target": "{psf_fread}", "source": "{pcm_read_sc2d}"}, {"type": 0, "target": "{lrintf}", "source": "{f2les_array}"}, {"type": 0, "target": "{endswap_short_array}", "source": "{pcm_read_bes2s}"}, {"type": 3, "target": "{psf_fread}", "source": "{pcm_read_bes2s}"}, {"type": 1, "target": "{psf_fread}", "source": "{pcm_read_lei2i}"}, {"type": 0, "target": "{ENDSWAP_32}", "source": "{endswap_int_copy}"}, {"type": 0, "target": "{bei2f_array}", "source": "{pcm_read_bei2f}"}, {"type": 3, "target": "{psf_fread}", "source": "{pcm_read_bei2f}"}, {"type": 3, "target": "{psf_fwrite}", "source": "{pcm_write_i2bei}"}, {"type": 2, "target": "{endswap_int_copy}", "source": "{pcm_write_i2bei}"}, {"type": 1, "target": "{sc2s_array}", "source": "{pcm_read_sc2s}"}, {"type": 1, "target": "{psf_fread}", "source": "{pcm_read_sc2s}"}, {"type": 3, "target": "{lrint}", "source": "{d2bes_array}"}, {"type": 0, "target": "{lrint}", "source": "{d2uc_clip_array}"}, {"type": 2, "target": "{lrintf}", "source": "{f2sc_clip_array}"}, {"type": 2, "target": "{lrintf}", "source": "{f2bei_array}"}, {"type": 3, "target": "Node0x23a9230", "source": "{lrintf}"}, {"type": 2, "target": "{psf_fwrite}", "source": "{pcm_write_d2les}"}, {"type": 3, "target": "Node0x23a9230", "source": "{pcm_write_d2les}"}, {"type": 0, "target": "{psf_fwrite}", "source": "{pcm_write_f2bes}"}, {"type": 1, "target": "Node0x23a9230", "source": "{pcm_write_f2bes}"}, {"type": 3, "target": "{lei2f_array}", "source": "{pcm_read_lei2f}"}, {"type": 3, "target": "{psf_fread}", "source": "{pcm_read_lei2f}"}, {"type": 0, "target": "{ENDSWAP_32}", "source": "{bei2s_array}"}, {"type": 0, "target": "{psf_fwrite}", "source": "{pcm_write_f2bei}"}, {"type": 0, "target": "Node0x23a9230", "source": "{pcm_write_f2bei}"}, {"type": 2, "target": "{psf_fwrite}", "source": "{pcm_write_f2bet}"}, {"type": 1, "target": "Node0x23a9230", "source": "{pcm_write_f2bet}"}, {"type": 1, "target": "{psf_fwrite}", "source": "{pcm_write_d2sc}"}, {"type": 2, "target": "Node0x23a9230", "source": "{pcm_write_d2sc}"}, {"type": 3, "target": "{psf_fwrite}", "source": "{pcm_write_s2bet}"}, {"type": 2, "target": "{s2bet_array}", "source": "{pcm_write_s2bet}"}, {"type": 0, "target": "{psf_get_le24}", "source": "{let2d_array}"}, {"type": 2, "target": "{let2f_array}", "source": "{pcm_read_let2f}"}, {"type": 0, "target": "{psf_fread}", "source": "{pcm_read_let2f}"}, {"type": 0, "target": "{let2s_array}", "source": "{pcm_read_let2s}"}, {"type": 2, "target": "{psf_fread}", "source": "{pcm_read_let2s}"}, {"type": 3, "target": "{endswap_int_array}", "source": "{pcm_read_bei2i}"}, {"type": 3, "target": "{psf_fread}", "source": "{pcm_read_bei2i}"}, {"type": 0, "target": "{lrint}", "source": "{d2bei_clip_array}"}, {"type": 2, "target": "{lrint}", "source": "{d2let_array}"}, {"type": 1, "target": "{lrintf}", "source": "{f2uc_clip_array}"}, {"type": 3, "target": "{ENDSWAP_16}", "source": "{endswap_short_copy}"}, {"type": 2, "target": "{lrint}", "source": "{d2uc_array}"}, {"type": 0, "target": "{lrintf}", "source": "{f2bet_array}"}, {"type": 1, "target": "{lei2s_array}", "source": "{pcm_read_lei2s}"}, {"type": 0, "target": "{psf_fread}", "source": "{pcm_read_lei2s}"}, {"type": 1, "target": "{lrint}", "source": "{d2bes_clip_array}"}, {"type": 0, "target": "{psf_fwrite}", "source": "{pcm_write_d2bes}"}, {"type": 2, "target": "Node0x23a9230", "source": "{pcm_write_d2bes}"}, {"type": 1, "target": "{psf_fwrite}", "source": "{pcm_write_i2uc}"}, {"type": 1, "target": "{i2uc_array}", "source": "{pcm_write_i2uc}"}, {"type": 1, "target": "{ENDSWAP_32}", "source": "{endswap_int_array}"}, {"type": 3, "target": "{psf_fread}", "source": "{pcm_read_les2s}"}, {"type": 2, "target": "{psf_fread}", "source": "{pcm_read_let2i}"}, {"type": 0, "target": "{let2i_array}", "source": "{pcm_read_let2i}"}, {"type": 3, "target": "{bes2f_array}", "source": "{pcm_read_bes2f}"}, {"type": 3, "target": "{psf_fread}", "source": "{pcm_read_bes2f}"}, {"type": 1, "target": "{psf_fwrite}", "source": "{pcm_write_i2bet}"}, {"type": 0, "target": "{i2bet_array}", "source": "{pcm_write_i2bet}"}, {"type": 0, "target": "{psf_fwrite}", "source": "{pcm_write_f2les}"}, {"type": 0, "target": "Node0x23a9230", "source": "{pcm_write_f2les}"}, {"type": 1, "target": "{lrintf}", "source": "{d2sc_clip_array}"}, {"type": 1, "target": "{psf_fwrite}", "source": "{pcm_write_d2uc}"}, {"type": 1, "target": "Node0x23a9230", "source": "{pcm_write_d2uc}"}, {"type": 2, "target": "{uc2i_array}", "source": "{pcm_read_uc2i}"}, {"type": 2, "target": "{psf_fread}", "source": "{pcm_read_uc2i}"}, {"type": 3, "target": "{lrint}", "source": "{d2les_array}"}, {"type": 2, "target": "{bes2i_array}", "source": "{pcm_read_bes2i}"}, {"type": 1, "target": "{psf_fread}", "source": "{pcm_read_bes2i}"}, {"type": 3, "target": "{psf_fread}", "source": "{pcm_read_let2d}"}, {"type": 2, "target": "{let2d_array}", "source": "{pcm_read_let2d}"}, {"type": 0, "target": "{lrintf}", "source": "{f2bes_clip_array}"}, {"type": 2, "target": "{psf_fwrite}", "source": "{pcm_write_f2sc}"}, {"type": 3, "target": "Node0x23a9230", "source": "{pcm_write_f2sc}"}, {"type": 0, "target": "{psf_get_le24}", "source": "{let2f_array}"}, {"type": 2, "target": "Node0x23a9230", "source": "{lrint}"}, {"type": 3, "target": "Node0x23a9230", "source": "{psf_fwrite}"}, {"type": 1, "target": "{lei2d_array}", "source": "{pcm_read_lei2d}"}, {"type": 2, "target": "{psf_fread}", "source": "{pcm_read_lei2d}"}, {"type": 1, "target": "Node0x23a9230", "source": "{psf_log_printf}"}, {"type": 2, "target": "{psf_fwrite}", "source": "{pcm_write_s2let}"}, {"type": 0, "target": "{s2let_array}", "source": "{pcm_write_s2let}"}, {"type": 1, "target": "{psf_fwrite}", "source": "{pcm_write_d2bei}"}, {"type": 3, "target": "Node0x23a9230", "source": "{pcm_write_d2bei}"}, {"type": 0, "target": "{psf_fwrite}", "source": "{pcm_write_s2bes}"}, {"type": 1, "target": "{endswap_short_copy}", "source": "{pcm_write_s2bes}"}, {"type": 0, "target": "{ENDSWAP_16}", "source": "{bes2d_array}"}, {"type": 1, "target": "{bet2s_array}", "source": "{pcm_read_bet2s}"}, {"type": 2, "target": "{psf_fread}", "source": "{pcm_read_bet2s}"}, {"type": 0, "target": "{sc2i_array}", "source": "{pcm_read_sc2i}"}, {"type": 0, "target": "{psf_fread}", "source": "{pcm_read_sc2i}"}, {"type": 3, "target": "{psf_get_le24}", "source": "{let2i_array}"}, {"type": 3, "target": "{psf_fwrite}", "source": "{pcm_write_s2sc}"}, {"type": 2, "target": "{s2sc_array}", "source": "{pcm_write_s2sc}"}, {"type": 3, "target": "{psf_fwrite}", "source": "{pcm_write_i2les}"}, {"type": 0, "target": "{i2les_array}", "source": "{pcm_write_i2les}"}, {"type": 3, "target": "{les2d_array}", "source": "{pcm_read_les2d}"}, {"type": 2, "target": "{psf_fread}", "source": "{pcm_read_les2d}"}, {"type": 1, "target": "{bet2d_array}", "source": "{pcm_read_bet2d}"}, {"type": 0, "target": "{psf_fread}", "source": "{pcm_read_bet2d}"}, {"type": 1, "target": "{psf_fwrite}", "source": "{pcm_write_d2let}"}, {"type": 2, "target": "Node0x23a9230", "source": "{pcm_write_d2let}"}, {"type": 0, "target": "{psf_fwrite}", "source": "{pcm_write_i2let}"}, {"type": 3, "target": "{i2let_array}", "source": "{pcm_write_i2let}"}, {"type": 3, "target": "{psf_fwrite}", "source": "{pcm_write_d2bet}"}, {"type": 2, "target": "Node0x23a9230", "source": "{pcm_write_d2bet}"}, {"type": 2, "target": "{ENDSWAP_16}", "source": "{bes2i_array}"}, {"type": 0, "target": "{psf_fwrite}", "source": "{pcm_write_i2lei}"}, {"type": 0, "target": "{lrint}", "source": "{d2les_clip_array}"}, {"type": 3, "target": "{psf_get_be24}", "source": "{bet2d_array}"}, {"type": 2, "target": "{lrintf}", "source": "{f2lei_array}"}, {"type": 1, "target": "Node0x23a9230", "source": "{ENDSWAP_32}"}, {"type": 3, "target": "{uc2d_array}", "source": "{pcm_read_uc2d}"}, {"type": 3, "target": "{psf_fread}", "source": "{pcm_read_uc2d}"}, {"type": 3, "target": "{psf_fwrite}", "source": "{pcm_write_f2uc}"}, {"type": 2, "target": "Node0x23a9230", "source": "{pcm_write_f2uc}"}, {"type": 2, "target": "{bet2i_array}", "source": "{pcm_read_bet2i}"}, {"type": 2, "target": "{psf_fread}", "source": "{pcm_read_bet2i}"}, {"type": 0, "target": "{psf_get_be24}", "source": "{bet2f_array}"}, {"type": 3, "target": "{bes2d_array}", "source": "{pcm_read_bes2d}"}, {"type": 2, "target": "{psf_fread}", "source": "{pcm_read_bes2d}"}, {"type": 0, "target": "{lrint}", "source": "{d2let_clip_array}"}, {"type": 1, "target": "{les2f_array}", "source": "{pcm_read_les2f}"}, {"type": 2, "target": "{psf_fread}", "source": "{pcm_read_les2f}"}, {"type": 3, "target": "{lrintf}", "source": "{f2let_array}"}, {"type": 2, "target": "{lrintf}", "source": "{f2uc_array}"}, {"type": 0, "target": "{psf_fwrite}", "source": "{pcm_write_s2uc}"}, {"type": 1, "target": "{s2uc_array}", "source": "{pcm_write_s2uc}"}, {"type": 3, "target": "{psf_fwrite}", "source": "{pcm_write_s2lei}"}, {"type": 0, "target": "{s2lei_array}", "source": "{pcm_write_s2lei}"}, {"type": 3, "target": "{psf_fwrite}", "source": "{pcm_write_i2sc}"}, {"type": 3, "target": "{i2sc_array}", "source": "{pcm_write_i2sc}"}, {"type": 2, "target": "{psf_fwrite}", "source": "{pcm_write_d2lei}"}, {"type": 2, "target": "Node0x23a9230", "source": "{pcm_write_d2lei}"}, {"type": 1, "target": "{uc2s_array}", "source": "{pcm_read_uc2s}"}, {"type": 0, "target": "{psf_fread}", "source": "{pcm_read_uc2s}"}, {"type": 2, "target": "{uc2f_array}", "source": "{pcm_read_uc2f}"}, {"type": 1, "target": "{psf_fread}", "source": "{pcm_read_uc2f}"}, {"type": 1, "target": "{lrintf}", "source": "{f2bei_clip_array}"}, {"type": 3, "target": "{lrintf}", "source": "{f2sc_array}"}, {"type": 2, "target": "{ENDSWAP_16}", "source": "{endswap_short_array}"}, {"type": 1, "target": "{lrint}", "source": "{f2bet_clip_array}"}, {"type": 2, "target": "{bet2f_array}", "source": "{pcm_read_bet2f}"}, {"type": 2, "target": "{psf_fread}", "source": "{pcm_read_bet2f}"}, {"type": 1, "target": "{psf_fwrite}", "source": "{pcm_write_f2lei}"}, {"type": 0, "target": "Node0x23a9230", "source": "{pcm_write_f2lei}"}, {"type": 3, "target": "{f2les_clip_array}", "source": "{external node}"}, {"type": 1, "target": "{pcm_write_s2bei}", "source": "{external node}"}, {"type": 3, "target": "{d2bet_array}", "source": "{external node}"}, {"type": 1, "target": "{pcm_read_les2i}", "source": "{external node}"}, {"type": 0, "target": "{pcm_write_i2bes}", "source": "{external node}"}, {"type": 2, "target": "{d2bei_array}", "source": "{external node}"}, {"type": 1, "target": "{f2let_clip_array}", "source": "{external node}"}, {"type": 3, "target": "{d2sc_array}", "source": "{external node}"}, {"type": 0, "target": "{f2bes_array}", "source": "{external node}"}, {"type": 3, "target": "{pcm_read_sc2f}", "source": "{external node}"}, {"type": 3, "target": "{d2lei_clip_array}", "source": "{external node}"}, {"type": 0, "target": "{psf_fread}", "source": "{external node}"}, {"type": 2, "target": "{pcm_read_bei2s}", "source": "{external node}"}, {"type": 3, "target": "{pcm_write_f2let}", "source": "{external node}"}, {"type": 0, "target": "{d2lei_array}", "source": "{external node}"}, {"type": 1, "target": "{d2bet_clip_array}", "source": "{external node}"}, {"type": 1, "target": "{pcm_init}", "source": "{external node}"}, {"type": 0, "target": "{pcm_read_bei2d}", "source": "{external node}"}, {"type": 3, "target": "{f2lei_clip_array}", "source": "{external node}"}, {"type": 3, "target": "{pcm_read_sc2d}", "source": "{external node}"}, {"type": 3, "target": "{f2les_array}", "source": "{external node}"}, {"type": 2, "target": "{pcm_read_bes2s}", "source": "{external node}"}, {"type": 1, "target": "{pcm_read_lei2i}", "source": "{external node}"}, {"type": 2, "target": "{pcm_read_bei2f}", "source": "{external node}"}, {"type": 0, "target": "{pcm_write_i2bei}", "source": "{external node}"}, {"type": 0, "target": "{pcm_read_sc2s}", "source": "{external node}"}, {"type": 3, "target": "{d2bes_array}", "source": "{external node}"}, {"type": 1, "target": "{d2uc_clip_array}", "source": "{external node}"}, {"type": 2, "target": "{f2sc_clip_array}", "source": "{external node}"}, {"type": 0, "target": "{f2bei_array}", "source": "{external node}"}, {"type": 2, "target": "{lrintf}", "source": "{external node}"}, {"type": 0, "target": "{pcm_write_d2les}", "source": "{external node}"}, {"type": 0, "target": "{pcm_write_f2bes}", "source": "{external node}"}, {"type": 0, "target": "{pcm_read_lei2f}", "source": "{external node}"}, {"type": 2, "target": "{pcm_write_f2bei}", "source": "{external node}"}, {"type": 0, "target": "{pcm_write_f2bet}", "source": "{external node}"}, {"type": 2, "target": "{pcm_write_d2sc}", "source": "{external node}"}, {"type": 0, "target": "{pcm_write_s2bet}", "source": "{external node}"}, {"type": 3, "target": "{pcm_read_let2f}", "source": "{external node}"}, {"type": 2, "target": "{pcm_read_let2s}", "source": "{external node}"}, {"type": 1, "target": "{pcm_read_bei2i}", "source": "{external node}"}, {"type": 3, "target": "{d2bei_clip_array}", "source": "{external node}"}, {"type": 3, "target": "{d2let_array}", "source": "{external node}"}, {"type": 1, "target": "{f2uc_clip_array}", "source": "{external node}"}, {"type": 2, "target": "{d2uc_array}", "source": "{external node}"}, {"type": 3, "target": "{f2bet_array}", "source": "{external node}"}, {"type": 3, "target": "{pcm_read_lei2s}", "source": "{external node}"}, {"type": 1, "target": "{d2bes_clip_array}", "source": "{external node}"}, {"type": 1, "target": "{pcm_write_d2bes}", "source": "{external node}"}, {"type": 3, "target": "{pcm_write_i2uc}", "source": "{external node}"}, {"type": 2, "target": "{pcm_read_les2s}", "source": "{external node}"}, {"type": 1, "target": "{pcm_read_let2i}", "source": "{external node}"}, {"type": 0, "target": "{pcm_read_bes2f}", "source": "{external node}"}, {"type": 2, "target": "{pcm_write_i2bet}", "source": "{external node}"}, {"type": 2, "target": "{pcm_write_f2les}", "source": "{external node}"}, {"type": 0, "target": "{d2sc_clip_array}", "source": "{external node}"}, {"type": 1, "target": "{pcm_write_d2uc}", "source": "{external node}"}, {"type": 1, "target": "{pcm_read_uc2i}", "source": "{external node}"}, {"type": 3, "target": "{d2les_array}", "source": "{external node}"}, {"type": 2, "target": "{pcm_read_bes2i}", "source": "{external node}"}, {"type": 2, "target": "{pcm_read_let2d}", "source": "{external node}"}, {"type": 0, "target": "{f2bes_clip_array}", "source": "{external node}"}, {"type": 2, "target": "{pcm_write_f2sc}", "source": "{external node}"}, {"type": 2, "target": "{lrint}", "source": "{external node}"}, {"type": 1, "target": "{psf_fwrite}", "source": "{external node}"}, {"type": 1, "target": "{pcm_read_lei2d}", "source": "{external node}"}, {"type": 1, "target": "{psf_log_printf}", "source": "{external node}"}, {"type": 1, "target": "{pcm_write_s2let}", "source": "{external node}"}, {"type": 2, "target": "{pcm_write_d2bei}", "source": "{external node}"}, {"type": 1, "target": "{pcm_write_s2bes}", "source": "{external node}"}, {"type": 0, "target": "{pcm_read_bet2s}", "source": "{external node}"}, {"type": 3, "target": "{pcm_read_sc2i}", "source": "{external node}"}, {"type": 0, "target": "{llvm.dbg.declare}", "source": "{external node}"}, {"type": 3, "target": "{pcm_write_s2sc}", "source": "{external node}"}, {"type": 0, "target": "{pcm_write_i2les}", "source": "{external node}"}, {"type": 2, "target": "{pcm_read_les2d}", "source": "{external node}"}, {"type": 3, "target": "{pcm_read_bet2d}", "source": "{external node}"}, {"type": 2, "target": "{pcm_write_d2let}", "source": "{external node}"}, {"type": 1, "target": "{pcm_write_i2let}", "source": "{external node}"}, {"type": 3, "target": "{pcm_write_d2bet}", "source": "{external node}"}, {"type": 0, "target": "{pcm_write_i2lei}", "source": "{external node}"}, {"type": 2, "target": "{d2les_clip_array}", "source": "{external node}"}, {"type": 3, "target": "{f2lei_array}", "source": "{external node}"}, {"type": 0, "target": "{pcm_read_uc2d}", "source": "{external node}"}, {"type": 0, "target": "{pcm_write_f2uc}", "source": "{external node}"}, {"type": 1, "target": "{pcm_read_bet2i}", "source": "{external node}"}, {"type": 3, "target": "{pcm_read_bes2d}", "source": "{external node}"}, {"type": 1, "target": "{d2let_clip_array}", "source": "{external node}"}, {"type": 0, "target": "{pcm_read_les2f}", "source": "{external node}"}, {"type": 2, "target": "{f2let_array}", "source": "{external node}"}, {"type": 2, "target": "{f2uc_array}", "source": "{external node}"}, {"type": 0, "target": "{pcm_write_s2uc}", "source": "{external node}"}, {"type": 2, "target": "{pcm_write_s2lei}", "source": "{external node}"}, {"type": 1, "target": "{pcm_write_i2sc}", "source": "{external node}"}, {"type": 0, "target": "{pcm_write_d2lei}", "source": "{external node}"}, {"type": 1, "target": "{pcm_read_uc2s}", "source": "{external node}"}, {"type": 0, "target": "{pcm_read_uc2f}", "source": "{external node}"}, {"type": 2, "target": "{f2bei_clip_array}", "source": "{external node}"}, {"type": 0, "target": "{f2sc_array}", "source": "{external node}"}, {"type": 0, "target": "{f2bet_clip_array}", "source": "{external node}"}, {"type": 2, "target": "{pcm_read_bet2f}", "source": "{external node}"}, {"type": 2, "target": "{pcm_write_f2lei}", "source": "{external node}"}, {"type": 2, "target": "{pcm_write_s2les}", "source": "{external node}"}, {"type": 1, "target": "{psf_fwrite}", "source": "{pcm_write_s2les}"}]}