{"directed": true, "graph": {"node": {"shape": "", "label": "Call graph"}, "graph": {"label": "Call graph"}, "edge": {}, "name": "Call graph"}, "nodes": [{"shape": "record", "id": "Node0x22de0d0", "label": "{bet2i_array}"}, {"shape": "record", "id": "Node0x22e3d20", "label": "{f2les_clip_array}"}, {"shape": "record", "id": "Node0x22dee40", "label": "{s2sc_array}"}, {"shape": "record", "id": "Node0x22e15a0", "label": "{pcm_write_s2bei}"}, {"shape": "record", "id": "Node0x22e0550", "label": "{d2bet_array}"}, {"shape": "record", "id": "Node0x22df5c0", "label": "{pcm_read_les2i}"}, {"shape": "record", "id": "Node0x22e0f10", "label": "{pcm_write_i2bes}"}, {"shape": "record", "id": "Node0x22e0410", "label": "{d2bei_array}"}, {"shape": "record", "id": "Node0x22e3be0", "label": "{f2let_clip_array}"}, {"shape": "record", "id": "Node0x22e3750", "label": "{d2sc_array}"}, {"shape": "record", "id": "Node0x22e3f00", "label": "{f2bes_array}"}, {"shape": "record", "id": "Node0x22e42f0", "label": "{ENDSWAP_16}"}, {"shape": "record", "id": "Node0x2270970", "label": "{pcm_read_sc2f}"}, {"shape": "record", "id": "Node0x22e00d0", "label": "{d2lei_clip_array}"}, {"shape": "record", "id": "Node0x22dda20", "label": "{psf_fread}"}, {"shape": "record", "id": "Node0x22dde70", "label": "{sc2d_array}"}, {"shape": "record", "id": "Node0x22def60", "label": "{pcm_read_bei2s}"}, {"id": "Node0x23a9230"}, {"shape": "record", "id": "Node0x22e1f30", "label": "{pcm_write_f2let}"}, {"shape": "record", "id": "Node0x22e12c0", "label": "{s2bet_array}"}, {"shape": "record", "id": "Node0x22df360", "label": "{bei2f_array}"}, {"shape": "record", "id": "Node0x22e0270", "label": "{d2lei_array}"}, {"shape": "record", "id": "Node0x22e04b0", "label": "{d2bet_clip_array}"}, {"shape": "record", "id": "Node0x23a92a0", "label": "{pcm_init}"}, {"shape": "record", "id": "Node0x22df2f0", "label": "{pcm_read_bei2d}"}, {"shape": "record", "id": "Node0x22de7e0", "label": "{bes2f_array}"}, {"shape": "record", "id": "Node0x22e3820", "label": "{f2lei_clip_array}"}, {"shape": "record", "id": "Node0x22df490", "label": "{bei2d_array}"}, {"shape": "record", "id": "Node0x22ddcd0", "label": "{pcm_read_sc2d}"}, {"shape": "record", "id": "Node0x22e3dc0", "label": "{f2les_array}"}, {"shape": "record", "id": "Node0x22de3e0", "label": "{pcm_read_bes2s}"}, {"shape": "record", "id": "Node0x22dfe40", "label": "{pcm_read_lei2i}"}, {"shape": "record", "id": "Node0x22e17d0", "label": "{endswap_int_copy}"}, {"shape": "record", "id": "Node0x22df1c0", "label": "{pcm_read_bei2f}"}, {"shape": "record", "id": "Node0x22e16d0", "label": "{pcm_write_i2bei}"}, {"shape": "record", "id": "Node0x22dd9b0", "label": "{pcm_read_sc2s}"}, {"shape": "record", "id": "Node0x22e3460", "label": "{d2bes_array}"}, {"shape": "record", "id": "Node0x22e3500", "label": "{d2uc_clip_array}"}, {"shape": "record", "id": "Node0x22e40e0", "label": "{f2sc_clip_array}"}, {"shape": "record", "id": "Node0x22e3a00", "label": "{f2bei_array}"}, {"shape": "record", "id": "Node0x22e36b0", "label": "{lrintf}"}, {"shape": "record", "id": "Node0x22e1c10", "label": "{pcm_write_d2les}"}, {"shape": "record", "id": "Node0x22e1040", "label": "{pcm_write_f2bes}"}, {"shape": "record", "id": "Node0x22deb70", "label": "{pcm_read_lei2f}"}, {"shape": "record", "id": "Node0x22df100", "label": "{bei2s_array}"}, {"shape": "record", "id": "Node0x22e1800", "label": "{pcm_write_f2bei}"}, {"shape": "record", "id": "Node0x22e1420", "label": "{pcm_write_f2bet}"}, {"shape": "record", "id": "Node0x22e0940", "label": "{pcm_write_d2sc}"}, {"shape": "record", "id": "Node0x22e0b00", "label": "{s2uc_array}"}, {"shape": "record", "id": "Node0x22e11c0", "label": "{pcm_write_s2bet}"}, {"shape": "record", "id": "Node0x22dfd80", "label": "{let2d_array}"}, {"shape": "record", "id": "Node0x22dfab0", "label": "{pcm_read_let2f}"}, {"shape": "record", "id": "Node0x22de320", "label": "{uc2f_array}"}, {"shape": "record", "id": "Node0x22df850", "label": "{pcm_read_let2s}"}, {"shape": "record", "id": "Node0x22df090", "label": "{pcm_read_bei2i}"}, {"shape": "record", "id": "Node0x22e0370", "label": "{d2bei_clip_array}"}, {"shape": "record", "id": "Node0x22e0690", "label": "{d2let_array}"}, {"shape": "record", "id": "Node0x22e3fa0", "label": "{f2uc_clip_array}"}, {"shape": "record", "id": "Node0x22e0ee0", "label": "{endswap_short_copy}"}, {"shape": "record", "id": "Node0x22e35a0", "label": "{d2uc_array}"}, {"shape": "record", "id": "Node0x22e3b40", "label": "{f2bet_array}"}, {"shape": "record", "id": "Node0x22dfd10", "label": "{pcm_read_lei2s}"}, {"shape": "record", "id": "Node0x22e33c0", "label": "{d2bes_clip_array}"}, {"shape": "record", "id": "Node0x22e1100", "label": "{pcm_write_d2bes}"}, {"shape": "record", "id": "Node0x22dea40", "label": "{bet2s_array}"}, {"shape": "record", "id": "Node0x22e0b30", "label": "{pcm_write_i2uc}"}, {"shape": "record", "id": "Node0x22df230", "label": "{endswap_int_array}"}, {"shape": "record", "id": "Node0x22df420", "label": "{pcm_read_les2s}"}, {"shape": "record", "id": "Node0x22df980", "label": "{pcm_read_let2i}"}, {"shape": "record", "id": "Node0x22de640", "label": "{pcm_read_bes2f}"}, {"shape": "record", "id": "Node0x22e0c30", "label": "{i2uc_array}"}, {"shape": "record", "id": "Node0x22e12f0", "label": "{pcm_write_i2bet}"}, {"shape": "record", "id": "Node0x22e1b50", "label": "{pcm_write_f2les}"}, {"shape": "record", "id": "Node0x22e3640", "label": "{d2sc_clip_array}"}, {"shape": "record", "id": "Node0x22ddfa0", "label": "{uc2s_array}"}, {"shape": "record", "id": "Node0x22e1f00", "label": "{i2let_array}"}, {"shape": "record", "id": "Node0x22e0d20", "label": "{pcm_write_d2uc}"}, {"shape": "record", "id": "Node0x22ddf30", "label": "{pcm_read_uc2i}"}, {"shape": "record", "id": "Node0x22e3320", "label": "{d2les_array}"}, {"shape": "record", "id": "Node0x22de510", "label": "{pcm_read_bes2i}"}, {"shape": "record", "id": "Node0x22dfbe0", "label": "{pcm_read_let2d}"}, {"shape": "record", "id": "Node0x22e3e60", "label": "{f2bes_clip_array}"}, {"shape": "record", "id": "Node0x22de450", "label": "{uc2d_array}"}, {"shape": "record", "id": "Node0x22dec10", "label": "{lei2f_array}"}, {"shape": "record", "id": "Node0x22e0880", "label": "{pcm_write_f2sc}"}, {"shape": "record", "id": "Node0x22dfc50", "label": "{let2f_array}"}, {"shape": "record", "id": "Node0x22e01d0", "label": "{lrint}"}, {"shape": "record", "id": "Node0x22e21b0", "label": "{s2lei_array}"}, {"shape": "record", "id": "Node0x22deee0", "label": "{psf_fwrite}"}, {"shape": "record", "id": "Node0x22709e0", "label": "{sc2i_array}"}, {"shape": "record", "id": "Node0x22deba0", "label": "{pcm_read_lei2d}"}, {"shape": "record", "id": "Node0x22707f0", "label": "{psf_log_printf}"}, {"shape": "record", "id": "Node0x22e1cd0", "label": "{pcm_write_s2let}"}, {"shape": "record", "id": "Node0x22e18c0", "label": "{pcm_write_d2bei}"}, {"shape": "record", "id": "Node0x22e0de0", "label": "{pcm_write_s2bes}"}, {"shape": "record", "id": "Node0x22de910", "label": "{bes2d_array}"}, {"shape": "record", "id": "Node0x22df790", "label": "{les2f_array}"}, {"shape": "record", "id": "Node0x22e0850", "label": "{i2sc_array}"}, {"shape": "record", "id": "Node0x22de8a0", "label": "{pcm_read_bet2s}"}, {"shape": "record", "id": "Node0x22dda50", "label": "{pcm_read_sc2i}"}, {"shape": "record", "id": "Node0x2270820", "label": "{llvm.dbg.declare}"}, {"shape": "record", "id": "Node0x22dfb20", "label": "{let2i_array}"}, {"shape": "record", "id": "Node0x22ddba0", "label": "{uc2i_array}"}, {"shape": "record", "id": "Node0x22decd0", "label": "{pcm_write_s2sc}"}, {"shape": "record", "id": "Node0x22ddd40", "label": "{sc2f_array}"}, {"shape": "record", "id": "Node0x22e1ab0", "label": "{pcm_write_i2les}"}, {"shape": "record", "id": "Node0x22ddac0", "label": "{sc2s_array}"}, {"shape": "record", "id": "Node0x22df720", "label": "{pcm_read_les2d}"}, {"shape": "record", "id": "Node0x22e44c0", "label": "{psf_get_be24}"}, {"shape": "record", "id": "Node0x22de190", "label": "{pcm_read_bet2d}"}, {"shape": "record", "id": "Node0x22e1ff0", "label": "{pcm_write_d2let}"}, {"shape": "record", "id": "Node0x22e1e00", "label": "{pcm_write_i2let}"}, {"shape": "record", "id": "Node0x22e14e0", "label": "{pcm_write_d2bet}"}, {"shape": "record", "id": "Node0x22de6b0", "label": "{bes2i_array}"}, {"shape": "record", "id": "Node0x22e21e0", "label": "{pcm_write_i2lei}"}, {"shape": "record", "id": "Node0x22e0730", "label": "{d2les_clip_array}"}, {"shape": "record", "id": "Node0x22defd0", "label": "{bet2d_array}"}, {"shape": "record", "id": "Node0x22ded40", "label": "{lei2d_array}"}, {"shape": "record", "id": "Node0x22e38c0", "label": "{f2lei_array}"}, {"shape": "record", "id": "Node0x22e4420", "label": "{psf_get_le24}"}, {"shape": "record", "id": "Node0x22e4220", "label": "{ENDSWAP_32}"}, {"shape": "record", "id": "Node0x22e16a0", "label": "{s2bei_array}"}, {"shape": "record", "id": "Node0x22de2b0", "label": "{pcm_read_uc2d}"}, {"shape": "record", "id": "Node0x22e0c60", "label": "{pcm_write_f2uc}"}, {"shape": "record", "id": "Node0x22de9d0", "label": "{pcm_read_bet2i}"}, {"shape": "record", "id": "Node0x22de200", "label": "{bet2f_array}"}, {"shape": "record", "id": "Node0x22de770", "label": "{pcm_read_bes2d}"}, {"shape": "record", "id": "Node0x22e05f0", "label": "{d2let_clip_array}"}, {"shape": "record", "id": "Node0x22df5f0", "label": "{pcm_read_les2f}"}, {"shape": "record", "id": "Node0x22e3c80", "label": "{f2let_array}"}, {"shape": "record", "id": "Node0x22df8c0", "label": "{les2d_array}"}, {"shape": "record", "id": "Node0x22e4040", "label": "{f2uc_array}"}, {"shape": "record", "id": "Node0x22e1010", "label": "{i2bes_array}"}, {"shape": "record", "id": "Node0x22e0a00", "label": "{pcm_write_s2uc}"}, {"shape": "record", "id": "Node0x22e1b20", "label": "{i2les_array}"}, {"shape": "record", "id": "Node0x22e20b0", "label": "{pcm_write_s2lei}"}, {"shape": "record", "id": "Node0x22df9f0", "label": "{let2s_array}"}, {"shape": "record", "id": "Node0x22dee70", "label": "{pcm_write_i2sc}"}, {"shape": "record", "id": "Node0x22e0010", "label": "{pcm_write_d2lei}"}, {"shape": "record", "id": "Node0x22e1dd0", "label": "{s2let_array}"}, {"shape": "record", "id": "Node0x22dde00", "label": "{pcm_read_uc2s}"}, {"shape": "record", "id": "Node0x22ddb30", "label": "{pcm_read_uc2f}"}, {"shape": "record", "id": "Node0x22e13f0", "label": "{i2bet_array}"}, {"shape": "record", "id": "Node0x22e3960", "label": "{f2bei_clip_array}"}, {"shape": "record", "id": "Node0x22e4180", "label": "{f2sc_array}"}, {"shape": "record", "id": "Node0x22de580", "label": "{endswap_short_array}"}, {"shape": "record", "id": "Node0x22e3aa0", "label": "{f2bet_clip_array}"}, {"shape": "record", "id": "Node0x22df660", "label": "{les2i_array}"}, {"shape": "record", "id": "Node0x22de060", "label": "{pcm_read_bet2f}"}, {"shape": "record", "id": "Node0x22dffe0", "label": "{pcm_write_f2lei}"}, {"shape": "record", "id": "Node0x22dfeb0", "label": "{lei2s_array}"}, {"shape": "record", "id": "Node0x23a9200", "label": "{external node}"}, {"shape": "record", "id": "Node0x22e1980", "label": "{pcm_write_s2les}"}], "links": [{"source": "Node0x22de0d0", "target": "Node0x22e44c0", "key": 0}, {"source": "Node0x22e3d20", "target": "Node0x22e36b0", "key": 0}, {"source": "Node0x22e15a0", "target": "Node0x22deee0", "key": 0}, {"source": "Node0x22e15a0", "target": "Node0x22e16a0", "key": 0}, {"source": "Node0x22e0550", "target": "Node0x22e01d0", "key": 0}, {"source": "Node0x22df5c0", "target": "Node0x22dda20", "key": 0}, {"source": "Node0x22df5c0", "target": "Node0x22df660", "key": 0}, {"source": "Node0x22e0f10", "target": "Node0x22deee0", "key": 0}, {"source": "Node0x22e0f10", "target": "Node0x22e1010", "key": 0}, {"source": "Node0x22e0410", "target": "Node0x22e01d0", "key": 0}, {"source": "Node0x22e3be0", "target": "Node0x22e36b0", "key": 0}, {"source": "Node0x22e3750", "target": "Node0x22e01d0", "key": 0}, {"source": "Node0x22e3f00", "target": "Node0x22e36b0", "key": 0}, {"source": "Node0x22e42f0", "target": "Node0x23a9230", "key": 0}, {"source": "Node0x2270970", "target": "Node0x22ddd40", "key": 0}, {"source": "Node0x2270970", "target": "Node0x22dda20", "key": 0}, {"source": "Node0x22e00d0", "target": "Node0x22e01d0", "key": 0}, {"source": "Node0x22dda20", "target": "Node0x23a9230", "key": 0}, {"source": "Node0x22def60", "target": "Node0x22df100", "key": 0}, {"source": "Node0x22def60", "target": "Node0x22dda20", "key": 0}, {"source": "Node0x22e1f30", "target": "Node0x22deee0", "key": 0}, {"source": "Node0x22e1f30", "target": "Node0x23a9230", "key": 0}, {"source": "Node0x22df360", "target": "Node0x22e4220", "key": 0}, {"source": "Node0x22e0270", "target": "Node0x22e01d0", "key": 0}, {"source": "Node0x22e04b0", "target": "Node0x22e01d0", "key": 0}, {"source": "Node0x23a92a0", "target": "Node0x22707f0", "key": 0}, {"source": "Node0x23a92a0", "target": "Node0x22707f0", "key": 1}, {"source": "Node0x23a92a0", "target": "Node0x22707f0", "key": 2}, {"source": "Node0x22df2f0", "target": "Node0x22df490", "key": 0}, {"source": "Node0x22df2f0", "target": "Node0x22dda20", "key": 0}, {"source": "Node0x22de7e0", "target": "Node0x22e42f0", "key": 0}, {"source": "Node0x22e3820", "target": "Node0x22e36b0", "key": 0}, {"source": "Node0x22df490", "target": "Node0x22e4220", "key": 0}, {"source": "Node0x22ddcd0", "target": "Node0x22dde70", "key": 0}, {"source": "Node0x22ddcd0", "target": "Node0x22dda20", "key": 0}, {"source": "Node0x22e3dc0", "target": "Node0x22e36b0", "key": 0}, {"source": "Node0x22de3e0", "target": "Node0x22de580", "key": 0}, {"source": "Node0x22de3e0", "target": "Node0x22dda20", "key": 0}, {"source": "Node0x22dfe40", "target": "Node0x22dda20", "key": 0}, {"source": "Node0x22e17d0", "target": "Node0x22e4220", "key": 0}, {"source": "Node0x22df1c0", "target": "Node0x22df360", "key": 0}, {"source": "Node0x22df1c0", "target": "Node0x22dda20", "key": 0}, {"source": "Node0x22e16d0", "target": "Node0x22deee0", "key": 0}, {"source": "Node0x22e16d0", "target": "Node0x22e17d0", "key": 0}, {"source": "Node0x22dd9b0", "target": "Node0x22ddac0", "key": 0}, {"source": "Node0x22dd9b0", "target": "Node0x22dda20", "key": 0}, {"source": "Node0x22e3460", "target": "Node0x22e01d0", "key": 0}, {"source": "Node0x22e3500", "target": "Node0x22e01d0", "key": 0}, {"source": "Node0x22e40e0", "target": "Node0x22e36b0", "key": 0}, {"source": "Node0x22e3a00", "target": "Node0x22e36b0", "key": 0}, {"source": "Node0x22e36b0", "target": "Node0x23a9230", "key": 0}, {"source": "Node0x22e1c10", "target": "Node0x22deee0", "key": 0}, {"source": "Node0x22e1c10", "target": "Node0x23a9230", "key": 0}, {"source": "Node0x22e1040", "target": "Node0x22deee0", "key": 0}, {"source": "Node0x22e1040", "target": "Node0x23a9230", "key": 0}, {"source": "Node0x22deb70", "target": "Node0x22dec10", "key": 0}, {"source": "Node0x22deb70", "target": "Node0x22dda20", "key": 0}, {"source": "Node0x22df100", "target": "Node0x22e4220", "key": 0}, {"source": "Node0x22e1800", "target": "Node0x22deee0", "key": 0}, {"source": "Node0x22e1800", "target": "Node0x23a9230", "key": 0}, {"source": "Node0x22e1420", "target": "Node0x22deee0", "key": 0}, {"source": "Node0x22e1420", "target": "Node0x23a9230", "key": 0}, {"source": "Node0x22e0940", "target": "Node0x22deee0", "key": 0}, {"source": "Node0x22e0940", "target": "Node0x23a9230", "key": 0}, {"source": "Node0x22e11c0", "target": "Node0x22deee0", "key": 0}, {"source": "Node0x22e11c0", "target": "Node0x22e12c0", "key": 0}, {"source": "Node0x22dfd80", "target": "Node0x22e4420", "key": 0}, {"source": "Node0x22dfab0", "target": "Node0x22dfc50", "key": 0}, {"source": "Node0x22dfab0", "target": "Node0x22dda20", "key": 0}, {"source": "Node0x22df850", "target": "Node0x22df9f0", "key": 0}, {"source": "Node0x22df850", "target": "Node0x22dda20", "key": 0}, {"source": "Node0x22df090", "target": "Node0x22df230", "key": 0}, {"source": "Node0x22df090", "target": "Node0x22dda20", "key": 0}, {"source": "Node0x22e0370", "target": "Node0x22e01d0", "key": 0}, {"source": "Node0x22e0690", "target": "Node0x22e01d0", "key": 0}, {"source": "Node0x22e3fa0", "target": "Node0x22e36b0", "key": 0}, {"source": "Node0x22e0ee0", "target": "Node0x22e42f0", "key": 0}, {"source": "Node0x22e35a0", "target": "Node0x22e01d0", "key": 0}, {"source": "Node0x22e3b40", "target": "Node0x22e36b0", "key": 0}, {"source": "Node0x22dfd10", "target": "Node0x22dfeb0", "key": 0}, {"source": "Node0x22dfd10", "target": "Node0x22dda20", "key": 0}, {"source": "Node0x22e33c0", "target": "Node0x22e01d0", "key": 0}, {"source": "Node0x22e1100", "target": "Node0x22deee0", "key": 0}, {"source": "Node0x22e1100", "target": "Node0x23a9230", "key": 0}, {"source": "Node0x22e0b30", "target": "Node0x22deee0", "key": 0}, {"source": "Node0x22e0b30", "target": "Node0x22e0c30", "key": 0}, {"source": "Node0x22df230", "target": "Node0x22e4220", "key": 0}, {"source": "Node0x22df420", "target": "Node0x22dda20", "key": 0}, {"source": "Node0x22df980", "target": "Node0x22dda20", "key": 0}, {"source": "Node0x22df980", "target": "Node0x22dfb20", "key": 0}, {"source": "Node0x22de640", "target": "Node0x22de7e0", "key": 0}, {"source": "Node0x22de640", "target": "Node0x22dda20", "key": 0}, {"source": "Node0x22e12f0", "target": "Node0x22deee0", "key": 0}, {"source": "Node0x22e12f0", "target": "Node0x22e13f0", "key": 0}, {"source": "Node0x22e1b50", "target": "Node0x22deee0", "key": 0}, {"source": "Node0x22e1b50", "target": "Node0x23a9230", "key": 0}, {"source": "Node0x22e3640", "target": "Node0x22e36b0", "key": 0}, {"source": "Node0x22e0d20", "target": "Node0x22deee0", "key": 0}, {"source": "Node0x22e0d20", "target": "Node0x23a9230", "key": 0}, {"source": "Node0x22ddf30", "target": "Node0x22ddba0", "key": 0}, {"source": "Node0x22ddf30", "target": "Node0x22dda20", "key": 0}, {"source": "Node0x22e3320", "target": "Node0x22e01d0", "key": 0}, {"source": "Node0x22de510", "target": "Node0x22de6b0", "key": 0}, {"source": "Node0x22de510", "target": "Node0x22dda20", "key": 0}, {"source": "Node0x22dfbe0", "target": "Node0x22dda20", "key": 0}, {"source": "Node0x22dfbe0", "target": "Node0x22dfd80", "key": 0}, {"source": "Node0x22e3e60", "target": "Node0x22e36b0", "key": 0}, {"source": "Node0x22e0880", "target": "Node0x22deee0", "key": 0}, {"source": "Node0x22e0880", "target": "Node0x23a9230", "key": 0}, {"source": "Node0x22dfc50", "target": "Node0x22e4420", "key": 0}, {"source": "Node0x22e01d0", "target": "Node0x23a9230", "key": 0}, {"source": "Node0x22deee0", "target": "Node0x23a9230", "key": 0}, {"source": "Node0x22deba0", "target": "Node0x22ded40", "key": 0}, {"source": "Node0x22deba0", "target": "Node0x22dda20", "key": 0}, {"source": "Node0x22707f0", "target": "Node0x23a9230", "key": 0}, {"source": "Node0x22e1cd0", "target": "Node0x22deee0", "key": 0}, {"source": "Node0x22e1cd0", "target": "Node0x22e1dd0", "key": 0}, {"source": "Node0x22e18c0", "target": "Node0x22deee0", "key": 0}, {"source": "Node0x22e18c0", "target": "Node0x23a9230", "key": 0}, {"source": "Node0x22e0de0", "target": "Node0x22deee0", "key": 0}, {"source": "Node0x22e0de0", "target": "Node0x22e0ee0", "key": 0}, {"source": "Node0x22de910", "target": "Node0x22e42f0", "key": 0}, {"source": "Node0x22de8a0", "target": "Node0x22dea40", "key": 0}, {"source": "Node0x22de8a0", "target": "Node0x22dda20", "key": 0}, {"source": "Node0x22dda50", "target": "Node0x22709e0", "key": 0}, {"source": "Node0x22dda50", "target": "Node0x22dda20", "key": 0}, {"source": "Node0x22dfb20", "target": "Node0x22e4420", "key": 0}, {"source": "Node0x22decd0", "target": "Node0x22deee0", "key": 0}, {"source": "Node0x22decd0", "target": "Node0x22dee40", "key": 0}, {"source": "Node0x22e1ab0", "target": "Node0x22deee0", "key": 0}, {"source": "Node0x22e1ab0", "target": "Node0x22e1b20", "key": 0}, {"source": "Node0x22df720", "target": "Node0x22df8c0", "key": 0}, {"source": "Node0x22df720", "target": "Node0x22dda20", "key": 0}, {"source": "Node0x22de190", "target": "Node0x22defd0", "key": 0}, {"source": "Node0x22de190", "target": "Node0x22dda20", "key": 0}, {"source": "Node0x22e1ff0", "target": "Node0x22deee0", "key": 0}, {"source": "Node0x22e1ff0", "target": "Node0x23a9230", "key": 0}, {"source": "Node0x22e1e00", "target": "Node0x22deee0", "key": 0}, {"source": "Node0x22e1e00", "target": "Node0x22e1f00", "key": 0}, {"source": "Node0x22e14e0", "target": "Node0x22deee0", "key": 0}, {"source": "Node0x22e14e0", "target": "Node0x23a9230", "key": 0}, {"source": "Node0x22de6b0", "target": "Node0x22e42f0", "key": 0}, {"source": "Node0x22e21e0", "target": "Node0x22deee0", "key": 0}, {"source": "Node0x22e0730", "target": "Node0x22e01d0", "key": 0}, {"source": "Node0x22defd0", "target": "Node0x22e44c0", "key": 0}, {"source": "Node0x22e38c0", "target": "Node0x22e36b0", "key": 0}, {"source": "Node0x22e4220", "target": "Node0x23a9230", "key": 0}, {"source": "Node0x22de2b0", "target": "Node0x22de450", "key": 0}, {"source": "Node0x22de2b0", "target": "Node0x22dda20", "key": 0}, {"source": "Node0x22e0c60", "target": "Node0x22deee0", "key": 0}, {"source": "Node0x22e0c60", "target": "Node0x23a9230", "key": 0}, {"source": "Node0x22de9d0", "target": "Node0x22de0d0", "key": 0}, {"source": "Node0x22de9d0", "target": "Node0x22dda20", "key": 0}, {"source": "Node0x22de200", "target": "Node0x22e44c0", "key": 0}, {"source": "Node0x22de770", "target": "Node0x22de910", "key": 0}, {"source": "Node0x22de770", "target": "Node0x22dda20", "key": 0}, {"source": "Node0x22e05f0", "target": "Node0x22e01d0", "key": 0}, {"source": "Node0x22df5f0", "target": "Node0x22df790", "key": 0}, {"source": "Node0x22df5f0", "target": "Node0x22dda20", "key": 0}, {"source": "Node0x22e3c80", "target": "Node0x22e36b0", "key": 0}, {"source": "Node0x22e4040", "target": "Node0x22e36b0", "key": 0}, {"source": "Node0x22e0a00", "target": "Node0x22deee0", "key": 0}, {"source": "Node0x22e0a00", "target": "Node0x22e0b00", "key": 0}, {"source": "Node0x22e20b0", "target": "Node0x22deee0", "key": 0}, {"source": "Node0x22e20b0", "target": "Node0x22e21b0", "key": 0}, {"source": "Node0x22dee70", "target": "Node0x22deee0", "key": 0}, {"source": "Node0x22dee70", "target": "Node0x22e0850", "key": 0}, {"source": "Node0x22e0010", "target": "Node0x22deee0", "key": 0}, {"source": "Node0x22e0010", "target": "Node0x23a9230", "key": 0}, {"source": "Node0x22dde00", "target": "Node0x22ddfa0", "key": 0}, {"source": "Node0x22dde00", "target": "Node0x22dda20", "key": 0}, {"source": "Node0x22ddb30", "target": "Node0x22de320", "key": 0}, {"source": "Node0x22ddb30", "target": "Node0x22dda20", "key": 0}, {"source": "Node0x22e3960", "target": "Node0x22e36b0", "key": 0}, {"source": "Node0x22e4180", "target": "Node0x22e36b0", "key": 0}, {"source": "Node0x22de580", "target": "Node0x22e42f0", "key": 0}, {"source": "Node0x22e3aa0", "target": "Node0x22e01d0", "key": 0}, {"source": "Node0x22de060", "target": "Node0x22de200", "key": 0}, {"source": "Node0x22de060", "target": "Node0x22dda20", "key": 0}, {"source": "Node0x22dffe0", "target": "Node0x22deee0", "key": 0}, {"source": "Node0x22dffe0", "target": "Node0x23a9230", "key": 0}, {"source": "Node0x23a9200", "target": "Node0x22e3d20", "key": 0}, {"source": "Node0x23a9200", "target": "Node0x22e15a0", "key": 0}, {"source": "Node0x23a9200", "target": "Node0x22e0550", "key": 0}, {"source": "Node0x23a9200", "target": "Node0x22df5c0", "key": 0}, {"source": "Node0x23a9200", "target": "Node0x22e0f10", "key": 0}, {"source": "Node0x23a9200", "target": "Node0x22e0410", "key": 0}, {"source": "Node0x23a9200", "target": "Node0x22e3be0", "key": 0}, {"source": "Node0x23a9200", "target": "Node0x22e3750", "key": 0}, {"source": "Node0x23a9200", "target": "Node0x22e3f00", "key": 0}, {"source": "Node0x23a9200", "target": "Node0x2270970", "key": 0}, {"source": "Node0x23a9200", "target": "Node0x22e00d0", "key": 0}, {"source": "Node0x23a9200", "target": "Node0x22dda20", "key": 0}, {"source": "Node0x23a9200", "target": "Node0x22def60", "key": 0}, {"source": "Node0x23a9200", "target": "Node0x22e1f30", "key": 0}, {"source": "Node0x23a9200", "target": "Node0x22e0270", "key": 0}, {"source": "Node0x23a9200", "target": "Node0x22e04b0", "key": 0}, {"source": "Node0x23a9200", "target": "Node0x23a92a0", "key": 0}, {"source": "Node0x23a9200", "target": "Node0x22df2f0", "key": 0}, {"source": "Node0x23a9200", "target": "Node0x22e3820", "key": 0}, {"source": "Node0x23a9200", "target": "Node0x22ddcd0", "key": 0}, {"source": "Node0x23a9200", "target": "Node0x22e3dc0", "key": 0}, {"source": "Node0x23a9200", "target": "Node0x22de3e0", "key": 0}, {"source": "Node0x23a9200", "target": "Node0x22dfe40", "key": 0}, {"source": "Node0x23a9200", "target": "Node0x22df1c0", "key": 0}, {"source": "Node0x23a9200", "target": "Node0x22e16d0", "key": 0}, {"source": "Node0x23a9200", "target": "Node0x22dd9b0", "key": 0}, {"source": "Node0x23a9200", "target": "Node0x22e3460", "key": 0}, {"source": "Node0x23a9200", "target": "Node0x22e3500", "key": 0}, {"source": "Node0x23a9200", "target": "Node0x22e40e0", "key": 0}, {"source": "Node0x23a9200", "target": "Node0x22e3a00", "key": 0}, {"source": "Node0x23a9200", "target": "Node0x22e36b0", "key": 0}, {"source": "Node0x23a9200", "target": "Node0x22e1c10", "key": 0}, {"source": "Node0x23a9200", "target": "Node0x22e1040", "key": 0}, {"source": "Node0x23a9200", "target": "Node0x22deb70", "key": 0}, {"source": "Node0x23a9200", "target": "Node0x22e1800", "key": 0}, {"source": "Node0x23a9200", "target": "Node0x22e1420", "key": 0}, {"source": "Node0x23a9200", "target": "Node0x22e0940", "key": 0}, {"source": "Node0x23a9200", "target": "Node0x22e11c0", "key": 0}, {"source": "Node0x23a9200", "target": "Node0x22dfab0", "key": 0}, {"source": "Node0x23a9200", "target": "Node0x22df850", "key": 0}, {"source": "Node0x23a9200", "target": "Node0x22df090", "key": 0}, {"source": "Node0x23a9200", "target": "Node0x22e0370", "key": 0}, {"source": "Node0x23a9200", "target": "Node0x22e0690", "key": 0}, {"source": "Node0x23a9200", "target": "Node0x22e3fa0", "key": 0}, {"source": "Node0x23a9200", "target": "Node0x22e35a0", "key": 0}, {"source": "Node0x23a9200", "target": "Node0x22e3b40", "key": 0}, {"source": "Node0x23a9200", "target": "Node0x22dfd10", "key": 0}, {"source": "Node0x23a9200", "target": "Node0x22e33c0", "key": 0}, {"source": "Node0x23a9200", "target": "Node0x22e1100", "key": 0}, {"source": "Node0x23a9200", "target": "Node0x22e0b30", "key": 0}, {"source": "Node0x23a9200", "target": "Node0x22df420", "key": 0}, {"source": "Node0x23a9200", "target": "Node0x22df980", "key": 0}, {"source": "Node0x23a9200", "target": "Node0x22de640", "key": 0}, {"source": "Node0x23a9200", "target": "Node0x22e12f0", "key": 0}, {"source": "Node0x23a9200", "target": "Node0x22e1b50", "key": 0}, {"source": "Node0x23a9200", "target": "Node0x22e3640", "key": 0}, {"source": "Node0x23a9200", "target": "Node0x22e0d20", "key": 0}, {"source": "Node0x23a9200", "target": "Node0x22ddf30", "key": 0}, {"source": "Node0x23a9200", "target": "Node0x22e3320", "key": 0}, {"source": "Node0x23a9200", "target": "Node0x22de510", "key": 0}, {"source": "Node0x23a9200", "target": "Node0x22dfbe0", "key": 0}, {"source": "Node0x23a9200", "target": "Node0x22e3e60", "key": 0}, {"source": "Node0x23a9200", "target": "Node0x22e0880", "key": 0}, {"source": "Node0x23a9200", "target": "Node0x22e01d0", "key": 0}, {"source": "Node0x23a9200", "target": "Node0x22deee0", "key": 0}, {"source": "Node0x23a9200", "target": "Node0x22deba0", "key": 0}, {"source": "Node0x23a9200", "target": "Node0x22707f0", "key": 0}, {"source": "Node0x23a9200", "target": "Node0x22e1cd0", "key": 0}, {"source": "Node0x23a9200", "target": "Node0x22e18c0", "key": 0}, {"source": "Node0x23a9200", "target": "Node0x22e0de0", "key": 0}, {"source": "Node0x23a9200", "target": "Node0x22de8a0", "key": 0}, {"source": "Node0x23a9200", "target": "Node0x22dda50", "key": 0}, {"source": "Node0x23a9200", "target": "Node0x2270820", "key": 0}, {"source": "Node0x23a9200", "target": "Node0x22decd0", "key": 0}, {"source": "Node0x23a9200", "target": "Node0x22e1ab0", "key": 0}, {"source": "Node0x23a9200", "target": "Node0x22df720", "key": 0}, {"source": "Node0x23a9200", "target": "Node0x22de190", "key": 0}, {"source": "Node0x23a9200", "target": "Node0x22e1ff0", "key": 0}, {"source": "Node0x23a9200", "target": "Node0x22e1e00", "key": 0}, {"source": "Node0x23a9200", "target": "Node0x22e14e0", "key": 0}, {"source": "Node0x23a9200", "target": "Node0x22e21e0", "key": 0}, {"source": "Node0x23a9200", "target": "Node0x22e0730", "key": 0}, {"source": "Node0x23a9200", "target": "Node0x22e38c0", "key": 0}, {"source": "Node0x23a9200", "target": "Node0x22de2b0", "key": 0}, {"source": "Node0x23a9200", "target": "Node0x22e0c60", "key": 0}, {"source": "Node0x23a9200", "target": "Node0x22de9d0", "key": 0}, {"source": "Node0x23a9200", "target": "Node0x22de770", "key": 0}, {"source": "Node0x23a9200", "target": "Node0x22e05f0", "key": 0}, {"source": "Node0x23a9200", "target": "Node0x22df5f0", "key": 0}, {"source": "Node0x23a9200", "target": "Node0x22e3c80", "key": 0}, {"source": "Node0x23a9200", "target": "Node0x22e4040", "key": 0}, {"source": "Node0x23a9200", "target": "Node0x22e0a00", "key": 0}, {"source": "Node0x23a9200", "target": "Node0x22e20b0", "key": 0}, {"source": "Node0x23a9200", "target": "Node0x22dee70", "key": 0}, {"source": "Node0x23a9200", "target": "Node0x22e0010", "key": 0}, {"source": "Node0x23a9200", "target": "Node0x22dde00", "key": 0}, {"source": "Node0x23a9200", "target": "Node0x22ddb30", "key": 0}, {"source": "Node0x23a9200", "target": "Node0x22e3960", "key": 0}, {"source": "Node0x23a9200", "target": "Node0x22e4180", "key": 0}, {"source": "Node0x23a9200", "target": "Node0x22e3aa0", "key": 0}, {"source": "Node0x23a9200", "target": "Node0x22de060", "key": 0}, {"source": "Node0x23a9200", "target": "Node0x22dffe0", "key": 0}, {"source": "Node0x23a9200", "target": "Node0x22e1980", "key": 0}, {"source": "Node0x22e1980", "target": "Node0x22deee0", "key": 0}], "multigraph": true}
