{
  "klee-out-1": {
    "bcfile": "/tmp/macke/2017-07-20-10-00-29/bitcode/symmains.bc",
    "folder": "/tmp/macke/2017-07-20-10-00-29/klee/klee-out-1",
    "function": "TIFFCheckDirOffset",
    "phase": 1
  },
  "klee-out-2": {
    "bcfile": "/tmp/macke/2017-07-20-10-00-29/bitcode/symmains.bc",
    "folder": "/tmp/macke/2017-07-20-10-00-29/klee/klee-out-2",
    "function": "TIFFReadUInt64",
    "phase": 1
  },
  "klee-out-3": {
    "bcfile": "/tmp/macke/2017-07-20-10-00-29/bitcode/symmains.bc",
    "folder": "/tmp/macke/2017-07-20-10-00-29/klee/klee-out-3",
    "function": "TIFFReadDirectoryCheckOrder",
    "phase": 1
  },
  "klee-out-4": {
    "bcfile": "/tmp/macke/2017-07-20-10-00-29/bitcode/symmains.bc",
    "folder": "/tmp/macke/2017-07-20-10-00-29/klee/klee-out-4",
    "function": "TIFFReadDirectoryFindEntry",
    "phase": 1
  },
  "klee-out-5": {
    "bcfile": "/tmp/macke/2017-07-20-10-00-29/bitcode/symmains.bc",
    "folder": "/tmp/macke/2017-07-20-10-00-29/klee/klee-out-5",
    "function": "TIFFReadDirectoryFindFieldInfo",
    "phase": 1
  },
  "klee-out-6": {
    "bcfile": "/tmp/macke/2017-07-20-10-00-29/bitcode/symmains.bc",
    "folder": "/tmp/macke/2017-07-20-10-00-29/klee/klee-out-6",
    "function": "TIFFReadDirEntryData",
    "phase": 1
  },
  "klee-out-7": {
    "bcfile": "/tmp/macke/2017-07-20-10-00-29/bitcode/symmains.bc",
    "folder": "/tmp/macke/2017-07-20-10-00-29/klee/klee-out-7",
    "function": "TIFFReadDirEntryCheckRangeByteSbyte",
    "phase": 1
  },
  "klee-out-8": {
    "bcfile": "/tmp/macke/2017-07-20-10-00-29/bitcode/symmains.bc",
    "folder": "/tmp/macke/2017-07-20-10-00-29/klee/klee-out-8",
    "function": "TIFFReadDirEntryCheckRangeByteShort",
    "phase": 1
  },
  "klee-out-9": {
    "bcfile": "/tmp/macke/2017-07-20-10-00-29/bitcode/symmains.bc",
    "folder": "/tmp/macke/2017-07-20-10-00-29/klee/klee-out-9",
    "function": "TIFFReadDirEntryCheckRangeByteSshort",
    "phase": 1
  },
  "klee-out-10": {
    "bcfile": "/tmp/macke/2017-07-20-10-00-29/bitcode/symmains.bc",
    "folder": "/tmp/macke/2017-07-20-10-00-29/klee/klee-out-10",
    "function": "TIFFReadDirEntryCheckRangeByteLong",
    "phase": 1
  },
  "klee-out-11": {
    "bcfile": "/tmp/macke/2017-07-20-10-00-29/bitcode/symmains.bc",
    "folder": "/tmp/macke/2017-07-20-10-00-29/klee/klee-out-11",
    "function": "TIFFReadDirEntryCheckRangeByteSlong",
    "phase": 1
  },
  "klee-out-12": {
    "bcfile": "/tmp/macke/2017-07-20-10-00-29/bitcode/symmains.bc",
    "folder": "/tmp/macke/2017-07-20-10-00-29/klee/klee-out-12",
    "function": "TIFFReadDirEntryCheckRangeByteLong8",
    "phase": 1
  },
  "klee-out-13": {
    "bcfile": "/tmp/macke/2017-07-20-10-00-29/bitcode/symmains.bc",
    "folder": "/tmp/macke/2017-07-20-10-00-29/klee/klee-out-13",
    "function": "TIFFReadDirEntryCheckRangeByteSlong8",
    "phase": 1
  },
  "klee-out-14": {
    "bcfile": "/tmp/macke/2017-07-20-10-00-29/bitcode/symmains.bc",
    "folder": "/tmp/macke/2017-07-20-10-00-29/klee/klee-out-14",
    "function": "TIFFReadDirEntryCheckedByte",
    "phase": 1
  },
  "klee-out-15": {
    "bcfile": "/tmp/macke/2017-07-20-10-00-29/bitcode/symmains.bc",
    "folder": "/tmp/macke/2017-07-20-10-00-29/klee/klee-out-15",
    "function": "TIFFReadDirEntryCheckedSbyte",
    "phase": 1
  },
  "klee-out-16": {
    "bcfile": "/tmp/macke/2017-07-20-10-00-29/bitcode/symmains.bc",
    "folder": "/tmp/macke/2017-07-20-10-00-29/klee/klee-out-16",
    "function": "TIFFReadDirEntryCheckedShort",
    "phase": 1
  },
  "klee-out-17": {
    "bcfile": "/tmp/macke/2017-07-20-10-00-29/bitcode/symmains.bc",
    "folder": "/tmp/macke/2017-07-20-10-00-29/klee/klee-out-17",
    "function": "TIFFReadDirEntryCheckedSshort",
    "phase": 1
  },
  "klee-out-18": {
    "bcfile": "/tmp/macke/2017-07-20-10-00-29/bitcode/symmains.bc",
    "folder": "/tmp/macke/2017-07-20-10-00-29/klee/klee-out-18",
    "function": "TIFFReadDirEntryCheckedLong",
    "phase": 1
  },
  "klee-out-19": {
    "bcfile": "/tmp/macke/2017-07-20-10-00-29/bitcode/symmains.bc",
    "folder": "/tmp/macke/2017-07-20-10-00-29/klee/klee-out-19",
    "function": "TIFFReadDirEntryCheckedSlong",
    "phase": 1
  },
  "klee-out-20": {
    "bcfile": "/tmp/macke/2017-07-20-10-00-29/bitcode/symmains.bc",
    "folder": "/tmp/macke/2017-07-20-10-00-29/klee/klee-out-20",
    "function": "TIFFReadDirEntryCheckedLong8",
    "phase": 1
  },
  "klee-out-21": {
    "bcfile": "/tmp/macke/2017-07-20-10-00-29/bitcode/symmains.bc",
    "folder": "/tmp/macke/2017-07-20-10-00-29/klee/klee-out-21",
    "function": "TIFFReadDirEntryCheckedSlong8",
    "phase": 1
  },
  "klee-out-22": {
    "bcfile": "/tmp/macke/2017-07-20-10-00-29/bitcode/symmains.bc",
    "folder": "/tmp/macke/2017-07-20-10-00-29/klee/klee-out-22",
    "function": "TIFFReadDirEntryByte",
    "phase": 1
  },
  "klee-out-23": {
    "bcfile": "/tmp/macke/2017-07-20-10-00-29/bitcode/symmains.bc",
    "folder": "/tmp/macke/2017-07-20-10-00-29/klee/klee-out-23",
    "function": "TIFFReadDirEntryCheckRangeShortSbyte",
    "phase": 1
  },
  "klee-out-24": {
    "bcfile": "/tmp/macke/2017-07-20-10-00-29/bitcode/symmains.bc",
    "folder": "/tmp/macke/2017-07-20-10-00-29/klee/klee-out-24",
    "function": "TIFFReadDirEntryCheckRangeShortSshort",
    "phase": 1
  },
  "klee-out-25": {
    "bcfile": "/tmp/macke/2017-07-20-10-00-29/bitcode/symmains.bc",
    "folder": "/tmp/macke/2017-07-20-10-00-29/klee/klee-out-25",
    "function": "TIFFReadDirEntryCheckRangeShortLong",
    "phase": 1
  },
  "klee-out-26": {
    "bcfile": "/tmp/macke/2017-07-20-10-00-29/bitcode/symmains.bc",
    "folder": "/tmp/macke/2017-07-20-10-00-29/klee/klee-out-26",
    "function": "TIFFReadDirEntryCheckRangeShortSlong",
    "phase": 1
  },
  "klee-out-27": {
    "bcfile": "/tmp/macke/2017-07-20-10-00-29/bitcode/symmains.bc",
    "folder": "/tmp/macke/2017-07-20-10-00-29/klee/klee-out-27",
    "function": "TIFFReadDirEntryCheckRangeShortLong8",
    "phase": 1
  },
  "klee-out-28": {
    "bcfile": "/tmp/macke/2017-07-20-10-00-29/bitcode/symmains.bc",
    "folder": "/tmp/macke/2017-07-20-10-00-29/klee/klee-out-28",
    "function": "TIFFReadDirEntryCheckRangeShortSlong8",
    "phase": 1
  },
  "klee-out-29": {
    "bcfile": "/tmp/macke/2017-07-20-10-00-29/bitcode/symmains.bc",
    "folder": "/tmp/macke/2017-07-20-10-00-29/klee/klee-out-29",
    "function": "TIFFReadDirEntryShort",
    "phase": 1
  },
  "klee-out-30": {
    "bcfile": "/tmp/macke/2017-07-20-10-00-29/bitcode/symmains.bc",
    "folder": "/tmp/macke/2017-07-20-10-00-29/klee/klee-out-30",
    "function": "TIFFReadDirEntryCheckRangeLongSbyte",
    "phase": 1
  },
  "klee-out-31": {
    "bcfile": "/tmp/macke/2017-07-20-10-00-29/bitcode/symmains.bc",
    "folder": "/tmp/macke/2017-07-20-10-00-29/klee/klee-out-31",
    "function": "TIFFReadDirEntryCheckRangeLongSshort",
    "phase": 1
  },
  "klee-out-32": {
    "bcfile": "/tmp/macke/2017-07-20-10-00-29/bitcode/symmains.bc",
    "folder": "/tmp/macke/2017-07-20-10-00-29/klee/klee-out-32",
    "function": "TIFFReadDirEntryCheckRangeLongSlong",
    "phase": 1
  },
  "klee-out-33": {
    "bcfile": "/tmp/macke/2017-07-20-10-00-29/bitcode/symmains.bc",
    "folder": "/tmp/macke/2017-07-20-10-00-29/klee/klee-out-33",
    "function": "TIFFReadDirEntryCheckRangeLongLong8",
    "phase": 1
  },
  "klee-out-34": {
    "bcfile": "/tmp/macke/2017-07-20-10-00-29/bitcode/symmains.bc",
    "folder": "/tmp/macke/2017-07-20-10-00-29/klee/klee-out-34",
    "function": "TIFFReadDirEntryCheckRangeLongSlong8",
    "phase": 1
  },
  "klee-out-35": {
    "bcfile": "/tmp/macke/2017-07-20-10-00-29/bitcode/symmains.bc",
    "folder": "/tmp/macke/2017-07-20-10-00-29/klee/klee-out-35",
    "function": "TIFFReadDirEntryLong",
    "phase": 1
  },
  "klee-out-36": {
    "bcfile": "/tmp/macke/2017-07-20-10-00-29/bitcode/symmains.bc",
    "folder": "/tmp/macke/2017-07-20-10-00-29/klee/klee-out-36",
    "function": "TIFFReadDirEntryCheckRangeLong8Sbyte",
    "phase": 1
  },
  "klee-out-37": {
    "bcfile": "/tmp/macke/2017-07-20-10-00-29/bitcode/symmains.bc",
    "folder": "/tmp/macke/2017-07-20-10-00-29/klee/klee-out-37",
    "function": "TIFFReadDirEntryCheckRangeLong8Sshort",
    "phase": 1
  },
  "klee-out-38": {
    "bcfile": "/tmp/macke/2017-07-20-10-00-29/bitcode/symmains.bc",
    "folder": "/tmp/macke/2017-07-20-10-00-29/klee/klee-out-38",
    "function": "TIFFReadDirEntryCheckRangeLong8Slong",
    "phase": 1
  },
  "klee-out-39": {
    "bcfile": "/tmp/macke/2017-07-20-10-00-29/bitcode/symmains.bc",
    "folder": "/tmp/macke/2017-07-20-10-00-29/klee/klee-out-39",
    "function": "TIFFReadDirEntryCheckRangeLong8Slong8",
    "phase": 1
  },
  "klee-out-40": {
    "bcfile": "/tmp/macke/2017-07-20-10-00-29/bitcode/symmains.bc",
    "folder": "/tmp/macke/2017-07-20-10-00-29/klee/klee-out-40",
    "function": "TIFFReadDirEntryLong8",
    "phase": 1
  },
  "klee-out-41": {
    "bcfile": "/tmp/macke/2017-07-20-10-00-29/bitcode/symmains.bc",
    "folder": "/tmp/macke/2017-07-20-10-00-29/klee/klee-out-41",
    "function": "TIFFReadDirEntryCheckedRational",
    "phase": 1
  },
  "klee-out-42": {
    "bcfile": "/tmp/macke/2017-07-20-10-00-29/bitcode/symmains.bc",
    "folder": "/tmp/macke/2017-07-20-10-00-29/klee/klee-out-42",
    "function": "TIFFReadDirEntryCheckedSrational",
    "phase": 1
  },
  "klee-out-43": {
    "bcfile": "/tmp/macke/2017-07-20-10-00-29/bitcode/symmains.bc",
    "folder": "/tmp/macke/2017-07-20-10-00-29/klee/klee-out-43",
    "function": "TIFFReadDirEntryCheckedFloat",
    "phase": 1
  },
  "klee-out-44": {
    "bcfile": "/tmp/macke/2017-07-20-10-00-29/bitcode/symmains.bc",
    "folder": "/tmp/macke/2017-07-20-10-00-29/klee/klee-out-44",
    "function": "TIFFReadDirEntryCheckedDouble",
    "phase": 1
  },
  "klee-out-45": {
    "bcfile": "/tmp/macke/2017-07-20-10-00-29/bitcode/symmains.bc",
    "folder": "/tmp/macke/2017-07-20-10-00-29/klee/klee-out-45",
    "function": "TIFFReadDirEntryFloat",
    "phase": 1
  },
  "klee-out-46": {
    "bcfile": "/tmp/macke/2017-07-20-10-00-29/bitcode/symmains.bc",
    "folder": "/tmp/macke/2017-07-20-10-00-29/klee/klee-out-46",
    "function": "TIFFReadDirEntryDouble",
    "phase": 1
  },
  "klee-out-47": {
    "bcfile": "/tmp/macke/2017-07-20-10-00-29/bitcode/symmains.bc",
    "folder": "/tmp/macke/2017-07-20-10-00-29/klee/klee-out-47",
    "function": "TIFFReadDirEntryIfd8",
    "phase": 1
  },
  "klee-out-48": {
    "bcfile": "/tmp/macke/2017-07-20-10-00-29/bitcode/symmains.bc",
    "folder": "/tmp/macke/2017-07-20-10-00-29/klee/klee-out-48",
    "function": "TIFFReadDirEntryCheckRangeSbyteByte",
    "phase": 1
  },
  "klee-out-49": {
    "bcfile": "/tmp/macke/2017-07-20-10-00-29/bitcode/symmains.bc",
    "folder": "/tmp/macke/2017-07-20-10-00-29/klee/klee-out-49",
    "function": "TIFFReadDirEntryCheckRangeSbyteShort",
    "phase": 1
  },
  "klee-out-50": {
    "bcfile": "/tmp/macke/2017-07-20-10-00-29/bitcode/symmains.bc",
    "folder": "/tmp/macke/2017-07-20-10-00-29/klee/klee-out-50",
    "function": "TIFFReadDirEntryCheckRangeSbyteSshort",
    "phase": 1
  },
  "klee-out-51": {
    "bcfile": "/tmp/macke/2017-07-20-10-00-29/bitcode/symmains.bc",
    "folder": "/tmp/macke/2017-07-20-10-00-29/klee/klee-out-51",
    "function": "TIFFReadDirEntryCheckRangeSbyteLong",
    "phase": 1
  },
  "klee-out-52": {
    "bcfile": "/tmp/macke/2017-07-20-10-00-29/bitcode/symmains.bc",
    "folder": "/tmp/macke/2017-07-20-10-00-29/klee/klee-out-52",
    "function": "TIFFReadDirEntryCheckRangeSbyteSlong",
    "phase": 1
  },
  "klee-out-53": {
    "bcfile": "/tmp/macke/2017-07-20-10-00-29/bitcode/symmains.bc",
    "folder": "/tmp/macke/2017-07-20-10-00-29/klee/klee-out-53",
    "function": "TIFFReadDirEntryCheckRangeSbyteLong8",
    "phase": 1
  },
  "klee-out-54": {
    "bcfile": "/tmp/macke/2017-07-20-10-00-29/bitcode/symmains.bc",
    "folder": "/tmp/macke/2017-07-20-10-00-29/klee/klee-out-54",
    "function": "TIFFReadDirEntryCheckRangeSbyteSlong8",
    "phase": 1
  },
  "klee-out-55": {
    "bcfile": "/tmp/macke/2017-07-20-10-00-29/bitcode/symmains.bc",
    "folder": "/tmp/macke/2017-07-20-10-00-29/klee/klee-out-55",
    "function": "TIFFReadDirEntryCheckRangeSshortShort",
    "phase": 1
  },
  "klee-out-56": {
    "bcfile": "/tmp/macke/2017-07-20-10-00-29/bitcode/symmains.bc",
    "folder": "/tmp/macke/2017-07-20-10-00-29/klee/klee-out-56",
    "function": "TIFFReadDirEntryCheckRangeSshortLong",
    "phase": 1
  },
  "klee-out-57": {
    "bcfile": "/tmp/macke/2017-07-20-10-00-29/bitcode/symmains.bc",
    "folder": "/tmp/macke/2017-07-20-10-00-29/klee/klee-out-57",
    "function": "TIFFReadDirEntryCheckRangeSshortSlong",
    "phase": 1
  },
  "klee-out-58": {
    "bcfile": "/tmp/macke/2017-07-20-10-00-29/bitcode/symmains.bc",
    "folder": "/tmp/macke/2017-07-20-10-00-29/klee/klee-out-58",
    "function": "TIFFReadDirEntryCheckRangeSshortLong8",
    "phase": 1
  },
  "klee-out-59": {
    "bcfile": "/tmp/macke/2017-07-20-10-00-29/bitcode/symmains.bc",
    "folder": "/tmp/macke/2017-07-20-10-00-29/klee/klee-out-59",
    "function": "TIFFReadDirEntryCheckRangeSshortSlong8",
    "phase": 1
  },
  "klee-out-60": {
    "bcfile": "/tmp/macke/2017-07-20-10-00-29/bitcode/symmains.bc",
    "folder": "/tmp/macke/2017-07-20-10-00-29/klee/klee-out-60",
    "function": "TIFFReadDirEntryCheckRangeSlongLong",
    "phase": 1
  },
  "klee-out-61": {
    "bcfile": "/tmp/macke/2017-07-20-10-00-29/bitcode/symmains.bc",
    "folder": "/tmp/macke/2017-07-20-10-00-29/klee/klee-out-61",
    "function": "TIFFReadDirEntryCheckRangeSlongLong8",
    "phase": 1
  },
  "klee-out-62": {
    "bcfile": "/tmp/macke/2017-07-20-10-00-29/bitcode/symmains.bc",
    "folder": "/tmp/macke/2017-07-20-10-00-29/klee/klee-out-62",
    "function": "TIFFReadDirEntryCheckRangeSlongSlong8",
    "phase": 1
  },
  "klee-out-63": {
    "bcfile": "/tmp/macke/2017-07-20-10-00-29/bitcode/symmains.bc",
    "folder": "/tmp/macke/2017-07-20-10-00-29/klee/klee-out-63",
    "function": "TIFFReadDirEntryCheckRangeSlong8Long8",
    "phase": 1
  },
  "klee-out-64": {
    "bcfile": "/tmp/macke/2017-07-20-10-00-29/bitcode/symmains.bc",
    "folder": "/tmp/macke/2017-07-20-10-00-29/klee/klee-out-64",
    "function": "TIFFReadDirEntryOutputErr",
    "phase": 1
  },
  "klee-out-65": {
    "bcfile": "/tmp/macke/2017-07-20-10-00-29/bitcode/symmains.bc",
    "folder": "/tmp/macke/2017-07-20-10-00-29/klee/klee-out-65",
    "function": "TIFFFetchNormalTag",
    "phase": 1
  },
  "klee-out-66": {
    "bcfile": "/tmp/macke/2017-07-20-10-00-29/bitcode/symmains.bc",
    "folder": "/tmp/macke/2017-07-20-10-00-29/klee/klee-out-66",
    "function": "TIFFReadDirEntryPersampleShort",
    "phase": 1
  },
  "klee-out-67": {
    "bcfile": "/tmp/macke/2017-07-20-10-00-29/bitcode/symmains.bc",
    "folder": "/tmp/macke/2017-07-20-10-00-29/klee/klee-out-67",
    "function": "_TIFFFillStrilesInternal",
    "phase": 1
  },
  "klee-out-68": {
    "bcfile": "/tmp/macke/2017-07-20-10-00-29/bitcode/symmains.bc",
    "folder": "/tmp/macke/2017-07-20-10-00-29/klee/klee-out-68",
    "function": "_TIFFFillStriles",
    "phase": 1
  },
  "klee-out-69": {
    "bcfile": "/tmp/macke/2017-07-20-10-00-29/bitcode/symmains.bc",
    "folder": "/tmp/macke/2017-07-20-10-00-29/klee/klee-out-69",
    "function": "MissingRequired",
    "phase": 1
  },
  "klee-out-70": {
    "bcfile": "/tmp/macke/2017-07-20-10-00-29/bitcode/symmains.bc",
    "folder": "/tmp/macke/2017-07-20-10-00-29/klee/klee-out-70",
    "function": "EstimateStripByteCounts",
    "phase": 1
  },
  "klee-out-71": {
    "bcfile": "/tmp/macke/2017-07-20-10-00-29/bitcode/symmains.bc",
    "folder": "/tmp/macke/2017-07-20-10-00-29/klee/klee-out-71",
    "function": "ChopUpSingleUncompressedStrip",
    "phase": 1
  },
  "klee-out-72": {
    "bcfile": "/tmp/macke/2017-07-20-10-00-29/bitcode/symmains.bc",
    "folder": "/tmp/macke/2017-07-20-10-00-29/klee/klee-out-72",
    "function": "TIFFReadDirectory",
    "phase": 1
  },
  "klee-out-73": {
    "bcfile": "/tmp/macke/2017-07-20-10-00-29/bitcode/symmains.bc",
    "folder": "/tmp/macke/2017-07-20-10-00-29/klee/klee-out-73",
    "function": "CheckDirCount",
    "phase": 1
  },
  "klee-out-74": {
    "bcfile": "/tmp/macke/2017-07-20-10-00-29/bitcode/symmains.bc",
    "folder": "/tmp/macke/2017-07-20-10-00-29/klee/klee-out-74",
    "function": "TIFFFetchSubjectDistance",
    "phase": 1
  },
  "klee-out-75": {
    "bcfile": "/tmp/macke/2017-07-20-10-00-29/bitcode/symmains.bc",
    "folder": "/tmp/macke/2017-07-20-10-00-29/klee/klee-out-75",
    "function": "TIFFReadCustomDirectory",
    "phase": 1
  },
  "klee-out-76": {
    "bcfile": "/tmp/macke/2017-07-20-10-00-29/bitcode/symmains.bc",
    "folder": "/tmp/macke/2017-07-20-10-00-29/klee/klee-out-76",
    "function": "TIFFReadEXIFDirectory",
    "phase": 1
  },
  "klee-out-77": {
    "bcfile": "/tmp/macke/2017-07-20-10-00-29/bitcode/chain-TIFFReadDirectory-TIFFCheckDirOffset.bc",
    "callee": "TIFFCheckDirOffset",
    "caller": "TIFFReadDirectory",
    "folder": "/tmp/macke/2017-07-20-10-00-29/klee/klee-out-77",
    "phase": 2
  },
  "klee-out-78": {
    "bcfile": "/tmp/macke/2017-07-20-10-00-29/bitcode/chain-TIFFFetchSubjectDistance-TIFFReadDirEntryData.bc",
    "callee": "TIFFReadDirEntryData",
    "caller": "TIFFFetchSubjectDistance",
    "folder": "/tmp/macke/2017-07-20-10-00-29/klee/klee-out-78",
    "phase": 2
  },
  "klee-out-79": {
    "bcfile": "/tmp/macke/2017-07-20-10-00-29/bitcode/chain-TIFFReadCustomDirectory-TIFFReadDirectoryCheckOrder.bc",
    "callee": "TIFFReadDirectoryCheckOrder",
    "caller": "TIFFReadCustomDirectory",
    "folder": "/tmp/macke/2017-07-20-10-00-29/klee/klee-out-79",
    "phase": 2
  },
  "klee-out-80": {
    "bcfile": "/tmp/macke/2017-07-20-10-00-29/bitcode/chain-TIFFReadCustomDirectory-TIFFReadDirectoryFindFieldInfo.bc",
    "callee": "TIFFReadDirectoryFindFieldInfo",
    "caller": "TIFFReadCustomDirectory",
    "folder": "/tmp/macke/2017-07-20-10-00-29/klee/klee-out-80",
    "phase": 2
  },
  "klee-out-81": {
    "bcfile": "/tmp/macke/2017-07-20-10-00-29/bitcode/chain-TIFFReadDirEntryCheckedDouble-TIFFReadDirEntryData.bc",
    "callee": "TIFFReadDirEntryData",
    "caller": "TIFFReadDirEntryCheckedDouble",
    "folder": "/tmp/macke/2017-07-20-10-00-29/klee/klee-out-81",
    "phase": 2
  },
  "klee-out-82": {
    "bcfile": "/tmp/macke/2017-07-20-10-00-29/bitcode/chain-TIFFReadDirEntryCheckedLong8-TIFFReadDirEntryData.bc",
    "callee": "TIFFReadDirEntryData",
    "caller": "TIFFReadDirEntryCheckedLong8",
    "folder": "/tmp/macke/2017-07-20-10-00-29/klee/klee-out-82",
    "phase": 2
  },
  "klee-out-83": {
    "bcfile": "/tmp/macke/2017-07-20-10-00-29/bitcode/chain-TIFFReadDirEntryCheckedRational-TIFFReadDirEntryData.bc",
    "callee": "TIFFReadDirEntryData",
    "caller": "TIFFReadDirEntryCheckedRational",
    "folder": "/tmp/macke/2017-07-20-10-00-29/klee/klee-out-83",
    "phase": 2
  },
  "klee-out-84": {
    "bcfile": "/tmp/macke/2017-07-20-10-00-29/bitcode/chain-TIFFReadDirEntryCheckedSlong8-TIFFReadDirEntryData.bc",
    "callee": "TIFFReadDirEntryData",
    "caller": "TIFFReadDirEntryCheckedSlong8",
    "folder": "/tmp/macke/2017-07-20-10-00-29/klee/klee-out-84",
    "phase": 2
  },
  "klee-out-85": {
    "bcfile": "/tmp/macke/2017-07-20-10-00-29/bitcode/chain-TIFFReadDirEntryCheckedSrational-TIFFReadDirEntryData.bc",
    "callee": "TIFFReadDirEntryData",
    "caller": "TIFFReadDirEntryCheckedSrational",
    "folder": "/tmp/macke/2017-07-20-10-00-29/klee/klee-out-85",
    "phase": 2
  },
  "klee-out-86": {
    "bcfile": "/tmp/macke/2017-07-20-10-00-29/bitcode/chain-TIFFReadDirectory-TIFFReadDirectoryCheckOrder.bc",
    "callee": "TIFFReadDirectoryCheckOrder",
    "caller": "TIFFReadDirectory",
    "folder": "/tmp/macke/2017-07-20-10-00-29/klee/klee-out-86",
    "phase": 2
  },
  "klee-out-87": {
    "bcfile": "/tmp/macke/2017-07-20-10-00-29/bitcode/chain-TIFFReadDirectory-TIFFReadDirectoryFindFieldInfo.bc",
    "callee": "TIFFReadDirectoryFindFieldInfo",
    "caller": "TIFFReadDirectory",
    "folder": "/tmp/macke/2017-07-20-10-00-29/klee/klee-out-87",
    "phase": 2
  },
  "klee-out-88": {
    "bcfile": "/tmp/macke/2017-07-20-10-00-29/bitcode/chain-TIFFFetchNormalTag-TIFFReadDirEntryOutputErr.bc",
    "callee": "TIFFReadDirEntryOutputErr",
    "caller": "TIFFFetchNormalTag",
    "folder": "/tmp/macke/2017-07-20-10-00-29/klee/klee-out-88",
    "phase": 2
  },
  "klee-out-89": {
    "bcfile": "/tmp/macke/2017-07-20-10-00-29/bitcode/chain-TIFFFetchSubjectDistance-TIFFReadDirEntryOutputErr.bc",
    "callee": "TIFFReadDirEntryOutputErr",
    "caller": "TIFFFetchSubjectDistance",
    "folder": "/tmp/macke/2017-07-20-10-00-29/klee/klee-out-89",
    "phase": 2
  },
  "klee-out-90": {
    "bcfile": "/tmp/macke/2017-07-20-10-00-29/bitcode/chain-TIFFReadDirectory-TIFFReadDirEntryOutputErr.bc",
    "callee": "TIFFReadDirEntryOutputErr",
    "caller": "TIFFReadDirectory",
    "folder": "/tmp/macke/2017-07-20-10-00-29/klee/klee-out-90",
    "phase": 2
  },
  "klee-out-91": {
    "bcfile": "/tmp/macke/2017-07-20-10-00-29/bitcode/chain-TIFFReadCustomDirectory-TIFFFetchNormalTag.bc",
    "callee": "TIFFFetchNormalTag",
    "caller": "TIFFReadCustomDirectory",
    "folder": "/tmp/macke/2017-07-20-10-00-29/klee/klee-out-91",
    "phase": 2
  },
  "klee-out-92": {
    "bcfile": "/tmp/macke/2017-07-20-10-00-29/bitcode/chain-TIFFReadDirectory-TIFFFetchNormalTag.bc",
    "callee": "TIFFFetchNormalTag",
    "caller": "TIFFReadDirectory",
    "folder": "/tmp/macke/2017-07-20-10-00-29/klee/klee-out-92",
    "phase": 2
  },
  "klee-out-93": {
    "bcfile": "/tmp/macke/2017-07-20-10-00-29/bitcode/chain-TIFFReadDirectory-ChopUpSingleUncompressedStrip.bc",
    "callee": "ChopUpSingleUncompressedStrip",
    "caller": "TIFFReadDirectory",
    "folder": "/tmp/macke/2017-07-20-10-00-29/klee/klee-out-93",
    "phase": 2
  }
}
