{"{TIFFReadDirEntrySshortArray}": {"node_degree": [12, 1, 13], "macke_bug_chain_length": 0, "macke_vulnerabilities_found": 0, "faulty": false, "distance_to_interface": 4, "clustering_coefficient": 0.0641025641025641, "node_path_length": 1.0588235294117647}, "{TIFFReadDirectory}": {"node_degree": [33, 1, 34], "macke_bug_chain_length": 1, "macke_vulnerabilities_found": 1, "faulty": false, "distance_to_interface": 1, "clustering_coefficient": 0.11942959001782531, "node_path_length": 1.361044784811601}, "{TIFFSwabShort}": {"node_degree": [1, 14, 15], "macke_bug_chain_length": 0, "macke_vulnerabilities_found": 0, "faulty": false, "distance_to_interface": 1, "clustering_coefficient": 0.009523809523809525, "node_path_length": 1.0}, "{TIFFReadDirEntryCheckRangeLong8Sbyte}": {"node_degree": [0, 2, 2], "macke_bug_chain_length": 1, "macke_vulnerabilities_found": 1, "faulty": false, "distance_to_interface": 5, "clustering_coefficient": 0.0, "node_path_length": 0}, "{TIFFReadDirEntryData}": {"node_degree": [3, 7, 10], "macke_bug_chain_length": 7, "macke_vulnerabilities_found": 1, "faulty": false, "distance_to_interface": 4, "clustering_coefficient": 0.08888888888888889, "node_path_length": 1.25}, "{TIFFReadDirEntrySlongArray}": {"node_degree": [10, 1, 11], "macke_bug_chain_length": 0, "macke_vulnerabilities_found": 0, "faulty": false, "distance_to_interface": 4, "clustering_coefficient": 0.09090909090909091, "node_path_length": 1.0}, "{TIFFReadDirEntryCheckRangeLongLong8}": {"node_degree": [0, 2, 2], "macke_bug_chain_length": 1, "macke_vulnerabilities_found": 1, "faulty": false, "distance_to_interface": 5, "clustering_coefficient": 0.0, "node_path_length": 0}, "{TIFFReadDirEntryCheckRangeShortSbyte}": {"node_degree": [0, 2, 2], "macke_bug_chain_length": 1, "macke_vulnerabilities_found": 1, "faulty": false, "distance_to_interface": 5, "clustering_coefficient": 0.0, "node_path_length": 0}, "{TIFFFieldWithTag}": {"node_degree": [1, 4, 5], "macke_bug_chain_length": 0, "macke_vulnerabilities_found": 0, "faulty": false, "distance_to_interface": 1, "clustering_coefficient": 0.3, "node_path_length": 1.0}, "{_TIFFCheckRealloc}": {"node_degree": [1, 2, 3], "macke_bug_chain_length": 0, "macke_vulnerabilities_found": 0, "faulty": false, "distance_to_interface": 1, "clustering_coefficient": 0.0, "node_path_length": 1.0}, "{TIFFSetField}": {"node_degree": [1, 5, 6], "macke_bug_chain_length": 0, "macke_vulnerabilities_found": 0, "faulty": false, "distance_to_interface": 1, "clustering_coefficient": 0.26666666666666666, "node_path_length": 1.0}, "{TIFFReadDirEntryByte}": {"node_degree": [15, 1, 16], "macke_bug_chain_length": 1, "macke_vulnerabilities_found": 1, "faulty": false, "distance_to_interface": 4, "clustering_coefficient": 0.0, "node_path_length": 1.3227091633466135}, "{TIFFReadDirEntryCheckRangeSbyteByte}": {"node_degree": [0, 1, 1], "macke_bug_chain_length": 1, "macke_vulnerabilities_found": 1, "faulty": false, "distance_to_interface": 5, "clustering_coefficient": 0, "node_path_length": 0}, "{TIFFReadDirEntryCheckedDouble}": {"node_degree": [3, 2, 5], "macke_bug_chain_length": 1, "macke_vulnerabilities_found": 1, "faulty": false, "distance_to_interface": 5, "clustering_coefficient": 0.0, "node_path_length": 1.0}, "{TIFFReadDirEntryCheckRangeShortLong8}": {"node_degree": [0, 2, 2], "macke_bug_chain_length": 1, "macke_vulnerabilities_found": 1, "faulty": false, "distance_to_interface": 5, "clustering_coefficient": 0.0, "node_path_length": 0}, "{TIFFReadDirEntryCheckRangeByteLong}": {"node_degree": [0, 2, 2], "macke_bug_chain_length": 1, "macke_vulnerabilities_found": 1, "faulty": false, "distance_to_interface": 5, "clustering_coefficient": 0.0, "node_path_length": 0}, "{TIFFReadDirEntryCheckRangeShortLong}": {"node_degree": [0, 2, 2], "macke_bug_chain_length": 1, "macke_vulnerabilities_found": 1, "faulty": false, "distance_to_interface": 5, "clustering_coefficient": 0.0, "node_path_length": 0}, "{TIFFReadDirEntryCheckRangeLongSlong8}": {"node_degree": [0, 2, 2], "macke_bug_chain_length": 1, "macke_vulnerabilities_found": 1, "faulty": false, "distance_to_interface": 5, "clustering_coefficient": 0.0, "node_path_length": 0}, "{TIFFReadCustomDirectory}": {"node_degree": [15, 2, 17], "macke_bug_chain_length": 1, "macke_vulnerabilities_found": 1, "faulty": false, "distance_to_interface": 1, "clustering_coefficient": 0.14705882352941177, "node_path_length": 2.207730932070613}, "{TIFFNumberOfTiles}": {"node_degree": [1, 2, 3], "macke_bug_chain_length": 0, "macke_vulnerabilities_found": 0, "faulty": false, "distance_to_interface": 1, "clustering_coefficient": 0.6666666666666666, "node_path_length": 1.0}, "{TIFFReadDirEntryCheckRangeLong8Sshort}": {"node_degree": [0, 2, 2], "macke_bug_chain_length": 1, "macke_vulnerabilities_found": 1, "faulty": false, "distance_to_interface": 5, "clustering_coefficient": 0.0, "node_path_length": 0}, "{_TIFFfree}": {"node_degree": [1, 21, 22], "macke_bug_chain_length": 0, "macke_vulnerabilities_found": 0, "faulty": false, "distance_to_interface": 1, "clustering_coefficient": 0.16883116883116883, "node_path_length": 1.0}, "{TIFFReadDirectoryFindEntry}": {"node_degree": [0, 1, 1], "macke_bug_chain_length": 1, "macke_vulnerabilities_found": 1, "faulty": false, "distance_to_interface": 2, "clustering_coefficient": 0, "node_path_length": 0}, "{TIFFReadDirEntrySlong8Array}": {"node_degree": [8, 1, 9], "macke_bug_chain_length": 0, "macke_vulnerabilities_found": 0, "faulty": false, "distance_to_interface": 4, "clustering_coefficient": 0.1388888888888889, "node_path_length": 1.0}, "{CheckDirCount}": {"node_degree": [2, 1, 3], "macke_bug_chain_length": 1, "macke_vulnerabilities_found": 1, "faulty": false, "distance_to_interface": 3, "clustering_coefficient": 0.3333333333333333, "node_path_length": 1.5}, "{TIFFReadDirEntryCheckedShort}": {"node_degree": [1, 6, 7], "macke_bug_chain_length": 1, "macke_vulnerabilities_found": 1, "faulty": false, "distance_to_interface": 5, "clustering_coefficient": 0.0, "node_path_length": 1.0}, "{TIFFReadDirEntryCheckRangeByteShort}": {"node_degree": [0, 2, 2], "macke_bug_chain_length": 1, "macke_vulnerabilities_found": 1, "faulty": false, "distance_to_interface": 5, "clustering_coefficient": 0.0, "node_path_length": 0}, "{_TIFFMergeFields}": {"node_degree": [1, 3, 4], "macke_bug_chain_length": 0, "macke_vulnerabilities_found": 0, "faulty": false, "distance_to_interface": 1, "clustering_coefficient": 0.5, "node_path_length": 1.0}, "{TIFFReadDirEntryCheckedSrational}": {"node_degree": [3, 2, 5], "macke_bug_chain_length": 1, "macke_vulnerabilities_found": 1, "faulty": false, "distance_to_interface": 5, "clustering_coefficient": 0.0, "node_path_length": 1.0}, "{TIFFReadDirectoryCheckOrder}": {"node_degree": [1, 2, 3], "macke_bug_chain_length": 3, "macke_vulnerabilities_found": 1, "faulty": false, "distance_to_interface": 2, "clustering_coefficient": 0.6666666666666666, "node_path_length": 1.0}, "{TIFFReadDirEntryCheckRangeSbyteSlong8}": {"node_degree": [0, 1, 1], "macke_bug_chain_length": 1, "macke_vulnerabilities_found": 1, "faulty": false, "distance_to_interface": 5, "clustering_coefficient": 0, "node_path_length": 0}, "{TIFFReadDirEntryCheckRangeSshortLong8}": {"node_degree": [0, 1, 1], "macke_bug_chain_length": 1, "macke_vulnerabilities_found": 1, "faulty": false, "distance_to_interface": 5, "clustering_coefficient": 0, "node_path_length": 0}, "{TIFFFetchNormalTag}": {"node_degree": [27, 2, 29], "macke_bug_chain_length": 3, "macke_vulnerabilities_found": 1, "faulty": false, "distance_to_interface": 2, "clustering_coefficient": 0.09852216748768473, "node_path_length": 2.085793434034573}, "{TIFFReadDirEntryCheckRangeSlongLong8}": {"node_degree": [0, 1, 1], "macke_bug_chain_length": 1, "macke_vulnerabilities_found": 1, "faulty": false, "distance_to_interface": 5, "clustering_coefficient": 0, "node_path_length": 0}, "{TIFFReadDirEntryCheckedSbyte}": {"node_degree": [0, 6, 6], "macke_bug_chain_length": 1, "macke_vulnerabilities_found": 1, "faulty": false, "distance_to_interface": 5, "clustering_coefficient": 0.0, "node_path_length": 0}, "{TIFFReadDirEntryCheckedRational}": {"node_degree": [3, 2, 5], "macke_bug_chain_length": 1, "macke_vulnerabilities_found": 1, "faulty": false, "distance_to_interface": 5, "clustering_coefficient": 0.0, "node_path_length": 1.0}, "{TIFFReadDirEntryCheckedByte}": {"node_degree": [0, 6, 6], "macke_bug_chain_length": 1, "macke_vulnerabilities_found": 1, "faulty": false, "distance_to_interface": 5, "clustering_coefficient": 0.0, "node_path_length": 0}, "{TIFFReadDirEntryCheckedSlong}": {"node_degree": [1, 6, 7], "macke_bug_chain_length": 1, "macke_vulnerabilities_found": 1, "faulty": false, "distance_to_interface": 5, "clustering_coefficient": 0.0, "node_path_length": 1.0}, "{TIFFReadDirEntryCheckRangeLongSlong}": {"node_degree": [0, 2, 2], "macke_bug_chain_length": 1, "macke_vulnerabilities_found": 1, "faulty": false, "distance_to_interface": 5, "clustering_coefficient": 0.0, "node_path_length": 0}, "{TIFFReadDirEntryCheckedFloat}": {"node_degree": [1, 2, 3], "macke_bug_chain_length": 1, "macke_vulnerabilities_found": 1, "faulty": false, "distance_to_interface": 5, "clustering_coefficient": 0.0, "node_path_length": 1.0}, "{TIFFFetchStripThing}": {"node_degree": [7, 1, 8], "macke_bug_chain_length": 0, "macke_vulnerabilities_found": 0, "faulty": false, "distance_to_interface": 2, "clustering_coefficient": 0.14285714285714285, "node_path_length": 1.0}, "{TIFFReadDirEntryCheckRangeShortSlong8}": {"node_degree": [0, 2, 2], "macke_bug_chain_length": 1, "macke_vulnerabilities_found": 1, "faulty": false, "distance_to_interface": 5, "clustering_coefficient": 0.0, "node_path_length": 0}, "{TIFFReadDirEntryLongArray}": {"node_degree": [12, 1, 13], "macke_bug_chain_length": 0, "macke_vulnerabilities_found": 0, "faulty": false, "distance_to_interface": 4, "clustering_coefficient": 0.0641025641025641, "node_path_length": 1.0}, "{TIFFReadDirEntryCheckRangeShortSlong}": {"node_degree": [0, 2, 2], "macke_bug_chain_length": 1, "macke_vulnerabilities_found": 1, "faulty": false, "distance_to_interface": 5, "clustering_coefficient": 0.0, "node_path_length": 0}, "{_TIFFSetupFields}": {"node_degree": [1, 2, 3], "macke_bug_chain_length": 0, "macke_vulnerabilities_found": 0, "faulty": false, "distance_to_interface": 1, "clustering_coefficient": 0.3333333333333333, "node_path_length": 1.0}, "{TIFFReadEXIFDirectory}": {"node_degree": [2, 1, 3], "macke_bug_chain_length": 1, "macke_vulnerabilities_found": 1, "faulty": false, "distance_to_interface": 1, "clustering_coefficient": 0.6666666666666666, "node_path_length": 3.207730932070454}, "{TIFFReadDirEntryCheckRangeLong8Slong8}": {"node_degree": [0, 2, 2], "macke_bug_chain_length": 1, "macke_vulnerabilities_found": 1, "faulty": false, "distance_to_interface": 5, "clustering_coefficient": 0.0, "node_path_length": 0}, "{TIFFScanlineSize64}": {"node_degree": [1, 3, 4], "macke_bug_chain_length": 0, "macke_vulnerabilities_found": 0, "faulty": false, "distance_to_interface": 1, "clustering_coefficient": 0.6666666666666666, "node_path_length": 1.0}, "{TIFFVTileSize64}": {"node_degree": [1, 2, 3], "macke_bug_chain_length": 0, "macke_vulnerabilities_found": 0, "faulty": false, "distance_to_interface": 1, "clustering_coefficient": 0.0, "node_path_length": 1.0}, "{TIFFDefaultDirectory}": {"node_degree": [1, 2, 3], "macke_bug_chain_length": 0, "macke_vulnerabilities_found": 0, "faulty": false, "distance_to_interface": 1, "clustering_coefficient": 0.6666666666666666, "node_path_length": 1.0}, "{TIFFStripSize}": {"node_degree": [1, 2, 3], "macke_bug_chain_length": 0, "macke_vulnerabilities_found": 0, "faulty": false, "distance_to_interface": 1, "clustering_coefficient": 0.6666666666666666, "node_path_length": 1.0}, "{EstimateStripByteCounts}": {"node_degree": [8, 1, 9], "macke_bug_chain_length": 1, "macke_vulnerabilities_found": 1, "faulty": false, "distance_to_interface": 2, "clustering_coefficient": 0.2777777777777778, "node_path_length": 1.0714285714285714}, "{TIFFReadDirEntryCheckRangeSbyteShort}": {"node_degree": [0, 1, 1], "macke_bug_chain_length": 1, "macke_vulnerabilities_found": 1, "faulty": false, "distance_to_interface": 5, "clustering_coefficient": 0, "node_path_length": 0}, "{TIFFReadDirEntryDoubleArray}": {"node_degree": [8, 2, 10], "macke_bug_chain_length": 0, "macke_vulnerabilities_found": 0, "faulty": false, "distance_to_interface": 2, "clustering_coefficient": 0.15555555555555556, "node_path_length": 1.0}, "{TIFFTileSize64}": {"node_degree": [1, 2, 3], "macke_bug_chain_length": 0, "macke_vulnerabilities_found": 0, "faulty": false, "distance_to_interface": 1, "clustering_coefficient": 0.3333333333333333, "node_path_length": 1.0}, "{TIFFReadDirEntryShort}": {"node_degree": [14, 2, 16], "macke_bug_chain_length": 1, "macke_vulnerabilities_found": 1, "faulty": false, "distance_to_interface": 2, "clustering_coefficient": 0.008333333333333333, "node_path_length": 1.0}, "{TIFFCheckDirOffset}": {"node_degree": [2, 1, 3], "macke_bug_chain_length": 2, "macke_vulnerabilities_found": 1, "faulty": false, "distance_to_interface": 2, "clustering_coefficient": 0.3333333333333333, "node_path_length": 1.0}, "{TIFFSwabLong8}": {"node_degree": [1, 16, 17], "macke_bug_chain_length": 0, "macke_vulnerabilities_found": 0, "faulty": false, "distance_to_interface": 1, "clustering_coefficient": 0.08088235294117647, "node_path_length": 1.0}, "{TIFFNumberOfStrips}": {"node_degree": [1, 2, 3], "macke_bug_chain_length": 0, "macke_vulnerabilities_found": 0, "faulty": false, "distance_to_interface": 1, "clustering_coefficient": 0.6666666666666666, "node_path_length": 1.0}, "{TIFFReadDirEntryCheckRangeByteSlong}": {"node_degree": [0, 2, 2], "macke_bug_chain_length": 1, "macke_vulnerabilities_found": 1, "faulty": false, "distance_to_interface": 5, "clustering_coefficient": 0.0, "node_path_length": 0}, "{TIFFErrorExt}": {"node_degree": [1, 9, 10], "macke_bug_chain_length": 0, "macke_vulnerabilities_found": 0, "faulty": false, "distance_to_interface": 1, "clustering_coefficient": 0.3111111111111111, "node_path_length": 1.0}, "{TIFFReadDirEntryOutputErr}": {"node_degree": [3, 4, 7], "macke_bug_chain_length": 7, "macke_vulnerabilities_found": 1, "faulty": false, "distance_to_interface": 2, "clustering_coefficient": 0.38095238095238093, "node_path_length": 1.0}, "{_TIFFCheckMalloc}": {"node_degree": [1, 6, 7], "macke_bug_chain_length": 0, "macke_vulnerabilities_found": 0, "faulty": false, "distance_to_interface": 1, "clustering_coefficient": 0.09523809523809523, "node_path_length": 1.0}, "{TIFFReadDirEntryFloat}": {"node_degree": [12, 1, 13], "macke_bug_chain_length": 1, "macke_vulnerabilities_found": 1, "faulty": false, "distance_to_interface": 4, "clustering_coefficient": 0.0, "node_path_length": 1.3553719008264462}, "{TIFFReadDirEntryCheckRangeLong8Slong}": {"node_degree": [0, 2, 2], "macke_bug_chain_length": 1, "macke_vulnerabilities_found": 1, "faulty": false, "distance_to_interface": 5, "clustering_coefficient": 0.0, "node_path_length": 0}, "{TIFFDataWidth}": {"node_degree": [1, 3, 4], "macke_bug_chain_length": 0, "macke_vulnerabilities_found": 0, "faulty": false, "distance_to_interface": 1, "clustering_coefficient": 0.16666666666666666, "node_path_length": 1.0}, "{TIFFReadDirEntryShortArray}": {"node_degree": [13, 3, 16], "macke_bug_chain_length": 0, "macke_vulnerabilities_found": 0, "faulty": false, "distance_to_interface": 2, "clustering_coefficient": 0.075, "node_path_length": 1.0}, "{TIFFReadDirEntryCheckRangeSbyteSlong}": {"node_degree": [0, 1, 1], "macke_bug_chain_length": 1, "macke_vulnerabilities_found": 1, "faulty": false, "distance_to_interface": 5, "clustering_coefficient": 0, "node_path_length": 0}, "{TIFFFetchSubjectDistance}": {"node_degree": [5, 1, 6], "macke_bug_chain_length": 1, "macke_vulnerabilities_found": 1, "faulty": false, "distance_to_interface": 3, "clustering_coefficient": 0.0, "node_path_length": 1.6444444444444444}, "{ChopUpSingleUncompressedStrip}": {"node_degree": [5, 1, 6], "macke_bug_chain_length": 2, "macke_vulnerabilities_found": 1, "faulty": false, "distance_to_interface": 2, "clustering_coefficient": 0.2, "node_path_length": 1.125}, "{TIFFReadDirEntryByteArray}": {"node_degree": [13, 1, 14], "macke_bug_chain_length": 0, "macke_vulnerabilities_found": 0, "faulty": false, "distance_to_interface": 4, "clustering_coefficient": 0.054945054945054944, "node_path_length": 1.3541666666666667}, "{TIFFReadDirEntryCheckRangeShortSshort}": {"node_degree": [0, 2, 2], "macke_bug_chain_length": 1, "macke_vulnerabilities_found": 1, "faulty": false, "distance_to_interface": 5, "clustering_coefficient": 0.0, "node_path_length": 0}, "{_TIFFFillStrilesInternal}": {"node_degree": [0, 2, 2], "macke_bug_chain_length": 1, "macke_vulnerabilities_found": 1, "faulty": false, "distance_to_interface": 2, "clustering_coefficient": 0.0, "node_path_length": 0}, "{TIFFReadDirEntryCheckedSlong8}": {"node_degree": [3, 6, 9], "macke_bug_chain_length": 1, "macke_vulnerabilities_found": 1, "faulty": false, "distance_to_interface": 5, "clustering_coefficient": 0.0, "node_path_length": 1.0}, "{TIFFReadDirEntryCheckRangeLongSshort}": {"node_degree": [0, 2, 2], "macke_bug_chain_length": 1, "macke_vulnerabilities_found": 1, "faulty": false, "distance_to_interface": 5, "clustering_coefficient": 0.0, "node_path_length": 0}, "{TIFFReadDirEntryLong8Array}": {"node_degree": [11, 2, 13], "macke_bug_chain_length": 0, "macke_vulnerabilities_found": 0, "faulty": false, "distance_to_interface": 3, "clustering_coefficient": 0.07692307692307693, "node_path_length": 1.0}, "{TIFFReadDirEntryIfd8Array}": {"node_degree": [5, 1, 6], "macke_bug_chain_length": 0, "macke_vulnerabilities_found": 0, "faulty": false, "distance_to_interface": 4, "clustering_coefficient": 0.26666666666666666, "node_path_length": 1.0}, "{TIFFFreeDirectory}": {"node_degree": [1, 3, 4], "macke_bug_chain_length": 0, "macke_vulnerabilities_found": 0, "faulty": false, "distance_to_interface": 1, "clustering_coefficient": 0.5, "node_path_length": 1.0}, "{TIFFReadDirEntryDouble}": {"node_degree": [12, 1, 13], "macke_bug_chain_length": 1, "macke_vulnerabilities_found": 1, "faulty": false, "distance_to_interface": 4, "clustering_coefficient": 0.0, "node_path_length": 1.0}, "{TIFFSwabArrayOfLong8}": {"node_degree": [1, 6, 7], "macke_bug_chain_length": 0, "macke_vulnerabilities_found": 0, "faulty": false, "distance_to_interface": 1, "clustering_coefficient": 0.0, "node_path_length": 1.0}, "{_TIFFmemcpy}": {"node_degree": [1, 6, 7], "macke_bug_chain_length": 0, "macke_vulnerabilities_found": 0, "faulty": false, "distance_to_interface": 1, "clustering_coefficient": 0.14285714285714285, "node_path_length": 0}, "{TIFFReadDirEntryArray}": {"node_degree": [8, 11, 19], "macke_bug_chain_length": 0, "macke_vulnerabilities_found": 0, "faulty": false, "distance_to_interface": 5, "clustering_coefficient": 0.19883040935672514, "node_path_length": 1.0}, "{TIFFReadDirEntryCheckRangeByteLong8}": {"node_degree": [0, 2, 2], "macke_bug_chain_length": 1, "macke_vulnerabilities_found": 1, "faulty": false, "distance_to_interface": 5, "clustering_coefficient": 0.0, "node_path_length": 0}, "{external node}": {"node_degree": [37, 0, 37], "macke_bug_chain_length": 0, "macke_vulnerabilities_found": 0, "faulty": false, "distance_to_interface": 0, "clustering_coefficient": 0.042042042042042045, "node_path_length": 0}, "{_TIFFGetExifFields}": {"node_degree": [1, 2, 3], "macke_bug_chain_length": 0, "macke_vulnerabilities_found": 0, "faulty": false, "distance_to_interface": 1, "clustering_coefficient": 0.3333333333333333, "node_path_length": 1.0}, "{TIFFReadDirEntryLong}": {"node_degree": [13, 1, 14], "macke_bug_chain_length": 1, "macke_vulnerabilities_found": 1, "faulty": false, "distance_to_interface": 4, "clustering_coefficient": 0.0, "node_path_length": 1.0}, "{TIFFReadDirEntryCheckRangeSlong8Long8}": {"node_degree": [0, 1, 1], "macke_bug_chain_length": 1, "macke_vulnerabilities_found": 1, "faulty": false, "distance_to_interface": 5, "clustering_coefficient": 0, "node_path_length": 0}, "{__assert_fail}": {"node_degree": [1, 9, 10], "macke_bug_chain_length": 0, "macke_vulnerabilities_found": 0, "faulty": false, "distance_to_interface": 1, "clustering_coefficient": 0.28888888888888886, "node_path_length": 1.0}, "{TIFFReadDirEntryCheckRangeByteSbyte}": {"node_degree": [0, 2, 2], "macke_bug_chain_length": 1, "macke_vulnerabilities_found": 1, "faulty": false, "distance_to_interface": 5, "clustering_coefficient": 0.0, "node_path_length": 0}, "{TIFFSwabLong}": {"node_degree": [1, 23, 24], "macke_bug_chain_length": 0, "macke_vulnerabilities_found": 0, "faulty": false, "distance_to_interface": 1, "clustering_coefficient": 0.043478260869565216, "node_path_length": 1.0}, "{TIFFSwabArrayOfShort}": {"node_degree": [1, 3, 4], "macke_bug_chain_length": 0, "macke_vulnerabilities_found": 0, "faulty": false, "distance_to_interface": 1, "clustering_coefficient": 0.0, "node_path_length": 1.0}, "{TIFFReadDirEntryCheckedLong}": {"node_degree": [1, 7, 8], "macke_bug_chain_length": 1, "macke_vulnerabilities_found": 1, "faulty": false, "distance_to_interface": 5, "clustering_coefficient": 0.0, "node_path_length": 1.0}, "{TIFFReadDirEntryFloatArray}": {"node_degree": [8, 1, 9], "macke_bug_chain_length": 0, "macke_vulnerabilities_found": 0, "faulty": false, "distance_to_interface": 4, "clustering_coefficient": 0.1388888888888889, "node_path_length": 1.0833333333333333}, "{TIFFSwabArrayOfLong}": {"node_degree": [1, 8, 9], "macke_bug_chain_length": 0, "macke_vulnerabilities_found": 0, "faulty": false, "distance_to_interface": 1, "clustering_coefficient": 0.0, "node_path_length": 1.0}, "{TIFFReadDirEntryCheckRangeSbyteLong}": {"node_degree": [0, 1, 1], "macke_bug_chain_length": 1, "macke_vulnerabilities_found": 1, "faulty": false, "distance_to_interface": 5, "clustering_coefficient": 0, "node_path_length": 0}, "{TIFFReadDirEntryCheckRangeByteSlong8}": {"node_degree": [0, 2, 2], "macke_bug_chain_length": 1, "macke_vulnerabilities_found": 1, "faulty": false, "distance_to_interface": 5, "clustering_coefficient": 0.0, "node_path_length": 0}, "{TIFFScanlineSize}": {"node_degree": [1, 2, 3], "macke_bug_chain_length": 0, "macke_vulnerabilities_found": 0, "faulty": false, "distance_to_interface": 1, "clustering_coefficient": 0.6666666666666666, "node_path_length": 1.0}, "{TIFFReadDirEntryCheckRangeLongSbyte}": {"node_degree": [0, 2, 2], "macke_bug_chain_length": 1, "macke_vulnerabilities_found": 1, "faulty": false, "distance_to_interface": 5, "clustering_coefficient": 0.0, "node_path_length": 0}, "{TIFFReadDirectoryFindFieldInfo}": {"node_degree": [0, 3, 3], "macke_bug_chain_length": 3, "macke_vulnerabilities_found": 1, "faulty": false, "distance_to_interface": 2, "clustering_coefficient": 0.6666666666666666, "node_path_length": 0}, "{_TIFFFillStriles}": {"node_degree": [1, 2, 3], "macke_bug_chain_length": 1, "macke_vulnerabilities_found": 1, "faulty": false, "distance_to_interface": 1, "clustering_coefficient": 0.3333333333333333, "node_path_length": 1.0}, "{TIFFReadDirEntryPersampleShort}": {"node_degree": [2, 1, 3], "macke_bug_chain_length": 1, "macke_vulnerabilities_found": 1, "faulty": false, "distance_to_interface": 2, "clustering_coefficient": 1.0, "node_path_length": 1.0}, "{TIFFReadDirEntryCheckedSshort}": {"node_degree": [1, 6, 7], "macke_bug_chain_length": 1, "macke_vulnerabilities_found": 1, "faulty": false, "distance_to_interface": 5, "clustering_coefficient": 0.0, "node_path_length": 1.0}, "{TIFFReadDirEntryCheckRangeSshortLong}": {"node_degree": [0, 1, 1], "macke_bug_chain_length": 1, "macke_vulnerabilities_found": 1, "faulty": false, "distance_to_interface": 5, "clustering_coefficient": 0, "node_path_length": 0}, "{TIFFFetchDirectory}": {"node_degree": [10, 2, 12], "macke_bug_chain_length": 0, "macke_vulnerabilities_found": 0, "faulty": false, "distance_to_interface": 2, "clustering_coefficient": 0.22727272727272727, "node_path_length": 1.1}, "{TIFFReadDirEntryCheckRangeSlongLong}": {"node_degree": [0, 1, 1], "macke_bug_chain_length": 1, "macke_vulnerabilities_found": 1, "faulty": false, "distance_to_interface": 5, "clustering_coefficient": 0, "node_path_length": 0}, "{TIFFReadDirEntryCheckRangeSbyteLong8}": {"node_degree": [0, 1, 1], "macke_bug_chain_length": 1, "macke_vulnerabilities_found": 1, "faulty": false, "distance_to_interface": 5, "clustering_coefficient": 0, "node_path_length": 0}, "{TIFFReadDirEntryCheckRangeSbyteSshort}": {"node_degree": [0, 1, 1], "macke_bug_chain_length": 1, "macke_vulnerabilities_found": 1, "faulty": false, "distance_to_interface": 5, "clustering_coefficient": 0, "node_path_length": 0}, "{TIFFTileSize}": {"node_degree": [1, 2, 3], "macke_bug_chain_length": 0, "macke_vulnerabilities_found": 0, "faulty": false, "distance_to_interface": 1, "clustering_coefficient": 0.6666666666666666, "node_path_length": 1.0}, "{TIFFReadDirEntryCheckRangeSshortSlong8}": {"node_degree": [0, 1, 1], "macke_bug_chain_length": 1, "macke_vulnerabilities_found": 1, "faulty": false, "distance_to_interface": 5, "clustering_coefficient": 0, "node_path_length": 0}, "{_TIFFmemset}": {"node_degree": [1, 3, 4], "macke_bug_chain_length": 0, "macke_vulnerabilities_found": 0, "faulty": false, "distance_to_interface": 1, "clustering_coefficient": 0.16666666666666666, "node_path_length": 1.0}, "{MissingRequired}": {"node_degree": [1, 1, 2], "macke_bug_chain_length": 1, "macke_vulnerabilities_found": 1, "faulty": false, "distance_to_interface": 2, "clustering_coefficient": 1.0, "node_path_length": 1.0}, "{TIFFReadDirEntryCheckRangeSlongSlong8}": {"node_degree": [0, 1, 1], "macke_bug_chain_length": 1, "macke_vulnerabilities_found": 1, "faulty": false, "distance_to_interface": 5, "clustering_coefficient": 0, "node_path_length": 0}, "{_TIFFCreateAnonField}": {"node_degree": [1, 3, 4], "macke_bug_chain_length": 0, "macke_vulnerabilities_found": 0, "faulty": false, "distance_to_interface": 1, "clustering_coefficient": 0.5, "node_path_length": 1.0}, "{TIFFReadDirEntryCheckRangeSshortShort}": {"node_degree": [0, 1, 1], "macke_bug_chain_length": 1, "macke_vulnerabilities_found": 1, "faulty": false, "distance_to_interface": 5, "clustering_coefficient": 0, "node_path_length": 0}, "{TIFFReadDirEntryCheckRangeSshortSlong}": {"node_degree": [0, 1, 1], "macke_bug_chain_length": 1, "macke_vulnerabilities_found": 1, "faulty": false, "distance_to_interface": 5, "clustering_coefficient": 0, "node_path_length": 0}, "{llvm.dbg.declare}": {"node_degree": [0, 1, 1], "macke_bug_chain_length": 0, "macke_vulnerabilities_found": 0, "faulty": false, "distance_to_interface": 1, "clustering_coefficient": 0, "node_path_length": 0}, "{TIFFReadDirEntryLong8}": {"node_degree": [12, 1, 13], "macke_bug_chain_length": 1, "macke_vulnerabilities_found": 1, "faulty": true, "cvss3": {"baseScore": 6.5, "confidentialityImpact": "NONE", "scope": "UNCHANGED", "attackComplexity": "LOW", "integrityImpact": "NONE", "attackVector": "NETWORK", "vectorString": "AV:N/AC:L/PR:N/UI:R/S:U/C:N/I:N/A:H", "availabilityImpact": "HIGH", "privilegesRequired": "NONE", "baseSeverity": "MEDIUM", "userInteraction": "REQUIRED"}, "distance_to_interface": 4, "clustering_coefficient": 0.0, "node_path_length": 1.0}, "{TIFFReadUInt64}": {"node_degree": [0, 1, 1], "macke_bug_chain_length": 1, "macke_vulnerabilities_found": 1, "faulty": false, "distance_to_interface": 4, "clustering_coefficient": 0, "node_path_length": 0}, "{_TIFFmalloc}": {"node_degree": [1, 13, 14], "macke_bug_chain_length": 0, "macke_vulnerabilities_found": 0, "faulty": false, "distance_to_interface": 1, "clustering_coefficient": 0.12087912087912088, "node_path_length": 0}, "{TIFFWarningExt}": {"node_degree": [1, 7, 8], "macke_bug_chain_length": 0, "macke_vulnerabilities_found": 0, "faulty": false, "distance_to_interface": 1, "clustering_coefficient": 0.35714285714285715, "node_path_length": 0}, "{TIFFReadDirEntrySbyteArray}": {"node_degree": [13, 1, 14], "macke_bug_chain_length": 0, "macke_vulnerabilities_found": 0, "faulty": false, "distance_to_interface": 4, "clustering_coefficient": 0.054945054945054944, "node_path_length": 1.0}, "{TIFFReadDirEntryIfd8}": {"node_degree": [2, 1, 3], "macke_bug_chain_length": 1, "macke_vulnerabilities_found": 1, "faulty": false, "distance_to_interface": 4, "clustering_coefficient": 0.0, "node_path_length": 1.0}, "{TIFFReadDirEntryCheckedLong8}": {"node_degree": [3, 7, 10], "macke_bug_chain_length": 1, "macke_vulnerabilities_found": 1, "faulty": false, "distance_to_interface": 5, "clustering_coefficient": 0.0, "node_path_length": 1.0}, "{TIFFReadDirEntryCheckRangeByteSshort}": {"node_degree": [0, 2, 2], "macke_bug_chain_length": 1, "macke_vulnerabilities_found": 1, "faulty": false, "distance_to_interface": 5, "clustering_coefficient": 0.0, "node_path_length": 0}}