{"directed": true, "graph": {"node": {"shape": "", "label": "Call graph"}, "graph": {"label": "Call graph"}, "edge": {}, "name": "Call graph"}, "nodes": [{"shape": "record", "id": "Node0x20c8b10", "label": "{_TIFFCheckRealloc}"}, {"shape": "record", "id": "Node0x20cb390", "label": "{TIFFReadDirEntryCheckedLong}"}, {"shape": "record", "id": "Node0x1f84be0", "label": "{TIFFSetField}"}, {"shape": "record", "id": "Node0x20d2580", "label": "{TIFFReadDirEntryCheckRangeSlongLong}"}, {"shape": "record", "id": "Node0x20c8e80", "label": "{TIFFReadDirEntryByteArray}"}, {"shape": "record", "id": "Node0x20cf0e0", "label": "{TIFFReadDirEntryCheckRangeByteSlong}"}, {"shape": "record", "id": "Node0x1f908e0", "label": "{ChopUpSingleUncompressedStrip}"}, {"shape": "record", "id": "Node0x1f90310", "label": "{__assert_fail}"}, {"shape": "record", "id": "Node0x20c8a80", "label": "{TIFFReadDirEntryByte}"}, {"shape": "record", "id": "Node0x20ca430", "label": "{TIFFReadDirEntryFloatArray}"}, {"shape": "record", "id": "Node0x20d26c0", "label": "{TIFFReadDirEntryCheckRangeSshortSlong}"}, {"shape": "record", "id": "Node0x20d0b20", "label": "{TIFFReadDirEntryCheckRangeByteSlong8}"}, {"shape": "record", "id": "Node0x20c8900", "label": "{TIFFNumberOfTiles}"}, {"shape": "record", "id": "Node0x20cbff0", "label": "{TIFFDataWidth}"}, {"shape": "record", "id": "Node0x20cf2a0", "label": "{TIFFReadDirEntryCheckRangeLongLong8}"}, {"shape": "record", "id": "Node0x20ca200", "label": "{TIFFReadDirEntryLong8}"}, {"shape": "record", "id": "Node0x1f90720", "label": "{TIFFFetchStripThing}"}, {"shape": "record", "id": "Node0x20cb980", "label": "{TIFFReadDirEntryArray}"}, {"shape": "record", "id": "Node0x20cb010", "label": "{TIFFReadDirEntryCheckedSbyte}"}, {"shape": "record", "id": "Node0x20d2510", "label": "{TIFFReadDirEntryCheckRangeSbyteSlong}"}, {"shape": "record", "id": "Node0x20cc710", "label": "{_TIFFGetExifFields}"}, {"shape": "record", "id": "Node0x20cf310", "label": "{TIFFReadDirEntryCheckRangeLongSlong8}"}, {"shape": "record", "id": "Node0x20cb1a0", "label": "{TIFFReadDirEntryCheckedShort}"}, {"shape": "record", "id": "Node0x1f90a10", "label": "{_TIFFCreateAnonField}"}, {"shape": "record", "id": "Node0x20c8fe0", "label": "{_TIFFFillStrilesInternal}"}, {"shape": "record", "id": "Node0x20d1e40", "label": "{TIFFReadDirEntryCheckRangeSbyteLong}"}, {"shape": "record", "id": "Node0x20ca350", "label": "{TIFFReadDirEntryIfd8}"}, {"shape": "record", "id": "Node0x1f84000", "label": "{external node}"}, {"shape": "record", "id": "Node0x20cfb10", "label": "{TIFFReadDirEntryCheckRangeLong8Slong8}"}, {"shape": "record", "id": "Node0x20ca2e0", "label": "{TIFFReadDirEntryDouble}"}, {"shape": "record", "id": "Node0x20caf70", "label": "{TIFFReadDirEntryCheckedByte}"}, {"shape": "record", "id": "Node0x20ca3c0", "label": "{TIFFReadDirEntryLongArray}"}, {"shape": "record", "id": "Node0x20cbe80", "label": "{TIFFSwabArrayOfLong}"}, {"shape": "record", "id": "Node0x20d3360", "label": "{TIFFReadDirEntryCheckRangeSlongSlong8}"}, {"shape": "record", "id": "Node0x1f902a0", "label": "{_TIFFMergeFields}"}, {"shape": "record", "id": "Node0x1f90790", "label": "{TIFFReadDirEntryShortArray}"}, {"shape": "record", "id": "Node0x20cb730", "label": "{TIFFReadDirEntryCheckedSlong8}"}, {"shape": "record", "id": "Node0x20c8d40", "label": "{TIFFSwabLong}"}, {"shape": "record", "id": "Node0x1f849f0", "label": "{TIFFErrorExt}"}, {"shape": "record", "id": "Node0x1f84a60", "label": "{TIFFReadDirectoryCheckOrder}"}, {"shape": "record", "id": "Node0x1f906b0", "label": "{_TIFFfree}"}, {"shape": "record", "id": "Node0x21bac80", "label": "{TIFFSwabShort}"}, {"id": "Node0x1f84030"}, {"shape": "record", "id": "Node0x20cb2f0", "label": "{TIFFReadDirEntryCheckedLong8}"}, {"shape": "record", "id": "Node0x20cb320", "label": "{TIFFReadDirEntryCheckRangeShortLong8}"}, {"shape": "record", "id": "Node0x20cfbf0", "label": "{TIFFReadDirEntryCheckRangeLong8Sshort}"}, {"shape": "record", "id": "Node0x1f90380", "label": "{_TIFFFillStriles}"}, {"shape": "record", "id": "Node0x20caf00", "label": "{TIFFReadDirEntrySlong8Array}"}, {"shape": "record", "id": "Node0x20cfb80", "label": "{TIFFReadDirEntryCheckRangeLong8Sbyte}"}, {"shape": "record", "id": "Node0x20cf230", "label": "{TIFFReadDirEntryCheckRangeLongSshort}"}, {"shape": "record", "id": "Node0x20cb400", "label": "{TIFFReadDirEntryCheckRangeShortLong}"}, {"shape": "record", "id": "Node0x20cadb0", "label": "{TIFFReadDirEntrySbyteArray}"}, {"shape": "record", "id": "Node0x20d0020", "label": "{TIFFReadDirEntryCheckRangeLongSbyte}"}, {"shape": "record", "id": "Node0x20d27b0", "label": "{TIFFReadDirEntryCheckRangeSbyteLong8}"}, {"shape": "record", "id": "Node0x20d1510", "label": "{TIFFReadDirEntryCheckedDouble}"}, {"shape": "record", "id": "Node0x20cc290", "label": "{TIFFVTileSize64}"}, {"shape": "record", "id": "Node0x20cfff0", "label": "{TIFFReadDirEntryCheckRangeByteSbyte}"}, {"shape": "record", "id": "Node0x20cf3b0", "label": "{TIFFReadDirEntryCheckRangeByteLong}"}, {"shape": "record", "id": "Node0x20cbee0", "label": "{_TIFFmemset}"}, {"shape": "record", "id": "Node0x20cf340", "label": "{TIFFReadDirEntryCheckedRational}"}, {"shape": "record", "id": "Node0x20cbfc0", "label": "{TIFFSwabArrayOfShort}"}, {"shape": "record", "id": "Node0x20cae90", "label": "{TIFFReadDirEntrySlongArray}"}, {"shape": "record", "id": "Node0x1f90560", "label": "{TIFFReadDirectoryFindFieldInfo}"}, {"shape": "record", "id": "Node0x21bad20", "label": "{TIFFFetchDirectory}"}, {"shape": "record", "id": "Node0x21bacf0", "label": "{TIFFCheckDirOffset}"}, {"shape": "record", "id": "Node0x20d1540", "label": "{TIFFReadDirEntryCheckRangeSbyteShort}"}, {"shape": "record", "id": "Node0x20d11b0", "label": "{TIFFReadDirEntryCheckRangeLongSlong}"}, {"shape": "record", "id": "Node0x1f905d0", "label": "{TIFFFieldWithTag}"}, {"shape": "record", "id": "Node0x1f84b70", "label": "{TIFFReadDirEntryPersampleShort}"}, {"shape": "record", "id": "Node0x20d2e70", "label": "{TIFFReadDirEntryCheckRangeSshortSlong8}"}, {"shape": "record", "id": "Node0x20cf560", "label": "{TIFFReadDirEntryData}"}, {"shape": "record", "id": "Node0x20d3390", "label": "{TIFFReadDirEntryCheckRangeSlong8Long8}"}, {"shape": "record", "id": "Node0x20c8df0", "label": "{TIFFReadUInt64}"}, {"shape": "record", "id": "Node0x20d2650", "label": "{TIFFReadDirEntryCheckRangeSshortLong}"}, {"shape": "record", "id": "Node0x20c8cd0", "label": "{_TIFFCheckMalloc}"}, {"shape": "record", "id": "Node0x20cb110", "label": "{TIFFReadDirEntryCheckRangeShortSshort}"}, {"shape": "record", "id": "Node0x20d14a0", "label": "{TIFFReadDirEntryCheckedFloat}"}, {"shape": "record", "id": "Node0x20cbc70", "label": "{TIFFReadCustomDirectory}"}, {"shape": "record", "id": "Node0x1f90640", "label": "{TIFFReadDirEntryDoubleArray}"}, {"shape": "record", "id": "Node0x20c8c60", "label": "{TIFFSwabLong8}"}, {"shape": "record", "id": "Node0x20cbd10", "label": "{CheckDirCount}"}, {"shape": "record", "id": "Node0x20c8a50", "label": "{llvm.dbg.declare}"}, {"shape": "record", "id": "Node0x20c8890", "label": "{TIFFNumberOfStrips}"}, {"shape": "record", "id": "Node0x20d1430", "label": "{TIFFReadDirEntryCheckedSrational}"}, {"shape": "record", "id": "Node0x20cbf50", "label": "{TIFFTileSize64}"}, {"shape": "record", "id": "Node0x20d1d60", "label": "{TIFFReadDirEntryCheckRangeSbyteByte}"}, {"shape": "record", "id": "Node0x20cbe50", "label": "{TIFFSwabArrayOfLong8}"}, {"shape": "record", "id": "Node0x1f909a0", "label": "{TIFFWarningExt}"}, {"shape": "record", "id": "Node0x1f90950", "label": "{TIFFScanlineSize}"}, {"shape": "record", "id": "Node0x20cb210", "label": "{TIFFReadDirEntryCheckedSshort}"}, {"shape": "record", "id": "Node0x1f84960", "label": "{TIFFDefaultDirectory}"}, {"shape": "record", "id": "Node0x21bae20", "label": "{TIFFFreeDirectory}"}, {"shape": "record", "id": "Node0x20c90d0", "label": "{_TIFFmalloc}"}, {"shape": "record", "id": "Node0x20cb7a0", "label": "{TIFFReadDirEntryCheckRangeShortSlong8}"}, {"shape": "record", "id": "Node0x1f904f0", "label": "{TIFFReadDirEntryOutputErr}"}, {"shape": "record", "id": "Node0x20cafa0", "label": "{TIFFReadDirEntryCheckRangeShortSbyte}"}, {"shape": "record", "id": "Node0x1f90230", "label": "{TIFFReadDirectoryFindEntry}"}, {"shape": "record", "id": "Node0x20ca510", "label": "{TIFFReadDirEntryIfd8Array}"}, {"shape": "record", "id": "Node0x20cfc60", "label": "{TIFFReadDirEntryCheckRangeLong8Slong}"}, {"shape": "record", "id": "Node0x20d0ab0", "label": "{TIFFReadDirEntryCheckRangeByteLong8}"}, {"shape": "record", "id": "Node0x20d32f0", "label": "{TIFFReadDirEntryCheckRangeSlongLong8}"}, {"shape": "record", "id": "Node0x20cae20", "label": "{TIFFReadDirEntrySshortArray}"}, {"shape": "record", "id": "Node0x20ca190", "label": "{TIFFReadDirEntryLong}"}, {"shape": "record", "id": "Node0x20d1e10", "label": "{TIFFReadDirEntryCheckRangeSbyteSshort}"}, {"shape": "record", "id": "Node0x20cc6a0", "label": "{TIFFFetchSubjectDistance}"}, {"shape": "record", "id": "Node0x1f903f0", "label": "{MissingRequired}"}, {"shape": "record", "id": "Node0x20cf170", "label": "{TIFFReadDirEntryCheckRangeByteSshort}"}, {"shape": "record", "id": "Node0x20d2820", "label": "{TIFFReadDirEntryCheckRangeSbyteSlong8}"}, {"shape": "record", "id": "Node0x20cb280", "label": "{TIFFReadDirEntryCheckRangeShortSlong}"}, {"shape": "record", "id": "Node0x21bac50", "label": "{TIFFReadDirectory}"}, {"shape": "record", "id": "Node0x1f84ad0", "label": "{TIFFFetchNormalTag}"}, {"shape": "record", "id": "Node0x20cff80", "label": "{TIFFReadDirEntryCheckRangeByteShort}"}, {"shape": "record", "id": "Node0x20d2730", "label": "{TIFFReadDirEntryCheckRangeSshortLong8}"}, {"shape": "record", "id": "Node0x1f84b40", "label": "{TIFFReadDirEntryShort}"}, {"shape": "record", "id": "Node0x20ca270", "label": "{TIFFReadDirEntryFloat}"}, {"shape": "record", "id": "Node0x20cbce0", "label": "{_TIFFSetupFields}"}, {"shape": "record", "id": "Node0x1f90800", "label": "{EstimateStripByteCounts}"}, {"shape": "record", "id": "Node0x20cf410", "label": "{TIFFReadEXIFDirectory}"}, {"shape": "record", "id": "Node0x20d19b0", "label": "{TIFFReadDirEntryCheckRangeSshortShort}"}, {"shape": "record", "id": "Node0x20c89e0", "label": "{TIFFStripSize}"}, {"shape": "record", "id": "Node0x20c8970", "label": "{TIFFTileSize}"}, {"shape": "record", "id": "Node0x1f90870", "label": "{TIFFScanlineSize64}"}, {"shape": "record", "id": "Node0x20cb470", "label": "{TIFFReadDirEntryCheckedSlong}"}, {"shape": "record", "id": "Node0x20c8d80", "label": "{_TIFFmemcpy}"}, {"shape": "record", "id": "Node0x20ca4a0", "label": "{TIFFReadDirEntryLong8Array}"}], "links": [{"source": "Node0x20c8b10", "target": "Node0x1f84030", "key": 0}, {"source": "Node0x20cb390", "target": "Node0x20c8d40", "key": 0}, {"source": "Node0x1f84be0", "target": "Node0x1f84030", "key": 0}, {"source": "Node0x20c8e80", "target": "Node0x20cff80", "key": 0}, {"source": "Node0x20c8e80", "target": "Node0x20c8c60", "key": 0}, {"source": "Node0x20c8e80", "target": "Node0x20c8c60", "key": 1}, {"source": "Node0x20c8e80", "target": "Node0x20cf3b0", "key": 0}, {"source": "Node0x20c8e80", "target": "Node0x20cf0e0", "key": 0}, {"source": "Node0x20c8e80", "target": "Node0x20c8d40", "key": 0}, {"source": "Node0x20c8e80", "target": "Node0x20c8d40", "key": 1}, {"source": "Node0x20c8e80", "target": "Node0x20cb980", "key": 0}, {"source": "Node0x20c8e80", "target": "Node0x20d0ab0", "key": 0}, {"source": "Node0x20c8e80", "target": "Node0x20d0b20", "key": 0}, {"source": "Node0x20c8e80", "target": "Node0x20cfff0", "key": 0}, {"source": "Node0x20c8e80", "target": "Node0x20cf170", "key": 0}, {"source": "Node0x20c8e80", "target": "Node0x1f906b0", "key": 0}, {"source": "Node0x20c8e80", "target": "Node0x1f906b0", "key": 1}, {"source": "Node0x20c8e80", "target": "Node0x1f906b0", "key": 2}, {"source": "Node0x20c8e80", "target": "Node0x1f906b0", "key": 3}, {"source": "Node0x20c8e80", "target": "Node0x20c90d0", "key": 0}, {"source": "Node0x20c8e80", "target": "Node0x21bac80", "key": 0}, {"source": "Node0x20c8e80", "target": "Node0x21bac80", "key": 1}, {"source": "Node0x1f908e0", "target": "Node0x1f90310", "key": 0}, {"source": "Node0x1f908e0", "target": "Node0x20c8cd0", "key": 0}, {"source": "Node0x1f908e0", "target": "Node0x20c8cd0", "key": 1}, {"source": "Node0x1f908e0", "target": "Node0x1f84be0", "key": 0}, {"source": "Node0x1f908e0", "target": "Node0x20cc290", "key": 0}, {"source": "Node0x1f908e0", "target": "Node0x1f906b0", "key": 0}, {"source": "Node0x1f908e0", "target": "Node0x1f906b0", "key": 1}, {"source": "Node0x1f908e0", "target": "Node0x1f906b0", "key": 2}, {"source": "Node0x1f908e0", "target": "Node0x1f906b0", "key": 3}, {"source": "Node0x1f90310", "target": "Node0x1f84030", "key": 0}, {"source": "Node0x20c8a80", "target": "Node0x20cff80", "key": 0}, {"source": "Node0x20c8a80", "target": "Node0x20cf0e0", "key": 0}, {"source": "Node0x20c8a80", "target": "Node0x20cb390", "key": 0}, {"source": "Node0x20c8a80", "target": "Node0x20cf3b0", "key": 0}, {"source": "Node0x20c8a80", "target": "Node0x20cb1a0", "key": 0}, {"source": "Node0x20c8a80", "target": "Node0x20cb2f0", "key": 0}, {"source": "Node0x20c8a80", "target": "Node0x20cb470", "key": 0}, {"source": "Node0x20c8a80", "target": "Node0x20cb210", "key": 0}, {"source": "Node0x20c8a80", "target": "Node0x20d0ab0", "key": 0}, {"source": "Node0x20c8a80", "target": "Node0x20cb010", "key": 0}, {"source": "Node0x20c8a80", "target": "Node0x20caf70", "key": 0}, {"source": "Node0x20c8a80", "target": "Node0x20cf170", "key": 0}, {"source": "Node0x20c8a80", "target": "Node0x20cb730", "key": 0}, {"source": "Node0x20c8a80", "target": "Node0x20d0b20", "key": 0}, {"source": "Node0x20c8a80", "target": "Node0x20cfff0", "key": 0}, {"source": "Node0x20ca430", "target": "Node0x20c8c60", "key": 0}, {"source": "Node0x20ca430", "target": "Node0x20c8c60", "key": 1}, {"source": "Node0x20ca430", "target": "Node0x20cb980", "key": 0}, {"source": "Node0x20ca430", "target": "Node0x20c8d40", "key": 0}, {"source": "Node0x20ca430", "target": "Node0x20c8d40", "key": 1}, {"source": "Node0x20ca430", "target": "Node0x20c8d40", "key": 2}, {"source": "Node0x20ca430", "target": "Node0x20c8d40", "key": 3}, {"source": "Node0x20ca430", "target": "Node0x20c8d40", "key": 4}, {"source": "Node0x20ca430", "target": "Node0x20c8d40", "key": 5}, {"source": "Node0x20ca430", "target": "Node0x1f906b0", "key": 0}, {"source": "Node0x20ca430", "target": "Node0x1f906b0", "key": 1}, {"source": "Node0x20ca430", "target": "Node0x20cbe50", "key": 0}, {"source": "Node0x20ca430", "target": "Node0x20cbe80", "key": 0}, {"source": "Node0x20ca430", "target": "Node0x20c90d0", "key": 0}, {"source": "Node0x20ca430", "target": "Node0x21bac80", "key": 0}, {"source": "Node0x20ca430", "target": "Node0x21bac80", "key": 1}, {"source": "Node0x20c8900", "target": "Node0x1f84030", "key": 0}, {"source": "Node0x20cbff0", "target": "Node0x1f84030", "key": 0}, {"source": "Node0x20ca200", "target": "Node0x20cb390", "key": 0}, {"source": "Node0x20ca200", "target": "Node0x20cfb10", "key": 0}, {"source": "Node0x20ca200", "target": "Node0x20cb1a0", "key": 0}, {"source": "Node0x20ca200", "target": "Node0x20cb2f0", "key": 0}, {"source": "Node0x20ca200", "target": "Node0x20cb470", "key": 0}, {"source": "Node0x20ca200", "target": "Node0x20cfb80", "key": 0}, {"source": "Node0x20ca200", "target": "Node0x20cfbf0", "key": 0}, {"source": "Node0x20ca200", "target": "Node0x20cb210", "key": 0}, {"source": "Node0x20ca200", "target": "Node0x20cb010", "key": 0}, {"source": "Node0x20ca200", "target": "Node0x20caf70", "key": 0}, {"source": "Node0x20ca200", "target": "Node0x20cfc60", "key": 0}, {"source": "Node0x20ca200", "target": "Node0x20cb730", "key": 0}, {"source": "Node0x1f90720", "target": "Node0x1f904f0", "key": 0}, {"source": "Node0x1f90720", "target": "Node0x20cbee0", "key": 0}, {"source": "Node0x1f90720", "target": "Node0x20ca4a0", "key": 0}, {"source": "Node0x1f90720", "target": "Node0x1f905d0", "key": 0}, {"source": "Node0x1f90720", "target": "Node0x20c8cd0", "key": 0}, {"source": "Node0x1f90720", "target": "Node0x1f906b0", "key": 0}, {"source": "Node0x1f90720", "target": "Node0x1f906b0", "key": 1}, {"source": "Node0x1f90720", "target": "Node0x20c8d80", "key": 0}, {"source": "Node0x1f90720", "target": "Node0x20c8d80", "key": 1}, {"source": "Node0x20cb980", "target": "Node0x20c8c60", "key": 0}, {"source": "Node0x20cb980", "target": "Node0x20cbff0", "key": 0}, {"source": "Node0x20cb980", "target": "Node0x20c8d40", "key": 0}, {"source": "Node0x20cb980", "target": "Node0x1f90310", "key": 0}, {"source": "Node0x20cb980", "target": "Node0x20c8cd0", "key": 0}, {"source": "Node0x20cb980", "target": "Node0x1f906b0", "key": 0}, {"source": "Node0x20cb980", "target": "Node0x1f906b0", "key": 1}, {"source": "Node0x20cb980", "target": "Node0x20cf560", "key": 0}, {"source": "Node0x20cb980", "target": "Node0x20cf560", "key": 1}, {"source": "Node0x20cb980", "target": "Node0x20c8d80", "key": 0}, {"source": "Node0x20cb980", "target": "Node0x20c8d80", "key": 1}, {"source": "Node0x20cc710", "target": "Node0x1f84030", "key": 0}, {"source": "Node0x20cb1a0", "target": "Node0x21bac80", "key": 0}, {"source": "Node0x1f90a10", "target": "Node0x1f84030", "key": 0}, {"source": "Node0x20ca350", "target": "Node0x20cb390", "key": 0}, {"source": "Node0x20ca350", "target": "Node0x20cb2f0", "key": 0}, {"source": "Node0x1f84000", "target": "Node0x20c8b10", "key": 0}, {"source": "Node0x1f84000", "target": "Node0x1f84be0", "key": 0}, {"source": "Node0x1f84000", "target": "Node0x20c8d40", "key": 0}, {"source": "Node0x1f84000", "target": "Node0x1f849f0", "key": 0}, {"source": "Node0x1f84000", "target": "Node0x1f90310", "key": 0}, {"source": "Node0x1f84000", "target": "Node0x1f905d0", "key": 0}, {"source": "Node0x1f84000", "target": "Node0x1f906b0", "key": 0}, {"source": "Node0x1f84000", "target": "Node0x21bac80", "key": 0}, {"source": "Node0x1f84000", "target": "Node0x20c8900", "key": 0}, {"source": "Node0x1f84000", "target": "Node0x20cbff0", "key": 0}, {"source": "Node0x1f84000", "target": "Node0x1f90870", "key": 0}, {"source": "Node0x1f84000", "target": "Node0x1f90380", "key": 0}, {"source": "Node0x1f84000", "target": "Node0x20c8cd0", "key": 0}, {"source": "Node0x1f84000", "target": "Node0x20cf410", "key": 0}, {"source": "Node0x1f84000", "target": "Node0x20cc710", "key": 0}, {"source": "Node0x1f84000", "target": "Node0x21bac50", "key": 0}, {"source": "Node0x1f84000", "target": "Node0x20cbc70", "key": 0}, {"source": "Node0x1f84000", "target": "Node0x20c8c60", "key": 0}, {"source": "Node0x1f84000", "target": "Node0x1f90a10", "key": 0}, {"source": "Node0x1f84000", "target": "Node0x20c8a50", "key": 0}, {"source": "Node0x1f84000", "target": "Node0x20c8890", "key": 0}, {"source": "Node0x1f84000", "target": "Node0x20cbf50", "key": 0}, {"source": "Node0x1f84000", "target": "Node0x20cbe50", "key": 0}, {"source": "Node0x1f84000", "target": "Node0x20cbce0", "key": 0}, {"source": "Node0x1f84000", "target": "Node0x20cbee0", "key": 0}, {"source": "Node0x1f84000", "target": "Node0x20cc290", "key": 0}, {"source": "Node0x1f84000", "target": "Node0x1f909a0", "key": 0}, {"source": "Node0x1f84000", "target": "Node0x20c89e0", "key": 0}, {"source": "Node0x1f84000", "target": "Node0x1f90950", "key": 0}, {"source": "Node0x1f84000", "target": "Node0x20c8970", "key": 0}, {"source": "Node0x1f84000", "target": "Node0x20cbfc0", "key": 0}, {"source": "Node0x1f84000", "target": "Node0x20cbe80", "key": 0}, {"source": "Node0x1f84000", "target": "Node0x1f84960", "key": 0}, {"source": "Node0x1f84000", "target": "Node0x21bae20", "key": 0}, {"source": "Node0x1f84000", "target": "Node0x20c90d0", "key": 0}, {"source": "Node0x1f84000", "target": "Node0x20c8d80", "key": 0}, {"source": "Node0x1f84000", "target": "Node0x1f902a0", "key": 0}, {"source": "Node0x20ca2e0", "target": "Node0x20cb390", "key": 0}, {"source": "Node0x20ca2e0", "target": "Node0x20cb1a0", "key": 0}, {"source": "Node0x20ca2e0", "target": "Node0x20cb2f0", "key": 0}, {"source": "Node0x20ca2e0", "target": "Node0x20cb470", "key": 0}, {"source": "Node0x20ca2e0", "target": "Node0x20cf340", "key": 0}, {"source": "Node0x20ca2e0", "target": "Node0x20cb210", "key": 0}, {"source": "Node0x20ca2e0", "target": "Node0x20d1430", "key": 0}, {"source": "Node0x20ca2e0", "target": "Node0x20d1510", "key": 0}, {"source": "Node0x20ca2e0", "target": "Node0x20cb010", "key": 0}, {"source": "Node0x20ca2e0", "target": "Node0x20caf70", "key": 0}, {"source": "Node0x20ca2e0", "target": "Node0x20cb730", "key": 0}, {"source": "Node0x20ca2e0", "target": "Node0x20d14a0", "key": 0}, {"source": "Node0x20ca3c0", "target": "Node0x20c8c60", "key": 0}, {"source": "Node0x20ca3c0", "target": "Node0x20c8c60", "key": 1}, {"source": "Node0x20ca3c0", "target": "Node0x20cb980", "key": 0}, {"source": "Node0x20ca3c0", "target": "Node0x20cf310", "key": 0}, {"source": "Node0x20ca3c0", "target": "Node0x20d0020", "key": 0}, {"source": "Node0x20ca3c0", "target": "Node0x20c8d40", "key": 0}, {"source": "Node0x20ca3c0", "target": "Node0x1f906b0", "key": 0}, {"source": "Node0x20ca3c0", "target": "Node0x1f906b0", "key": 1}, {"source": "Node0x20ca3c0", "target": "Node0x1f906b0", "key": 2}, {"source": "Node0x20ca3c0", "target": "Node0x1f906b0", "key": 3}, {"source": "Node0x20ca3c0", "target": "Node0x20cf2a0", "key": 0}, {"source": "Node0x20ca3c0", "target": "Node0x20cf230", "key": 0}, {"source": "Node0x20ca3c0", "target": "Node0x20d11b0", "key": 0}, {"source": "Node0x20ca3c0", "target": "Node0x20cbe80", "key": 0}, {"source": "Node0x20ca3c0", "target": "Node0x20c90d0", "key": 0}, {"source": "Node0x20ca3c0", "target": "Node0x21bac80", "key": 0}, {"source": "Node0x20ca3c0", "target": "Node0x21bac80", "key": 1}, {"source": "Node0x20cbe80", "target": "Node0x1f84030", "key": 0}, {"source": "Node0x1f902a0", "target": "Node0x1f84030", "key": 0}, {"source": "Node0x1f90790", "target": "Node0x20c8c60", "key": 0}, {"source": "Node0x1f90790", "target": "Node0x20c8c60", "key": 1}, {"source": "Node0x1f90790", "target": "Node0x20cafa0", "key": 0}, {"source": "Node0x1f90790", "target": "Node0x20cb320", "key": 0}, {"source": "Node0x1f90790", "target": "Node0x20c8d40", "key": 0}, {"source": "Node0x1f90790", "target": "Node0x20c8d40", "key": 1}, {"source": "Node0x1f90790", "target": "Node0x20cb980", "key": 0}, {"source": "Node0x1f90790", "target": "Node0x20cbfc0", "key": 0}, {"source": "Node0x1f90790", "target": "Node0x20cb110", "key": 0}, {"source": "Node0x1f90790", "target": "Node0x20cb7a0", "key": 0}, {"source": "Node0x1f90790", "target": "Node0x20cb400", "key": 0}, {"source": "Node0x1f90790", "target": "Node0x1f906b0", "key": 0}, {"source": "Node0x1f90790", "target": "Node0x1f906b0", "key": 1}, {"source": "Node0x1f90790", "target": "Node0x1f906b0", "key": 2}, {"source": "Node0x1f90790", "target": "Node0x1f906b0", "key": 3}, {"source": "Node0x1f90790", "target": "Node0x20cb280", "key": 0}, {"source": "Node0x1f90790", "target": "Node0x20c90d0", "key": 0}, {"source": "Node0x1f90790", "target": "Node0x21bac80", "key": 0}, {"source": "Node0x20cb730", "target": "Node0x20c8d40", "key": 0}, {"source": "Node0x20cb730", "target": "Node0x20c8c60", "key": 0}, {"source": "Node0x20cb730", "target": "Node0x20cf560", "key": 0}, {"source": "Node0x20c8d40", "target": "Node0x1f84030", "key": 0}, {"source": "Node0x1f849f0", "target": "Node0x1f84030", "key": 0}, {"source": "Node0x1f84a60", "target": "Node0x1f909a0", "key": 0}, {"source": "Node0x1f906b0", "target": "Node0x1f84030", "key": 0}, {"source": "Node0x21bac80", "target": "Node0x1f84030", "key": 0}, {"source": "Node0x20cb2f0", "target": "Node0x20c8d40", "key": 0}, {"source": "Node0x20cb2f0", "target": "Node0x20c8c60", "key": 0}, {"source": "Node0x20cb2f0", "target": "Node0x20cf560", "key": 0}, {"source": "Node0x1f90380", "target": "Node0x20c8fe0", "key": 0}, {"source": "Node0x20caf00", "target": "Node0x20c8c60", "key": 0}, {"source": "Node0x20caf00", "target": "Node0x20c8d40", "key": 0}, {"source": "Node0x20caf00", "target": "Node0x20c8d40", "key": 1}, {"source": "Node0x20caf00", "target": "Node0x20cb980", "key": 0}, {"source": "Node0x20caf00", "target": "Node0x20cbe50", "key": 0}, {"source": "Node0x20caf00", "target": "Node0x1f906b0", "key": 0}, {"source": "Node0x20caf00", "target": "Node0x1f906b0", "key": 1}, {"source": "Node0x20caf00", "target": "Node0x1f906b0", "key": 2}, {"source": "Node0x20caf00", "target": "Node0x20d3390", "key": 0}, {"source": "Node0x20caf00", "target": "Node0x20c90d0", "key": 0}, {"source": "Node0x20caf00", "target": "Node0x21bac80", "key": 0}, {"source": "Node0x20caf00", "target": "Node0x21bac80", "key": 1}, {"source": "Node0x20cadb0", "target": "Node0x20c8c60", "key": 0}, {"source": "Node0x20cadb0", "target": "Node0x20c8c60", "key": 1}, {"source": "Node0x20cadb0", "target": "Node0x20d27b0", "key": 0}, {"source": "Node0x20cadb0", "target": "Node0x20d1540", "key": 0}, {"source": "Node0x20cadb0", "target": "Node0x20c8d40", "key": 0}, {"source": "Node0x20cadb0", "target": "Node0x20c8d40", "key": 1}, {"source": "Node0x20cadb0", "target": "Node0x20cb980", "key": 0}, {"source": "Node0x20cadb0", "target": "Node0x20d1e40", "key": 0}, {"source": "Node0x20cadb0", "target": "Node0x20d1d60", "key": 0}, {"source": "Node0x20cadb0", "target": "Node0x20d2510", "key": 0}, {"source": "Node0x20cadb0", "target": "Node0x20d2820", "key": 0}, {"source": "Node0x20cadb0", "target": "Node0x20d1e10", "key": 0}, {"source": "Node0x20cadb0", "target": "Node0x1f906b0", "key": 0}, {"source": "Node0x20cadb0", "target": "Node0x1f906b0", "key": 1}, {"source": "Node0x20cadb0", "target": "Node0x1f906b0", "key": 2}, {"source": "Node0x20cadb0", "target": "Node0x1f906b0", "key": 3}, {"source": "Node0x20cadb0", "target": "Node0x20c90d0", "key": 0}, {"source": "Node0x20cadb0", "target": "Node0x21bac80", "key": 0}, {"source": "Node0x20cadb0", "target": "Node0x21bac80", "key": 1}, {"source": "Node0x20d1510", "target": "Node0x20c8d40", "key": 0}, {"source": "Node0x20d1510", "target": "Node0x20c8c60", "key": 0}, {"source": "Node0x20d1510", "target": "Node0x20cf560", "key": 0}, {"source": "Node0x20cc290", "target": "Node0x1f84030", "key": 0}, {"source": "Node0x20cbee0", "target": "Node0x1f84030", "key": 0}, {"source": "Node0x20cf340", "target": "Node0x20c8d40", "key": 0}, {"source": "Node0x20cf340", "target": "Node0x20cf560", "key": 0}, {"source": "Node0x20cf340", "target": "Node0x20cbe80", "key": 0}, {"source": "Node0x20cbfc0", "target": "Node0x1f84030", "key": 0}, {"source": "Node0x20cae90", "target": "Node0x20c8c60", "key": 0}, {"source": "Node0x20cae90", "target": "Node0x20c8c60", "key": 1}, {"source": "Node0x20cae90", "target": "Node0x20cb980", "key": 0}, {"source": "Node0x20cae90", "target": "Node0x20d2580", "key": 0}, {"source": "Node0x20cae90", "target": "Node0x20c8d40", "key": 0}, {"source": "Node0x20cae90", "target": "Node0x1f906b0", "key": 0}, {"source": "Node0x20cae90", "target": "Node0x1f906b0", "key": 1}, {"source": "Node0x20cae90", "target": "Node0x1f906b0", "key": 2}, {"source": "Node0x20cae90", "target": "Node0x1f906b0", "key": 3}, {"source": "Node0x20cae90", "target": "Node0x20d3360", "key": 0}, {"source": "Node0x20cae90", "target": "Node0x20d32f0", "key": 0}, {"source": "Node0x20cae90", "target": "Node0x20cbe80", "key": 0}, {"source": "Node0x20cae90", "target": "Node0x20c90d0", "key": 0}, {"source": "Node0x20cae90", "target": "Node0x21bac80", "key": 0}, {"source": "Node0x20cae90", "target": "Node0x21bac80", "key": 1}, {"source": "Node0x21bad20", "target": "Node0x20c8c60", "key": 0}, {"source": "Node0x21bad20", "target": "Node0x20c8c60", "key": 1}, {"source": "Node0x21bad20", "target": "Node0x20c8c60", "key": 2}, {"source": "Node0x21bad20", "target": "Node0x20c8c60", "key": 3}, {"source": "Node0x21bad20", "target": "Node0x20c8c60", "key": 4}, {"source": "Node0x21bad20", "target": "Node0x20c8df0", "key": 0}, {"source": "Node0x21bad20", "target": "Node0x20c8df0", "key": 1}, {"source": "Node0x21bad20", "target": "Node0x20c8d40", "key": 0}, {"source": "Node0x21bad20", "target": "Node0x20c8d40", "key": 1}, {"source": "Node0x21bad20", "target": "Node0x20c8d40", "key": 2}, {"source": "Node0x21bad20", "target": "Node0x1f849f0", "key": 0}, {"source": "Node0x21bad20", "target": "Node0x1f849f0", "key": 1}, {"source": "Node0x21bad20", "target": "Node0x1f849f0", "key": 2}, {"source": "Node0x21bad20", "target": "Node0x1f849f0", "key": 3}, {"source": "Node0x21bad20", "target": "Node0x1f849f0", "key": 4}, {"source": "Node0x21bad20", "target": "Node0x1f849f0", "key": 5}, {"source": "Node0x21bad20", "target": "Node0x1f849f0", "key": 6}, {"source": "Node0x21bad20", "target": "Node0x1f849f0", "key": 7}, {"source": "Node0x21bad20", "target": "Node0x1f849f0", "key": 8}, {"source": "Node0x21bad20", "target": "Node0x1f849f0", "key": 9}, {"source": "Node0x21bad20", "target": "Node0x1f849f0", "key": 10}, {"source": "Node0x21bad20", "target": "Node0x1f849f0", "key": 11}, {"source": "Node0x21bad20", "target": "Node0x1f849f0", "key": 12}, {"source": "Node0x21bad20", "target": "Node0x1f90310", "key": 0}, {"source": "Node0x21bad20", "target": "Node0x20c8cd0", "key": 0}, {"source": "Node0x21bad20", "target": "Node0x20c8cd0", "key": 1}, {"source": "Node0x21bad20", "target": "Node0x20c8cd0", "key": 2}, {"source": "Node0x21bad20", "target": "Node0x1f906b0", "key": 0}, {"source": "Node0x21bad20", "target": "Node0x1f906b0", "key": 1}, {"source": "Node0x21bad20", "target": "Node0x1f906b0", "key": 2}, {"source": "Node0x21bad20", "target": "Node0x1f906b0", "key": 3}, {"source": "Node0x21bad20", "target": "Node0x20c8d80", "key": 0}, {"source": "Node0x21bad20", "target": "Node0x20c8d80", "key": 1}, {"source": "Node0x21bad20", "target": "Node0x20c8d80", "key": 2}, {"source": "Node0x21bad20", "target": "Node0x20c8d80", "key": 3}, {"source": "Node0x21bad20", "target": "Node0x20c8d80", "key": 4}, {"source": "Node0x21bad20", "target": "Node0x21bac80", "key": 0}, {"source": "Node0x21bad20", "target": "Node0x21bac80", "key": 1}, {"source": "Node0x21bad20", "target": "Node0x21bac80", "key": 2}, {"source": "Node0x21bad20", "target": "Node0x21bac80", "key": 3}, {"source": "Node0x21bad20", "target": "Node0x1f84030", "key": 0}, {"source": "Node0x21bad20", "target": "Node0x1f84030", "key": 1}, {"source": "Node0x21bad20", "target": "Node0x1f84030", "key": 2}, {"source": "Node0x21bad20", "target": "Node0x1f84030", "key": 3}, {"source": "Node0x21bad20", "target": "Node0x1f84030", "key": 4}, {"source": "Node0x21bad20", "target": "Node0x1f84030", "key": 5}, {"source": "Node0x21bacf0", "target": "Node0x1f849f0", "key": 0}, {"source": "Node0x21bacf0", "target": "Node0x20c8b10", "key": 0}, {"source": "Node0x1f905d0", "target": "Node0x1f84030", "key": 0}, {"source": "Node0x1f84b70", "target": "Node0x1f90790", "key": 0}, {"source": "Node0x1f84b70", "target": "Node0x1f906b0", "key": 0}, {"source": "Node0x20cf560", "target": "Node0x1f90310", "key": 0}, {"source": "Node0x20cf560", "target": "Node0x20c8d80", "key": 0}, {"source": "Node0x20cf560", "target": "Node0x1f84030", "key": 0}, {"source": "Node0x20cf560", "target": "Node0x1f84030", "key": 1}, {"source": "Node0x20c8cd0", "target": "Node0x1f84030", "key": 0}, {"source": "Node0x20d14a0", "target": "Node0x20c8d40", "key": 0}, {"source": "Node0x20cbc70", "target": "Node0x20cbee0", "key": 0}, {"source": "Node0x20cbc70", "target": "Node0x1f90a10", "key": 0}, {"source": "Node0x20cbc70", "target": "Node0x20cbd10", "key": 0}, {"source": "Node0x20cbc70", "target": "Node0x20cc6a0", "key": 0}, {"source": "Node0x20cbc70", "target": "Node0x1f849f0", "key": 0}, {"source": "Node0x20cbc70", "target": "Node0x1f90310", "key": 0}, {"source": "Node0x20cbc70", "target": "Node0x21bad20", "key": 0}, {"source": "Node0x20cbc70", "target": "Node0x1f84a60", "key": 0}, {"source": "Node0x20cbc70", "target": "Node0x1f90560", "key": 0}, {"source": "Node0x20cbc70", "target": "Node0x1f90560", "key": 1}, {"source": "Node0x20cbc70", "target": "Node0x20cbce0", "key": 0}, {"source": "Node0x20cbc70", "target": "Node0x1f906b0", "key": 0}, {"source": "Node0x20cbc70", "target": "Node0x21bae20", "key": 0}, {"source": "Node0x20cbc70", "target": "Node0x1f909a0", "key": 0}, {"source": "Node0x20cbc70", "target": "Node0x1f909a0", "key": 1}, {"source": "Node0x20cbc70", "target": "Node0x1f909a0", "key": 2}, {"source": "Node0x20cbc70", "target": "Node0x1f902a0", "key": 0}, {"source": "Node0x20cbc70", "target": "Node0x1f84ad0", "key": 0}, {"source": "Node0x1f90640", "target": "Node0x20c8c60", "key": 0}, {"source": "Node0x1f90640", "target": "Node0x20c8c60", "key": 1}, {"source": "Node0x1f90640", "target": "Node0x20cb980", "key": 0}, {"source": "Node0x1f90640", "target": "Node0x20c8d40", "key": 0}, {"source": "Node0x1f90640", "target": "Node0x20c8d40", "key": 1}, {"source": "Node0x1f90640", "target": "Node0x20c8d40", "key": 2}, {"source": "Node0x1f90640", "target": "Node0x20c8d40", "key": 3}, {"source": "Node0x1f90640", "target": "Node0x20c8d40", "key": 4}, {"source": "Node0x1f90640", "target": "Node0x20c8d40", "key": 5}, {"source": "Node0x1f90640", "target": "Node0x1f906b0", "key": 0}, {"source": "Node0x1f90640", "target": "Node0x1f906b0", "key": 1}, {"source": "Node0x1f90640", "target": "Node0x20cbe50", "key": 0}, {"source": "Node0x1f90640", "target": "Node0x20cbe80", "key": 0}, {"source": "Node0x1f90640", "target": "Node0x20c90d0", "key": 0}, {"source": "Node0x1f90640", "target": "Node0x21bac80", "key": 0}, {"source": "Node0x1f90640", "target": "Node0x21bac80", "key": 1}, {"source": "Node0x20c8c60", "target": "Node0x1f84030", "key": 0}, {"source": "Node0x20cbd10", "target": "Node0x1f909a0", "key": 0}, {"source": "Node0x20cbd10", "target": "Node0x1f909a0", "key": 1}, {"source": "Node0x20cbd10", "target": "Node0x1f905d0", "key": 0}, {"source": "Node0x20cbd10", "target": "Node0x1f905d0", "key": 1}, {"source": "Node0x20c8890", "target": "Node0x1f84030", "key": 0}, {"source": "Node0x20d1430", "target": "Node0x20c8d40", "key": 0}, {"source": "Node0x20d1430", "target": "Node0x20cf560", "key": 0}, {"source": "Node0x20d1430", "target": "Node0x20cbe80", "key": 0}, {"source": "Node0x20cbf50", "target": "Node0x1f84030", "key": 0}, {"source": "Node0x20cbe50", "target": "Node0x1f84030", "key": 0}, {"source": "Node0x1f909a0", "target": "Node0x1f84030", "key": 0}, {"source": "Node0x1f90950", "target": "Node0x1f84030", "key": 0}, {"source": "Node0x20cb210", "target": "Node0x21bac80", "key": 0}, {"source": "Node0x1f84960", "target": "Node0x1f84030", "key": 0}, {"source": "Node0x21bae20", "target": "Node0x1f84030", "key": 0}, {"source": "Node0x20c90d0", "target": "Node0x1f84030", "key": 0}, {"source": "Node0x1f904f0", "target": "Node0x1f849f0", "key": 0}, {"source": "Node0x1f904f0", "target": "Node0x1f849f0", "key": 1}, {"source": "Node0x1f904f0", "target": "Node0x1f849f0", "key": 2}, {"source": "Node0x1f904f0", "target": "Node0x1f849f0", "key": 3}, {"source": "Node0x1f904f0", "target": "Node0x1f849f0", "key": 4}, {"source": "Node0x1f904f0", "target": "Node0x1f849f0", "key": 5}, {"source": "Node0x1f904f0", "target": "Node0x1f849f0", "key": 6}, {"source": "Node0x1f904f0", "target": "Node0x1f90310", "key": 0}, {"source": "Node0x1f904f0", "target": "Node0x1f90310", "key": 1}, {"source": "Node0x1f904f0", "target": "Node0x1f909a0", "key": 0}, {"source": "Node0x1f904f0", "target": "Node0x1f909a0", "key": 1}, {"source": "Node0x1f904f0", "target": "Node0x1f909a0", "key": 2}, {"source": "Node0x1f904f0", "target": "Node0x1f909a0", "key": 3}, {"source": "Node0x1f904f0", "target": "Node0x1f909a0", "key": 4}, {"source": "Node0x1f904f0", "target": "Node0x1f909a0", "key": 5}, {"source": "Node0x1f904f0", "target": "Node0x1f909a0", "key": 6}, {"source": "Node0x20ca510", "target": "Node0x20c8d40", "key": 0}, {"source": "Node0x20ca510", "target": "Node0x20cb980", "key": 0}, {"source": "Node0x20ca510", "target": "Node0x20c90d0", "key": 0}, {"source": "Node0x20ca510", "target": "Node0x20cbe50", "key": 0}, {"source": "Node0x20ca510", "target": "Node0x1f906b0", "key": 0}, {"source": "Node0x20ca510", "target": "Node0x1f906b0", "key": 1}, {"source": "Node0x20cae20", "target": "Node0x20c8c60", "key": 0}, {"source": "Node0x20cae20", "target": "Node0x20c8c60", "key": 1}, {"source": "Node0x20cae20", "target": "Node0x20d2730", "key": 0}, {"source": "Node0x20cae20", "target": "Node0x20c8d40", "key": 0}, {"source": "Node0x20cae20", "target": "Node0x20c8d40", "key": 1}, {"source": "Node0x20cae20", "target": "Node0x20cb980", "key": 0}, {"source": "Node0x20cae20", "target": "Node0x20d2650", "key": 0}, {"source": "Node0x20cae20", "target": "Node0x20cbfc0", "key": 0}, {"source": "Node0x20cae20", "target": "Node0x20d19b0", "key": 0}, {"source": "Node0x20cae20", "target": "Node0x1f906b0", "key": 0}, {"source": "Node0x20cae20", "target": "Node0x1f906b0", "key": 1}, {"source": "Node0x20cae20", "target": "Node0x1f906b0", "key": 2}, {"source": "Node0x20cae20", "target": "Node0x1f906b0", "key": 3}, {"source": "Node0x20cae20", "target": "Node0x20d2e70", "key": 0}, {"source": "Node0x20cae20", "target": "Node0x20d26c0", "key": 0}, {"source": "Node0x20cae20", "target": "Node0x20c90d0", "key": 0}, {"source": "Node0x20cae20", "target": "Node0x21bac80", "key": 0}, {"source": "Node0x20ca190", "target": "Node0x20d0020", "key": 0}, {"source": "Node0x20ca190", "target": "Node0x20cb390", "key": 0}, {"source": "Node0x20ca190", "target": "Node0x20cf2a0", "key": 0}, {"source": "Node0x20ca190", "target": "Node0x20cb1a0", "key": 0}, {"source": "Node0x20ca190", "target": "Node0x20cb2f0", "key": 0}, {"source": "Node0x20ca190", "target": "Node0x20cb470", "key": 0}, {"source": "Node0x20ca190", "target": "Node0x20cb210", "key": 0}, {"source": "Node0x20ca190", "target": "Node0x20cb010", "key": 0}, {"source": "Node0x20ca190", "target": "Node0x20caf70", "key": 0}, {"source": "Node0x20ca190", "target": "Node0x20cf230", "key": 0}, {"source": "Node0x20ca190", "target": "Node0x20cf310", "key": 0}, {"source": "Node0x20ca190", "target": "Node0x20d11b0", "key": 0}, {"source": "Node0x20ca190", "target": "Node0x20cb730", "key": 0}, {"source": "Node0x20cc6a0", "target": "Node0x20c8d40", "key": 0}, {"source": "Node0x20cc6a0", "target": "Node0x1f904f0", "key": 0}, {"source": "Node0x20cc6a0", "target": "Node0x1f84be0", "key": 0}, {"source": "Node0x20cc6a0", "target": "Node0x20cf560", "key": 0}, {"source": "Node0x20cc6a0", "target": "Node0x20cbe80", "key": 0}, {"source": "Node0x1f903f0", "target": "Node0x1f849f0", "key": 0}, {"source": "Node0x21bac50", "target": "Node0x21bacf0", "key": 0}, {"source": "Node0x21bac50", "target": "Node0x1f904f0", "key": 0}, {"source": "Node0x21bac50", "target": "Node0x1f904f0", "key": 1}, {"source": "Node0x21bac50", "target": "Node0x1f904f0", "key": 2}, {"source": "Node0x21bac50", "target": "Node0x1f904f0", "key": 3}, {"source": "Node0x21bac50", "target": "Node0x1f84be0", "key": 0}, {"source": "Node0x21bac50", "target": "Node0x1f84be0", "key": 1}, {"source": "Node0x21bac50", "target": "Node0x1f84be0", "key": 2}, {"source": "Node0x21bac50", "target": "Node0x1f84be0", "key": 3}, {"source": "Node0x21bac50", "target": "Node0x1f84be0", "key": 4}, {"source": "Node0x21bac50", "target": "Node0x1f84be0", "key": 5}, {"source": "Node0x21bac50", "target": "Node0x1f84be0", "key": 6}, {"source": "Node0x21bac50", "target": "Node0x1f84be0", "key": 7}, {"source": "Node0x21bac50", "target": "Node0x1f84be0", "key": 8}, {"source": "Node0x21bac50", "target": "Node0x1f84be0", "key": 9}, {"source": "Node0x21bac50", "target": "Node0x1f84be0", "key": 10}, {"source": "Node0x21bac50", "target": "Node0x1f84be0", "key": 11}, {"source": "Node0x21bac50", "target": "Node0x1f90230", "key": 0}, {"source": "Node0x21bac50", "target": "Node0x1f90230", "key": 1}, {"source": "Node0x21bac50", "target": "Node0x1f90230", "key": 2}, {"source": "Node0x21bac50", "target": "Node0x1f90230", "key": 3}, {"source": "Node0x21bac50", "target": "Node0x1f849f0", "key": 0}, {"source": "Node0x21bac50", "target": "Node0x1f849f0", "key": 1}, {"source": "Node0x21bac50", "target": "Node0x1f849f0", "key": 2}, {"source": "Node0x21bac50", "target": "Node0x1f849f0", "key": 3}, {"source": "Node0x21bac50", "target": "Node0x1f849f0", "key": 4}, {"source": "Node0x21bac50", "target": "Node0x1f90310", "key": 0}, {"source": "Node0x21bac50", "target": "Node0x1f905d0", "key": 0}, {"source": "Node0x21bac50", "target": "Node0x1f905d0", "key": 1}, {"source": "Node0x21bac50", "target": "Node0x1f905d0", "key": 2}, {"source": "Node0x21bac50", "target": "Node0x1f905d0", "key": 3}, {"source": "Node0x21bac50", "target": "Node0x1f905d0", "key": 4}, {"source": "Node0x21bac50", "target": "Node0x1f84a60", "key": 0}, {"source": "Node0x21bac50", "target": "Node0x1f84b70", "key": 0}, {"source": "Node0x21bac50", "target": "Node0x1f84b70", "key": 1}, {"source": "Node0x21bac50", "target": "Node0x1f906b0", "key": 0}, {"source": "Node0x21bac50", "target": "Node0x1f906b0", "key": 1}, {"source": "Node0x21bac50", "target": "Node0x1f906b0", "key": 2}, {"source": "Node0x21bac50", "target": "Node0x1f906b0", "key": 3}, {"source": "Node0x21bac50", "target": "Node0x1f84030", "key": 0}, {"source": "Node0x21bac50", "target": "Node0x1f84030", "key": 1}, {"source": "Node0x21bac50", "target": "Node0x1f84030", "key": 2}, {"source": "Node0x21bac50", "target": "Node0x20c8900", "key": 0}, {"source": "Node0x21bac50", "target": "Node0x1f90870", "key": 0}, {"source": "Node0x21bac50", "target": "Node0x1f90720", "key": 0}, {"source": "Node0x21bac50", "target": "Node0x1f90720", "key": 1}, {"source": "Node0x21bac50", "target": "Node0x1f90380", "key": 0}, {"source": "Node0x21bac50", "target": "Node0x1f90380", "key": 1}, {"source": "Node0x21bac50", "target": "Node0x1f90380", "key": 2}, {"source": "Node0x21bac50", "target": "Node0x1f903f0", "key": 0}, {"source": "Node0x21bac50", "target": "Node0x1f903f0", "key": 1}, {"source": "Node0x21bac50", "target": "Node0x1f903f0", "key": 2}, {"source": "Node0x21bac50", "target": "Node0x1f903f0", "key": 3}, {"source": "Node0x21bac50", "target": "Node0x1f90640", "key": 0}, {"source": "Node0x21bac50", "target": "Node0x1f84ad0", "key": 0}, {"source": "Node0x21bac50", "target": "Node0x1f84ad0", "key": 1}, {"source": "Node0x21bac50", "target": "Node0x1f84ad0", "key": 2}, {"source": "Node0x21bac50", "target": "Node0x1f908e0", "key": 0}, {"source": "Node0x21bac50", "target": "Node0x1f90a10", "key": 0}, {"source": "Node0x21bac50", "target": "Node0x20c8890", "key": 0}, {"source": "Node0x21bac50", "target": "Node0x1f84b40", "key": 0}, {"source": "Node0x21bac50", "target": "Node0x1f84b40", "key": 1}, {"source": "Node0x21bac50", "target": "Node0x1f84b40", "key": 2}, {"source": "Node0x21bac50", "target": "Node0x1f90800", "key": 0}, {"source": "Node0x21bac50", "target": "Node0x1f90800", "key": 1}, {"source": "Node0x21bac50", "target": "Node0x1f90800", "key": 2}, {"source": "Node0x21bac50", "target": "Node0x1f909a0", "key": 0}, {"source": "Node0x21bac50", "target": "Node0x1f909a0", "key": 1}, {"source": "Node0x21bac50", "target": "Node0x1f909a0", "key": 2}, {"source": "Node0x21bac50", "target": "Node0x1f909a0", "key": 3}, {"source": "Node0x21bac50", "target": "Node0x1f909a0", "key": 4}, {"source": "Node0x21bac50", "target": "Node0x1f909a0", "key": 5}, {"source": "Node0x21bac50", "target": "Node0x1f909a0", "key": 6}, {"source": "Node0x21bac50", "target": "Node0x1f909a0", "key": 7}, {"source": "Node0x21bac50", "target": "Node0x1f909a0", "key": 8}, {"source": "Node0x21bac50", "target": "Node0x1f909a0", "key": 9}, {"source": "Node0x21bac50", "target": "Node0x1f909a0", "key": 10}, {"source": "Node0x21bac50", "target": "Node0x1f909a0", "key": 11}, {"source": "Node0x21bac50", "target": "Node0x1f909a0", "key": 12}, {"source": "Node0x21bac50", "target": "Node0x20c89e0", "key": 0}, {"source": "Node0x21bac50", "target": "Node0x1f90950", "key": 0}, {"source": "Node0x21bac50", "target": "Node0x20c8970", "key": 0}, {"source": "Node0x21bac50", "target": "Node0x1f90560", "key": 0}, {"source": "Node0x21bac50", "target": "Node0x1f90560", "key": 1}, {"source": "Node0x21bac50", "target": "Node0x21bad20", "key": 0}, {"source": "Node0x21bac50", "target": "Node0x1f84960", "key": 0}, {"source": "Node0x21bac50", "target": "Node0x21bae20", "key": 0}, {"source": "Node0x21bac50", "target": "Node0x1f902a0", "key": 0}, {"source": "Node0x21bac50", "target": "Node0x1f90790", "key": 0}, {"source": "Node0x1f84ad0", "target": "Node0x1f904f0", "key": 0}, {"source": "Node0x1f84ad0", "target": "Node0x1f84be0", "key": 0}, {"source": "Node0x1f84ad0", "target": "Node0x1f84be0", "key": 1}, {"source": "Node0x1f84ad0", "target": "Node0x1f84be0", "key": 2}, {"source": "Node0x1f84ad0", "target": "Node0x1f84be0", "key": 3}, {"source": "Node0x1f84ad0", "target": "Node0x1f84be0", "key": 4}, {"source": "Node0x1f84ad0", "target": "Node0x1f84be0", "key": 5}, {"source": "Node0x1f84ad0", "target": "Node0x1f84be0", "key": 6}, {"source": "Node0x1f84ad0", "target": "Node0x1f84be0", "key": 7}, {"source": "Node0x1f84ad0", "target": "Node0x1f84be0", "key": 8}, {"source": "Node0x1f84ad0", "target": "Node0x1f84be0", "key": 9}, {"source": "Node0x1f84ad0", "target": "Node0x1f84be0", "key": 10}, {"source": "Node0x1f84ad0", "target": "Node0x1f84be0", "key": 11}, {"source": "Node0x1f84ad0", "target": "Node0x1f84be0", "key": 12}, {"source": "Node0x1f84ad0", "target": "Node0x1f84be0", "key": 13}, {"source": "Node0x1f84ad0", "target": "Node0x1f84be0", "key": 14}, {"source": "Node0x1f84ad0", "target": "Node0x1f84be0", "key": 15}, {"source": "Node0x1f84ad0", "target": "Node0x1f84be0", "key": 16}, {"source": "Node0x1f84ad0", "target": "Node0x1f84be0", "key": 17}, {"source": "Node0x1f84ad0", "target": "Node0x1f84be0", "key": 18}, {"source": "Node0x1f84ad0", "target": "Node0x1f84be0", "key": 19}, {"source": "Node0x1f84ad0", "target": "Node0x1f84be0", "key": 20}, {"source": "Node0x1f84ad0", "target": "Node0x1f84be0", "key": 21}, {"source": "Node0x1f84ad0", "target": "Node0x1f84be0", "key": 22}, {"source": "Node0x1f84ad0", "target": "Node0x1f84be0", "key": 23}, {"source": "Node0x1f84ad0", "target": "Node0x1f84be0", "key": 24}, {"source": "Node0x1f84ad0", "target": "Node0x1f84be0", "key": 25}, {"source": "Node0x1f84ad0", "target": "Node0x1f84be0", "key": 26}, {"source": "Node0x1f84ad0", "target": "Node0x1f84be0", "key": 27}, {"source": "Node0x1f84ad0", "target": "Node0x1f84be0", "key": 28}, {"source": "Node0x1f84ad0", "target": "Node0x1f84be0", "key": 29}, {"source": "Node0x1f84ad0", "target": "Node0x1f84be0", "key": 30}, {"source": "Node0x1f84ad0", "target": "Node0x1f84be0", "key": 31}, {"source": "Node0x1f84ad0", "target": "Node0x1f84be0", "key": 32}, {"source": "Node0x1f84ad0", "target": "Node0x20c8e80", "key": 0}, {"source": "Node0x1f84ad0", "target": "Node0x20c8e80", "key": 1}, {"source": "Node0x1f84ad0", "target": "Node0x20c8e80", "key": 2}, {"source": "Node0x1f84ad0", "target": "Node0x20c8e80", "key": 3}, {"source": "Node0x1f84ad0", "target": "Node0x20c8e80", "key": 4}, {"source": "Node0x1f84ad0", "target": "Node0x20c8e80", "key": 5}, {"source": "Node0x1f84ad0", "target": "Node0x1f849f0", "key": 0}, {"source": "Node0x1f84ad0", "target": "Node0x1f90310", "key": 0}, {"source": "Node0x1f84ad0", "target": "Node0x1f90310", "key": 1}, {"source": "Node0x1f84ad0", "target": "Node0x1f90310", "key": 2}, {"source": "Node0x1f84ad0", "target": "Node0x1f90310", "key": 3}, {"source": "Node0x1f84ad0", "target": "Node0x1f90310", "key": 4}, {"source": "Node0x1f84ad0", "target": "Node0x1f90310", "key": 5}, {"source": "Node0x1f84ad0", "target": "Node0x1f90310", "key": 6}, {"source": "Node0x1f84ad0", "target": "Node0x1f90310", "key": 7}, {"source": "Node0x1f84ad0", "target": "Node0x1f90310", "key": 8}, {"source": "Node0x1f84ad0", "target": "Node0x1f90310", "key": 9}, {"source": "Node0x1f84ad0", "target": "Node0x1f90310", "key": 10}, {"source": "Node0x1f84ad0", "target": "Node0x1f90310", "key": 11}, {"source": "Node0x1f84ad0", "target": "Node0x1f90310", "key": 12}, {"source": "Node0x1f84ad0", "target": "Node0x1f90310", "key": 13}, {"source": "Node0x1f84ad0", "target": "Node0x1f90310", "key": 14}, {"source": "Node0x1f84ad0", "target": "Node0x1f90310", "key": 15}, {"source": "Node0x1f84ad0", "target": "Node0x1f90310", "key": 16}, {"source": "Node0x1f84ad0", "target": "Node0x1f90310", "key": 17}, {"source": "Node0x1f84ad0", "target": "Node0x1f90310", "key": 18}, {"source": "Node0x1f84ad0", "target": "Node0x1f90310", "key": 19}, {"source": "Node0x1f84ad0", "target": "Node0x1f90310", "key": 20}, {"source": "Node0x1f84ad0", "target": "Node0x1f90310", "key": 21}, {"source": "Node0x1f84ad0", "target": "Node0x1f90310", "key": 22}, {"source": "Node0x1f84ad0", "target": "Node0x1f90310", "key": 23}, {"source": "Node0x1f84ad0", "target": "Node0x1f90310", "key": 24}, {"source": "Node0x1f84ad0", "target": "Node0x1f90310", "key": 25}, {"source": "Node0x1f84ad0", "target": "Node0x1f90310", "key": 26}, {"source": "Node0x1f84ad0", "target": "Node0x1f90310", "key": 27}, {"source": "Node0x1f84ad0", "target": "Node0x1f90310", "key": 28}, {"source": "Node0x1f84ad0", "target": "Node0x1f90310", "key": 29}, {"source": "Node0x1f84ad0", "target": "Node0x1f90310", "key": 30}, {"source": "Node0x1f84ad0", "target": "Node0x1f90310", "key": 31}, {"source": "Node0x1f84ad0", "target": "Node0x1f90310", "key": 32}, {"source": "Node0x1f84ad0", "target": "Node0x1f90310", "key": 33}, {"source": "Node0x1f84ad0", "target": "Node0x1f90310", "key": 34}, {"source": "Node0x1f84ad0", "target": "Node0x1f90310", "key": 35}, {"source": "Node0x1f84ad0", "target": "Node0x1f90310", "key": 36}, {"source": "Node0x1f84ad0", "target": "Node0x1f90310", "key": 37}, {"source": "Node0x1f84ad0", "target": "Node0x1f90310", "key": 38}, {"source": "Node0x1f84ad0", "target": "Node0x1f90310", "key": 39}, {"source": "Node0x1f84ad0", "target": "Node0x1f90310", "key": 40}, {"source": "Node0x1f84ad0", "target": "Node0x1f90310", "key": 41}, {"source": "Node0x1f84ad0", "target": "Node0x1f90310", "key": 42}, {"source": "Node0x1f84ad0", "target": "Node0x1f90310", "key": 43}, {"source": "Node0x1f84ad0", "target": "Node0x1f90310", "key": 44}, {"source": "Node0x1f84ad0", "target": "Node0x1f90310", "key": 45}, {"source": "Node0x1f84ad0", "target": "Node0x1f90310", "key": 46}, {"source": "Node0x1f84ad0", "target": "Node0x1f90310", "key": 47}, {"source": "Node0x1f84ad0", "target": "Node0x1f90310", "key": 48}, {"source": "Node0x1f84ad0", "target": "Node0x1f90310", "key": 49}, {"source": "Node0x1f84ad0", "target": "Node0x1f90310", "key": 50}, {"source": "Node0x1f84ad0", "target": "Node0x1f90310", "key": 51}, {"source": "Node0x1f84ad0", "target": "Node0x1f90310", "key": 52}, {"source": "Node0x1f84ad0", "target": "Node0x1f90310", "key": 53}, {"source": "Node0x1f84ad0", "target": "Node0x1f90310", "key": 54}, {"source": "Node0x1f84ad0", "target": "Node0x1f90310", "key": 55}, {"source": "Node0x1f84ad0", "target": "Node0x1f90310", "key": 56}, {"source": "Node0x1f84ad0", "target": "Node0x1f90310", "key": 57}, {"source": "Node0x1f84ad0", "target": "Node0x1f90310", "key": 58}, {"source": "Node0x1f84ad0", "target": "Node0x1f90310", "key": 59}, {"source": "Node0x1f84ad0", "target": "Node0x1f90310", "key": 60}, {"source": "Node0x1f84ad0", "target": "Node0x1f90310", "key": 61}, {"source": "Node0x1f84ad0", "target": "Node0x1f90310", "key": 62}, {"source": "Node0x1f84ad0", "target": "Node0x1f90310", "key": 63}, {"source": "Node0x1f84ad0", "target": "Node0x1f90310", "key": 64}, {"source": "Node0x1f84ad0", "target": "Node0x1f90310", "key": 65}, {"source": "Node0x1f84ad0", "target": "Node0x1f90310", "key": 66}, {"source": "Node0x1f84ad0", "target": "Node0x1f90310", "key": 67}, {"source": "Node0x1f84ad0", "target": "Node0x1f90310", "key": 68}, {"source": "Node0x1f84ad0", "target": "Node0x20cae20", "key": 0}, {"source": "Node0x1f84ad0", "target": "Node0x20c8a80", "key": 0}, {"source": "Node0x1f84ad0", "target": "Node0x20ca190", "key": 0}, {"source": "Node0x1f84ad0", "target": "Node0x20ca430", "key": 0}, {"source": "Node0x1f84ad0", "target": "Node0x20ca430", "key": 1}, {"source": "Node0x1f84ad0", "target": "Node0x20ca430", "key": 2}, {"source": "Node0x1f84ad0", "target": "Node0x1f906b0", "key": 0}, {"source": "Node0x1f84ad0", "target": "Node0x1f906b0", "key": 1}, {"source": "Node0x1f84ad0", "target": "Node0x1f906b0", "key": 2}, {"source": "Node0x1f84ad0", "target": "Node0x1f906b0", "key": 3}, {"source": "Node0x1f84ad0", "target": "Node0x1f906b0", "key": 4}, {"source": "Node0x1f84ad0", "target": "Node0x1f906b0", "key": 5}, {"source": "Node0x1f84ad0", "target": "Node0x1f906b0", "key": 6}, {"source": "Node0x1f84ad0", "target": "Node0x1f906b0", "key": 7}, {"source": "Node0x1f84ad0", "target": "Node0x1f906b0", "key": 8}, {"source": "Node0x1f84ad0", "target": "Node0x1f906b0", "key": 9}, {"source": "Node0x1f84ad0", "target": "Node0x1f906b0", "key": 10}, {"source": "Node0x1f84ad0", "target": "Node0x1f906b0", "key": 11}, {"source": "Node0x1f84ad0", "target": "Node0x1f906b0", "key": 12}, {"source": "Node0x1f84ad0", "target": "Node0x1f906b0", "key": 13}, {"source": "Node0x1f84ad0", "target": "Node0x1f906b0", "key": 14}, {"source": "Node0x1f84ad0", "target": "Node0x1f906b0", "key": 15}, {"source": "Node0x1f84ad0", "target": "Node0x1f906b0", "key": 16}, {"source": "Node0x1f84ad0", "target": "Node0x1f906b0", "key": 17}, {"source": "Node0x1f84ad0", "target": "Node0x1f906b0", "key": 18}, {"source": "Node0x1f84ad0", "target": "Node0x1f906b0", "key": 19}, {"source": "Node0x1f84ad0", "target": "Node0x1f906b0", "key": 20}, {"source": "Node0x1f84ad0", "target": "Node0x1f906b0", "key": 21}, {"source": "Node0x1f84ad0", "target": "Node0x1f906b0", "key": 22}, {"source": "Node0x1f84ad0", "target": "Node0x1f906b0", "key": 23}, {"source": "Node0x1f84ad0", "target": "Node0x1f906b0", "key": 24}, {"source": "Node0x1f84ad0", "target": "Node0x1f906b0", "key": 25}, {"source": "Node0x1f84ad0", "target": "Node0x1f906b0", "key": 26}, {"source": "Node0x1f84ad0", "target": "Node0x1f906b0", "key": 27}, {"source": "Node0x1f84ad0", "target": "Node0x20ca200", "key": 0}, {"source": "Node0x1f84ad0", "target": "Node0x20caf00", "key": 0}, {"source": "Node0x1f84ad0", "target": "Node0x1f90640", "key": 0}, {"source": "Node0x1f84ad0", "target": "Node0x1f90640", "key": 1}, {"source": "Node0x1f84ad0", "target": "Node0x20ca510", "key": 0}, {"source": "Node0x1f84ad0", "target": "Node0x20ca510", "key": 1}, {"source": "Node0x1f84ad0", "target": "Node0x20cadb0", "key": 0}, {"source": "Node0x1f84ad0", "target": "Node0x1f84b40", "key": 0}, {"source": "Node0x1f84ad0", "target": "Node0x20ca270", "key": 0}, {"source": "Node0x1f84ad0", "target": "Node0x20ca350", "key": 0}, {"source": "Node0x1f84ad0", "target": "Node0x1f909a0", "key": 0}, {"source": "Node0x1f84ad0", "target": "Node0x1f909a0", "key": 1}, {"source": "Node0x1f84ad0", "target": "Node0x1f909a0", "key": 2}, {"source": "Node0x1f84ad0", "target": "Node0x1f909a0", "key": 3}, {"source": "Node0x1f84ad0", "target": "Node0x1f909a0", "key": 4}, {"source": "Node0x1f84ad0", "target": "Node0x1f909a0", "key": 5}, {"source": "Node0x1f84ad0", "target": "Node0x20c8d80", "key": 0}, {"source": "Node0x1f84ad0", "target": "Node0x20ca2e0", "key": 0}, {"source": "Node0x1f84ad0", "target": "Node0x20cae90", "key": 0}, {"source": "Node0x1f84ad0", "target": "Node0x1f90560", "key": 0}, {"source": "Node0x1f84ad0", "target": "Node0x20ca3c0", "key": 0}, {"source": "Node0x1f84ad0", "target": "Node0x20ca3c0", "key": 1}, {"source": "Node0x1f84ad0", "target": "Node0x20ca3c0", "key": 2}, {"source": "Node0x1f84ad0", "target": "Node0x20c90d0", "key": 0}, {"source": "Node0x1f84ad0", "target": "Node0x20ca4a0", "key": 0}, {"source": "Node0x1f84ad0", "target": "Node0x20ca4a0", "key": 1}, {"source": "Node0x1f84ad0", "target": "Node0x1f90790", "key": 0}, {"source": "Node0x1f84ad0", "target": "Node0x1f90790", "key": 1}, {"source": "Node0x1f84ad0", "target": "Node0x1f90790", "key": 2}, {"source": "Node0x1f84ad0", "target": "Node0x1f90790", "key": 3}, {"source": "Node0x1f84b40", "target": "Node0x20cafa0", "key": 0}, {"source": "Node0x1f84b40", "target": "Node0x20cb1a0", "key": 0}, {"source": "Node0x1f84b40", "target": "Node0x20cb2f0", "key": 0}, {"source": "Node0x1f84b40", "target": "Node0x20cb320", "key": 0}, {"source": "Node0x1f84b40", "target": "Node0x20cb210", "key": 0}, {"source": "Node0x1f84b40", "target": "Node0x20cb390", "key": 0}, {"source": "Node0x1f84b40", "target": "Node0x20cb010", "key": 0}, {"source": "Node0x1f84b40", "target": "Node0x20cb730", "key": 0}, {"source": "Node0x1f84b40", "target": "Node0x20cb110", "key": 0}, {"source": "Node0x1f84b40", "target": "Node0x20cb400", "key": 0}, {"source": "Node0x1f84b40", "target": "Node0x20cb470", "key": 0}, {"source": "Node0x1f84b40", "target": "Node0x20cb280", "key": 0}, {"source": "Node0x1f84b40", "target": "Node0x20caf70", "key": 0}, {"source": "Node0x1f84b40", "target": "Node0x20cb7a0", "key": 0}, {"source": "Node0x20ca270", "target": "Node0x20cb390", "key": 0}, {"source": "Node0x20ca270", "target": "Node0x20cb1a0", "key": 0}, {"source": "Node0x20ca270", "target": "Node0x20cb2f0", "key": 0}, {"source": "Node0x20ca270", "target": "Node0x20cb470", "key": 0}, {"source": "Node0x20ca270", "target": "Node0x20cf340", "key": 0}, {"source": "Node0x20ca270", "target": "Node0x20cb210", "key": 0}, {"source": "Node0x20ca270", "target": "Node0x20d1430", "key": 0}, {"source": "Node0x20ca270", "target": "Node0x20d1510", "key": 0}, {"source": "Node0x20ca270", "target": "Node0x20cb010", "key": 0}, {"source": "Node0x20ca270", "target": "Node0x20caf70", "key": 0}, {"source": "Node0x20ca270", "target": "Node0x20cb730", "key": 0}, {"source": "Node0x20ca270", "target": "Node0x20d14a0", "key": 0}, {"source": "Node0x20cbce0", "target": "Node0x1f84030", "key": 0}, {"source": "Node0x1f90800", "target": "Node0x20cbff0", "key": 0}, {"source": "Node0x1f90800", "target": "Node0x1f90870", "key": 0}, {"source": "Node0x1f90800", "target": "Node0x1f849f0", "key": 0}, {"source": "Node0x1f90800", "target": "Node0x20c8cd0", "key": 0}, {"source": "Node0x1f90800", "target": "Node0x20c8fe0", "key": 0}, {"source": "Node0x1f90800", "target": "Node0x1f906b0", "key": 0}, {"source": "Node0x1f90800", "target": "Node0x20cbf50", "key": 0}, {"source": "Node0x1f90800", "target": "Node0x1f84030", "key": 0}, {"source": "Node0x20cf410", "target": "Node0x20cbc70", "key": 0}, {"source": "Node0x20cf410", "target": "Node0x20cc710", "key": 0}, {"source": "Node0x20c89e0", "target": "Node0x1f84030", "key": 0}, {"source": "Node0x20c8970", "target": "Node0x1f84030", "key": 0}, {"source": "Node0x1f90870", "target": "Node0x1f84030", "key": 0}, {"source": "Node0x20cb470", "target": "Node0x20c8d40", "key": 0}, {"source": "Node0x20c8d80", "target": "Node0x1f84030", "key": 0}, {"source": "Node0x20ca4a0", "target": "Node0x20c8c60", "key": 0}, {"source": "Node0x20ca4a0", "target": "Node0x20cfb10", "key": 0}, {"source": "Node0x20ca4a0", "target": "Node0x20c8d40", "key": 0}, {"source": "Node0x20ca4a0", "target": "Node0x20c8d40", "key": 1}, {"source": "Node0x20ca4a0", "target": "Node0x20cfbf0", "key": 0}, {"source": "Node0x20ca4a0", "target": "Node0x20cb980", "key": 0}, {"source": "Node0x20ca4a0", "target": "Node0x20cfc60", "key": 0}, {"source": "Node0x20ca4a0", "target": "Node0x20cbe50", "key": 0}, {"source": "Node0x20ca4a0", "target": "Node0x1f906b0", "key": 0}, {"source": "Node0x20ca4a0", "target": "Node0x1f906b0", "key": 1}, {"source": "Node0x20ca4a0", "target": "Node0x1f906b0", "key": 2}, {"source": "Node0x20ca4a0", "target": "Node0x1f906b0", "key": 3}, {"source": "Node0x20ca4a0", "target": "Node0x20cfb80", "key": 0}, {"source": "Node0x20ca4a0", "target": "Node0x20c90d0", "key": 0}, {"source": "Node0x20ca4a0", "target": "Node0x21bac80", "key": 0}, {"source": "Node0x20ca4a0", "target": "Node0x21bac80", "key": 1}], "multigraph": true}
