{"links": [{"target": "{fgetc}", "source": "{bmp_forward}", "type": 3}, {"target": "Node0x291ec00", "source": "{ungetc}", "type": 2}, {"target": "{fgetc}", "source": "{bmp_readint}", "type": 0}, {"target": "{fgetc}", "source": "{bmp_pad}", "type": 3}, {"target": "{fgetc_ws}", "source": "{readbit}", "type": 1}, {"target": "{free}", "source": "{bm_free}", "type": 1}, {"target": "{free}", "source": "{bm_free}", "type": 2}, {"target": "Node0x291ec00", "source": "{fputc}", "type": 2}, {"target": "{fputc}", "source": "{bm_print}", "type": 3}, {"target": "{fputc}", "source": "{bm_print}", "type": 1}, {"target": "{fgetc}", "source": "{bm_read}", "type": 2}, {"target": "{bm_readbody_bmp}", "source": "{bm_read}", "type": 0}, {"target": "{fgetc_ws}", "source": "{bm_read}", "type": 0}, {"target": "{bm_readbody_pnm}", "source": "{bm_read}", "type": 3}, {"target": "Node0x291ec00", "source": "{__errno_location}", "type": 3}, {"target": "Node0x291ec00", "source": "{fgetc}", "type": 3}, {"target": "{bm_clear}", "source": "{bm_readbody_pnm}", "type": 0}, {"target": "{bm_new}", "source": "{bm_readbody_pnm}", "type": 3}, {"target": "{bm_free}", "source": "{bm_readbody_pnm}", "type": 3}, {"target": "{readbit}", "source": "{bm_readbody_pnm}", "type": 3}, {"target": "{fgetc}", "source": "{bm_readbody_pnm}", "type": 0}, {"target": "{fgetc}", "source": "{bm_readbody_pnm}", "type": 3}, {"target": "{fgetc}", "source": "{bm_readbody_pnm}", "type": 0}, {"target": "{fgetc}", "source": "{bm_readbody_pnm}", "type": 2}, {"target": "{fgetc}", "source": "{bm_readbody_pnm}", "type": 0}, {"target": "{fgetc}", "source": "{bm_readbody_pnm}", "type": 0}, {"target": "{fgetc}", "source": "{bm_readbody_pnm}", "type": 3}, {"target": "{fgetc}", "source": "{bm_readbody_pnm}", "type": 2}, {"target": "{readnum}", "source": "{bm_readbody_pnm}", "type": 0}, {"target": "{readnum}", "source": "{bm_readbody_pnm}", "type": 2}, {"target": "{readnum}", "source": "{bm_readbody_pnm}", "type": 3}, {"target": "{readnum}", "source": "{bm_readbody_pnm}", "type": 2}, {"target": "{readnum}", "source": "{bm_readbody_pnm}", "type": 0}, {"target": "{readnum}", "source": "{bm_readbody_pnm}", "type": 3}, {"target": "{readnum}", "source": "{bm_readbody_pnm}", "type": 3}, {"target": "{readnum}", "source": "{bm_readbody_pnm}", "type": 2}, {"target": "{fprintf}", "source": "{bm_writepbm}", "type": 2}, {"target": "{fputc}", "source": "{bm_writepbm}", "type": 3}, {"target": "Node0x291ec00", "source": "{fprintf}", "type": 3}, {"target": "Node0x291ec00", "source": "{free}", "type": 0}, {"target": "{__errno_location}", "source": "{bm_new}", "type": 2}, {"target": "{free}", "source": "{bm_new}", "type": 2}, {"target": "{malloc}", "source": "{bm_new}", "type": 0}, {"target": "{malloc}", "source": "{bm_new}", "type": 0}, {"target": "{bmp_forward}", "source": "{bm_readbody_bmp}", "type": 3}, {"target": "{bmp_forward}", "source": "{bm_readbody_bmp}", "type": 3}, {"target": "{bmp_forward}", "source": "{bm_readbody_bmp}", "type": 2}, {"target": "{bmp_readint}", "source": "{bm_readbody_bmp}", "type": 1}, {"target": "{bmp_readint}", "source": "{bm_readbody_bmp}", "type": 1}, {"target": "{bmp_readint}", "source": "{bm_readbody_bmp}", "type": 1}, {"target": "{bmp_readint}", "source": "{bm_readbody_bmp}", "type": 3}, {"target": "{bmp_readint}", "source": "{bm_readbody_bmp}", "type": 2}, {"target": "{bmp_readint}", "source": "{bm_readbody_bmp}", "type": 3}, {"target": "{bmp_readint}", "source": "{bm_readbody_bmp}", "type": 3}, {"target": "{bmp_readint}", "source": "{bm_readbody_bmp}", "type": 1}, {"target": "{bmp_readint}", "source": "{bm_readbody_bmp}", "type": 2}, {"target": "{bmp_readint}", "source": "{bm_readbody_bmp}", "type": 3}, {"target": "{bmp_readint}", "source": "{bm_readbody_bmp}", "type": 3}, {"target": "{bmp_readint}", "source": "{bm_readbody_bmp}", "type": 1}, {"target": "{bmp_readint}", "source": "{bm_readbody_bmp}", "type": 1}, {"target": "{bmp_readint}", "source": "{bm_readbody_bmp}", "type": 0}, {"target": "{bmp_readint}", "source": "{bm_readbody_bmp}", "type": 0}, {"target": "{bmp_readint}", "source": "{bm_readbody_bmp}", "type": 1}, {"target": "{bmp_readint}", "source": "{bm_readbody_bmp}", "type": 3}, {"target": "{bmp_readint}", "source": "{bm_readbody_bmp}", "type": 2}, {"target": "{bmp_readint}", "source": "{bm_readbody_bmp}", "type": 0}, {"target": "{bmp_readint}", "source": "{bm_readbody_bmp}", "type": 0}, {"target": "{bmp_readint}", "source": "{bm_readbody_bmp}", "type": 1}, {"target": "{bmp_readint}", "source": "{bm_readbody_bmp}", "type": 0}, {"target": "{bmp_readint}", "source": "{bm_readbody_bmp}", "type": 2}, {"target": "{bmp_readint}", "source": "{bm_readbody_bmp}", "type": 1}, {"target": "{bmp_readint}", "source": "{bm_readbody_bmp}", "type": 3}, {"target": "{bmp_readint}", "source": "{bm_readbody_bmp}", "type": 1}, {"target": "{bmp_readint}", "source": "{bm_readbody_bmp}", "type": 3}, {"target": "{bmp_readint}", "source": "{bm_readbody_bmp}", "type": 1}, {"target": "{bmp_readint}", "source": "{bm_readbody_bmp}", "type": 1}, {"target": "{bmp_readint}", "source": "{bm_readbody_bmp}", "type": 1}, {"target": "{bmp_readint}", "source": "{bm_readbody_bmp}", "type": 2}, {"target": "{bmp_readint}", "source": "{bm_readbody_bmp}", "type": 0}, {"target": "{bmp_readint}", "source": "{bm_readbody_bmp}", "type": 0}, {"target": "{bmp_readint}", "source": "{bm_readbody_bmp}", "type": 2}, {"target": "{bmp_readint}", "source": "{bm_readbody_bmp}", "type": 0}, {"target": "{bmp_readint}", "source": "{bm_readbody_bmp}", "type": 0}, {"target": "{bmp_readint}", "source": "{bm_readbody_bmp}", "type": 2}, {"target": "{bmp_readint}", "source": "{bm_readbody_bmp}", "type": 2}, {"target": "{bmp_readint}", "source": "{bm_readbody_bmp}", "type": 3}, {"target": "{free}", "source": "{bm_readbody_bmp}", "type": 1}, {"target": "{free}", "source": "{bm_readbody_bmp}", "type": 1}, {"target": "{free}", "source": "{bm_readbody_bmp}", "type": 2}, {"target": "{free}", "source": "{bm_readbody_bmp}", "type": 0}, {"target": "{free}", "source": "{bm_readbody_bmp}", "type": 0}, {"target": "{free}", "source": "{bm_readbody_bmp}", "type": 0}, {"target": "{bmp_pad}", "source": "{bm_readbody_bmp}", "type": 0}, {"target": "{bmp_pad}", "source": "{bm_readbody_bmp}", "type": 2}, {"target": "{bmp_pad}", "source": "{bm_readbody_bmp}", "type": 3}, {"target": "{bmp_pad}", "source": "{bm_readbody_bmp}", "type": 1}, {"target": "{bm_new}", "source": "{bm_readbody_bmp}", "type": 1}, {"target": "{bm_clear}", "source": "{bm_readbody_bmp}", "type": 1}, {"target": "{lobit}", "source": "{bm_readbody_bmp}", "type": 2}, {"target": "{lobit}", "source": "{bm_readbody_bmp}", "type": 2}, {"target": "{lobit}", "source": "{bm_readbody_bmp}", "type": 1}, {"target": "{bmp_pad_reset}", "source": "{bm_readbody_bmp}", "type": 2}, {"target": "{bmp_pad_reset}", "source": "{bm_readbody_bmp}", "type": 3}, {"target": "{bmp_pad_reset}", "source": "{bm_readbody_bmp}", "type": 3}, {"target": "{bmp_pad_reset}", "source": "{bm_readbody_bmp}", "type": 3}, {"target": "{calloc}", "source": "{bm_readbody_bmp}", "type": 1}, {"target": "{bm_writepbm}", "source": "{external node}", "type": 1}, {"target": "{ungetc}", "source": "{external node}", "type": 3}, {"target": "{llvm.dbg.declare}", "source": "{external node}", "type": 0}, {"target": "{bm_read}", "source": "{external node}", "type": 3}, {"target": "{fprintf}", "source": "{external node}", "type": 0}, {"target": "{free}", "source": "{external node}", "type": 2}, {"target": "{llvm.memset.p0i8.i64}", "source": "{external node}", "type": 0}, {"target": "{__errno_location}", "source": "{external node}", "type": 2}, {"target": "{fputc}", "source": "{external node}", "type": 3}, {"target": "{fgetc}", "source": "{external node}", "type": 0}, {"target": "{malloc}", "source": "{external node}", "type": 0}, {"target": "{bm_print}", "source": "{external node}", "type": 0}, {"target": "{calloc}", "source": "{external node}", "type": 0}, {"target": "{fgetc}", "source": "{fgetc_ws}", "type": 3}, {"target": "{fgetc}", "source": "{fgetc_ws}", "type": 0}, {"target": "Node0x291ec00", "source": "{calloc}", "type": 2}, {"target": "Node0x291ec00", "source": "{malloc}", "type": 2}, {"target": "{fgetc}", "source": "{readnum}", "type": 3}, {"target": "{ungetc}", "source": "{readnum}", "type": 2}, {"target": "{fgetc_ws}", "source": "{readnum}", "type": 2}], "nodes": [{"data": {"clustering_coefficient": 0.0, "faulty": false, "macke_bug_chain_length": 1, "node_degree": [1, 1, 2], "distance_to_interface": 3, "macke_vulnerabilities_found": 1, "node_path_length": 1.0}, "id": "{bmp_forward}", "type": 0}, {"data": {"clustering_coefficient": 0.0, "faulty": false, "macke_bug_chain_length": 0, "node_degree": [1, 2, 3], "distance_to_interface": 1, "macke_vulnerabilities_found": 0, "node_path_length": 1.0}, "id": "{ungetc}", "type": 4}, {"data": {"clustering_coefficient": 0.0, "faulty": false, "macke_bug_chain_length": 1, "node_degree": [1, 1, 2], "distance_to_interface": 3, "macke_vulnerabilities_found": 1, "node_path_length": 1.0}, "id": "{bmp_readint}", "type": 4}, {"data": {"clustering_coefficient": 0.0, "faulty": false, "macke_bug_chain_length": 1, "node_degree": [1, 1, 2], "distance_to_interface": 3, "macke_vulnerabilities_found": 1, "node_path_length": 1.0}, "id": "{bmp_pad}", "type": 0}, {"data": {"clustering_coefficient": 0.0, "faulty": false, "macke_bug_chain_length": 1, "node_degree": [1, 1, 2], "distance_to_interface": 3, "macke_vulnerabilities_found": 1, "node_path_length": 1.0}, "id": "{readbit}", "type": 2}, {"data": {"clustering_coefficient": 0.0, "faulty": false, "macke_bug_chain_length": 1, "node_degree": [1, 1, 2], "distance_to_interface": 3, "macke_vulnerabilities_found": 1, "node_path_length": 1.0}, "id": "{bm_free}", "type": 1}, {"data": {"clustering_coefficient": 0.3333333333333333, "faulty": false, "macke_bug_chain_length": 0, "node_degree": [1, 3, 4], "distance_to_interface": 1, "macke_vulnerabilities_found": 0, "node_path_length": 1.0}, "id": "{fputc}", "type": 1}, {"data": {"clustering_coefficient": 1.0, "faulty": false, "macke_bug_chain_length": 1, "node_degree": [1, 1, 2], "distance_to_interface": 1, "macke_vulnerabilities_found": 1, "node_path_length": 1.0}, "id": "{bm_print}", "type": 2}, {"data": {"clustering_coefficient": 0.3, "faulty": false, "macke_bug_chain_length": 0, "node_degree": [4, 1, 5], "distance_to_interface": 1, "macke_vulnerabilities_found": 0, "node_path_length": 2.507575757575758}, "id": "{bm_read}", "type": 2}, {"data": {"clustering_coefficient": 0.0, "faulty": false, "macke_bug_chain_length": 0, "node_degree": [1, 2, 3], "distance_to_interface": 1, "macke_vulnerabilities_found": 0, "node_path_length": 1.0}, "id": "{__errno_location}", "type": 5}, {"data": {"clustering_coefficient": 0.1388888888888889, "faulty": false, "macke_bug_chain_length": 0, "node_degree": [1, 8, 9], "distance_to_interface": 1, "macke_vulnerabilities_found": 0, "node_path_length": 1.0}, "id": "{fgetc}", "type": 3}, {"data": {"clustering_coefficient": 0.09523809523809523, "faulty": false, "macke_bug_chain_length": 0, "node_degree": [6, 1, 7], "distance_to_interface": 2, "macke_vulnerabilities_found": 0, "node_path_length": 1.3333333333333333}, "id": "{bm_readbody_pnm}", "type": 2}, {"data": {"clustering_coefficient": 0.6666666666666666, "faulty": false, "macke_bug_chain_length": 1, "node_degree": [2, 1, 3], "distance_to_interface": 1, "macke_vulnerabilities_found": 1, "node_path_length": 2.0}, "id": "{bm_writepbm}", "type": 2}, {"data": {"clustering_coefficient": 0, "faulty": false, "macke_bug_chain_length": 0, "node_degree": [0, 1, 1], "distance_to_interface": 1, "macke_vulnerabilities_found": 0, "node_path_length": 0}, "id": "{llvm.dbg.declare}", "type": 4}, {"data": {"clustering_coefficient": 0.3333333333333333, "faulty": false, "macke_bug_chain_length": 0, "node_degree": [1, 2, 3], "distance_to_interface": 1, "macke_vulnerabilities_found": 0, "node_path_length": 1.0}, "id": "{fprintf}", "type": 2}, {"data": {"clustering_coefficient": 0.1, "faulty": false, "macke_bug_chain_length": 0, "node_degree": [1, 4, 5], "distance_to_interface": 1, "macke_vulnerabilities_found": 0, "node_path_length": 1.0}, "id": "{free}", "type": 1}, {"data": {"clustering_coefficient": 0.1, "faulty": false, "macke_bug_chain_length": 1, "node_degree": [3, 2, 5], "distance_to_interface": 3, "macke_vulnerabilities_found": 1, "node_path_length": 1.6}, "id": "{bm_new}", "type": 3}, {"data": {"clustering_coefficient": 0.0, "faulty": false, "macke_bug_chain_length": 1, "node_degree": [0, 2, 2], "distance_to_interface": 3, "macke_vulnerabilities_found": 1, "node_path_length": 0}, "id": "{bm_clear}", "type": 3}, {"data": {"clustering_coefficient": 0.022222222222222223, "faulty": true, "macke_bug_chain_length": 0, "node_degree": [9, 1, 10], "cvss3": {"integrityImpact": "HIGH", "confidentialityImpact": "HIGH", "scope": "UNCHANGED", "vectorString": "AV:L/AC:L/PR:N/UI:R/S:U/C:H/I:H/A:H", "privilegesRequired": "NONE", "baseSeverity": "HIGH", "attackVector": "LOCAL", "baseScore": 7.8, "attackComplexity": "LOW", "availabilityImpact": "HIGH", "userInteraction": "REQUIRED"}, "distance_to_interface": 2, "macke_vulnerabilities_found": 0, "node_path_length": 2.0}, "id": "{bm_readbody_bmp}", "type": 3}, {"data": {"clustering_coefficient": 0.05128205128205128, "faulty": false, "macke_bug_chain_length": 0, "node_degree": [13, 0, 13], "distance_to_interface": 999, "macke_vulnerabilities_found": 0, "node_path_length": 0}, "id": "{external node}", "type": 2}, {"data": {"clustering_coefficient": 0.3333333333333333, "faulty": false, "macke_bug_chain_length": 1, "node_degree": [1, 3, 4], "distance_to_interface": 2, "macke_vulnerabilities_found": 1, "node_path_length": 1.0}, "id": "{fgetc_ws}", "type": 0}, {"data": {"clustering_coefficient": 0.0, "faulty": false, "macke_bug_chain_length": 0, "node_degree": [1, 2, 3], "distance_to_interface": 1, "macke_vulnerabilities_found": 0, "node_path_length": 1.0}, "id": "{calloc}", "type": 3}, {"id": "Node0x291ec00", "type": 2}, {"data": {"clustering_coefficient": 0, "faulty": false, "macke_bug_chain_length": 0, "node_degree": [0, 1, 1], "distance_to_interface": 1, "macke_vulnerabilities_found": 0, "node_path_length": 0}, "id": "{llvm.memset.p0i8.i64}", "type": 3}, {"data": {"clustering_coefficient": 0.0, "faulty": false, "macke_bug_chain_length": 0, "node_degree": [1, 2, 3], "distance_to_interface": 1, "macke_vulnerabilities_found": 0, "node_path_length": 1.0}, "id": "{malloc}", "type": 1}, {"data": {"clustering_coefficient": 0, "faulty": false, "macke_bug_chain_length": 1, "node_degree": [0, 1, 1], "distance_to_interface": 3, "macke_vulnerabilities_found": 1, "node_path_length": 0}, "id": "{lobit}", "type": 2}, {"data": {"clustering_coefficient": 0, "faulty": false, "macke_bug_chain_length": 1, "node_degree": [0, 1, 1], "distance_to_interface": 3, "macke_vulnerabilities_found": 1, "node_path_length": 0}, "id": "{bmp_pad_reset}", "type": 1}, {"data": {"clustering_coefficient": 0.3333333333333333, "faulty": false, "macke_bug_chain_length": 1, "node_degree": [3, 1, 4], "distance_to_interface": 3, "macke_vulnerabilities_found": 1, "node_path_length": 1.0}, "id": "{readnum}", "type": 1}]}