{"directed": true, "graph": {"node": {"shape": "", "label": "Call graph"}, "graph": {"label": "Call graph"}, "edge": {}, "name": "Call graph"}, "nodes": [{"shape": "record", "id": "Node0x28a5210", "label": "{bmp_forward}"}, {"shape": "record", "id": "Node0x2861d20", "label": "{ungetc}"}, {"shape": "record", "id": "Node0x28a51a0", "label": "{bmp_readint}"}, {"shape": "record", "id": "Node0x28e8360", "label": "{bmp_pad}"}, {"shape": "record", "id": "Node0x28a5170", "label": "{readbit}"}, {"shape": "record", "id": "Node0x28a5030", "label": "{bm_free}"}, {"shape": "record", "id": "Node0x28e85c0", "label": "{fputc}"}, {"shape": "record", "id": "Node0x28e8750", "label": "{bm_print}"}, {"shape": "record", "id": "Node0x291ec70", "label": "{bm_read}"}, {"shape": "record", "id": "Node0x28e88a0", "label": "{__errno_location}"}, {"shape": "record", "id": "Node0x2862920", "label": "{fgetc}"}, {"shape": "record", "id": "Node0x28628b0", "label": "{bm_readbody_pnm}"}, {"shape": "record", "id": "Node0x28e84b0", "label": "{bm_writepbm}"}, {"shape": "record", "id": "Node0x2856b00", "label": "{llvm.dbg.declare}"}, {"shape": "record", "id": "Node0x28e8520", "label": "{fprintf}"}, {"shape": "record", "id": "Node0x28e8440", "label": "{free}"}, {"shape": "record", "id": "Node0x2862a10", "label": "{bm_new}"}, {"shape": "record", "id": "Node0x28a5100", "label": "{bm_clear}"}, {"shape": "record", "id": "Node0x2856a90", "label": "{bm_readbody_bmp}"}, {"shape": "record", "id": "Node0x291ebd0", "label": "{external node}"}, {"shape": "record", "id": "Node0x291ecd0", "label": "{fgetc_ws}"}, {"shape": "record", "id": "Node0x28a5280", "label": "{calloc}"}, {"id": "Node0x291ec00"}, {"shape": "record", "id": "Node0x28e86b0", "label": "{llvm.memset.p0i8.i64}"}, {"shape": "record", "id": "Node0x2861c10", "label": "{malloc}"}, {"shape": "record", "id": "Node0x28e83d0", "label": "{lobit}"}, {"shape": "record", "id": "Node0x28e82f0", "label": "{bmp_pad_reset}"}, {"shape": "record", "id": "Node0x28629e0", "label": "{readnum}"}], "links": [{"source": "Node0x28a5210", "target": "Node0x2862920", "key": 0}, {"source": "Node0x2861d20", "target": "Node0x291ec00", "key": 0}, {"source": "Node0x28a51a0", "target": "Node0x2862920", "key": 0}, {"source": "Node0x28e8360", "target": "Node0x2862920", "key": 0}, {"source": "Node0x28a5170", "target": "Node0x291ecd0", "key": 0}, {"source": "Node0x28a5030", "target": "Node0x28e8440", "key": 0}, {"source": "Node0x28a5030", "target": "Node0x28e8440", "key": 1}, {"source": "Node0x28e85c0", "target": "Node0x291ec00", "key": 0}, {"source": "Node0x28e8750", "target": "Node0x28e85c0", "key": 0}, {"source": "Node0x28e8750", "target": "Node0x28e85c0", "key": 1}, {"source": "Node0x291ec70", "target": "Node0x2862920", "key": 0}, {"source": "Node0x291ec70", "target": "Node0x2856a90", "key": 0}, {"source": "Node0x291ec70", "target": "Node0x291ecd0", "key": 0}, {"source": "Node0x291ec70", "target": "Node0x28628b0", "key": 0}, {"source": "Node0x28e88a0", "target": "Node0x291ec00", "key": 0}, {"source": "Node0x2862920", "target": "Node0x291ec00", "key": 0}, {"source": "Node0x28628b0", "target": "Node0x28a5100", "key": 0}, {"source": "Node0x28628b0", "target": "Node0x2862a10", "key": 0}, {"source": "Node0x28628b0", "target": "Node0x28a5030", "key": 0}, {"source": "Node0x28628b0", "target": "Node0x28a5170", "key": 0}, {"source": "Node0x28628b0", "target": "Node0x2862920", "key": 0}, {"source": "Node0x28628b0", "target": "Node0x2862920", "key": 1}, {"source": "Node0x28628b0", "target": "Node0x2862920", "key": 2}, {"source": "Node0x28628b0", "target": "Node0x2862920", "key": 3}, {"source": "Node0x28628b0", "target": "Node0x2862920", "key": 4}, {"source": "Node0x28628b0", "target": "Node0x2862920", "key": 5}, {"source": "Node0x28628b0", "target": "Node0x2862920", "key": 6}, {"source": "Node0x28628b0", "target": "Node0x2862920", "key": 7}, {"source": "Node0x28628b0", "target": "Node0x28629e0", "key": 0}, {"source": "Node0x28628b0", "target": "Node0x28629e0", "key": 1}, {"source": "Node0x28628b0", "target": "Node0x28629e0", "key": 2}, {"source": "Node0x28628b0", "target": "Node0x28629e0", "key": 3}, {"source": "Node0x28628b0", "target": "Node0x28629e0", "key": 4}, {"source": "Node0x28628b0", "target": "Node0x28629e0", "key": 5}, {"source": "Node0x28628b0", "target": "Node0x28629e0", "key": 6}, {"source": "Node0x28628b0", "target": "Node0x28629e0", "key": 7}, {"source": "Node0x28e84b0", "target": "Node0x28e8520", "key": 0}, {"source": "Node0x28e84b0", "target": "Node0x28e85c0", "key": 0}, {"source": "Node0x28e8520", "target": "Node0x291ec00", "key": 0}, {"source": "Node0x28e8440", "target": "Node0x291ec00", "key": 0}, {"source": "Node0x2862a10", "target": "Node0x28e88a0", "key": 0}, {"source": "Node0x2862a10", "target": "Node0x28e8440", "key": 0}, {"source": "Node0x2862a10", "target": "Node0x2861c10", "key": 0}, {"source": "Node0x2862a10", "target": "Node0x2861c10", "key": 1}, {"source": "Node0x2856a90", "target": "Node0x28a5210", "key": 0}, {"source": "Node0x2856a90", "target": "Node0x28a5210", "key": 1}, {"source": "Node0x2856a90", "target": "Node0x28a5210", "key": 2}, {"source": "Node0x2856a90", "target": "Node0x28a51a0", "key": 0}, {"source": "Node0x2856a90", "target": "Node0x28a51a0", "key": 1}, {"source": "Node0x2856a90", "target": "Node0x28a51a0", "key": 2}, {"source": "Node0x2856a90", "target": "Node0x28a51a0", "key": 3}, {"source": "Node0x2856a90", "target": "Node0x28a51a0", "key": 4}, {"source": "Node0x2856a90", "target": "Node0x28a51a0", "key": 5}, {"source": "Node0x2856a90", "target": "Node0x28a51a0", "key": 6}, {"source": "Node0x2856a90", "target": "Node0x28a51a0", "key": 7}, {"source": "Node0x2856a90", "target": "Node0x28a51a0", "key": 8}, {"source": "Node0x2856a90", "target": "Node0x28a51a0", "key": 9}, {"source": "Node0x2856a90", "target": "Node0x28a51a0", "key": 10}, {"source": "Node0x2856a90", "target": "Node0x28a51a0", "key": 11}, {"source": "Node0x2856a90", "target": "Node0x28a51a0", "key": 12}, {"source": "Node0x2856a90", "target": "Node0x28a51a0", "key": 13}, {"source": "Node0x2856a90", "target": "Node0x28a51a0", "key": 14}, {"source": "Node0x2856a90", "target": "Node0x28a51a0", "key": 15}, {"source": "Node0x2856a90", "target": "Node0x28a51a0", "key": 16}, {"source": "Node0x2856a90", "target": "Node0x28a51a0", "key": 17}, {"source": "Node0x2856a90", "target": "Node0x28a51a0", "key": 18}, {"source": "Node0x2856a90", "target": "Node0x28a51a0", "key": 19}, {"source": "Node0x2856a90", "target": "Node0x28a51a0", "key": 20}, {"source": "Node0x2856a90", "target": "Node0x28a51a0", "key": 21}, {"source": "Node0x2856a90", "target": "Node0x28a51a0", "key": 22}, {"source": "Node0x2856a90", "target": "Node0x28a51a0", "key": 23}, {"source": "Node0x2856a90", "target": "Node0x28a51a0", "key": 24}, {"source": "Node0x2856a90", "target": "Node0x28a51a0", "key": 25}, {"source": "Node0x2856a90", "target": "Node0x28a51a0", "key": 26}, {"source": "Node0x2856a90", "target": "Node0x28a51a0", "key": 27}, {"source": "Node0x2856a90", "target": "Node0x28a51a0", "key": 28}, {"source": "Node0x2856a90", "target": "Node0x28a51a0", "key": 29}, {"source": "Node0x2856a90", "target": "Node0x28a51a0", "key": 30}, {"source": "Node0x2856a90", "target": "Node0x28a51a0", "key": 31}, {"source": "Node0x2856a90", "target": "Node0x28a51a0", "key": 32}, {"source": "Node0x2856a90", "target": "Node0x28a51a0", "key": 33}, {"source": "Node0x2856a90", "target": "Node0x28a51a0", "key": 34}, {"source": "Node0x2856a90", "target": "Node0x28a51a0", "key": 35}, {"source": "Node0x2856a90", "target": "Node0x28a51a0", "key": 36}, {"source": "Node0x2856a90", "target": "Node0x28a51a0", "key": 37}, {"source": "Node0x2856a90", "target": "Node0x28a51a0", "key": 38}, {"source": "Node0x2856a90", "target": "Node0x28e8440", "key": 0}, {"source": "Node0x2856a90", "target": "Node0x28e8440", "key": 1}, {"source": "Node0x2856a90", "target": "Node0x28e8440", "key": 2}, {"source": "Node0x2856a90", "target": "Node0x28e8440", "key": 3}, {"source": "Node0x2856a90", "target": "Node0x28e8440", "key": 4}, {"source": "Node0x2856a90", "target": "Node0x28e8440", "key": 5}, {"source": "Node0x2856a90", "target": "Node0x28e8360", "key": 0}, {"source": "Node0x2856a90", "target": "Node0x28e8360", "key": 1}, {"source": "Node0x2856a90", "target": "Node0x28e8360", "key": 2}, {"source": "Node0x2856a90", "target": "Node0x28e8360", "key": 3}, {"source": "Node0x2856a90", "target": "Node0x2862a10", "key": 0}, {"source": "Node0x2856a90", "target": "Node0x28a5100", "key": 0}, {"source": "Node0x2856a90", "target": "Node0x28e83d0", "key": 0}, {"source": "Node0x2856a90", "target": "Node0x28e83d0", "key": 1}, {"source": "Node0x2856a90", "target": "Node0x28e83d0", "key": 2}, {"source": "Node0x2856a90", "target": "Node0x28e82f0", "key": 0}, {"source": "Node0x2856a90", "target": "Node0x28e82f0", "key": 1}, {"source": "Node0x2856a90", "target": "Node0x28e82f0", "key": 2}, {"source": "Node0x2856a90", "target": "Node0x28e82f0", "key": 3}, {"source": "Node0x2856a90", "target": "Node0x28a5280", "key": 0}, {"source": "Node0x291ebd0", "target": "Node0x28e84b0", "key": 0}, {"source": "Node0x291ebd0", "target": "Node0x2861d20", "key": 0}, {"source": "Node0x291ebd0", "target": "Node0x2856b00", "key": 0}, {"source": "Node0x291ebd0", "target": "Node0x291ec70", "key": 0}, {"source": "Node0x291ebd0", "target": "Node0x28e8520", "key": 0}, {"source": "Node0x291ebd0", "target": "Node0x28e8440", "key": 0}, {"source": "Node0x291ebd0", "target": "Node0x28e86b0", "key": 0}, {"source": "Node0x291ebd0", "target": "Node0x28e88a0", "key": 0}, {"source": "Node0x291ebd0", "target": "Node0x28e85c0", "key": 0}, {"source": "Node0x291ebd0", "target": "Node0x2862920", "key": 0}, {"source": "Node0x291ebd0", "target": "Node0x2861c10", "key": 0}, {"source": "Node0x291ebd0", "target": "Node0x28e8750", "key": 0}, {"source": "Node0x291ebd0", "target": "Node0x28a5280", "key": 0}, {"source": "Node0x291ecd0", "target": "Node0x2862920", "key": 0}, {"source": "Node0x291ecd0", "target": "Node0x2862920", "key": 1}, {"source": "Node0x28a5280", "target": "Node0x291ec00", "key": 0}, {"source": "Node0x2861c10", "target": "Node0x291ec00", "key": 0}, {"source": "Node0x28629e0", "target": "Node0x2862920", "key": 0}, {"source": "Node0x28629e0", "target": "Node0x2861d20", "key": 0}, {"source": "Node0x28629e0", "target": "Node0x291ecd0", "key": 0}], "multigraph": true}
