{
  "klee-out-1": {
    "bcfile": "/tmp/macke/2017-07-19-15-45-51/bitcode/symmains.bc",
    "folder": "/tmp/macke/2017-07-19-15-45-51/klee/klee-out-1",
    "function": "fgetc_ws",
    "phase": 1
  },
  "klee-out-2": {
    "bcfile": "/tmp/macke/2017-07-19-15-45-51/bitcode/symmains.bc",
    "folder": "/tmp/macke/2017-07-19-15-45-51/klee/klee-out-2",
    "function": "readnum",
    "phase": 1
  },
  "klee-out-3": {
    "bcfile": "/tmp/macke/2017-07-19-15-45-51/bitcode/symmains.bc",
    "folder": "/tmp/macke/2017-07-19-15-45-51/klee/klee-out-3",
    "function": "bm_new",
    "phase": 1
  },
  "klee-out-4": {
    "bcfile": "/tmp/macke/2017-07-19-15-45-51/bitcode/symmains.bc",
    "folder": "/tmp/macke/2017-07-19-15-45-51/klee/klee-out-4",
    "function": "bm_clear",
    "phase": 1
  },
  "klee-out-5": {
    "bcfile": "/tmp/macke/2017-07-19-15-45-51/bitcode/symmains.bc",
    "folder": "/tmp/macke/2017-07-19-15-45-51/klee/klee-out-5",
    "function": "readbit",
    "phase": 1
  },
  "klee-out-6": {
    "bcfile": "/tmp/macke/2017-07-19-15-45-51/bitcode/symmains.bc",
    "folder": "/tmp/macke/2017-07-19-15-45-51/klee/klee-out-6",
    "function": "bm_free",
    "phase": 1
  },
  "klee-out-7": {
    "bcfile": "/tmp/macke/2017-07-19-15-45-51/bitcode/symmains.bc",
    "folder": "/tmp/macke/2017-07-19-15-45-51/klee/klee-out-7",
    "function": "bmp_readint",
    "phase": 1
  },
  "klee-out-8": {
    "bcfile": "/tmp/macke/2017-07-19-15-45-51/bitcode/symmains.bc",
    "folder": "/tmp/macke/2017-07-19-15-45-51/klee/klee-out-8",
    "function": "bmp_forward",
    "phase": 1
  },
  "klee-out-9": {
    "bcfile": "/tmp/macke/2017-07-19-15-45-51/bitcode/symmains.bc",
    "folder": "/tmp/macke/2017-07-19-15-45-51/klee/klee-out-9",
    "function": "bmp_pad_reset",
    "phase": 1
  },
  "klee-out-10": {
    "bcfile": "/tmp/macke/2017-07-19-15-45-51/bitcode/symmains.bc",
    "folder": "/tmp/macke/2017-07-19-15-45-51/klee/klee-out-10",
    "function": "bmp_pad",
    "phase": 1
  },
  "klee-out-11": {
    "bcfile": "/tmp/macke/2017-07-19-15-45-51/bitcode/symmains.bc",
    "folder": "/tmp/macke/2017-07-19-15-45-51/klee/klee-out-11",
    "function": "lobit",
    "phase": 1
  },
  "klee-out-12": {
    "bcfile": "/tmp/macke/2017-07-19-15-45-51/bitcode/symmains.bc",
    "folder": "/tmp/macke/2017-07-19-15-45-51/klee/klee-out-12",
    "function": "bm_writepbm",
    "phase": 1
  },
  "klee-out-13": {
    "bcfile": "/tmp/macke/2017-07-19-15-45-51/bitcode/symmains.bc",
    "folder": "/tmp/macke/2017-07-19-15-45-51/klee/klee-out-13",
    "function": "bm_print",
    "phase": 1
  }
}
