{
  "std_fread": {
      "vectorString": "AV:N/AC:L/PR:N/UI:N/S:U/C:L/I:H/A:H",
      "attackVector": "NETWORK",
      "attackComplexity": "LOW",
      "privilegesRequired": "NONE",
      "userInteraction": "NONE",
      "scope": "UNCHANGED",
      "confidentialityImpact": "LOW",
      "integrityImpact": "HIGH",
      "availabilityImpact": "HIGH",
      "baseScore": 9.4,
      "baseSeverity": "CRITICAL"
  },
  "jpc_dec_decodepkt": {
      "vectorString": "AV:L/AC:L/PR:N/UI:R/S:U/C:H/I:H/A:H",
      "attackVector": "LOCAL",
      "attackComplexity": "LOW",
      "privilegesRequired": "NONE",
      "userInteraction": "REQUIRED",
      "scope": "UNCHANGED",
      "confidentialityImpact": "HIGH",
      "integrityImpact": "HIGH",
      "availabilityImpact": "HIGH",
      "baseScore": 7.8,
      "baseSeverity": "HIGH"
  },
  "jpc_getcommacode": {
      "vectorString": "AV:L/AC:H/PR:N/UI:R/S:U/C:N/I:H/A:H",
      "attackVector": "LOCAL",
      "attackComplexity": "HIGH",
      "privilegesRequired": "NONE",
      "userInteraction": "REQUIRED",
      "scope": "UNCHANGED",
      "confidentialityImpact": "NONE",
      "integrityImpact": "HIGH",
      "availabilityImpact": "HIGH",
      "baseScore": 6.3,
      "baseSeverity": "MEDIUM"
  },
  "read_dump": {
      "vectorString": "AV:N/AC:L/PR:N/UI:N/S:U/C:N/I:N/A:H",
      "attackVector": "NETWORK",
      "attackComplexity": "LOW",
      "privilegesRequired": "NONE",
      "userInteraction": "NONE",
      "scope": "UNCHANGED",
      "confidentialityImpact": "NONE",
      "integrityImpact": "NONE",
      "availabilityImpact": "HIGH",
      "baseScore": 7.5,
      "baseSeverity": "HIGH"
  },
  "write_n": {
      "vectorString": "AV:N/AC:H/PR:N/UI:N/S:U/C:N/I:N/A:H",
      "attackVector": "NETWORK",
      "attackComplexity": "HIGH",
      "privilegesRequired": "NONE",
      "userInteraction": "NONE",
      "scope": "UNCHANGED",
      "confidentialityImpact": "NONE",
      "integrityImpact": "NONE",
      "availabilityImpact": "HIGH",
      "baseScore": 5.9,
      "baseSeverity": "MEDIUM"
  },
  "MagickFreeAligned": {
      "vectorString": "AV:N/AC:H/PR:N/UI:N/S:U/C:H/I:H/A:H",
      "attackVector": "NETWORK",
      "attackComplexity": "HIGH",
      "privilegesRequired": "NONE",
      "userInteraction": "NONE",
      "scope": "UNCHANGED",
      "confidentialityImpact": "HIGH",
      "integrityImpact": "HIGH",
      "availabilityImpact": "HIGH",
      "baseScore": 8.1,
      "baseSeverity": "HIGH"
  },
  "MagickFree": {
      "vectorString": "AV:N/AC:L/PR:N/UI:N/S:U/C:H/I:H/A:H",
      "attackVector": "NETWORK",
      "attackComplexity": "LOW",
      "privilegesRequired": "NONE",
      "userInteraction": "NONE",
      "scope": "UNCHANGED",
      "confidentialityImpact": "HIGH",
      "integrityImpact": "HIGH",
      "availabilityImpact": "HIGH",
      "baseScore": 9.8,
      "baseSeverity": "CRITICAL"
  },
  "MagickCloneMemory": {
      "vectorString": "AV:N/AC:L/PR:N/UI:N/S:U/C:H/I:H/A:H",
      "attackVector": "NETWORK",
      "attackComplexity": "HIGH",
      "privilegesRequired": "NONE",
      "userInteraction": "NONE",
      "scope": "UNCHANGED",
      "confidentialityImpact": "HIGH",
      "integrityImpact": "HIGH",
      "availabilityImpact": "HIGH",
      "baseScore": 8.1,
      "baseSeverity": "HIGH"
  },
  "xfread": {
      "vectorString": "AV:L/AC:L/PR:N/UI:R/S:U/C:N/I:N/A:H",
      "attackVector": "LOCAL",
      "attackComplexity": "LOW",
      "privilegesRequired": "NONE",
      "userInteraction": "REQUIRED",
      "scope": "UNCHANGED",
      "confidentialityImpact": "NONE",
      "integrityImpact": "NONE",
      "availabilityImpact": "HIGH",
      "baseScore": 5.5,
      "baseSeverity": "MEDIUM"
  },
  "jas_matrix_destroy": {
      "vectorString": "AV:L/AC:H/PR:N/UI:R/S:U/C:N/I:N/A:L",
      "attackVector": "LOCAL",
      "attackComplexity": "HIGH",
      "privilegesRequired": "NONE",
      "userInteraction": "REQUIRED",
      "scope": "UNCHANGED",
      "confidentialityImpact": "NONE",
      "integrityImpact": "NONE",
      "availabilityImpact": "LOW",
      "baseScore": 2.5,
      "baseSeverity": "LOW"
  },
  "jas_matrix_asr": {
      "vectorString": "AV:L/AC:L/PR:N/UI:R/S:U/C:N/I:N/A:H",
      "attackVector": "LOCAL",
      "attackComplexity": "LOW",
      "privilegesRequired": "NONE",
      "userInteraction": "REQUIRED",
      "scope": "UNCHANGED",
      "confidentialityImpact": "NONE",
      "integrityImpact": "NONE",
      "availabilityImpact": "HIGH",
      "baseScore": 5.5,
      "baseSeverity": "MEDIUM"
  },
  "xmlDictAddString" : {
    "vectorString" : "AV:N/AC:L/PR:N/UI:R/S:U/C:H/I:H/A:H",
    "attackVector" : "NETWORK",
    "attackComplexity" : "LOW",
    "privilegesRequired" : "NONE",
    "userInteraction" : "REQUIRED",
    "scope" : "UNCHANGED",
    "confidentialityImpact" : "HIGH",
    "integrityImpact" : "HIGH",
    "availabilityImpact" : "HIGH",
    "baseScore" : 8.8,
    "baseSeverity" : "HIGH"
  },
  "read_1g" : {
    "vectorString" : "AV:L/AC:L/PR:N/UI:R/S:U/C:H/I:H/A:H",
    "attackVector" : "LOCAL",
    "attackComplexity" : "LOW",
    "privilegesRequired" : "NONE",
    "userInteraction" : "REQUIRED",
    "scope" : "UNCHANGED",
    "confidentialityImpact" : "HIGH",
    "integrityImpact" : "HIGH",
    "availabilityImpact" : "HIGH",
    "baseScore" : 7.8,
    "baseSeverity" : "HIGH"
  },
  "read_buf" : {
    "vectorString" : "AV:L/AC:L/PR:N/UI:R/S:U/C:H/I:H/A:H",
    "attackVector" : "LOCAL",
    "attackComplexity" : "LOW",
    "privilegesRequired" : "NONE",
    "userInteraction" : "REQUIRED",
    "scope" : "UNCHANGED",
    "confidentialityImpact" : "HIGH",
    "integrityImpact" : "HIGH",
    "availabilityImpact" : "HIGH",
    "baseScore" : 7.8,
    "baseSeverity" : "HIGH"
  },
  "join_pthread" : {
    "vectorString" : "AV:L/AC:L/PR:N/UI:R/S:U/C:N/I:N/A:H",
    "attackVector" : "LOCAL",
    "attackComplexity" : "LOW",
    "privilegesRequired" : "NONE",
    "userInteraction" : "REQUIRED",
    "scope" : "UNCHANGED",
    "confidentialityImpact" : "NONE",
    "integrityImpact" : "NONE",
    "availabilityImpact" : "HIGH",
    "baseScore" : 5.5,
    "baseSeverity" : "MEDIUM"
  },
  "TIFFReadDirEntryArray" : {
    "vectorString" : "AV:N/AC:L/PR:N/UI:N/S:U/C:N/I:N/A:H",
    "attackVector" : "NETWORK",
    "attackComplexity" : "LOW",
    "privilegesRequired" : "NONE",
    "userInteraction" : "NONE",
    "scope" : "UNCHANGED",
    "confidentialityImpact" : "NONE",
    "integrityImpact" : "NONE",
    "availabilityImpact" : "HIGH",
    "baseScore" : 7.5,
    "baseSeverity" : "HIGH"
  },
  "TIFFReadDirEntryLong8Array" : {
    "vectorString" : "AV:N/AC:L/PR:N/UI:R/S:U/C:N/I:N/A:H",
    "attackVector" : "NETWORK",
    "attackComplexity" : "LOW",
    "privilegesRequired" : "NONE",
    "userInteraction" : "REQUIRED",
    "scope" : "UNCHANGED",
    "confidentialityImpact" : "NONE",
    "integrityImpact" : "NONE",
    "availabilityImpact" : "HIGH",
    "baseScore" : 6.5,
    "baseSeverity" : "MEDIUM"
  },
  "parse_identifier" : {
    "vectorString" : "AV:L/AC:L/PR:L/UI:N/S:C/C:N/I:N/A:H",
    "attackVector" : "LOCAL",
    "attackComplexity" : "LOW",
    "privilegesRequired" : "LOW",
    "userInteraction" : "NONE",
    "scope" : "CHANGED",
    "confidentialityImpact" : "NONE",
    "integrityImpact" : "NONE",
    "availabilityImpact" : "HIGH",
    "baseScore" : 6.5,
    "baseSeverity" : "MEDIUM"
  },
  "TNEFFillMapi" : {
    "vectorString" : "AV:L/AC:L/PR:N/UI:R/S:U/C:N/I:N/A:H",
    "attackVector" : "LOCAL",
    "attackComplexity" : "LOW",
    "privilegesRequired" : "NONE",
    "userInteraction" : "REQUIRED",
    "scope" : "UNCHANGED",
    "confidentialityImpact" : "NONE",
    "integrityImpact" : "NONE",
    "availabilityImpact" : "HIGH",
    "baseScore" : 5.5,
    "baseSeverity" : "MEDIUM"
  },
  "MAPIPrint" : {
    "vectorString" : "AV:L/AC:L/PR:N/UI:R/S:U/C:N/I:N/A:H",
    "attackVector" : "LOCAL",
    "attackComplexity" : "LOW",
    "privilegesRequired" : "NONE",
    "userInteraction" : "REQUIRED",
    "scope" : "UNCHANGED",
    "confidentialityImpact" : "NONE",
    "integrityImpact" : "NONE",
    "availabilityImpact" : "HIGH",
    "baseScore" : 5.5,
    "baseSeverity" : "MEDIUM"
  },
  "TNEFParse" : {
    "vectorString" : "AV:N/AC:L/PR:N/UI:N/S:U/C:N/I:N/A:H",
    "attackVector" : "NETWORK",
    "attackComplexity" : "LOW",
    "privilegesRequired" : "NONE",
    "userInteraction" : "NONE",
    "scope" : "UNCHANGED",
    "confidentialityImpact" : "NONE",
    "integrityImpact" : "NONE",
    "availabilityImpact" : "HIGH",
    "baseScore" : 7.5,
    "baseSeverity" : "HIGH"
  },
  /*OLD*/
  "{rle_fread}": {
    "vectorString": "AV:N/AC:L/PR:N/UI:N/S:U/C:H/I:H/A:H",
    "attackVector": "NETWORK",
    "attackComplexity": "LOW",
    "privilegesRequired": "NONE",
    "userInteraction": "NONE",
    "scope": "UNCHANGED",
    "confidentialityImpact": "HIGH",
    "integrityImpact": "HIGH",
    "availabilityImpact": "HIGH",
    "baseScore": 9.8,
    "baseSeverity": "CRITICAL"
  },
  "{ReadImage}": {
    "vectorString": "AV:N/AC:L/PR:N/UI:N/S:U/C:H/I:H/A:H",
    "attackVector": "NETWORK",
    "attackComplexity": "LOW",
    "privilegesRequired": "NONE",
    "userInteraction": "NONE",
    "scope": "UNCHANGED",
    "confidentialityImpact": "HIGH",
    "integrityImpact": "HIGH",
    "availabilityImpact": "HIGH",
    "baseScore": 9.8,
    "baseSeverity": "CRITICAL"
  },
  "{read_n}": {
    "vectorString": "AV:N/AC:L/PR:N/UI:N/S:U/C:N/I:N/A:H",
    "attackVector": "NETWORK",
    "attackComplexity": "LOW",
    "privilegesRequired": "NONE",
    "userInteraction": "NONE",
    "scope": "UNCHANGED",
    "confidentialityImpact": "NONE",
    "integrityImpact": "NONE",
    "availabilityImpact": "HIGH",
    "baseScore": 7.5,
    "baseSeverity": "HIGH"
  },
  "{MagickMalloc}": {
    "vectorString": "AV:N/AC:L/PR:N/UI:N/S:U/C:H/I:H/A:H",
    "attackVector": "NETWORK",
    "attackComplexity": "LOW",
    "privilegesRequired": "NONE",
    "userInteraction": "NONE",
    "scope": "UNCHANGED",
    "confidentialityImpact": "HIGH",
    "integrityImpact": "HIGH",
    "availabilityImpact": "HIGH",
    "baseScore": 9.8,
    "baseSeverity": "CRITICAL"
  },
  "{extract_icons}": {
    "vectorString": "AV:L/AC:L/PR:N/UI:R/S:U/C:N/I:N/A:H",
    "attackVector": "LOCAL",
    "attackComplexity": "LOW",
    "privilegesRequired": "NONE",
    "userInteraction": "REQUIRED",
    "scope": "UNCHANGED",
    "confidentialityImpact": "NONE",
    "integrityImpact": "NONE",
    "availabilityImpact": "HIGH",
    "baseScore": 5.5,
    "baseSeverity": "MEDIUM"
  },
  "{ReadRLEImage}": {
    "vectorString": "AV:L/AC:L/PR:N/UI:R/S:U/C:H/I:H/A:H",
    "attackVector": "LOCAL",
    "attackComplexity": "LOW",
    "privilegesRequired": "NONE",
    "userInteraction": "REQUIRED",
    "scope": "UNCHANGED",
    "confidentialityImpact": "HIGH",
    "integrityImpact": "HIGH",
    "availabilityImpact": "HIGH",
    "baseScore": 7.8,
    "baseSeverity": "HIGH"
  },
  "{jas_matrix_asl}": {
    "vectorString": "AV:L/AC:L/PR:N/UI:R/S:U/C:N/I:N/A:H",
    "attackVector": "LOCAL",
    "attackComplexity": "LOW",
    "privilegesRequired": "NONE",
    "userInteraction": "REQUIRED",
    "scope": "UNCHANGED",
    "confidentialityImpact": "NONE",
    "integrityImpact": "NONE",
    "availabilityImpact": "HIGH",
    "baseScore": 5.5,
    "baseSeverity": "MEDIUM"
  },
  "{jpc_dec_decodepkt}": {
    "vectorString": "AV:L/AC:L/PR:N/UI:R/S:U/C:H/I:H/A:H",
    "attackVector": "LOCAL",
    "attackComplexity": "LOW",
    "privilegesRequired": "NONE",
    "userInteraction": "REQUIRED",
    "scope": "UNCHANGED",
    "confidentialityImpact": "HIGH",
    "integrityImpact": "HIGH",
    "availabilityImpact": "HIGH",
    "baseScore": 7.8,
    "baseSeverity": "HIGH"
  },
  "{safe_fprintf}": {
    "vectorString": "AV:N/AC:L/PR:N/UI:N/S:U/C:N/I:N/A:H",
    "attackVector": "NETWORK",
    "attackComplexity": "LOW",
    "privilegesRequired": "NONE",
    "userInteraction": "NONE",
    "scope": "UNCHANGED",
    "confidentialityImpact": "NONE",
    "integrityImpact": "NONE",
    "availabilityImpact": "HIGH",
    "baseScore": 7.5,
    "baseSeverity": "HIGH"
  },
  "{calc_coeff}": {
    "vectorString": "AV:N/AC:L/PR:N/UI:N/S:U/C:N/I:N/A:H",
    "attackVector": "NETWORK",
    "attackComplexity": "LOW",
    "privilegesRequired": "NONE",
    "userInteraction": "NONE",
    "scope": "UNCHANGED",
    "confidentialityImpact": "NONE",
    "integrityImpact": "NONE",
    "availabilityImpact": "HIGH",
    "baseScore": 7.5,
    "baseSeverity": "HIGH"
  },
  "{mad_layer_III}": {
    "vectorString": "AV:L/AC:L/PR:N/UI:R/S:U/C:H/I:H/A:H",
    "attackVector": "LOCAL",
    "attackComplexity": "LOW",
    "privilegesRequired": "NONE",
    "userInteraction": "REQUIRED",
    "scope": "UNCHANGED",
    "confidentialityImpact": "HIGH",
    "integrityImpact": "HIGH",
    "availabilityImpact": "HIGH",
    "baseScore": 7.8,
    "baseSeverity": "HIGH"
  },
  "{parse_string_node}": {
    "vectorString": "AV:L/AC:L/PR:L/UI:R/S:U/C:N/I:N/A:H",
    "attackVector": "LOCAL",
    "attackComplexity": "LOW",
    "privilegesRequired": "LOW",
    "userInteraction": "REQUIRED",
    "scope": "UNCHANGED",
    "confidentialityImpact": "NONE",
    "integrityImpact": "NONE",
    "availabilityImpact": "HIGH",
    "baseScore": 5,
    "baseSeverity": "MEDIUM"
  },
  "{i2les_array}": {
    "vectorString": "AV:L/AC:L/PR:N/UI:R/S:U/C:N/I:N/A:H",
    "attackVector": "LOCAL",
    "attackComplexity": "LOW",
    "privilegesRequired": "NONE",
    "userInteraction": "REQUIRED",
    "scope": "UNCHANGED",
    "confidentialityImpact": "NONE",
    "integrityImpact": "NONE",
    "availabilityImpact": "HIGH",
    "baseScore": 5.5,
    "baseSeverity": "MEDIUM"
  },
  "{xmlDictComputeFastKey}": {
    "vectorString": "AV:N/AC:L/PR:N/UI:R/S:U/C:H/I:H/A:H",
    "attackVector": "NETWORK",
    "attackComplexity": "LOW",
    "privilegesRequired": "NONE",
    "userInteraction": "REQUIRED",
    "scope": "UNCHANGED",
    "confidentialityImpact": "HIGH",
    "integrityImpact": "HIGH",
    "availabilityImpact": "HIGH",
    "baseScore": 8.8,
    "baseSeverity": "HIGH"
  },
  "{read_1g}": {
    "vectorString": "AV:L/AC:L/PR:N/UI:R/S:U/C:H/I:H/A:H",
    "attackVector": "LOCAL",
    "attackComplexity": "LOW",
    "privilegesRequired": "NONE",
    "userInteraction": "REQUIRED",
    "scope": "UNCHANGED",
    "confidentialityImpact": "HIGH",
    "integrityImpact": "HIGH",
    "availabilityImpact": "HIGH",
    "baseScore": 7.8,
    "baseSeverity": "HIGH"
  },
  "{SLPFoldWhiteSpace}": {
    "vectorString": "AV:N/AC:L/PR:N/UI:N/S:U/C:H/I:H/A:H",
    "attackVector": "NETWORK",
    "attackComplexity": "LOW",
    "privilegesRequired": "NONE",
    "userInteraction": "NONE",
    "scope": "UNCHANGED",
    "confidentialityImpact": "HIGH",
    "integrityImpact": "HIGH",
    "availabilityImpact": "HIGH",
    "baseScore": 9.8,
    "baseSeverity": "CRITICAL"
  },
  "{Object::initArray}": {
    "vectorString": "AV:N/AC:L/PR:N/UI:R/S:U/C:N/I:N/A:H",
    "attackVector": "NETWORK",
    "attackComplexity": "LOW",
    "privilegesRequired": "NONE",
    "userInteraction": "REQUIRED",
    "scope": "UNCHANGED",
    "confidentialityImpact": "NONE",
    "integrityImpact": "NONE",
    "availabilityImpact": "HIGH",
    "baseScore": 6.5,
    "baseSeverity": "MEDIUM"
  },
  "{bm_readbody_bmp}": {
    "vectorString": "AV:L/AC:L/PR:N/UI:R/S:U/C:H/I:H/A:H",
    "attackVector": "LOCAL",
    "attackComplexity": "LOW",
    "privilegesRequired": "NONE",
    "userInteraction": "REQUIRED",
    "scope": "UNCHANGED",
    "confidentialityImpact": "HIGH",
    "integrityImpact": "HIGH",
    "availabilityImpact": "HIGH",
    "baseScore": 7.8,
    "baseSeverity": "HIGH"
  },
  "{read_buf}": {
    "vectorString": "AV:L/AC:L/PR:N/UI:R/S:U/C:H/I:H/A:H",
    "attackVector": "LOCAL",
    "attackComplexity": "LOW",
    "privilegesRequired": "NONE",
    "userInteraction": "REQUIRED",
    "scope": "UNCHANGED",
    "confidentialityImpact": "HIGH",
    "integrityImpact": "HIGH",
    "availabilityImpact": "HIGH",
    "baseScore": 7.8,
    "baseSeverity": "HIGH"
  },
  "{}": {
    "vectorString": "AV:N/AC:L/PR:N/UI:N/S:U/C:H/I:H/A:H",
    "attackVector": "NETWORK",
    "attackComplexity": "LOW",
    "privilegesRequired": "NONE",
    "userInteraction": "NONE",
    "scope": "UNCHANGED",
    "confidentialityImpact": "HIGH",
    "integrityImpact": "HIGH",
    "availabilityImpact": "HIGH",
    "baseScore": 9.8,
    "baseSeverity": "CRITICAL"
  },
  "{geonet_print}": {
    "vectorString": "AV:N/AC:L/PR:N/UI:N/S:U/C:H/I:H/A:H",
    "attackVector": "NETWORK",
    "attackComplexity": "LOW",
    "privilegesRequired": "NONE",
    "userInteraction": "NONE",
    "scope": "UNCHANGED",
    "confidentialityImpact": "HIGH",
    "integrityImpact": "HIGH",
    "availabilityImpact": "HIGH",
    "baseScore": 9.8,
    "baseSeverity": "CRITICAL"
  },
  "{TIFFReadDirEntryLong8}": {
    "vectorString": "AV:N/AC:L/PR:N/UI:R/S:U/C:N/I:N/A:H",
    "attackVector": "NETWORK",
    "attackComplexity": "LOW",
    "privilegesRequired": "NONE",
    "userInteraction": "REQUIRED",
    "scope": "UNCHANGED",
    "confidentialityImpact": "NONE",
    "integrityImpact": "NONE",
    "availabilityImpact": "HIGH",
    "baseScore": 6.5,
    "baseSeverity": "MEDIUM"
  },
  "{OJPEGReadHeaderInfoSecTablesQTable}": {
    "vectorString": "AV:N/AC:L/PR:N/UI:R/S:U/C:N/I:N/A:H",
    "attackVector": "NETWORK",
    "attackComplexity": "LOW",
    "privilegesRequired": "NONE",
    "userInteraction": "REQUIRED",
    "scope": "UNCHANGED",
    "confidentialityImpact": "NONE",
    "integrityImpact": "NONE",
    "availabilityImpact": "HIGH",
    "baseScore": 6.5,
    "baseSeverity": "MEDIUM"
  },
  "{parse_instruction}": {
    "vectorString": "AV:L/AC:L/PR:N/UI:N/S:C/C:N/I:N/A:H",
    "attackVector": "LOCAL",
    "attackComplexity": "LOW",
    "privilegesRequired": "NONE",
    "userInteraction": "NONE",
    "scope": "CHANGED",
    "confidentialityImpact": "NONE",
    "integrityImpact": "NONE",
    "availabilityImpact": "HIGH",
    "baseScore": 7.1,
    "baseSeverity": "HIGH"
  },
  "{DecompressRTF}": {
    "vectorString": "AV:L/AC:L/PR:N/UI:R/S:U/C:N/I:N/A:H",
    "attackVector": "LOCAL",
    "attackComplexity": "LOW",
    "privilegesRequired": "NONE",
    "userInteraction": "REQUIRED",
    "scope": "UNCHANGED",
    "confidentialityImpact": "NONE",
    "integrityImpact": "NONE",
    "availabilityImpact": "HIGH",
    "baseScore": 5.5,
    "baseSeverity": "MEDIUM"
  },
  "{SwapDWord}": {
    "vectorString": "AV:L/AC:L/PR:N/UI:R/S:U/C:N/I:N/A:H",
    "attackVector": "LOCAL",
    "attackComplexity": "LOW",
    "privilegesRequired": "NONE",
    "userInteraction": "REQUIRED",
    "scope": "UNCHANGED",
    "confidentialityImpact": "NONE",
    "integrityImpact": "NONE",
    "availabilityImpact": "HIGH",
    "baseScore": 5.5,
    "baseSeverity": "MEDIUM"
  },
  "{SwapWord}": {
    "vectorString": "AV:L/AC:L/PR:N/UI:R/S:U/C:N/I:N/A:H",
    "attackVector": "LOCAL",
    "attackComplexity": "LOW",
    "privilegesRequired": "NONE",
    "userInteraction": "REQUIRED",
    "scope": "UNCHANGED",
    "confidentialityImpact": "NONE",
    "integrityImpact": "NONE",
    "availabilityImpact": "HIGH",
    "baseScore": 5.5,
    "baseSeverity": "MEDIUM"
  }
}
