{
  "klee-out-1": {
    "bcfile": "/tmp/macke/2017-07-19-17-47-41/bitcode/symmains.bc",
    "folder": "/tmp/macke/2017-07-19-17-47-41/klee/klee-out-1",
    "function": "uprcase",
    "phase": 1
  },
  "klee-out-2": {
    "bcfile": "/tmp/macke/2017-07-19-17-47-41/bitcode/symmains.bc",
    "folder": "/tmp/macke/2017-07-19-17-47-41/klee/klee-out-2",
    "function": "is_digit",
    "phase": 1
  },
  "klee-out-3": {
    "bcfile": "/tmp/macke/2017-07-19-17-47-41/bitcode/symmains.bc",
    "folder": "/tmp/macke/2017-07-19-17-47-41/klee/klee-out-3",
    "function": "is_alpha_underscore",
    "phase": 1
  },
  "klee-out-4": {
    "bcfile": "/tmp/macke/2017-07-19-17-47-41/bitcode/symmains.bc",
    "folder": "/tmp/macke/2017-07-19-17-47-41/klee/klee-out-4",
    "function": "is_digit_alpha_underscore",
    "phase": 1
  },
  "klee-out-5": {
    "bcfile": "/tmp/macke/2017-07-19-17-47-41/bitcode/symmains.bc",
    "folder": "/tmp/macke/2017-07-19-17-47-41/klee/klee-out-5",
    "function": "debug_printf",
    "phase": 1
  },
  "klee-out-6": {
    "bcfile": "/tmp/macke/2017-07-19-17-47-41/bitcode/symmains.bc",
    "folder": "/tmp/macke/2017-07-19-17-47-41/klee/klee-out-6",
    "function": "report_error",
    "phase": 1
  },
  "klee-out-7": {
    "bcfile": "/tmp/macke/2017-07-19-17-47-41/bitcode/symmains.bc",
    "folder": "/tmp/macke/2017-07-19-17-47-41/klee/klee-out-7",
    "function": "parse_header",
    "phase": 1
  },
  "klee-out-8": {
    "bcfile": "/tmp/macke/2017-07-19-17-47-41/bitcode/symmains.bc",
    "folder": "/tmp/macke/2017-07-19-17-47-41/klee/klee-out-8",
    "function": "parse_label",
    "phase": 1
  },
  "klee-out-9": {
    "bcfile": "/tmp/macke/2017-07-19-17-47-41/bitcode/symmains.bc",
    "folder": "/tmp/macke/2017-07-19-17-47-41/klee/klee-out-9",
    "function": "parse_register_file_bracket",
    "phase": 1
  },
  "klee-out-10": {
    "bcfile": "/tmp/macke/2017-07-19-17-47-41/bitcode/symmains.bc",
    "folder": "/tmp/macke/2017-07-19-17-47-41/klee/klee-out-10",
    "function": "parse_register_file_bracket_index",
    "phase": 1
  },
  "klee-out-11": {
    "bcfile": "/tmp/macke/2017-07-19-17-47-41/bitcode/symmains.bc",
    "folder": "/tmp/macke/2017-07-19-17-47-41/klee/klee-out-11",
    "function": "parse_register_1d",
    "phase": 1
  },
  "klee-out-12": {
    "bcfile": "/tmp/macke/2017-07-19-17-47-41/bitcode/symmains.bc",
    "folder": "/tmp/macke/2017-07-19-17-47-41/klee/klee-out-12",
    "function": "parse_optional_swizzle",
    "phase": 1
  },
  "klee-out-13": {
    "bcfile": "/tmp/macke/2017-07-19-17-47-41/bitcode/symmains.bc",
    "folder": "/tmp/macke/2017-07-19-17-47-41/klee/klee-out-13",
    "function": "parse_register_bracket",
    "phase": 1
  },
  "klee-out-14": {
    "bcfile": "/tmp/macke/2017-07-19-17-47-41/bitcode/symmains.bc",
    "folder": "/tmp/macke/2017-07-19-17-47-41/klee/klee-out-14",
    "function": "parse_register_dst",
    "phase": 1
  },
  "klee-out-15": {
    "bcfile": "/tmp/macke/2017-07-19-17-47-41/bitcode/symmains.bc",
    "folder": "/tmp/macke/2017-07-19-17-47-41/klee/klee-out-15",
    "function": "parse_opt_register_src_bracket",
    "phase": 1
  },
  "klee-out-16": {
    "bcfile": "/tmp/macke/2017-07-19-17-47-41/bitcode/symmains.bc",
    "folder": "/tmp/macke/2017-07-19-17-47-41/klee/klee-out-16",
    "function": "parse_opt_writemask",
    "phase": 1
  },
  "klee-out-17": {
    "bcfile": "/tmp/macke/2017-07-19-17-47-41/bitcode/symmains.bc",
    "folder": "/tmp/macke/2017-07-19-17-47-41/klee/klee-out-17",
    "function": "parse_dst_operand",
    "phase": 1
  },
  "klee-out-18": {
    "bcfile": "/tmp/macke/2017-07-19-17-47-41/bitcode/symmains.bc",
    "folder": "/tmp/macke/2017-07-19-17-47-41/klee/klee-out-18",
    "function": "parse_register_src",
    "phase": 1
  },
  "klee-out-19": {
    "bcfile": "/tmp/macke/2017-07-19-17-47-41/bitcode/symmains.bc",
    "folder": "/tmp/macke/2017-07-19-17-47-41/klee/klee-out-19",
    "function": "parse_src_operand",
    "phase": 1
  },
  "klee-out-20": {
    "bcfile": "/tmp/macke/2017-07-19-17-47-41/bitcode/symmains.bc",
    "folder": "/tmp/macke/2017-07-19-17-47-41/klee/klee-out-20",
    "function": "parse_texoffset_operand",
    "phase": 1
  },
  "klee-out-21": {
    "bcfile": "/tmp/macke/2017-07-19-17-47-41/bitcode/symmains.bc",
    "folder": "/tmp/macke/2017-07-19-17-47-41/klee/klee-out-21",
    "function": "parse_instruction",
    "phase": 1
  },
  "klee-out-22": {
    "bcfile": "/tmp/macke/2017-07-19-17-47-41/bitcode/symmains.bc",
    "folder": "/tmp/macke/2017-07-19-17-47-41/klee/klee-out-22",
    "function": "parse_register_dcl_bracket",
    "phase": 1
  },
  "klee-out-23": {
    "bcfile": "/tmp/macke/2017-07-19-17-47-41/bitcode/symmains.bc",
    "folder": "/tmp/macke/2017-07-19-17-47-41/klee/klee-out-23",
    "function": "parse_register_dcl",
    "phase": 1
  },
  "klee-out-24": {
    "bcfile": "/tmp/macke/2017-07-19-17-47-41/bitcode/symmains.bc",
    "folder": "/tmp/macke/2017-07-19-17-47-41/klee/klee-out-24",
    "function": "parse_declaration",
    "phase": 1
  },
  "klee-out-25": {
    "bcfile": "/tmp/macke/2017-07-19-17-47-41/bitcode/symmains.bc",
    "folder": "/tmp/macke/2017-07-19-17-47-41/klee/klee-out-25",
    "function": "parse_immediate_data",
    "phase": 1
  },
  "klee-out-26": {
    "bcfile": "/tmp/macke/2017-07-19-17-47-41/bitcode/symmains.bc",
    "folder": "/tmp/macke/2017-07-19-17-47-41/klee/klee-out-26",
    "function": "parse_immediate",
    "phase": 1
  },
  "klee-out-27": {
    "bcfile": "/tmp/macke/2017-07-19-17-47-41/bitcode/symmains.bc",
    "folder": "/tmp/macke/2017-07-19-17-47-41/klee/klee-out-27",
    "function": "streq_nocase_uprcase",
    "phase": 1
  },
  "klee-out-28": {
    "bcfile": "/tmp/macke/2017-07-19-17-47-41/bitcode/symmains.bc",
    "folder": "/tmp/macke/2017-07-19-17-47-41/klee/klee-out-28",
    "function": "u_vertices_per_prim",
    "phase": 1
  },
  "klee-out-29": {
    "bcfile": "/tmp/macke/2017-07-19-17-47-41/bitcode/symmains.bc",
    "folder": "/tmp/macke/2017-07-19-17-47-41/klee/klee-out-29",
    "function": "parse_property",
    "phase": 1
  },
  "klee-out-30": {
    "bcfile": "/tmp/macke/2017-07-19-17-47-41/bitcode/symmains.bc",
    "folder": "/tmp/macke/2017-07-19-17-47-41/klee/klee-out-30",
    "function": "translate",
    "phase": 1
  },
  "klee-out-31": {
    "bcfile": "/tmp/macke/2017-07-19-17-47-41/bitcode/symmains.bc",
    "folder": "/tmp/macke/2017-07-19-17-47-41/klee/klee-out-31",
    "function": "tgsi_text_translate",
    "phase": 1
  },
  "klee-out-32": {
    "bcfile": "/tmp/macke/2017-07-19-17-47-41/bitcode/chain-translate-parse_header.bc",
    "callee": "parse_header",
    "caller": "translate",
    "folder": "/tmp/macke/2017-07-19-17-47-41/klee/klee-out-32",
    "phase": 2
  },
  "klee-out-33": {
    "bcfile": "/tmp/macke/2017-07-19-17-47-41/bitcode/chain-translate-parse_label.bc",
    "callee": "parse_label",
    "caller": "translate",
    "folder": "/tmp/macke/2017-07-19-17-47-41/klee/klee-out-33",
    "phase": 2
  },
  "klee-out-34": {
    "bcfile": "/tmp/macke/2017-07-19-17-47-41/bitcode/chain-parse_instruction-parse_optional_swizzle.bc",
    "callee": "parse_optional_swizzle",
    "caller": "parse_instruction",
    "folder": "/tmp/macke/2017-07-19-17-47-41/klee/klee-out-34",
    "phase": 2
  },
  "klee-out-35": {
    "bcfile": "/tmp/macke/2017-07-19-17-47-41/bitcode/chain-parse_src_operand-parse_optional_swizzle.bc",
    "callee": "parse_optional_swizzle",
    "caller": "parse_src_operand",
    "folder": "/tmp/macke/2017-07-19-17-47-41/klee/klee-out-35",
    "phase": 2
  },
  "klee-out-36": {
    "bcfile": "/tmp/macke/2017-07-19-17-47-41/bitcode/chain-parse_texoffset_operand-parse_optional_swizzle.bc",
    "callee": "parse_optional_swizzle",
    "caller": "parse_texoffset_operand",
    "folder": "/tmp/macke/2017-07-19-17-47-41/klee/klee-out-36",
    "phase": 2
  },
  "klee-out-37": {
    "bcfile": "/tmp/macke/2017-07-19-17-47-41/bitcode/chain-parse_register_dst-parse_register_bracket.bc",
    "callee": "parse_register_bracket",
    "caller": "parse_register_dst",
    "folder": "/tmp/macke/2017-07-19-17-47-41/klee/klee-out-37",
    "phase": 2
  },
  "klee-out-38": {
    "bcfile": "/tmp/macke/2017-07-19-17-47-41/bitcode/chain-parse_register_src-parse_register_bracket.bc",
    "callee": "parse_register_bracket",
    "caller": "parse_register_src",
    "folder": "/tmp/macke/2017-07-19-17-47-41/klee/klee-out-38",
    "phase": 2
  },
  "klee-out-39": {
    "bcfile": "/tmp/macke/2017-07-19-17-47-41/bitcode/chain-parse_declaration-parse_opt_writemask.bc",
    "callee": "parse_opt_writemask",
    "caller": "parse_declaration",
    "folder": "/tmp/macke/2017-07-19-17-47-41/klee/klee-out-39",
    "phase": 2
  },
  "klee-out-40": {
    "bcfile": "/tmp/macke/2017-07-19-17-47-41/bitcode/chain-parse_dst_operand-parse_opt_register_src_bracket.bc",
    "callee": "parse_opt_register_src_bracket",
    "caller": "parse_dst_operand",
    "folder": "/tmp/macke/2017-07-19-17-47-41/klee/klee-out-40",
    "phase": 2
  },
  "klee-out-41": {
    "bcfile": "/tmp/macke/2017-07-19-17-47-41/bitcode/chain-parse_dst_operand-parse_opt_writemask.bc",
    "callee": "parse_opt_writemask",
    "caller": "parse_dst_operand",
    "folder": "/tmp/macke/2017-07-19-17-47-41/klee/klee-out-41",
    "phase": 2
  },
  "klee-out-42": {
    "bcfile": "/tmp/macke/2017-07-19-17-47-41/bitcode/chain-parse_src_operand-parse_opt_register_src_bracket.bc",
    "callee": "parse_opt_register_src_bracket",
    "caller": "parse_src_operand",
    "folder": "/tmp/macke/2017-07-19-17-47-41/klee/klee-out-42",
    "phase": 2
  },
  "klee-out-43": {
    "bcfile": "/tmp/macke/2017-07-19-17-47-41/bitcode/chain-parse_instruction-parse_src_operand.bc",
    "callee": "parse_src_operand",
    "caller": "parse_instruction",
    "folder": "/tmp/macke/2017-07-19-17-47-41/klee/klee-out-43",
    "phase": 2
  },
  "klee-out-44": {
    "bcfile": "/tmp/macke/2017-07-19-17-47-41/bitcode/chain-parse_register_dcl-parse_register_dcl_bracket.bc",
    "callee": "parse_register_dcl_bracket",
    "caller": "parse_register_dcl",
    "folder": "/tmp/macke/2017-07-19-17-47-41/klee/klee-out-44",
    "phase": 2
  },
  "klee-out-45": {
    "bcfile": "/tmp/macke/2017-07-19-17-47-41/bitcode/chain-parse_immediate-parse_immediate_data.bc",
    "callee": "parse_immediate_data",
    "caller": "parse_immediate",
    "folder": "/tmp/macke/2017-07-19-17-47-41/klee/klee-out-45",
    "phase": 2
  }
}
