{"{llvm.memset.p0i8.i64}": {"distance_to_interface": 1, "clustering_coefficient": 0, "node_degree": [0, 1, 1], "node_path_length": 0, "macke_vulnerabilities_found": 0, "faulty": false, "macke_bug_chain_length": 0}, "{translate}": {"distance_to_interface": 2, "clustering_coefficient": 0.34545454545454546, "node_degree": [10, 1, 11], "node_path_length": 2.984406280473635, "macke_vulnerabilities_found": 1, "faulty": false, "macke_bug_chain_length": 1}, "{tgsi_build_header}": {"distance_to_interface": 1, "clustering_coefficient": 0.0, "node_degree": [1, 2, 3], "node_path_length": 1.0, "macke_vulnerabilities_found": 0, "faulty": false, "macke_bug_chain_length": 0}, "{parse_register_dcl_bracket}": {"distance_to_interface": 5, "clustering_coefficient": 0.16666666666666666, "node_degree": [3, 1, 4], "node_path_length": 1.0, "macke_vulnerabilities_found": 1, "faulty": false, "macke_bug_chain_length": 1}, "{eat_opt_white}": {"distance_to_interface": 3, "clustering_coefficient": 0.15789473684210525, "node_degree": [0, 19, 19], "node_path_length": 0, "macke_vulnerabilities_found": 0, "faulty": false, "macke_bug_chain_length": 0}, "{parse_register_file_bracket}": {"distance_to_interface": 5, "clustering_coefficient": 0.14285714285714285, "node_degree": [3, 4, 7], "node_path_length": 2.391304347826087, "macke_vulnerabilities_found": 1, "faulty": false, "macke_bug_chain_length": 1}, "{tgsi_sanity_check}": {"distance_to_interface": 1, "clustering_coefficient": 0.3333333333333333, "node_degree": [1, 2, 3], "node_path_length": 1.0, "macke_vulnerabilities_found": 0, "faulty": false, "macke_bug_chain_length": 0}, "{_debug_vprintf}": {"distance_to_interface": 1, "clustering_coefficient": 0.0, "node_degree": [1, 2, 3], "node_path_length": 1.0, "macke_vulnerabilities_found": 0, "faulty": false, "macke_bug_chain_length": 0}, "{parse_register_bracket}": {"distance_to_interface": 6, "clustering_coefficient": 0.08888888888888889, "node_degree": [7, 3, 10], "node_path_length": 1.5, "macke_vulnerabilities_found": 1, "faulty": false, "macke_bug_chain_length": 1}, "{tgsi_get_opcode_info}": {"distance_to_interface": 1, "clustering_coefficient": 0.0, "node_degree": [1, 2, 3], "node_path_length": 1.0, "macke_vulnerabilities_found": 0, "faulty": false, "macke_bug_chain_length": 0}, "{str_match_nocase_whole}": {"distance_to_interface": 3, "clustering_coefficient": 0.09090909090909091, "node_degree": [2, 10, 12], "node_path_length": 0, "macke_vulnerabilities_found": 0, "faulty": false, "macke_bug_chain_length": 0}, "{parse_fs_coord_origin}": {"distance_to_interface": 4, "clustering_coefficient": 0.0, "node_degree": [1, 1, 2], "node_path_length": 1.0, "macke_vulnerabilities_found": 0, "faulty": false, "macke_bug_chain_length": 0}, "{parse_uint}": {"distance_to_interface": 4, "clustering_coefficient": 0.07272727272727272, "node_degree": [1, 10, 11], "node_path_length": 1.0, "macke_vulnerabilities_found": 0, "faulty": false, "macke_bug_chain_length": 0}, "{atof}": {"distance_to_interface": 1, "clustering_coefficient": 0.0, "node_degree": [1, 2, 3], "node_path_length": 1.0, "macke_vulnerabilities_found": 0, "faulty": false, "macke_bug_chain_length": 0}, "{is_digit_alpha_underscore}": {"distance_to_interface": 8, "clustering_coefficient": 0.0, "node_degree": [2, 1, 3], "node_path_length": 1.0, "macke_vulnerabilities_found": 1, "faulty": false, "macke_bug_chain_length": 1}, "{parse_double}": {"distance_to_interface": 5, "clustering_coefficient": 0.0, "node_degree": [1, 1, 2], "node_path_length": 1.0, "macke_vulnerabilities_found": 0, "faulty": false, "macke_bug_chain_length": 0}, "{parse_immediate_data}": {"distance_to_interface": 4, "clustering_coefficient": 0.19047619047619047, "node_degree": [6, 1, 7], "node_path_length": 1.4285714285714286, "macke_vulnerabilities_found": 1, "faulty": false, "macke_bug_chain_length": 1}, "{parse_primitive}": {"distance_to_interface": 4, "clustering_coefficient": 0.0, "node_degree": [1, 1, 2], "node_path_length": 1.0, "macke_vulnerabilities_found": 0, "faulty": false, "macke_bug_chain_length": 0}, "{tgsi_build_full_property}": {"distance_to_interface": 1, "clustering_coefficient": 0.0, "node_degree": [1, 2, 3], "node_path_length": 1.0, "macke_vulnerabilities_found": 0, "faulty": false, "macke_bug_chain_length": 0}, "{tgsi_default_full_declaration}": {"distance_to_interface": 1, "clustering_coefficient": 0.0, "node_degree": [1, 2, 3], "node_path_length": 1.0, "macke_vulnerabilities_found": 0, "faulty": false, "macke_bug_chain_length": 0}, "{parse_instruction}": {"distance_to_interface": 3, "clustering_coefficient": 0.14285714285714285, "node_degree": [14, 1, 15], "node_path_length": 1.9602194787379972, "macke_vulnerabilities_found": 1, "cvss3": {"baseScore": 7.1, "privilegesRequired": "NONE", "integrityImpact": "NONE", "userInteraction": "NONE", "attackVector": "LOCAL", "confidentialityImpact": "NONE", "baseSeverity": "HIGH", "scope": "CHANGED", "attackComplexity": "LOW", "vectorString": "AV:L/AC:L/PR:N/UI:N/S:C/C:N/I:N/A:H", "availabilityImpact": "HIGH"}, "faulty": true, "macke_bug_chain_length": 3}, "{is_alpha_underscore}": {"distance_to_interface": 5, "clustering_coefficient": 0.0, "node_degree": [0, 2, 2], "node_path_length": 0, "macke_vulnerabilities_found": 1, "faulty": false, "macke_bug_chain_length": 1}, "{tgsi_default_full_property}": {"distance_to_interface": 1, "clustering_coefficient": 0.0, "node_degree": [1, 2, 3], "node_path_length": 1.0, "macke_vulnerabilities_found": 0, "faulty": false, "macke_bug_chain_length": 0}, "{tgsi_text_translate}": {"distance_to_interface": 1, "clustering_coefficient": 0.3333333333333333, "node_degree": [2, 1, 3], "node_path_length": 3.0218627951863297, "macke_vulnerabilities_found": 1, "faulty": false, "macke_bug_chain_length": 1}, "{parse_declaration}": {"distance_to_interface": 3, "clustering_coefficient": 0.16363636363636364, "node_degree": [10, 1, 11], "node_path_length": 1.986865671641791, "macke_vulnerabilities_found": 1, "faulty": false, "macke_bug_chain_length": 1}, "{eat_until_eol}": {"distance_to_interface": 4, "clustering_coefficient": 0, "node_degree": [0, 1, 1], "node_path_length": 0, "macke_vulnerabilities_found": 0, "faulty": false, "macke_bug_chain_length": 0}, "{external node}": {"distance_to_interface": 999, "clustering_coefficient": 0.003952569169960474, "node_degree": [23, 0, 23], "node_path_length": 0, "macke_vulnerabilities_found": 0, "faulty": false, "macke_bug_chain_length": 0}, "{tgsi_file_name}": {"distance_to_interface": 1, "clustering_coefficient": 0.0, "node_degree": [1, 2, 3], "node_path_length": 1.0, "macke_vulnerabilities_found": 0, "faulty": false, "macke_bug_chain_length": 0}, "{tgsi_default_full_immediate}": {"distance_to_interface": 1, "clustering_coefficient": 0.0, "node_degree": [1, 2, 3], "node_path_length": 1.0, "macke_vulnerabilities_found": 0, "faulty": false, "macke_bug_chain_length": 0}, "{parse_register_file_bracket_index}": {"distance_to_interface": 8, "clustering_coefficient": 0.4, "node_degree": [4, 1, 5], "node_path_length": 1.0, "macke_vulnerabilities_found": 1, "faulty": false, "macke_bug_chain_length": 1}, "{uprcase}": {"distance_to_interface": 5, "clustering_coefficient": 0.0, "node_degree": [0, 6, 6], "node_path_length": 0, "macke_vulnerabilities_found": 1, "faulty": false, "macke_bug_chain_length": 1}, "{parse_property}": {"distance_to_interface": 3, "clustering_coefficient": 0.04395604395604396, "node_degree": [13, 1, 14], "node_path_length": 1.1649484536082475, "macke_vulnerabilities_found": 1, "faulty": false, "macke_bug_chain_length": 1}, "{parse_float}": {"distance_to_interface": 5, "clustering_coefficient": 0.0, "node_degree": [4, 1, 5], "node_path_length": 1.0, "macke_vulnerabilities_found": 0, "faulty": false, "macke_bug_chain_length": 0}, "{match_inst}": {"distance_to_interface": 4, "clustering_coefficient": 0.6666666666666666, "node_degree": [2, 1, 3], "node_path_length": 1.0, "macke_vulnerabilities_found": 0, "faulty": false, "macke_bug_chain_length": 0}, "{tgsi_build_full_immediate}": {"distance_to_interface": 1, "clustering_coefficient": 0.0, "node_degree": [1, 2, 3], "node_path_length": 1.0, "macke_vulnerabilities_found": 0, "faulty": false, "macke_bug_chain_length": 0}, "{eat_white}": {"distance_to_interface": 3, "clustering_coefficient": 0.6, "node_degree": [1, 5, 6], "node_path_length": 1.0, "macke_vulnerabilities_found": 0, "faulty": false, "macke_bug_chain_length": 0}, "{parse_opt_writemask}": {"distance_to_interface": 4, "clustering_coefficient": 0.3, "node_degree": [3, 2, 5], "node_path_length": 1.0, "macke_vulnerabilities_found": 1, "faulty": false, "macke_bug_chain_length": 1}, "{parse_immediate}": {"distance_to_interface": 3, "clustering_coefficient": 0.2222222222222222, "node_degree": [8, 1, 9], "node_path_length": 1.4606741573033708, "macke_vulnerabilities_found": 1, "faulty": false, "macke_bug_chain_length": 1}, "{parse_optional_swizzle}": {"distance_to_interface": 4, "clustering_coefficient": 0.4, "node_degree": [3, 3, 6], "node_path_length": 1.0, "macke_vulnerabilities_found": 1, "faulty": false, "macke_bug_chain_length": 1}, "{parse_file}": {"distance_to_interface": 6, "clustering_coefficient": 0.0, "node_degree": [2, 2, 4], "node_path_length": 2.909090909090909, "macke_vulnerabilities_found": 0, "faulty": false, "macke_bug_chain_length": 0}, "{streq_nocase_uprcase}": {"distance_to_interface": 4, "clustering_coefficient": 0.0, "node_degree": [1, 1, 2], "node_path_length": 1.0, "macke_vulnerabilities_found": 1, "faulty": false, "macke_bug_chain_length": 1}, "{tgsi_default_full_instruction}": {"distance_to_interface": 1, "clustering_coefficient": 0.0, "node_degree": [1, 2, 3], "node_path_length": 1.0, "macke_vulnerabilities_found": 0, "faulty": false, "macke_bug_chain_length": 0}, "{llvm.memcpy.p0i8.p0i8.i64}": {"distance_to_interface": 1, "clustering_coefficient": 0, "node_degree": [0, 1, 1], "node_path_length": 0, "macke_vulnerabilities_found": 0, "faulty": false, "macke_bug_chain_length": 0}, "{parse_register_1d}": {"distance_to_interface": 4, "clustering_coefficient": 0.6, "node_degree": [3, 2, 5], "node_path_length": 1.6666666666666667, "macke_vulnerabilities_found": 1, "faulty": false, "macke_bug_chain_length": 1}, "{u_vertices_per_prim}": {"distance_to_interface": 4, "clustering_coefficient": 0.0, "node_degree": [1, 1, 2], "node_path_length": 1.0, "macke_vulnerabilities_found": 1, "faulty": false, "macke_bug_chain_length": 1}, "{parse_texoffset_operand}": {"distance_to_interface": 4, "clustering_coefficient": 0.3333333333333333, "node_degree": [2, 1, 3], "node_path_length": 1.0, "macke_vulnerabilities_found": 1, "faulty": false, "macke_bug_chain_length": 1}, "{report_error}": {"distance_to_interface": 3, "clustering_coefficient": 0.10294117647058823, "node_degree": [2, 15, 17], "node_path_length": 1.0, "macke_vulnerabilities_found": 1, "faulty": false, "macke_bug_chain_length": 1}, "{parse_opt_register_src_bracket}": {"distance_to_interface": 5, "clustering_coefficient": 0.5, "node_degree": [2, 2, 4], "node_path_length": 2.4285714285714284, "macke_vulnerabilities_found": 1, "faulty": false, "macke_bug_chain_length": 1}, "{llvm.dbg.declare}": {"distance_to_interface": 1, "clustering_coefficient": 0, "node_degree": [0, 1, 1], "node_path_length": 0, "macke_vulnerabilities_found": 0, "faulty": false, "macke_bug_chain_length": 0}, "{parse_int}": {"distance_to_interface": 4, "clustering_coefficient": 0.5, "node_degree": [1, 3, 4], "node_path_length": 1.0, "macke_vulnerabilities_found": 0, "faulty": false, "macke_bug_chain_length": 0}, "{strtoul}": {"distance_to_interface": 1, "clustering_coefficient": 0.0, "node_degree": [1, 2, 3], "node_path_length": 1.0, "macke_vulnerabilities_found": 0, "faulty": false, "macke_bug_chain_length": 0}, "{parse_src_operand}": {"distance_to_interface": 4, "clustering_coefficient": 0.4, "node_degree": [5, 1, 6], "node_path_length": 3.08, "macke_vulnerabilities_found": 1, "faulty": false, "macke_bug_chain_length": 1}, "{parse_identifier}": {"distance_to_interface": 4, "clustering_coefficient": 0.0, "node_degree": [2, 1, 3], "node_path_length": 1.0, "macke_vulnerabilities_found": 0, "faulty": false, "macke_bug_chain_length": 0}, "{debug_printf}": {"distance_to_interface": 5, "clustering_coefficient": 0.0, "node_degree": [0, 2, 2], "node_path_length": 0, "macke_vulnerabilities_found": 1, "faulty": false, "macke_bug_chain_length": 1}, "{parse_header}": {"distance_to_interface": 3, "clustering_coefficient": 0.2, "node_degree": [4, 1, 5], "node_path_length": 1.0, "macke_vulnerabilities_found": 1, "faulty": false, "macke_bug_chain_length": 1}, "{strtod}": {"distance_to_interface": 1, "clustering_coefficient": 0.0, "node_degree": [1, 2, 3], "node_path_length": 1.0, "macke_vulnerabilities_found": 0, "faulty": false, "macke_bug_chain_length": 0}, "{llvm.va_start}": {"distance_to_interface": 1, "clustering_coefficient": 0, "node_degree": [0, 1, 1], "node_path_length": 0, "macke_vulnerabilities_found": 0, "faulty": false, "macke_bug_chain_length": 0}, "{parse_register_dcl}": {"distance_to_interface": 4, "clustering_coefficient": 0.5, "node_degree": [3, 1, 4], "node_path_length": 2.5166666666666666, "macke_vulnerabilities_found": 1, "faulty": false, "macke_bug_chain_length": 1}, "{parse_dst_operand}": {"distance_to_interface": 4, "clustering_coefficient": 0.3, "node_degree": [4, 1, 5], "node_path_length": 1.3333333333333333, "macke_vulnerabilities_found": 1, "faulty": false, "macke_bug_chain_length": 1}, "{tgsi_build_full_declaration}": {"distance_to_interface": 1, "clustering_coefficient": 0.0, "node_degree": [1, 2, 3], "node_path_length": 1.0, "macke_vulnerabilities_found": 0, "faulty": false, "macke_bug_chain_length": 0}, "{parse_fs_coord_pixel_center}": {"distance_to_interface": 4, "clustering_coefficient": 0.0, "node_degree": [1, 1, 2], "node_path_length": 1.0, "macke_vulnerabilities_found": 0, "faulty": false, "macke_bug_chain_length": 0}, "{parse_register_src}": {"distance_to_interface": 5, "clustering_coefficient": 0.0, "node_degree": [2, 2, 4], "node_path_length": 1.0, "macke_vulnerabilities_found": 1, "faulty": false, "macke_bug_chain_length": 1}, "{tgsi_build_full_instruction}": {"distance_to_interface": 1, "clustering_coefficient": 0.0, "node_degree": [1, 2, 3], "node_path_length": 1.0, "macke_vulnerabilities_found": 0, "faulty": false, "macke_bug_chain_length": 0}, "{is_digit}": {"distance_to_interface": 5, "clustering_coefficient": 0.0, "node_degree": [0, 4, 4], "node_path_length": 0, "macke_vulnerabilities_found": 1, "faulty": false, "macke_bug_chain_length": 1}, "{parse_label}": {"distance_to_interface": 3, "clustering_coefficient": 0.3333333333333333, "node_degree": [2, 1, 3], "node_path_length": 1.0, "macke_vulnerabilities_found": 1, "faulty": false, "macke_bug_chain_length": 1}, "{parse_register_dst}": {"distance_to_interface": 5, "clustering_coefficient": 0.0, "node_degree": [2, 1, 3], "node_path_length": 1.0, "macke_vulnerabilities_found": 1, "faulty": false, "macke_bug_chain_length": 1}, "{str_match_no_case}": {"distance_to_interface": 5, "clustering_coefficient": 0.3333333333333333, "node_degree": [1, 2, 3], "node_path_length": 1.0, "macke_vulnerabilities_found": 0, "faulty": false, "macke_bug_chain_length": 0}, "{tgsi_build_processor}": {"distance_to_interface": 1, "clustering_coefficient": 0.0, "node_degree": [1, 2, 3], "node_path_length": 1.0, "macke_vulnerabilities_found": 0, "faulty": false, "macke_bug_chain_length": 0}, "{llvm.va_end}": {"distance_to_interface": 1, "clustering_coefficient": 0, "node_degree": [0, 1, 1], "node_path_length": 0, "macke_vulnerabilities_found": 0, "faulty": false, "macke_bug_chain_length": 0}}