{
  "nodes": [
    {
      "type": 2,
      "id": "{parse_declaration}",
      "data": {
        "distance_to_interface": 3,
        "clustering_coefficient": 0.16363636363636364,
        "node_degree": [
          10,
          1,
          11
        ],
        "node_path_length": 1.986865671641791,
        "macke_vulnerabilities_found": 1,
        "faulty": false,
        "macke_bug_chain_length": 1
      }
    },
    {
      "type": 5,
      "id": "{tgsi_get_opcode_info}",
      "data": {
        "distance_to_interface": 1,
        "clustering_coefficient": 0,
        "node_degree": [
          1,
          2,
          3
        ],
        "node_path_length": 1,
        "macke_vulnerabilities_found": 0,
        "faulty": false,
        "macke_bug_chain_length": 0
      }
    },
    {
      "type": 3,
      "id": "{parse_register_file_bracket_index}",
      "data": {
        "distance_to_interface": 8,
        "clustering_coefficient": 0.4,
        "node_degree": [
          4,
          1,
          5
        ],
        "node_path_length": 1,
        "macke_vulnerabilities_found": 1,
        "faulty": false,
        "macke_bug_chain_length": 1
      }
    },
    {
      "type": 5,
      "id": "{translate}",
      "data": {
        "distance_to_interface": 2,
        "clustering_coefficient": 0.34545454545454546,
        "node_degree": [
          10,
          1,
          11
        ],
        "node_path_length": 2.984406280473635,
        "macke_vulnerabilities_found": 1,
        "faulty": false,
        "macke_bug_chain_length": 1
      }
    },
    {
      "type": 0,
      "id": "{eat_opt_white}",
      "data": {
        "distance_to_interface": 3,
        "clustering_coefficient": 0.15789473684210525,
        "node_degree": [
          0,
          19,
          19
        ],
        "node_path_length": 0,
        "macke_vulnerabilities_found": 0,
        "faulty": false,
        "macke_bug_chain_length": 0
      }
    },
    {
      "type": 1,
      "id": "{parse_register_src}",
      "data": {
        "distance_to_interface": 5,
        "clustering_coefficient": 0,
        "node_degree": [
          2,
          2,
          4
        ],
        "node_path_length": 1,
        "macke_vulnerabilities_found": 1,
        "faulty": false,
        "macke_bug_chain_length": 1
      }
    },
    {
      "type": 4,
      "id": "{parse_instruction}",
      "data": {
        "distance_to_interface": 3,
        "clustering_coefficient": 0.14285714285714285,
        "node_degree": [
          14,
          1,
          15
        ],
        "node_path_length": 1.9602194787379972,
        "macke_vulnerabilities_found": 1,
        "cvss3": {
          "baseScore": 7.1,
          "privilegesRequired": "NONE",
          "integrityImpact": "NONE",
          "userInteraction": "NONE",
          "attackVector": "LOCAL",
          "confidentialityImpact": "NONE",
          "baseSeverity": "HIGH",
          "scope": "CHANGED",
          "attackComplexity": "LOW",
          "vectorString": "AV:L/AC:L/PR:N/UI:N/S:C/C:N/I:N/A:H",
          "availabilityImpact": "HIGH"
        },
        "faulty": true,
        "macke_bug_chain_length": 3
      }
    },
    {
      "type": 3,
      "id": "{tgsi_build_full_property}",
      "data": {
        "distance_to_interface": 1,
        "clustering_coefficient": 0,
        "node_degree": [
          1,
          2,
          3
        ],
        "node_path_length": 1,
        "macke_vulnerabilities_found": 0,
        "faulty": false,
        "macke_bug_chain_length": 0
      }
    },
    {
      "type": 2,
      "id": "{parse_primitive}",
      "data": {
        "distance_to_interface": 4,
        "clustering_coefficient": 0,
        "node_degree": [
          1,
          1,
          2
        ],
        "node_path_length": 1,
        "macke_vulnerabilities_found": 0,
        "faulty": false,
        "macke_bug_chain_length": 0
      }
    },
    {
      "type": 5,
      "id": "{_debug_vprintf}",
      "data": {
        "distance_to_interface": 1,
        "clustering_coefficient": 0,
        "node_degree": [
          1,
          2,
          3
        ],
        "node_path_length": 1,
        "macke_vulnerabilities_found": 0,
        "faulty": false,
        "macke_bug_chain_length": 0
      }
    },
    {
      "type": 3,
      "id": "{parse_header}",
      "data": {
        "distance_to_interface": 3,
        "clustering_coefficient": 0.2,
        "node_degree": [
          4,
          1,
          5
        ],
        "node_path_length": 1,
        "macke_vulnerabilities_found": 1,
        "faulty": false,
        "macke_bug_chain_length": 1
      }
    },
    {
      "type": 1,
      "id": "{parse_int}",
      "data": {
        "distance_to_interface": 4,
        "clustering_coefficient": 0.5,
        "node_degree": [
          1,
          3,
          4
        ],
        "node_path_length": 1,
        "macke_vulnerabilities_found": 0,
        "faulty": false,
        "macke_bug_chain_length": 0
      }
    },
    {
      "type": 5,
      "id": "{parse_src_operand}",
      "data": {
        "distance_to_interface": 4,
        "clustering_coefficient": 0.4,
        "node_degree": [
          5,
          1,
          6
        ],
        "node_path_length": 3.08,
        "macke_vulnerabilities_found": 1,
        "faulty": false,
        "macke_bug_chain_length": 1
      }
    },
    {
      "type": 2,
      "id": "{parse_register_dcl}",
      "data": {
        "distance_to_interface": 4,
        "clustering_coefficient": 0.5,
        "node_degree": [
          3,
          1,
          4
        ],
        "node_path_length": 2.5166666666666666,
        "macke_vulnerabilities_found": 1,
        "faulty": false,
        "macke_bug_chain_length": 1
      }
    },
    {
      "type": 1,
      "id": "{str_match_no_case}",
      "data": {
        "distance_to_interface": 5,
        "clustering_coefficient": 0.3333333333333333,
        "node_degree": [
          1,
          2,
          3
        ],
        "node_path_length": 1,
        "macke_vulnerabilities_found": 0,
        "faulty": false,
        "macke_bug_chain_length": 0
      }
    },
    {
      "type": 1,
      "id": "{parse_register_1d}",
      "data": {
        "distance_to_interface": 4,
        "clustering_coefficient": 0.6,
        "node_degree": [
          3,
          2,
          5
        ],
        "node_path_length": 1.6666666666666667,
        "macke_vulnerabilities_found": 1,
        "faulty": false,
        "macke_bug_chain_length": 1
      }
    },
    {
      "type": 0,
      "id": "{parse_texoffset_operand}",
      "data": {
        "distance_to_interface": 4,
        "clustering_coefficient": 0.3333333333333333,
        "node_degree": [
          2,
          1,
          3
        ],
        "node_path_length": 1,
        "macke_vulnerabilities_found": 1,
        "faulty": false,
        "macke_bug_chain_length": 1
      }
    },
    {
      "type": 5,
      "id": "{parse_register_bracket}",
      "data": {
        "distance_to_interface": 6,
        "clustering_coefficient": 0.08888888888888889,
        "node_degree": [
          7,
          3,
          10
        ],
        "node_path_length": 1.5,
        "macke_vulnerabilities_found": 1,
        "faulty": false,
        "macke_bug_chain_length": 1
      }
    },
    {
      "type": 3,
      "id": "{parse_identifier}",
      "data": {
        "distance_to_interface": 4,
        "clustering_coefficient": 0,
        "node_degree": [
          2,
          1,
          3
        ],
        "node_path_length": 1,
        "macke_vulnerabilities_found": 0,
        "faulty": false,
        "macke_bug_chain_length": 0
      }
    },
    {
      "type": 3,
      "id": "{parse_file}",
      "data": {
        "distance_to_interface": 6,
        "clustering_coefficient": 0,
        "node_degree": [
          2,
          2,
          4
        ],
        "node_path_length": 2.909090909090909,
        "macke_vulnerabilities_found": 0,
        "faulty": false,
        "macke_bug_chain_length": 0
      }
    },
    {
      "type": 2,
      "id": "{match_inst}",
      "data": {
        "distance_to_interface": 4,
        "clustering_coefficient": 0.6666666666666666,
        "node_degree": [
          2,
          1,
          3
        ],
        "node_path_length": 1,
        "macke_vulnerabilities_found": 0,
        "faulty": false,
        "macke_bug_chain_length": 0
      }
    },
    {
      "type": 1,
      "id": "{tgsi_default_full_immediate}",
      "data": {
        "distance_to_interface": 1,
        "clustering_coefficient": 0,
        "node_degree": [
          1,
          2,
          3
        ],
        "node_path_length": 1,
        "macke_vulnerabilities_found": 0,
        "faulty": false,
        "macke_bug_chain_length": 0
      }
    },
    {
      "type": 2,
      "id": "{eat_white}",
      "data": {
        "distance_to_interface": 3,
        "clustering_coefficient": 0.6,
        "node_degree": [
          1,
          5,
          6
        ],
        "node_path_length": 1,
        "macke_vulnerabilities_found": 0,
        "faulty": false,
        "macke_bug_chain_length": 0
      }
    },
    {
      "type": 5,
      "id": "{parse_register_dst}",
      "data": {
        "distance_to_interface": 5,
        "clustering_coefficient": 0,
        "node_degree": [
          2,
          1,
          3
        ],
        "node_path_length": 1,
        "macke_vulnerabilities_found": 1,
        "faulty": false,
        "macke_bug_chain_length": 1
      }
    },
    {
      "type": 3,
      "id": "{parse_immediate_data}",
      "data": {
        "distance_to_interface": 4,
        "clustering_coefficient": 0.19047619047619047,
        "node_degree": [
          6,
          1,
          7
        ],
        "node_path_length": 1.4285714285714286,
        "macke_vulnerabilities_found": 1,
        "faulty": false,
        "macke_bug_chain_length": 1
      }
    },
    {
      "type": 2,
      "id": "{parse_opt_writemask}",
      "data": {
        "distance_to_interface": 4,
        "clustering_coefficient": 0.3,
        "node_degree": [
          3,
          2,
          5
        ],
        "node_path_length": 1,
        "macke_vulnerabilities_found": 1,
        "faulty": false,
        "macke_bug_chain_length": 1
      }
    },
    {
      "type": 5,
      "id": "{parse_optional_swizzle}",
      "data": {
        "distance_to_interface": 4,
        "clustering_coefficient": 0.4,
        "node_degree": [
          3,
          3,
          6
        ],
        "node_path_length": 1,
        "macke_vulnerabilities_found": 1,
        "faulty": false,
        "macke_bug_chain_length": 1
      }
    },
    {
      "type": 3,
      "id": "{llvm.dbg.declare}",
      "data": {
        "distance_to_interface": 1,
        "clustering_coefficient": 0,
        "node_degree": [
          0,
          1,
          1
        ],
        "node_path_length": 0,
        "macke_vulnerabilities_found": 0,
        "faulty": false,
        "macke_bug_chain_length": 0
      }
    },
    {
      "type": 2,
      "id": "{llvm.va_start}",
      "data": {
        "distance_to_interface": 1,
        "clustering_coefficient": 0,
        "node_degree": [
          0,
          1,
          1
        ],
        "node_path_length": 0,
        "macke_vulnerabilities_found": 0,
        "faulty": false,
        "macke_bug_chain_length": 0
      }
    },
    {
      "type": 2,
      "id": "{parse_register_file_bracket}",
      "data": {
        "distance_to_interface": 5,
        "clustering_coefficient": 0.14285714285714285,
        "node_degree": [
          3,
          4,
          7
        ],
        "node_path_length": 2.391304347826087,
        "macke_vulnerabilities_found": 1,
        "faulty": false,
        "macke_bug_chain_length": 1
      }
    },
    {
      "type": 3,
      "id": "{streq_nocase_uprcase}",
      "data": {
        "distance_to_interface": 4,
        "clustering_coefficient": 0,
        "node_degree": [
          1,
          1,
          2
        ],
        "node_path_length": 1,
        "macke_vulnerabilities_found": 1,
        "faulty": false,
        "macke_bug_chain_length": 1
      }
    },
    {
      "type": 5,
      "id": "{u_vertices_per_prim}",
      "data": {
        "distance_to_interface": 4,
        "clustering_coefficient": 0,
        "node_degree": [
          1,
          1,
          2
        ],
        "node_path_length": 1,
        "macke_vulnerabilities_found": 1,
        "faulty": false,
        "macke_bug_chain_length": 1
      }
    },
    {
      "type": 2,
      "id": "{str_match_nocase_whole}",
      "data": {
        "distance_to_interface": 3,
        "clustering_coefficient": 0.09090909090909091,
        "node_degree": [
          2,
          10,
          12
        ],
        "node_path_length": 0,
        "macke_vulnerabilities_found": 0,
        "faulty": false,
        "macke_bug_chain_length": 0
      }
    },
    {
      "type": 2,
      "id": "{uprcase}",
      "data": {
        "distance_to_interface": 5,
        "clustering_coefficient": 0,
        "node_degree": [
          0,
          6,
          6
        ],
        "node_path_length": 0,
        "macke_vulnerabilities_found": 1,
        "faulty": false,
        "macke_bug_chain_length": 1
      }
    },
    {
      "type": 1,
      "id": "{tgsi_build_processor}",
      "data": {
        "distance_to_interface": 1,
        "clustering_coefficient": 0,
        "node_degree": [
          1,
          2,
          3
        ],
        "node_path_length": 1,
        "macke_vulnerabilities_found": 0,
        "faulty": false,
        "macke_bug_chain_length": 0
      }
    },
    {
      "type": 0,
      "id": "{parse_float}",
      "data": {
        "distance_to_interface": 5,
        "clustering_coefficient": 0,
        "node_degree": [
          4,
          1,
          5
        ],
        "node_path_length": 1,
        "macke_vulnerabilities_found": 0,
        "faulty": false,
        "macke_bug_chain_length": 0
      }
    },
    {
      "type": 5,
      "id": "{tgsi_default_full_property}",
      "data": {
        "distance_to_interface": 1,
        "clustering_coefficient": 0,
        "node_degree": [
          1,
          2,
          3
        ],
        "node_path_length": 1,
        "macke_vulnerabilities_found": 0,
        "faulty": false,
        "macke_bug_chain_length": 0
      }
    },
    {
      "type": 5,
      "id": "{eat_until_eol}",
      "data": {
        "distance_to_interface": 4,
        "clustering_coefficient": 0,
        "node_degree": [
          0,
          1,
          1
        ],
        "node_path_length": 0,
        "macke_vulnerabilities_found": 0,
        "faulty": false,
        "macke_bug_chain_length": 0
      }
    },
    {
      "type": 0,
      "id": "{llvm.memcpy.p0i8.p0i8.i64}",
      "data": {
        "distance_to_interface": 1,
        "clustering_coefficient": 0,
        "node_degree": [
          0,
          1,
          1
        ],
        "node_path_length": 0,
        "macke_vulnerabilities_found": 0,
        "faulty": false,
        "macke_bug_chain_length": 0
      }
    },
    {
      "type": 3,
      "id": "{external node}",
      "data": {
        "distance_to_interface": 999,
        "clustering_coefficient": 0.003952569169960474,
        "node_degree": [
          23,
          0,
          23
        ],
        "node_path_length": 0,
        "macke_vulnerabilities_found": 0,
        "faulty": false,
        "macke_bug_chain_length": 0
      }
    },
    {
      "type": 3,
      "id": "{llvm.memset.p0i8.i64}",
      "data": {
        "distance_to_interface": 1,
        "clustering_coefficient": 0,
        "node_degree": [
          0,
          1,
          1
        ],
        "node_path_length": 0,
        "macke_vulnerabilities_found": 0,
        "faulty": false,
        "macke_bug_chain_length": 0
      }
    },
    {
      "type": 4,
      "id": "{parse_immediate}",
      "data": {
        "distance_to_interface": 3,
        "clustering_coefficient": 0.2222222222222222,
        "node_degree": [
          8,
          1,
          9
        ],
        "node_path_length": 1.4606741573033708,
        "macke_vulnerabilities_found": 1,
        "faulty": false,
        "macke_bug_chain_length": 1
      }
    },
    {
      "type": 5,
      "id": "{tgsi_sanity_check}",
      "data": {
        "distance_to_interface": 1,
        "clustering_coefficient": 0.3333333333333333,
        "node_degree": [
          1,
          2,
          3
        ],
        "node_path_length": 1,
        "macke_vulnerabilities_found": 0,
        "faulty": false,
        "macke_bug_chain_length": 0
      }
    },
    {
      "type": 3,
      "id": "{parse_fs_coord_pixel_center}",
      "data": {
        "distance_to_interface": 4,
        "clustering_coefficient": 0,
        "node_degree": [
          1,
          1,
          2
        ],
        "node_path_length": 1,
        "macke_vulnerabilities_found": 0,
        "faulty": false,
        "macke_bug_chain_length": 0
      }
    },
    {
      "type": 0,
      "id": "{parse_register_dcl_bracket}",
      "data": {
        "distance_to_interface": 5,
        "clustering_coefficient": 0.16666666666666666,
        "node_degree": [
          3,
          1,
          4
        ],
        "node_path_length": 1,
        "macke_vulnerabilities_found": 1,
        "faulty": false,
        "macke_bug_chain_length": 1
      }
    },
    {
      "type": 5,
      "id": "{llvm.va_end}",
      "data": {
        "distance_to_interface": 1,
        "clustering_coefficient": 0,
        "node_degree": [
          0,
          1,
          1
        ],
        "node_path_length": 0,
        "macke_vulnerabilities_found": 0,
        "faulty": false,
        "macke_bug_chain_length": 0
      }
    },
    {
      "type": 1,
      "id": "{parse_fs_coord_origin}",
      "data": {
        "distance_to_interface": 4,
        "clustering_coefficient": 0,
        "node_degree": [
          1,
          1,
          2
        ],
        "node_path_length": 1,
        "macke_vulnerabilities_found": 0,
        "faulty": false,
        "macke_bug_chain_length": 0
      }
    },
    {
      "type": 3,
      "id": "{strtod}",
      "data": {
        "distance_to_interface": 1,
        "clustering_coefficient": 0,
        "node_degree": [
          1,
          2,
          3
        ],
        "node_path_length": 1,
        "macke_vulnerabilities_found": 0,
        "faulty": false,
        "macke_bug_chain_length": 0
      }
    },
    {
      "type": 1,
      "id": "{report_error}",
      "data": {
        "distance_to_interface": 3,
        "clustering_coefficient": 0.10294117647058823,
        "node_degree": [
          2,
          15,
          17
        ],
        "node_path_length": 1,
        "macke_vulnerabilities_found": 1,
        "faulty": false,
        "macke_bug_chain_length": 1
      }
    },
    {
      "type": 3,
      "id": "{tgsi_build_full_declaration}",
      "data": {
        "distance_to_interface": 1,
        "clustering_coefficient": 0,
        "node_degree": [
          1,
          2,
          3
        ],
        "node_path_length": 1,
        "macke_vulnerabilities_found": 0,
        "faulty": false,
        "macke_bug_chain_length": 0
      }
    },
    {
      "type": 3,
      "id": "{is_digit}",
      "data": {
        "distance_to_interface": 5,
        "clustering_coefficient": 0,
        "node_degree": [
          0,
          4,
          4
        ],
        "node_path_length": 0,
        "macke_vulnerabilities_found": 1,
        "faulty": false,
        "macke_bug_chain_length": 1
      }
    },
    {
      "type": 1,
      "id": "{is_digit_alpha_underscore}",
      "data": {
        "distance_to_interface": 8,
        "clustering_coefficient": 0,
        "node_degree": [
          2,
          1,
          3
        ],
        "node_path_length": 1,
        "macke_vulnerabilities_found": 1,
        "faulty": false,
        "macke_bug_chain_length": 1
      }
    },
    {
      "type": 1,
      "id": "{parse_uint}",
      "data": {
        "distance_to_interface": 4,
        "clustering_coefficient": 0.07272727272727272,
        "node_degree": [
          1,
          10,
          11
        ],
        "node_path_length": 1,
        "macke_vulnerabilities_found": 0,
        "faulty": false,
        "macke_bug_chain_length": 0
      }
    },
    {
      "type": 4,
      "id": "Node0x1c35980"
    },
    {
      "type": 1,
      "id": "{debug_printf}",
      "data": {
        "distance_to_interface": 5,
        "clustering_coefficient": 0,
        "node_degree": [
          0,
          2,
          2
        ],
        "node_path_length": 0,
        "macke_vulnerabilities_found": 1,
        "faulty": false,
        "macke_bug_chain_length": 1
      }
    },
    {
      "type": 2,
      "id": "{tgsi_default_full_instruction}",
      "data": {
        "distance_to_interface": 1,
        "clustering_coefficient": 0,
        "node_degree": [
          1,
          2,
          3
        ],
        "node_path_length": 1,
        "macke_vulnerabilities_found": 0,
        "faulty": false,
        "macke_bug_chain_length": 0
      }
    },
    {
      "type": 4,
      "id": "{strtoul}",
      "data": {
        "distance_to_interface": 1,
        "clustering_coefficient": 0,
        "node_degree": [
          1,
          2,
          3
        ],
        "node_path_length": 1,
        "macke_vulnerabilities_found": 0,
        "faulty": false,
        "macke_bug_chain_length": 0
      }
    },
    {
      "type": 5,
      "id": "{tgsi_build_full_instruction}",
      "data": {
        "distance_to_interface": 1,
        "clustering_coefficient": 0,
        "node_degree": [
          1,
          2,
          3
        ],
        "node_path_length": 1,
        "macke_vulnerabilities_found": 0,
        "faulty": false,
        "macke_bug_chain_length": 0
      }
    },
    {
      "type": 1,
      "id": "{tgsi_build_header}",
      "data": {
        "distance_to_interface": 1,
        "clustering_coefficient": 0,
        "node_degree": [
          1,
          2,
          3
        ],
        "node_path_length": 1,
        "macke_vulnerabilities_found": 0,
        "faulty": false,
        "macke_bug_chain_length": 0
      }
    },
    {
      "type": 1,
      "id": "{parse_double}",
      "data": {
        "distance_to_interface": 5,
        "clustering_coefficient": 0,
        "node_degree": [
          1,
          1,
          2
        ],
        "node_path_length": 1,
        "macke_vulnerabilities_found": 0,
        "faulty": false,
        "macke_bug_chain_length": 0
      }
    },
    {
      "type": 5,
      "id": "{atof}",
      "data": {
        "distance_to_interface": 1,
        "clustering_coefficient": 0,
        "node_degree": [
          1,
          2,
          3
        ],
        "node_path_length": 1,
        "macke_vulnerabilities_found": 0,
        "faulty": false,
        "macke_bug_chain_length": 0
      }
    },
    {
      "type": 1,
      "id": "{parse_label}",
      "data": {
        "distance_to_interface": 3,
        "clustering_coefficient": 0.3333333333333333,
        "node_degree": [
          2,
          1,
          3
        ],
        "node_path_length": 1,
        "macke_vulnerabilities_found": 1,
        "faulty": false,
        "macke_bug_chain_length": 1
      }
    },
    {
      "type": 0,
      "id": "{tgsi_default_full_declaration}",
      "data": {
        "distance_to_interface": 1,
        "clustering_coefficient": 0,
        "node_degree": [
          1,
          2,
          3
        ],
        "node_path_length": 1,
        "macke_vulnerabilities_found": 0,
        "faulty": false,
        "macke_bug_chain_length": 0
      }
    },
    {
      "type": 0,
      "id": "{parse_opt_register_src_bracket}",
      "data": {
        "distance_to_interface": 5,
        "clustering_coefficient": 0.5,
        "node_degree": [
          2,
          2,
          4
        ],
        "node_path_length": 2.4285714285714284,
        "macke_vulnerabilities_found": 1,
        "faulty": false,
        "macke_bug_chain_length": 1
      }
    },
    {
      "type": 4,
      "id": "{tgsi_text_translate}",
      "data": {
        "distance_to_interface": 1,
        "clustering_coefficient": 0.3333333333333333,
        "node_degree": [
          2,
          1,
          3
        ],
        "node_path_length": 3.0218627951863297,
        "macke_vulnerabilities_found": 1,
        "faulty": false,
        "macke_bug_chain_length": 1
      }
    },
    {
      "type": 3,
      "id": "{is_alpha_underscore}",
      "data": {
        "distance_to_interface": 5,
        "clustering_coefficient": 0,
        "node_degree": [
          0,
          2,
          2
        ],
        "node_path_length": 0,
        "macke_vulnerabilities_found": 1,
        "faulty": false,
        "macke_bug_chain_length": 1
      }
    },
    {
      "type": 0,
      "id": "{tgsi_file_name}",
      "data": {
        "distance_to_interface": 1,
        "clustering_coefficient": 0,
        "node_degree": [
          1,
          2,
          3
        ],
        "node_path_length": 1,
        "macke_vulnerabilities_found": 0,
        "faulty": false,
        "macke_bug_chain_length": 0
      }
    },
    {
      "type": 3,
      "id": "{tgsi_build_full_immediate}",
      "data": {
        "distance_to_interface": 1,
        "clustering_coefficient": 0,
        "node_degree": [
          1,
          2,
          3
        ],
        "node_path_length": 1,
        "macke_vulnerabilities_found": 0,
        "faulty": false,
        "macke_bug_chain_length": 0
      }
    },
    {
      "type": 2,
      "id": "{parse_property}",
      "data": {
        "distance_to_interface": 3,
        "clustering_coefficient": 0.04395604395604396,
        "node_degree": [
          13,
          1,
          14
        ],
        "node_path_length": 1.1649484536082475,
        "macke_vulnerabilities_found": 1,
        "faulty": false,
        "macke_bug_chain_length": 1
      }
    },
    {
      "type": 4,
      "id": "{parse_dst_operand}",
      "data": {
        "distance_to_interface": 4,
        "clustering_coefficient": 0.3,
        "node_degree": [
          4,
          1,
          5
        ],
        "node_path_length": 1.3333333333333333,
        "macke_vulnerabilities_found": 1,
        "faulty": false,
        "macke_bug_chain_length": 1
      }
    }
  ],
  "links": [
    {
      "type": 2,
      "target": "{report_error}",
      "source": "{parse_declaration}"
    },
    {
      "type": 3,
      "target": "{report_error}",
      "source": "{parse_declaration}"
    },
    {
      "type": 1,
      "target": "{report_error}",
      "source": "{parse_declaration}"
    },
    {
      "type": 0,
      "target": "{report_error}",
      "source": "{parse_declaration}"
    },
    {
      "type": 0,
      "target": "{report_error}",
      "source": "{parse_declaration}"
    },
    {
      "type": 1,
      "target": "{report_error}",
      "source": "{parse_declaration}"
    },
    {
      "type": 1,
      "target": "{report_error}",
      "source": "{parse_declaration}"
    },
    {
      "type": 2,
      "target": "{report_error}",
      "source": "{parse_declaration}"
    },
    {
      "type": 0,
      "target": "{report_error}",
      "source": "{parse_declaration}"
    },
    {
      "type": 3,
      "target": "{report_error}",
      "source": "{parse_declaration}"
    },
    {
      "type": 2,
      "target": "{report_error}",
      "source": "{parse_declaration}"
    },
    {
      "type": 0,
      "target": "{parse_uint}",
      "source": "{parse_declaration}"
    },
    {
      "type": 1,
      "target": "{eat_opt_white}",
      "source": "{parse_declaration}"
    },
    {
      "type": 1,
      "target": "{eat_opt_white}",
      "source": "{parse_declaration}"
    },
    {
      "type": 2,
      "target": "{eat_opt_white}",
      "source": "{parse_declaration}"
    },
    {
      "type": 0,
      "target": "{eat_opt_white}",
      "source": "{parse_declaration}"
    },
    {
      "type": 1,
      "target": "{eat_opt_white}",
      "source": "{parse_declaration}"
    },
    {
      "type": 2,
      "target": "{eat_opt_white}",
      "source": "{parse_declaration}"
    },
    {
      "type": 0,
      "target": "{eat_opt_white}",
      "source": "{parse_declaration}"
    },
    {
      "type": 3,
      "target": "{eat_opt_white}",
      "source": "{parse_declaration}"
    },
    {
      "type": 0,
      "target": "{eat_opt_white}",
      "source": "{parse_declaration}"
    },
    {
      "type": 0,
      "target": "{eat_opt_white}",
      "source": "{parse_declaration}"
    },
    {
      "type": 3,
      "target": "{eat_opt_white}",
      "source": "{parse_declaration}"
    },
    {
      "type": 3,
      "target": "{eat_opt_white}",
      "source": "{parse_declaration}"
    },
    {
      "type": 2,
      "target": "{eat_opt_white}",
      "source": "{parse_declaration}"
    },
    {
      "type": 2,
      "target": "{eat_opt_white}",
      "source": "{parse_declaration}"
    },
    {
      "type": 3,
      "target": "{eat_opt_white}",
      "source": "{parse_declaration}"
    },
    {
      "type": 1,
      "target": "{eat_opt_white}",
      "source": "{parse_declaration}"
    },
    {
      "type": 1,
      "target": "{eat_opt_white}",
      "source": "{parse_declaration}"
    },
    {
      "type": 1,
      "target": "{eat_opt_white}",
      "source": "{parse_declaration}"
    },
    {
      "type": 0,
      "target": "{eat_opt_white}",
      "source": "{parse_declaration}"
    },
    {
      "type": 1,
      "target": "{eat_opt_white}",
      "source": "{parse_declaration}"
    },
    {
      "type": 1,
      "target": "{eat_opt_white}",
      "source": "{parse_declaration}"
    },
    {
      "type": 3,
      "target": "{parse_opt_writemask}",
      "source": "{parse_declaration}"
    },
    {
      "type": 0,
      "target": "{parse_int}",
      "source": "{parse_declaration}"
    },
    {
      "type": 0,
      "target": "{parse_register_dcl}",
      "source": "{parse_declaration}"
    },
    {
      "type": 3,
      "target": "{tgsi_default_full_declaration}",
      "source": "{parse_declaration}"
    },
    {
      "type": 2,
      "target": "{eat_white}",
      "source": "{parse_declaration}"
    },
    {
      "type": 0,
      "target": "{tgsi_build_full_declaration}",
      "source": "{parse_declaration}"
    },
    {
      "type": 0,
      "target": "{str_match_nocase_whole}",
      "source": "{parse_declaration}"
    },
    {
      "type": 1,
      "target": "{str_match_nocase_whole}",
      "source": "{parse_declaration}"
    },
    {
      "type": 2,
      "target": "{str_match_nocase_whole}",
      "source": "{parse_declaration}"
    },
    {
      "type": 1,
      "target": "{str_match_nocase_whole}",
      "source": "{parse_declaration}"
    },
    {
      "type": 3,
      "target": "{str_match_nocase_whole}",
      "source": "{parse_declaration}"
    },
    {
      "type": 3,
      "target": "{str_match_nocase_whole}",
      "source": "{parse_declaration}"
    },
    {
      "type": 3,
      "target": "{str_match_nocase_whole}",
      "source": "{parse_declaration}"
    },
    {
      "type": 1,
      "target": "{str_match_nocase_whole}",
      "source": "{parse_declaration}"
    },
    {
      "type": 3,
      "target": "{str_match_nocase_whole}",
      "source": "{parse_declaration}"
    },
    {
      "type": 2,
      "target": "{str_match_nocase_whole}",
      "source": "{parse_declaration}"
    },
    {
      "type": 3,
      "target": "Node0x1c35980",
      "source": "{tgsi_get_opcode_info}"
    },
    {
      "type": 0,
      "target": "{parse_register_file_bracket}",
      "source": "{parse_register_file_bracket_index}"
    },
    {
      "type": 0,
      "target": "{report_error}",
      "source": "{parse_register_file_bracket_index}"
    },
    {
      "type": 3,
      "target": "{parse_uint}",
      "source": "{parse_register_file_bracket_index}"
    },
    {
      "type": 0,
      "target": "{eat_opt_white}",
      "source": "{parse_register_file_bracket_index}"
    },
    {
      "type": 0,
      "target": "{parse_declaration}",
      "source": "{translate}"
    },
    {
      "type": 3,
      "target": "{report_error}",
      "source": "{translate}"
    },
    {
      "type": 0,
      "target": "{eat_opt_white}",
      "source": "{translate}"
    },
    {
      "type": 1,
      "target": "{parse_instruction}",
      "source": "{translate}"
    },
    {
      "type": 1,
      "target": "{parse_instruction}",
      "source": "{translate}"
    },
    {
      "type": 2,
      "target": "{parse_immediate}",
      "source": "{translate}"
    },
    {
      "type": 1,
      "target": "{parse_header}",
      "source": "{translate}"
    },
    {
      "type": 3,
      "target": "{parse_label}",
      "source": "{translate}"
    },
    {
      "type": 1,
      "target": "{eat_white}",
      "source": "{translate}"
    },
    {
      "type": 1,
      "target": "{str_match_nocase_whole}",
      "source": "{translate}"
    },
    {
      "type": 1,
      "target": "{str_match_nocase_whole}",
      "source": "{translate}"
    },
    {
      "type": 3,
      "target": "{str_match_nocase_whole}",
      "source": "{translate}"
    },
    {
      "type": 1,
      "target": "{parse_property}",
      "source": "{translate}"
    },
    {
      "type": 0,
      "target": "{parse_register_bracket}",
      "source": "{parse_register_src}"
    },
    {
      "type": 1,
      "target": "{parse_register_file_bracket}",
      "source": "{parse_register_src}"
    },
    {
      "type": 3,
      "target": "{match_inst}",
      "source": "{parse_instruction}"
    },
    {
      "type": 1,
      "target": "{tgsi_get_opcode_info}",
      "source": "{parse_instruction}"
    },
    {
      "type": 0,
      "target": "{report_error}",
      "source": "{parse_instruction}"
    },
    {
      "type": 1,
      "target": "{report_error}",
      "source": "{parse_instruction}"
    },
    {
      "type": 0,
      "target": "{report_error}",
      "source": "{parse_instruction}"
    },
    {
      "type": 0,
      "target": "{report_error}",
      "source": "{parse_instruction}"
    },
    {
      "type": 2,
      "target": "{report_error}",
      "source": "{parse_instruction}"
    },
    {
      "type": 0,
      "target": "{report_error}",
      "source": "{parse_instruction}"
    },
    {
      "type": 1,
      "target": "{parse_uint}",
      "source": "{parse_instruction}"
    },
    {
      "type": 0,
      "target": "{eat_opt_white}",
      "source": "{parse_instruction}"
    },
    {
      "type": 1,
      "target": "{eat_opt_white}",
      "source": "{parse_instruction}"
    },
    {
      "type": 0,
      "target": "{eat_opt_white}",
      "source": "{parse_instruction}"
    },
    {
      "type": 1,
      "target": "{eat_opt_white}",
      "source": "{parse_instruction}"
    },
    {
      "type": 1,
      "target": "{eat_opt_white}",
      "source": "{parse_instruction}"
    },
    {
      "type": 2,
      "target": "{eat_opt_white}",
      "source": "{parse_instruction}"
    },
    {
      "type": 2,
      "target": "{eat_opt_white}",
      "source": "{parse_instruction}"
    },
    {
      "type": 0,
      "target": "{eat_opt_white}",
      "source": "{parse_instruction}"
    },
    {
      "type": 3,
      "target": "{eat_opt_white}",
      "source": "{parse_instruction}"
    },
    {
      "type": 1,
      "target": "{tgsi_default_full_instruction}",
      "source": "{parse_instruction}"
    },
    {
      "type": 1,
      "target": "{parse_optional_swizzle}",
      "source": "{parse_instruction}"
    },
    {
      "type": 3,
      "target": "{parse_src_operand}",
      "source": "{parse_instruction}"
    },
    {
      "type": 3,
      "target": "{tgsi_build_full_instruction}",
      "source": "{parse_instruction}"
    },
    {
      "type": 2,
      "target": "{parse_register_1d}",
      "source": "{parse_instruction}"
    },
    {
      "type": 1,
      "target": "{eat_white}",
      "source": "{parse_instruction}"
    },
    {
      "type": 2,
      "target": "{str_match_nocase_whole}",
      "source": "{parse_instruction}"
    },
    {
      "type": 1,
      "target": "{parse_texoffset_operand}",
      "source": "{parse_instruction}"
    },
    {
      "type": 0,
      "target": "{parse_dst_operand}",
      "source": "{parse_instruction}"
    },
    {
      "type": 2,
      "target": "Node0x1c35980",
      "source": "{tgsi_build_full_property}"
    },
    {
      "type": 0,
      "target": "{str_match_nocase_whole}",
      "source": "{parse_primitive}"
    },
    {
      "type": 1,
      "target": "Node0x1c35980",
      "source": "{_debug_vprintf}"
    },
    {
      "type": 2,
      "target": "{tgsi_build_header}",
      "source": "{parse_header}"
    },
    {
      "type": 3,
      "target": "{str_match_nocase_whole}",
      "source": "{parse_header}"
    },
    {
      "type": 2,
      "target": "{str_match_nocase_whole}",
      "source": "{parse_header}"
    },
    {
      "type": 2,
      "target": "{str_match_nocase_whole}",
      "source": "{parse_header}"
    },
    {
      "type": 2,
      "target": "{str_match_nocase_whole}",
      "source": "{parse_header}"
    },
    {
      "type": 3,
      "target": "{str_match_nocase_whole}",
      "source": "{parse_header}"
    },
    {
      "type": 3,
      "target": "{str_match_nocase_whole}",
      "source": "{parse_header}"
    },
    {
      "type": 0,
      "target": "{report_error}",
      "source": "{parse_header}"
    },
    {
      "type": 2,
      "target": "{tgsi_build_processor}",
      "source": "{parse_header}"
    },
    {
      "type": 3,
      "target": "{parse_uint}",
      "source": "{parse_int}"
    },
    {
      "type": 3,
      "target": "{parse_opt_register_src_bracket}",
      "source": "{parse_src_operand}"
    },
    {
      "type": 0,
      "target": "{parse_optional_swizzle}",
      "source": "{parse_src_operand}"
    },
    {
      "type": 2,
      "target": "{report_error}",
      "source": "{parse_src_operand}"
    },
    {
      "type": 1,
      "target": "{eat_opt_white}",
      "source": "{parse_src_operand}"
    },
    {
      "type": 2,
      "target": "{eat_opt_white}",
      "source": "{parse_src_operand}"
    },
    {
      "type": 2,
      "target": "{eat_opt_white}",
      "source": "{parse_src_operand}"
    },
    {
      "type": 1,
      "target": "{parse_register_src}",
      "source": "{parse_src_operand}"
    },
    {
      "type": 0,
      "target": "{parse_register_dcl_bracket}",
      "source": "{parse_register_dcl}"
    },
    {
      "type": 2,
      "target": "{parse_register_dcl_bracket}",
      "source": "{parse_register_dcl}"
    },
    {
      "type": 3,
      "target": "{parse_register_file_bracket}",
      "source": "{parse_register_dcl}"
    },
    {
      "type": 2,
      "target": "{eat_opt_white}",
      "source": "{parse_register_dcl}"
    },
    {
      "type": 3,
      "target": "{uprcase}",
      "source": "{str_match_no_case}"
    },
    {
      "type": 1,
      "target": "{parse_register_file_bracket_index}",
      "source": "{parse_register_1d}"
    },
    {
      "type": 3,
      "target": "{report_error}",
      "source": "{parse_register_1d}"
    },
    {
      "type": 1,
      "target": "{eat_opt_white}",
      "source": "{parse_register_1d}"
    },
    {
      "type": 1,
      "target": "{parse_optional_swizzle}",
      "source": "{parse_texoffset_operand}"
    },
    {
      "type": 3,
      "target": "{parse_register_src}",
      "source": "{parse_texoffset_operand}"
    },
    {
      "type": 1,
      "target": "{report_error}",
      "source": "{parse_register_bracket}"
    },
    {
      "type": 2,
      "target": "{report_error}",
      "source": "{parse_register_bracket}"
    },
    {
      "type": 2,
      "target": "{report_error}",
      "source": "{parse_register_bracket}"
    },
    {
      "type": 1,
      "target": "{report_error}",
      "source": "{parse_register_bracket}"
    },
    {
      "type": 2,
      "target": "{report_error}",
      "source": "{parse_register_bracket}"
    },
    {
      "type": 3,
      "target": "{parse_uint}",
      "source": "{parse_register_bracket}"
    },
    {
      "type": 0,
      "target": "{parse_uint}",
      "source": "{parse_register_bracket}"
    },
    {
      "type": 1,
      "target": "{eat_opt_white}",
      "source": "{parse_register_bracket}"
    },
    {
      "type": 0,
      "target": "{eat_opt_white}",
      "source": "{parse_register_bracket}"
    },
    {
      "type": 3,
      "target": "{eat_opt_white}",
      "source": "{parse_register_bracket}"
    },
    {
      "type": 0,
      "target": "{eat_opt_white}",
      "source": "{parse_register_bracket}"
    },
    {
      "type": 1,
      "target": "{eat_opt_white}",
      "source": "{parse_register_bracket}"
    },
    {
      "type": 0,
      "target": "{eat_opt_white}",
      "source": "{parse_register_bracket}"
    },
    {
      "type": 2,
      "target": "{eat_opt_white}",
      "source": "{parse_register_bracket}"
    },
    {
      "type": 2,
      "target": "{parse_int}",
      "source": "{parse_register_bracket}"
    },
    {
      "type": 3,
      "target": "{parse_register_1d}",
      "source": "{parse_register_bracket}"
    },
    {
      "type": 3,
      "target": "{uprcase}",
      "source": "{parse_register_bracket}"
    },
    {
      "type": 0,
      "target": "{parse_file}",
      "source": "{parse_register_bracket}"
    },
    {
      "type": 0,
      "target": "{is_alpha_underscore}",
      "source": "{parse_identifier}"
    },
    {
      "type": 0,
      "target": "{is_alpha_underscore}",
      "source": "{parse_identifier}"
    },
    {
      "type": 0,
      "target": "{is_digit}",
      "source": "{parse_identifier}"
    },
    {
      "type": 0,
      "target": "{str_match_nocase_whole}",
      "source": "{parse_file}"
    },
    {
      "type": 1,
      "target": "{tgsi_file_name}",
      "source": "{parse_file}"
    },
    {
      "type": 2,
      "target": "{str_match_nocase_whole}",
      "source": "{match_inst}"
    },
    {
      "type": 3,
      "target": "{str_match_nocase_whole}",
      "source": "{match_inst}"
    },
    {
      "type": 1,
      "target": "{str_match_no_case}",
      "source": "{match_inst}"
    },
    {
      "type": 2,
      "target": "Node0x1c35980",
      "source": "{tgsi_default_full_immediate}"
    },
    {
      "type": 3,
      "target": "{eat_opt_white}",
      "source": "{eat_white}"
    },
    {
      "type": 0,
      "target": "{parse_register_bracket}",
      "source": "{parse_register_dst}"
    },
    {
      "type": 3,
      "target": "{parse_register_file_bracket}",
      "source": "{parse_register_dst}"
    },
    {
      "type": 1,
      "target": "{parse_double}",
      "source": "{parse_immediate_data}"
    },
    {
      "type": 1,
      "target": "{report_error}",
      "source": "{parse_immediate_data}"
    },
    {
      "type": 3,
      "target": "{report_error}",
      "source": "{parse_immediate_data}"
    },
    {
      "type": 1,
      "target": "{report_error}",
      "source": "{parse_immediate_data}"
    },
    {
      "type": 0,
      "target": "{report_error}",
      "source": "{parse_immediate_data}"
    },
    {
      "type": 3,
      "target": "{parse_uint}",
      "source": "{parse_immediate_data}"
    },
    {
      "type": 0,
      "target": "{eat_opt_white}",
      "source": "{parse_immediate_data}"
    },
    {
      "type": 3,
      "target": "{eat_opt_white}",
      "source": "{parse_immediate_data}"
    },
    {
      "type": 3,
      "target": "{eat_opt_white}",
      "source": "{parse_immediate_data}"
    },
    {
      "type": 2,
      "target": "{eat_opt_white}",
      "source": "{parse_immediate_data}"
    },
    {
      "type": 3,
      "target": "{parse_int}",
      "source": "{parse_immediate_data}"
    },
    {
      "type": 0,
      "target": "{parse_float}",
      "source": "{parse_immediate_data}"
    },
    {
      "type": 1,
      "target": "{uprcase}",
      "source": "{parse_opt_writemask}"
    },
    {
      "type": 1,
      "target": "{uprcase}",
      "source": "{parse_opt_writemask}"
    },
    {
      "type": 0,
      "target": "{uprcase}",
      "source": "{parse_opt_writemask}"
    },
    {
      "type": 2,
      "target": "{uprcase}",
      "source": "{parse_opt_writemask}"
    },
    {
      "type": 3,
      "target": "{report_error}",
      "source": "{parse_opt_writemask}"
    },
    {
      "type": 2,
      "target": "{eat_opt_white}",
      "source": "{parse_opt_writemask}"
    },
    {
      "type": 3,
      "target": "{eat_opt_white}",
      "source": "{parse_opt_writemask}"
    },
    {
      "type": 1,
      "target": "{uprcase}",
      "source": "{parse_optional_swizzle}"
    },
    {
      "type": 3,
      "target": "{uprcase}",
      "source": "{parse_optional_swizzle}"
    },
    {
      "type": 1,
      "target": "{uprcase}",
      "source": "{parse_optional_swizzle}"
    },
    {
      "type": 0,
      "target": "{uprcase}",
      "source": "{parse_optional_swizzle}"
    },
    {
      "type": 1,
      "target": "{report_error}",
      "source": "{parse_optional_swizzle}"
    },
    {
      "type": 2,
      "target": "{eat_opt_white}",
      "source": "{parse_optional_swizzle}"
    },
    {
      "type": 2,
      "target": "{eat_opt_white}",
      "source": "{parse_optional_swizzle}"
    },
    {
      "type": 0,
      "target": "{report_error}",
      "source": "{parse_register_file_bracket}"
    },
    {
      "type": 1,
      "target": "{report_error}",
      "source": "{parse_register_file_bracket}"
    },
    {
      "type": 2,
      "target": "{parse_file}",
      "source": "{parse_register_file_bracket}"
    },
    {
      "type": 2,
      "target": "{eat_opt_white}",
      "source": "{parse_register_file_bracket}"
    },
    {
      "type": 1,
      "target": "{uprcase}",
      "source": "{streq_nocase_uprcase}"
    },
    {
      "type": 1,
      "target": "{debug_printf}",
      "source": "{u_vertices_per_prim}"
    },
    {
      "type": 3,
      "target": "{is_digit_alpha_underscore}",
      "source": "{str_match_nocase_whole}"
    },
    {
      "type": 1,
      "target": "{str_match_no_case}",
      "source": "{str_match_nocase_whole}"
    },
    {
      "type": 0,
      "target": "Node0x1c35980",
      "source": "{tgsi_build_processor}"
    },
    {
      "type": 3,
      "target": "{uprcase}",
      "source": "{parse_float}"
    },
    {
      "type": 1,
      "target": "{is_digit}",
      "source": "{parse_float}"
    },
    {
      "type": 0,
      "target": "{is_digit}",
      "source": "{parse_float}"
    },
    {
      "type": 2,
      "target": "{is_digit}",
      "source": "{parse_float}"
    },
    {
      "type": 1,
      "target": "{is_digit}",
      "source": "{parse_float}"
    },
    {
      "type": 1,
      "target": "{is_digit}",
      "source": "{parse_float}"
    },
    {
      "type": 2,
      "target": "{is_digit}",
      "source": "{parse_float}"
    },
    {
      "type": 0,
      "target": "{strtoul}",
      "source": "{parse_float}"
    },
    {
      "type": 0,
      "target": "{atof}",
      "source": "{parse_float}"
    },
    {
      "type": 0,
      "target": "Node0x1c35980",
      "source": "{tgsi_default_full_property}"
    },
    {
      "type": 0,
      "target": "{tgsi_get_opcode_info}",
      "source": "{external node}"
    },
    {
      "type": 1,
      "target": "{tgsi_build_full_property}",
      "source": "{external node}"
    },
    {
      "type": 3,
      "target": "{_debug_vprintf}",
      "source": "{external node}"
    },
    {
      "type": 2,
      "target": "{tgsi_default_full_immediate}",
      "source": "{external node}"
    },
    {
      "type": 2,
      "target": "{llvm.dbg.declare}",
      "source": "{external node}"
    },
    {
      "type": 3,
      "target": "{llvm.va_start}",
      "source": "{external node}"
    },
    {
      "type": 2,
      "target": "{tgsi_build_processor}",
      "source": "{external node}"
    },
    {
      "type": 0,
      "target": "{tgsi_default_full_property}",
      "source": "{external node}"
    },
    {
      "type": 3,
      "target": "{llvm.memcpy.p0i8.p0i8.i64}",
      "source": "{external node}"
    },
    {
      "type": 1,
      "target": "{llvm.memset.p0i8.i64}",
      "source": "{external node}"
    },
    {
      "type": 0,
      "target": "{tgsi_sanity_check}",
      "source": "{external node}"
    },
    {
      "type": 2,
      "target": "{llvm.va_end}",
      "source": "{external node}"
    },
    {
      "type": 2,
      "target": "{strtod}",
      "source": "{external node}"
    },
    {
      "type": 2,
      "target": "{tgsi_build_full_declaration}",
      "source": "{external node}"
    },
    {
      "type": 2,
      "target": "{tgsi_build_header}",
      "source": "{external node}"
    },
    {
      "type": 3,
      "target": "{strtoul}",
      "source": "{external node}"
    },
    {
      "type": 0,
      "target": "{tgsi_build_full_instruction}",
      "source": "{external node}"
    },
    {
      "type": 2,
      "target": "{tgsi_default_full_instruction}",
      "source": "{external node}"
    },
    {
      "type": 3,
      "target": "{atof}",
      "source": "{external node}"
    },
    {
      "type": 1,
      "target": "{tgsi_default_full_declaration}",
      "source": "{external node}"
    },
    {
      "type": 3,
      "target": "{tgsi_text_translate}",
      "source": "{external node}"
    },
    {
      "type": 1,
      "target": "{tgsi_file_name}",
      "source": "{external node}"
    },
    {
      "type": 0,
      "target": "{tgsi_build_full_immediate}",
      "source": "{external node}"
    },
    {
      "type": 2,
      "target": "{tgsi_default_full_immediate}",
      "source": "{parse_immediate}"
    },
    {
      "type": 2,
      "target": "{report_error}",
      "source": "{parse_immediate}"
    },
    {
      "type": 3,
      "target": "{report_error}",
      "source": "{parse_immediate}"
    },
    {
      "type": 1,
      "target": "{report_error}",
      "source": "{parse_immediate}"
    },
    {
      "type": 0,
      "target": "{report_error}",
      "source": "{parse_immediate}"
    },
    {
      "type": 1,
      "target": "{report_error}",
      "source": "{parse_immediate}"
    },
    {
      "type": 3,
      "target": "{parse_uint}",
      "source": "{parse_immediate}"
    },
    {
      "type": 0,
      "target": "{eat_opt_white}",
      "source": "{parse_immediate}"
    },
    {
      "type": 2,
      "target": "{eat_opt_white}",
      "source": "{parse_immediate}"
    },
    {
      "type": 3,
      "target": "{eat_white}",
      "source": "{parse_immediate}"
    },
    {
      "type": 1,
      "target": "{str_match_nocase_whole}",
      "source": "{parse_immediate}"
    },
    {
      "type": 0,
      "target": "{parse_immediate_data}",
      "source": "{parse_immediate}"
    },
    {
      "type": 2,
      "target": "{tgsi_build_full_immediate}",
      "source": "{parse_immediate}"
    },
    {
      "type": 1,
      "target": "Node0x1c35980",
      "source": "{tgsi_sanity_check}"
    },
    {
      "type": 0,
      "target": "{str_match_nocase_whole}",
      "source": "{parse_fs_coord_pixel_center}"
    },
    {
      "type": 0,
      "target": "{report_error}",
      "source": "{parse_register_dcl_bracket}"
    },
    {
      "type": 3,
      "target": "{report_error}",
      "source": "{parse_register_dcl_bracket}"
    },
    {
      "type": 1,
      "target": "{report_error}",
      "source": "{parse_register_dcl_bracket}"
    },
    {
      "type": 2,
      "target": "{parse_uint}",
      "source": "{parse_register_dcl_bracket}"
    },
    {
      "type": 2,
      "target": "{parse_uint}",
      "source": "{parse_register_dcl_bracket}"
    },
    {
      "type": 2,
      "target": "{eat_opt_white}",
      "source": "{parse_register_dcl_bracket}"
    },
    {
      "type": 1,
      "target": "{eat_opt_white}",
      "source": "{parse_register_dcl_bracket}"
    },
    {
      "type": 2,
      "target": "{eat_opt_white}",
      "source": "{parse_register_dcl_bracket}"
    },
    {
      "type": 2,
      "target": "{eat_opt_white}",
      "source": "{parse_register_dcl_bracket}"
    },
    {
      "type": 0,
      "target": "{str_match_nocase_whole}",
      "source": "{parse_fs_coord_origin}"
    },
    {
      "type": 3,
      "target": "Node0x1c35980",
      "source": "{strtod}"
    },
    {
      "type": 0,
      "target": "{_debug_vprintf}",
      "source": "{report_error}"
    },
    {
      "type": 3,
      "target": "{debug_printf}",
      "source": "{report_error}"
    },
    {
      "type": 0,
      "target": "{debug_printf}",
      "source": "{report_error}"
    },
    {
      "type": 2,
      "target": "Node0x1c35980",
      "source": "{tgsi_build_full_declaration}"
    },
    {
      "type": 0,
      "target": "{is_alpha_underscore}",
      "source": "{is_digit_alpha_underscore}"
    },
    {
      "type": 2,
      "target": "{is_digit}",
      "source": "{is_digit_alpha_underscore}"
    },
    {
      "type": 3,
      "target": "{is_digit}",
      "source": "{parse_uint}"
    },
    {
      "type": 1,
      "target": "{is_digit}",
      "source": "{parse_uint}"
    },
    {
      "type": 3,
      "target": "Node0x1c35980",
      "source": "{tgsi_default_full_instruction}"
    },
    {
      "type": 2,
      "target": "Node0x1c35980",
      "source": "{strtoul}"
    },
    {
      "type": 2,
      "target": "Node0x1c35980",
      "source": "{tgsi_build_full_instruction}"
    },
    {
      "type": 3,
      "target": "Node0x1c35980",
      "source": "{tgsi_build_header}"
    },
    {
      "type": 2,
      "target": "{strtod}",
      "source": "{parse_double}"
    },
    {
      "type": 0,
      "target": "Node0x1c35980",
      "source": "{atof}"
    },
    {
      "type": 2,
      "target": "{parse_uint}",
      "source": "{parse_label}"
    },
    {
      "type": 1,
      "target": "{eat_opt_white}",
      "source": "{parse_label}"
    },
    {
      "type": 0,
      "target": "Node0x1c35980",
      "source": "{tgsi_default_full_declaration}"
    },
    {
      "type": 1,
      "target": "{parse_register_bracket}",
      "source": "{parse_opt_register_src_bracket}"
    },
    {
      "type": 0,
      "target": "{eat_opt_white}",
      "source": "{parse_opt_register_src_bracket}"
    },
    {
      "type": 1,
      "target": "{tgsi_sanity_check}",
      "source": "{tgsi_text_translate}"
    },
    {
      "type": 3,
      "target": "{translate}",
      "source": "{tgsi_text_translate}"
    },
    {
      "type": 0,
      "target": "Node0x1c35980",
      "source": "{tgsi_file_name}"
    },
    {
      "type": 0,
      "target": "Node0x1c35980",
      "source": "{tgsi_build_full_immediate}"
    },
    {
      "type": 0,
      "target": "{tgsi_default_full_property}",
      "source": "{parse_property}"
    },
    {
      "type": 2,
      "target": "{eat_until_eol}",
      "source": "{parse_property}"
    },
    {
      "type": 0,
      "target": "{report_error}",
      "source": "{parse_property}"
    },
    {
      "type": 1,
      "target": "{report_error}",
      "source": "{parse_property}"
    },
    {
      "type": 0,
      "target": "{report_error}",
      "source": "{parse_property}"
    },
    {
      "type": 3,
      "target": "{report_error}",
      "source": "{parse_property}"
    },
    {
      "type": 1,
      "target": "{report_error}",
      "source": "{parse_property}"
    },
    {
      "type": 0,
      "target": "{report_error}",
      "source": "{parse_property}"
    },
    {
      "type": 2,
      "target": "{report_error}",
      "source": "{parse_property}"
    },
    {
      "type": 2,
      "target": "{parse_uint}",
      "source": "{parse_property}"
    },
    {
      "type": 0,
      "target": "{eat_opt_white}",
      "source": "{parse_property}"
    },
    {
      "type": 1,
      "target": "{parse_primitive}",
      "source": "{parse_property}"
    },
    {
      "type": 1,
      "target": "{parse_fs_coord_origin}",
      "source": "{parse_property}"
    },
    {
      "type": 1,
      "target": "{parse_fs_coord_pixel_center}",
      "source": "{parse_property}"
    },
    {
      "type": 1,
      "target": "{streq_nocase_uprcase}",
      "source": "{parse_property}"
    },
    {
      "type": 1,
      "target": "{u_vertices_per_prim}",
      "source": "{parse_property}"
    },
    {
      "type": 0,
      "target": "{tgsi_build_full_property}",
      "source": "{parse_property}"
    },
    {
      "type": 0,
      "target": "{eat_white}",
      "source": "{parse_property}"
    },
    {
      "type": 3,
      "target": "{parse_identifier}",
      "source": "{parse_property}"
    },
    {
      "type": 0,
      "target": "{parse_opt_register_src_bracket}",
      "source": "{parse_dst_operand}"
    },
    {
      "type": 3,
      "target": "{parse_register_dst}",
      "source": "{parse_dst_operand}"
    },
    {
      "type": 3,
      "target": "{eat_opt_white}",
      "source": "{parse_dst_operand}"
    },
    {
      "type": 1,
      "target": "{parse_opt_writemask}",
      "source": "{parse_dst_operand}"
    }
  ]
}
