{"directed": true, "graph": {"node": {"shape": "", "label": "Call graph"}, "graph": {"label": "Call graph"}, "edge": {}, "name": "Call graph"}, "nodes": [{"shape": "record", "id": "Node0x1c176e0", "label": "{parse_declaration}"}, {"shape": "record", "id": "Node0x1cd6690", "label": "{tgsi_get_opcode_info}"}, {"shape": "record", "id": "Node0x1c7d6a0", "label": "{parse_register_file_bracket_index}"}, {"shape": "record", "id": "Node0x1c28e90", "label": "{translate}"}, {"shape": "record", "id": "Node0x1c17380", "label": "{eat_opt_white}"}, {"shape": "record", "id": "Node0x1c7cf60", "label": "{parse_register_src}"}, {"shape": "record", "id": "Node0x1c17500", "label": "{parse_instruction}"}, {"shape": "record", "id": "Node0x1cd8060", "label": "{tgsi_build_full_property}"}, {"shape": "record", "id": "Node0x1cd7760", "label": "{parse_primitive}"}, {"shape": "record", "id": "Node0x1cd6210", "label": "{_debug_vprintf}"}, {"shape": "record", "id": "Node0x1c17420", "label": "{parse_header}"}, {"shape": "record", "id": "Node0x1cd6f80", "label": "{parse_int}"}, {"shape": "record", "id": "Node0x1cd6800", "label": "{parse_src_operand}"}, {"shape": "record", "id": "Node0x1cd69b0", "label": "{parse_register_dcl}"}, {"shape": "record", "id": "Node0x1cd6980", "label": "{str_match_no_case}"}, {"shape": "record", "id": "Node0x1cd6590", "label": "{parse_register_1d}"}, {"shape": "record", "id": "Node0x1cd6830", "label": "{parse_texoffset_operand}"}, {"shape": "record", "id": "Node0x1c7e180", "label": "{parse_register_bracket}"}, {"shape": "record", "id": "Node0x1cd7280", "label": "{parse_identifier}"}, {"shape": "record", "id": "Node0x1c7d340", "label": "{parse_file}"}, {"shape": "record", "id": "Node0x1cd68a0", "label": "{match_inst}"}, {"shape": "record", "id": "Node0x1cd70e0", "label": "{tgsi_default_full_immediate}"}, {"shape": "record", "id": "Node0x1c173b0", "label": "{eat_white}"}, {"shape": "record", "id": "Node0x1c7d920", "label": "{parse_register_dst}"}, {"shape": "record", "id": "Node0x1cd71e0", "label": "{parse_immediate_data}"}, {"shape": "record", "id": "Node0x1cd7010", "label": "{parse_opt_writemask}"}, {"shape": "record", "id": "Node0x1cd6720", "label": "{parse_optional_swizzle}"}, {"shape": "record", "id": "Node0x1c28ec0", "label": "{llvm.dbg.declare}"}, {"shape": "record", "id": "Node0x1c7dfe0", "label": "{llvm.va_start}"}, {"shape": "record", "id": "Node0x1cd8c50", "label": "{parse_register_file_bracket}"}, {"shape": "record", "id": "Node0x1cd75e0", "label": "{streq_nocase_uprcase}"}, {"shape": "record", "id": "Node0x1cd7610", "label": "{u_vertices_per_prim}"}, {"shape": "record", "id": "Node0x1c17670", "label": "{str_match_nocase_whole}"}, {"shape": "record", "id": "Node0x1cd86a0", "label": "{uprcase}"}, {"shape": "record", "id": "Node0x1c17920", "label": "{tgsi_build_processor}"}, {"shape": "record", "id": "Node0x1cd8b80", "label": "{parse_float}"}, {"shape": "record", "id": "Node0x1cd7ff0", "label": "{tgsi_default_full_property}"}, {"shape": "record", "id": "Node0x1cd7550", "label": "{eat_until_eol}"}, {"shape": "record", "id": "Node0x1c172f0", "label": "{llvm.memcpy.p0i8.p0i8.i64}"}, {"shape": "record", "id": "Node0x1c35950", "label": "{external node}"}, {"shape": "record", "id": "Node0x1c29040", "label": "{llvm.memset.p0i8.i64}"}, {"shape": "record", "id": "Node0x1c177a0", "label": "{parse_immediate}"}, {"shape": "record", "id": "Node0x1c28f30", "label": "{tgsi_sanity_check}"}, {"shape": "record", "id": "Node0x1cd76f0", "label": "{parse_fs_coord_pixel_center}"}, {"shape": "record", "id": "Node0x1cd8cf0", "label": "{parse_register_dcl_bracket}"}, {"shape": "record", "id": "Node0x1c7e430", "label": "{llvm.va_end}"}, {"shape": "record", "id": "Node0x1cd7680", "label": "{parse_fs_coord_origin}"}, {"shape": "record", "id": "Node0x1cd8ae0", "label": "{strtod}"}, {"shape": "record", "id": "Node0x1c175d0", "label": "{report_error}"}, {"shape": "record", "id": "Node0x1cd70b0", "label": "{tgsi_build_full_declaration}"}, {"shape": "record", "id": "Node0x1cd8100", "label": "{is_digit}"}, {"shape": "record", "id": "Node0x1cd6a20", "label": "{is_digit_alpha_underscore}"}, {"shape": "record", "id": "Node0x1cd61a0", "label": "{parse_uint}"}, {"id": "Node0x1c35980"}, {"shape": "record", "id": "Node0x1cd6170", "label": "{debug_printf}"}, {"shape": "record", "id": "Node0x1cd6520", "label": "{tgsi_default_full_instruction}"}, {"shape": "record", "id": "Node0x1cd87f0", "label": "{strtoul}"}, {"shape": "record", "id": "Node0x1cd6910", "label": "{tgsi_build_full_instruction}"}, {"shape": "record", "id": "Node0x1c17870", "label": "{tgsi_build_header}"}, {"shape": "record", "id": "Node0x1cd8960", "label": "{parse_double}"}, {"shape": "record", "id": "Node0x1cd8890", "label": "{atof}"}, {"shape": "record", "id": "Node0x1c17640", "label": "{parse_label}"}, {"shape": "record", "id": "Node0x1cd7080", "label": "{tgsi_default_full_declaration}"}, {"shape": "record", "id": "Node0x1c7cfd0", "label": "{parse_opt_register_src_bracket}"}, {"shape": "record", "id": "Node0x1c359f0", "label": "{tgsi_text_translate}"}, {"shape": "record", "id": "Node0x1cd80d0", "label": "{is_alpha_underscore}"}, {"shape": "record", "id": "Node0x1c7d370", "label": "{tgsi_file_name}"}, {"shape": "record", "id": "Node0x1cd7250", "label": "{tgsi_build_full_immediate}"}, {"shape": "record", "id": "Node0x1c17810", "label": "{parse_property}"}, {"shape": "record", "id": "Node0x1cd6790", "label": "{parse_dst_operand}"}], "links": [{"source": "Node0x1c176e0", "target": "Node0x1c175d0", "key": 0}, {"source": "Node0x1c176e0", "target": "Node0x1c175d0", "key": 1}, {"source": "Node0x1c176e0", "target": "Node0x1c175d0", "key": 2}, {"source": "Node0x1c176e0", "target": "Node0x1c175d0", "key": 3}, {"source": "Node0x1c176e0", "target": "Node0x1c175d0", "key": 4}, {"source": "Node0x1c176e0", "target": "Node0x1c175d0", "key": 5}, {"source": "Node0x1c176e0", "target": "Node0x1c175d0", "key": 6}, {"source": "Node0x1c176e0", "target": "Node0x1c175d0", "key": 7}, {"source": "Node0x1c176e0", "target": "Node0x1c175d0", "key": 8}, {"source": "Node0x1c176e0", "target": "Node0x1c175d0", "key": 9}, {"source": "Node0x1c176e0", "target": "Node0x1c175d0", "key": 10}, {"source": "Node0x1c176e0", "target": "Node0x1cd61a0", "key": 0}, {"source": "Node0x1c176e0", "target": "Node0x1c17380", "key": 0}, {"source": "Node0x1c176e0", "target": "Node0x1c17380", "key": 1}, {"source": "Node0x1c176e0", "target": "Node0x1c17380", "key": 2}, {"source": "Node0x1c176e0", "target": "Node0x1c17380", "key": 3}, {"source": "Node0x1c176e0", "target": "Node0x1c17380", "key": 4}, {"source": "Node0x1c176e0", "target": "Node0x1c17380", "key": 5}, {"source": "Node0x1c176e0", "target": "Node0x1c17380", "key": 6}, {"source": "Node0x1c176e0", "target": "Node0x1c17380", "key": 7}, {"source": "Node0x1c176e0", "target": "Node0x1c17380", "key": 8}, {"source": "Node0x1c176e0", "target": "Node0x1c17380", "key": 9}, {"source": "Node0x1c176e0", "target": "Node0x1c17380", "key": 10}, {"source": "Node0x1c176e0", "target": "Node0x1c17380", "key": 11}, {"source": "Node0x1c176e0", "target": "Node0x1c17380", "key": 12}, {"source": "Node0x1c176e0", "target": "Node0x1c17380", "key": 13}, {"source": "Node0x1c176e0", "target": "Node0x1c17380", "key": 14}, {"source": "Node0x1c176e0", "target": "Node0x1c17380", "key": 15}, {"source": "Node0x1c176e0", "target": "Node0x1c17380", "key": 16}, {"source": "Node0x1c176e0", "target": "Node0x1c17380", "key": 17}, {"source": "Node0x1c176e0", "target": "Node0x1c17380", "key": 18}, {"source": "Node0x1c176e0", "target": "Node0x1c17380", "key": 19}, {"source": "Node0x1c176e0", "target": "Node0x1c17380", "key": 20}, {"source": "Node0x1c176e0", "target": "Node0x1cd7010", "key": 0}, {"source": "Node0x1c176e0", "target": "Node0x1cd6f80", "key": 0}, {"source": "Node0x1c176e0", "target": "Node0x1cd69b0", "key": 0}, {"source": "Node0x1c176e0", "target": "Node0x1cd7080", "key": 0}, {"source": "Node0x1c176e0", "target": "Node0x1c173b0", "key": 0}, {"source": "Node0x1c176e0", "target": "Node0x1cd70b0", "key": 0}, {"source": "Node0x1c176e0", "target": "Node0x1c17670", "key": 0}, {"source": "Node0x1c176e0", "target": "Node0x1c17670", "key": 1}, {"source": "Node0x1c176e0", "target": "Node0x1c17670", "key": 2}, {"source": "Node0x1c176e0", "target": "Node0x1c17670", "key": 3}, {"source": "Node0x1c176e0", "target": "Node0x1c17670", "key": 4}, {"source": "Node0x1c176e0", "target": "Node0x1c17670", "key": 5}, {"source": "Node0x1c176e0", "target": "Node0x1c17670", "key": 6}, {"source": "Node0x1c176e0", "target": "Node0x1c17670", "key": 7}, {"source": "Node0x1c176e0", "target": "Node0x1c17670", "key": 8}, {"source": "Node0x1c176e0", "target": "Node0x1c17670", "key": 9}, {"source": "Node0x1cd6690", "target": "Node0x1c35980", "key": 0}, {"source": "Node0x1c7d6a0", "target": "Node0x1cd8c50", "key": 0}, {"source": "Node0x1c7d6a0", "target": "Node0x1c175d0", "key": 0}, {"source": "Node0x1c7d6a0", "target": "Node0x1cd61a0", "key": 0}, {"source": "Node0x1c7d6a0", "target": "Node0x1c17380", "key": 0}, {"source": "Node0x1c28e90", "target": "Node0x1c176e0", "key": 0}, {"source": "Node0x1c28e90", "target": "Node0x1c175d0", "key": 0}, {"source": "Node0x1c28e90", "target": "Node0x1c17380", "key": 0}, {"source": "Node0x1c28e90", "target": "Node0x1c17500", "key": 0}, {"source": "Node0x1c28e90", "target": "Node0x1c17500", "key": 1}, {"source": "Node0x1c28e90", "target": "Node0x1c177a0", "key": 0}, {"source": "Node0x1c28e90", "target": "Node0x1c17420", "key": 0}, {"source": "Node0x1c28e90", "target": "Node0x1c17640", "key": 0}, {"source": "Node0x1c28e90", "target": "Node0x1c173b0", "key": 0}, {"source": "Node0x1c28e90", "target": "Node0x1c17670", "key": 0}, {"source": "Node0x1c28e90", "target": "Node0x1c17670", "key": 1}, {"source": "Node0x1c28e90", "target": "Node0x1c17670", "key": 2}, {"source": "Node0x1c28e90", "target": "Node0x1c17810", "key": 0}, {"source": "Node0x1c7cf60", "target": "Node0x1c7e180", "key": 0}, {"source": "Node0x1c7cf60", "target": "Node0x1cd8c50", "key": 0}, {"source": "Node0x1c17500", "target": "Node0x1cd68a0", "key": 0}, {"source": "Node0x1c17500", "target": "Node0x1cd6690", "key": 0}, {"source": "Node0x1c17500", "target": "Node0x1c175d0", "key": 0}, {"source": "Node0x1c17500", "target": "Node0x1c175d0", "key": 1}, {"source": "Node0x1c17500", "target": "Node0x1c175d0", "key": 2}, {"source": "Node0x1c17500", "target": "Node0x1c175d0", "key": 3}, {"source": "Node0x1c17500", "target": "Node0x1c175d0", "key": 4}, {"source": "Node0x1c17500", "target": "Node0x1c175d0", "key": 5}, {"source": "Node0x1c17500", "target": "Node0x1cd61a0", "key": 0}, {"source": "Node0x1c17500", "target": "Node0x1c17380", "key": 0}, {"source": "Node0x1c17500", "target": "Node0x1c17380", "key": 1}, {"source": "Node0x1c17500", "target": "Node0x1c17380", "key": 2}, {"source": "Node0x1c17500", "target": "Node0x1c17380", "key": 3}, {"source": "Node0x1c17500", "target": "Node0x1c17380", "key": 4}, {"source": "Node0x1c17500", "target": "Node0x1c17380", "key": 5}, {"source": "Node0x1c17500", "target": "Node0x1c17380", "key": 6}, {"source": "Node0x1c17500", "target": "Node0x1c17380", "key": 7}, {"source": "Node0x1c17500", "target": "Node0x1c17380", "key": 8}, {"source": "Node0x1c17500", "target": "Node0x1cd6520", "key": 0}, {"source": "Node0x1c17500", "target": "Node0x1cd6720", "key": 0}, {"source": "Node0x1c17500", "target": "Node0x1cd6800", "key": 0}, {"source": "Node0x1c17500", "target": "Node0x1cd6910", "key": 0}, {"source": "Node0x1c17500", "target": "Node0x1cd6590", "key": 0}, {"source": "Node0x1c17500", "target": "Node0x1c173b0", "key": 0}, {"source": "Node0x1c17500", "target": "Node0x1c17670", "key": 0}, {"source": "Node0x1c17500", "target": "Node0x1cd6830", "key": 0}, {"source": "Node0x1c17500", "target": "Node0x1cd6790", "key": 0}, {"source": "Node0x1cd8060", "target": "Node0x1c35980", "key": 0}, {"source": "Node0x1cd7760", "target": "Node0x1c17670", "key": 0}, {"source": "Node0x1cd6210", "target": "Node0x1c35980", "key": 0}, {"source": "Node0x1c17420", "target": "Node0x1c17870", "key": 0}, {"source": "Node0x1c17420", "target": "Node0x1c17670", "key": 0}, {"source": "Node0x1c17420", "target": "Node0x1c17670", "key": 1}, {"source": "Node0x1c17420", "target": "Node0x1c17670", "key": 2}, {"source": "Node0x1c17420", "target": "Node0x1c17670", "key": 3}, {"source": "Node0x1c17420", "target": "Node0x1c17670", "key": 4}, {"source": "Node0x1c17420", "target": "Node0x1c17670", "key": 5}, {"source": "Node0x1c17420", "target": "Node0x1c175d0", "key": 0}, {"source": "Node0x1c17420", "target": "Node0x1c17920", "key": 0}, {"source": "Node0x1cd6f80", "target": "Node0x1cd61a0", "key": 0}, {"source": "Node0x1cd6800", "target": "Node0x1c7cfd0", "key": 0}, {"source": "Node0x1cd6800", "target": "Node0x1cd6720", "key": 0}, {"source": "Node0x1cd6800", "target": "Node0x1c175d0", "key": 0}, {"source": "Node0x1cd6800", "target": "Node0x1c17380", "key": 0}, {"source": "Node0x1cd6800", "target": "Node0x1c17380", "key": 1}, {"source": "Node0x1cd6800", "target": "Node0x1c17380", "key": 2}, {"source": "Node0x1cd6800", "target": "Node0x1c7cf60", "key": 0}, {"source": "Node0x1cd69b0", "target": "Node0x1cd8cf0", "key": 0}, {"source": "Node0x1cd69b0", "target": "Node0x1cd8cf0", "key": 1}, {"source": "Node0x1cd69b0", "target": "Node0x1cd8c50", "key": 0}, {"source": "Node0x1cd69b0", "target": "Node0x1c17380", "key": 0}, {"source": "Node0x1cd6980", "target": "Node0x1cd86a0", "key": 0}, {"source": "Node0x1cd6590", "target": "Node0x1c7d6a0", "key": 0}, {"source": "Node0x1cd6590", "target": "Node0x1c175d0", "key": 0}, {"source": "Node0x1cd6590", "target": "Node0x1c17380", "key": 0}, {"source": "Node0x1cd6830", "target": "Node0x1cd6720", "key": 0}, {"source": "Node0x1cd6830", "target": "Node0x1c7cf60", "key": 0}, {"source": "Node0x1c7e180", "target": "Node0x1c175d0", "key": 0}, {"source": "Node0x1c7e180", "target": "Node0x1c175d0", "key": 1}, {"source": "Node0x1c7e180", "target": "Node0x1c175d0", "key": 2}, {"source": "Node0x1c7e180", "target": "Node0x1c175d0", "key": 3}, {"source": "Node0x1c7e180", "target": "Node0x1c175d0", "key": 4}, {"source": "Node0x1c7e180", "target": "Node0x1cd61a0", "key": 0}, {"source": "Node0x1c7e180", "target": "Node0x1cd61a0", "key": 1}, {"source": "Node0x1c7e180", "target": "Node0x1c17380", "key": 0}, {"source": "Node0x1c7e180", "target": "Node0x1c17380", "key": 1}, {"source": "Node0x1c7e180", "target": "Node0x1c17380", "key": 2}, {"source": "Node0x1c7e180", "target": "Node0x1c17380", "key": 3}, {"source": "Node0x1c7e180", "target": "Node0x1c17380", "key": 4}, {"source": "Node0x1c7e180", "target": "Node0x1c17380", "key": 5}, {"source": "Node0x1c7e180", "target": "Node0x1c17380", "key": 6}, {"source": "Node0x1c7e180", "target": "Node0x1cd6f80", "key": 0}, {"source": "Node0x1c7e180", "target": "Node0x1cd6590", "key": 0}, {"source": "Node0x1c7e180", "target": "Node0x1cd86a0", "key": 0}, {"source": "Node0x1c7e180", "target": "Node0x1c7d340", "key": 0}, {"source": "Node0x1cd7280", "target": "Node0x1cd80d0", "key": 0}, {"source": "Node0x1cd7280", "target": "Node0x1cd80d0", "key": 1}, {"source": "Node0x1cd7280", "target": "Node0x1cd8100", "key": 0}, {"source": "Node0x1c7d340", "target": "Node0x1c17670", "key": 0}, {"source": "Node0x1c7d340", "target": "Node0x1c7d370", "key": 0}, {"source": "Node0x1cd68a0", "target": "Node0x1c17670", "key": 0}, {"source": "Node0x1cd68a0", "target": "Node0x1c17670", "key": 1}, {"source": "Node0x1cd68a0", "target": "Node0x1cd6980", "key": 0}, {"source": "Node0x1cd70e0", "target": "Node0x1c35980", "key": 0}, {"source": "Node0x1c173b0", "target": "Node0x1c17380", "key": 0}, {"source": "Node0x1c7d920", "target": "Node0x1c7e180", "key": 0}, {"source": "Node0x1c7d920", "target": "Node0x1cd8c50", "key": 0}, {"source": "Node0x1cd71e0", "target": "Node0x1cd8960", "key": 0}, {"source": "Node0x1cd71e0", "target": "Node0x1c175d0", "key": 0}, {"source": "Node0x1cd71e0", "target": "Node0x1c175d0", "key": 1}, {"source": "Node0x1cd71e0", "target": "Node0x1c175d0", "key": 2}, {"source": "Node0x1cd71e0", "target": "Node0x1c175d0", "key": 3}, {"source": "Node0x1cd71e0", "target": "Node0x1cd61a0", "key": 0}, {"source": "Node0x1cd71e0", "target": "Node0x1c17380", "key": 0}, {"source": "Node0x1cd71e0", "target": "Node0x1c17380", "key": 1}, {"source": "Node0x1cd71e0", "target": "Node0x1c17380", "key": 2}, {"source": "Node0x1cd71e0", "target": "Node0x1c17380", "key": 3}, {"source": "Node0x1cd71e0", "target": "Node0x1cd6f80", "key": 0}, {"source": "Node0x1cd71e0", "target": "Node0x1cd8b80", "key": 0}, {"source": "Node0x1cd7010", "target": "Node0x1cd86a0", "key": 0}, {"source": "Node0x1cd7010", "target": "Node0x1cd86a0", "key": 1}, {"source": "Node0x1cd7010", "target": "Node0x1cd86a0", "key": 2}, {"source": "Node0x1cd7010", "target": "Node0x1cd86a0", "key": 3}, {"source": "Node0x1cd7010", "target": "Node0x1c175d0", "key": 0}, {"source": "Node0x1cd7010", "target": "Node0x1c17380", "key": 0}, {"source": "Node0x1cd7010", "target": "Node0x1c17380", "key": 1}, {"source": "Node0x1cd6720", "target": "Node0x1cd86a0", "key": 0}, {"source": "Node0x1cd6720", "target": "Node0x1cd86a0", "key": 1}, {"source": "Node0x1cd6720", "target": "Node0x1cd86a0", "key": 2}, {"source": "Node0x1cd6720", "target": "Node0x1cd86a0", "key": 3}, {"source": "Node0x1cd6720", "target": "Node0x1c175d0", "key": 0}, {"source": "Node0x1cd6720", "target": "Node0x1c17380", "key": 0}, {"source": "Node0x1cd6720", "target": "Node0x1c17380", "key": 1}, {"source": "Node0x1cd8c50", "target": "Node0x1c175d0", "key": 0}, {"source": "Node0x1cd8c50", "target": "Node0x1c175d0", "key": 1}, {"source": "Node0x1cd8c50", "target": "Node0x1c7d340", "key": 0}, {"source": "Node0x1cd8c50", "target": "Node0x1c17380", "key": 0}, {"source": "Node0x1cd75e0", "target": "Node0x1cd86a0", "key": 0}, {"source": "Node0x1cd7610", "target": "Node0x1cd6170", "key": 0}, {"source": "Node0x1c17670", "target": "Node0x1cd6a20", "key": 0}, {"source": "Node0x1c17670", "target": "Node0x1cd6980", "key": 0}, {"source": "Node0x1c17920", "target": "Node0x1c35980", "key": 0}, {"source": "Node0x1cd8b80", "target": "Node0x1cd86a0", "key": 0}, {"source": "Node0x1cd8b80", "target": "Node0x1cd8100", "key": 0}, {"source": "Node0x1cd8b80", "target": "Node0x1cd8100", "key": 1}, {"source": "Node0x1cd8b80", "target": "Node0x1cd8100", "key": 2}, {"source": "Node0x1cd8b80", "target": "Node0x1cd8100", "key": 3}, {"source": "Node0x1cd8b80", "target": "Node0x1cd8100", "key": 4}, {"source": "Node0x1cd8b80", "target": "Node0x1cd8100", "key": 5}, {"source": "Node0x1cd8b80", "target": "Node0x1cd87f0", "key": 0}, {"source": "Node0x1cd8b80", "target": "Node0x1cd8890", "key": 0}, {"source": "Node0x1cd7ff0", "target": "Node0x1c35980", "key": 0}, {"source": "Node0x1c35950", "target": "Node0x1cd6690", "key": 0}, {"source": "Node0x1c35950", "target": "Node0x1cd8060", "key": 0}, {"source": "Node0x1c35950", "target": "Node0x1cd6210", "key": 0}, {"source": "Node0x1c35950", "target": "Node0x1cd70e0", "key": 0}, {"source": "Node0x1c35950", "target": "Node0x1c28ec0", "key": 0}, {"source": "Node0x1c35950", "target": "Node0x1c7dfe0", "key": 0}, {"source": "Node0x1c35950", "target": "Node0x1c17920", "key": 0}, {"source": "Node0x1c35950", "target": "Node0x1cd7ff0", "key": 0}, {"source": "Node0x1c35950", "target": "Node0x1c172f0", "key": 0}, {"source": "Node0x1c35950", "target": "Node0x1c29040", "key": 0}, {"source": "Node0x1c35950", "target": "Node0x1c28f30", "key": 0}, {"source": "Node0x1c35950", "target": "Node0x1c7e430", "key": 0}, {"source": "Node0x1c35950", "target": "Node0x1cd8ae0", "key": 0}, {"source": "Node0x1c35950", "target": "Node0x1cd70b0", "key": 0}, {"source": "Node0x1c35950", "target": "Node0x1c17870", "key": 0}, {"source": "Node0x1c35950", "target": "Node0x1cd87f0", "key": 0}, {"source": "Node0x1c35950", "target": "Node0x1cd6910", "key": 0}, {"source": "Node0x1c35950", "target": "Node0x1cd6520", "key": 0}, {"source": "Node0x1c35950", "target": "Node0x1cd8890", "key": 0}, {"source": "Node0x1c35950", "target": "Node0x1cd7080", "key": 0}, {"source": "Node0x1c35950", "target": "Node0x1c359f0", "key": 0}, {"source": "Node0x1c35950", "target": "Node0x1c7d370", "key": 0}, {"source": "Node0x1c35950", "target": "Node0x1cd7250", "key": 0}, {"source": "Node0x1c177a0", "target": "Node0x1cd70e0", "key": 0}, {"source": "Node0x1c177a0", "target": "Node0x1c175d0", "key": 0}, {"source": "Node0x1c177a0", "target": "Node0x1c175d0", "key": 1}, {"source": "Node0x1c177a0", "target": "Node0x1c175d0", "key": 2}, {"source": "Node0x1c177a0", "target": "Node0x1c175d0", "key": 3}, {"source": "Node0x1c177a0", "target": "Node0x1c175d0", "key": 4}, {"source": "Node0x1c177a0", "target": "Node0x1cd61a0", "key": 0}, {"source": "Node0x1c177a0", "target": "Node0x1c17380", "key": 0}, {"source": "Node0x1c177a0", "target": "Node0x1c17380", "key": 1}, {"source": "Node0x1c177a0", "target": "Node0x1c173b0", "key": 0}, {"source": "Node0x1c177a0", "target": "Node0x1c17670", "key": 0}, {"source": "Node0x1c177a0", "target": "Node0x1cd71e0", "key": 0}, {"source": "Node0x1c177a0", "target": "Node0x1cd7250", "key": 0}, {"source": "Node0x1c28f30", "target": "Node0x1c35980", "key": 0}, {"source": "Node0x1cd76f0", "target": "Node0x1c17670", "key": 0}, {"source": "Node0x1cd8cf0", "target": "Node0x1c175d0", "key": 0}, {"source": "Node0x1cd8cf0", "target": "Node0x1c175d0", "key": 1}, {"source": "Node0x1cd8cf0", "target": "Node0x1c175d0", "key": 2}, {"source": "Node0x1cd8cf0", "target": "Node0x1cd61a0", "key": 0}, {"source": "Node0x1cd8cf0", "target": "Node0x1cd61a0", "key": 1}, {"source": "Node0x1cd8cf0", "target": "Node0x1c17380", "key": 0}, {"source": "Node0x1cd8cf0", "target": "Node0x1c17380", "key": 1}, {"source": "Node0x1cd8cf0", "target": "Node0x1c17380", "key": 2}, {"source": "Node0x1cd8cf0", "target": "Node0x1c17380", "key": 3}, {"source": "Node0x1cd7680", "target": "Node0x1c17670", "key": 0}, {"source": "Node0x1cd8ae0", "target": "Node0x1c35980", "key": 0}, {"source": "Node0x1c175d0", "target": "Node0x1cd6210", "key": 0}, {"source": "Node0x1c175d0", "target": "Node0x1cd6170", "key": 0}, {"source": "Node0x1c175d0", "target": "Node0x1cd6170", "key": 1}, {"source": "Node0x1cd70b0", "target": "Node0x1c35980", "key": 0}, {"source": "Node0x1cd6a20", "target": "Node0x1cd80d0", "key": 0}, {"source": "Node0x1cd6a20", "target": "Node0x1cd8100", "key": 0}, {"source": "Node0x1cd61a0", "target": "Node0x1cd8100", "key": 0}, {"source": "Node0x1cd61a0", "target": "Node0x1cd8100", "key": 1}, {"source": "Node0x1cd6520", "target": "Node0x1c35980", "key": 0}, {"source": "Node0x1cd87f0", "target": "Node0x1c35980", "key": 0}, {"source": "Node0x1cd6910", "target": "Node0x1c35980", "key": 0}, {"source": "Node0x1c17870", "target": "Node0x1c35980", "key": 0}, {"source": "Node0x1cd8960", "target": "Node0x1cd8ae0", "key": 0}, {"source": "Node0x1cd8890", "target": "Node0x1c35980", "key": 0}, {"source": "Node0x1c17640", "target": "Node0x1cd61a0", "key": 0}, {"source": "Node0x1c17640", "target": "Node0x1c17380", "key": 0}, {"source": "Node0x1cd7080", "target": "Node0x1c35980", "key": 0}, {"source": "Node0x1c7cfd0", "target": "Node0x1c7e180", "key": 0}, {"source": "Node0x1c7cfd0", "target": "Node0x1c17380", "key": 0}, {"source": "Node0x1c359f0", "target": "Node0x1c28f30", "key": 0}, {"source": "Node0x1c359f0", "target": "Node0x1c28e90", "key": 0}, {"source": "Node0x1c7d370", "target": "Node0x1c35980", "key": 0}, {"source": "Node0x1cd7250", "target": "Node0x1c35980", "key": 0}, {"source": "Node0x1c17810", "target": "Node0x1cd7ff0", "key": 0}, {"source": "Node0x1c17810", "target": "Node0x1cd7550", "key": 0}, {"source": "Node0x1c17810", "target": "Node0x1c175d0", "key": 0}, {"source": "Node0x1c17810", "target": "Node0x1c175d0", "key": 1}, {"source": "Node0x1c17810", "target": "Node0x1c175d0", "key": 2}, {"source": "Node0x1c17810", "target": "Node0x1c175d0", "key": 3}, {"source": "Node0x1c17810", "target": "Node0x1c175d0", "key": 4}, {"source": "Node0x1c17810", "target": "Node0x1c175d0", "key": 5}, {"source": "Node0x1c17810", "target": "Node0x1c175d0", "key": 6}, {"source": "Node0x1c17810", "target": "Node0x1cd61a0", "key": 0}, {"source": "Node0x1c17810", "target": "Node0x1c17380", "key": 0}, {"source": "Node0x1c17810", "target": "Node0x1cd7760", "key": 0}, {"source": "Node0x1c17810", "target": "Node0x1cd7680", "key": 0}, {"source": "Node0x1c17810", "target": "Node0x1cd76f0", "key": 0}, {"source": "Node0x1c17810", "target": "Node0x1cd75e0", "key": 0}, {"source": "Node0x1c17810", "target": "Node0x1cd7610", "key": 0}, {"source": "Node0x1c17810", "target": "Node0x1cd8060", "key": 0}, {"source": "Node0x1c17810", "target": "Node0x1c173b0", "key": 0}, {"source": "Node0x1c17810", "target": "Node0x1cd7280", "key": 0}, {"source": "Node0x1cd6790", "target": "Node0x1c7cfd0", "key": 0}, {"source": "Node0x1cd6790", "target": "Node0x1c7d920", "key": 0}, {"source": "Node0x1cd6790", "target": "Node0x1c17380", "key": 0}, {"source": "Node0x1cd6790", "target": "Node0x1cd7010", "key": 0}], "multigraph": true}
